ping_time,latitude,longitude,38kHz_sound_speed_m_s,38kHz_basic,120kHz_sound_speed_m_s,120kHz_basic
2017-06-03 06:44:58.497463,54.026858,-166.427022,1470.0,95.47,1470.0,80.8
2017-06-03 06:44:59.495066,54.02687,-166.427005,1470.0,95.66,1470.0,95.66
2017-06-03 06:44:59.994267,54.026893,-166.426972,1470.0,68.38,1470.0,95.66
2017-06-03 06:45:00.493467,54.026906,-166.426956,1470.0,41.66,1470.0,95.29
2017-06-03 06:45:00.992668,54.02693,-166.426923,1470.0,74.4,1470.0,95.1
2017-06-03 06:45:01.491869,54.026942,-166.426908,1470.0,95.1,1470.0,95.1
2017-06-03 06:45:01.991070,54.026967,-166.426875,1470.0,96.23,1470.0,96.23
2017-06-03 06:45:02.490271,54.026978,-166.426859,1470.0,96.41,1470.0,77.97
2017-06-03 06:45:02.989471,54.027002,-166.426828,1470.0,73.08,1470.0,95.66
2017-06-03 06:45:03.488672,54.027012,-166.426812,1470.0,96.79,1470.0,95.66
2017-06-03 06:45:03.987875,54.027035,-166.426778,1470.0,65.18,1470.0,95.66
2017-06-03 06:45:04.487074,54.027046,-166.426762,1470.0,38.65,1470.0,95.66
2017-06-03 06:45:04.986277,54.02707,-166.426727,1470.0,71.39,1470.0,95.47
2017-06-03 06:45:05.485476,54.027081,-166.426711,1470.0,95.47,1470.0,95.47
2017-06-03 06:45:05.984678,54.027105,-166.426677,1470.0,96.23,1470.0,95.47
2017-06-03 06:45:06.483877,54.027116,-166.426661,1470.0,95.47,1470.0,95.47
2017-06-03 06:45:06.998680,54.02714,-166.426627,1470.0,58.03,1470.0,95.66
2017-06-03 06:45:07.497879,54.027152,-166.42661,1470.0,91.15,1470.0,95.66
2017-06-03 06:45:07.997082,54.027175,-166.426577,1470.0,95.85,1470.0,87.57
2017-06-03 06:45:08.496281,54.027187,-166.42656,1470.0,82.87,1470.0,95.66
2017-06-03 06:45:08.995483,54.027212,-166.426527,1470.0,96.41,1470.0,93.97
2017-06-03 06:45:09.494684,54.027224,-166.42651,1470.0,89.26,1470.0,95.47
2017-06-03 06:45:09.993885,54.027248,-166.426478,1470.0,95.47,1470.0,95.47
2017-06-03 06:45:10.493086,54.02726,-166.426463,1470.0,80.99,1470.0,95.66
2017-06-03 06:45:10.992287,54.027283,-166.426432,1470.0,96.6,1470.0,92.27
2017-06-03 06:45:11.491488,54.027295,-166.426415,1470.0,87.57,1470.0,95.66
2017-06-03 06:45:11.990688,54.027318,-166.426382,1470.0,95.66,1470.0,84.18
2017-06-03 06:45:12.489889,54.02733,-166.426366,1470.0,79.48,1470.0,95.66
2017-06-03 06:45:12.989088,54.027353,-166.426333,1470.0,95.66,1470.0,95.66
2017-06-03 06:45:13.488291,54.027365,-166.426317,1470.0,86.07,1470.0,95.66
2017-06-03 06:45:13.987492,54.027388,-166.426283,1470.0,95.66,1470.0,82.49
2017-06-03 06:45:14.486692,54.0274,-166.426267,1470.0,96.6,1470.0,95.66
2017-06-03 06:45:14.985893,54.027423,-166.426233,1470.0,96.79,1470.0,95.47
2017-06-03 06:45:15.485094,54.027435,-166.426217,1470.0,84.18,1470.0,48.06
2017-06-03 06:45:15.984295,54.02746,-166.426183,1470.0,95.66,1470.0,80.99
2017-06-03 06:45:16.499096,54.027472,-166.426167,1470.0,64.62,1470.0,95.66
2017-06-03 06:45:16.998297,54.027495,-166.426135,1470.0,95.66,1470.0,95.66
2017-06-03 06:45:17.497498,54.027507,-166.426119,1470.0,71.39,1470.0,95.66
2017-06-03 06:45:17.996698,54.027532,-166.426087,1470.0,95.66,1470.0,95.66
2017-06-03 06:45:18.495901,54.027544,-166.426071,1470.0,96.79,1470.0,95.66
2017-06-03 06:45:18.995100,54.027567,-166.42604,1470.0,95.66,1470.0,95.66
2017-06-03 06:45:19.494303,54.027579,-166.426024,1470.0,69.32,1470.0,95.66
2017-06-03 06:45:19.993502,54.027603,-166.425993,1470.0,96.6,1470.0,66.12
2017-06-03 06:45:20.492702,54.027615,-166.425977,1470.0,61.23,1470.0,95.47
2017-06-03 06:45:20.991903,54.027638,-166.425945,1470.0,93.97,1470.0,95.47
2017-06-03 06:45:21.491104,54.02765,-166.425929,1470.0,67.63,1470.0,95.47
2017-06-03 06:45:21.990305,54.027675,-166.425895,1470.0,95.47,1470.0,64.43
2017-06-03 06:45:22.489506,54.027687,-166.425879,1470.0,96.23,1470.0,95.66
2017-06-03 06:45:22.988707,54.02771,-166.425847,1470.0,92.46,1470.0,95.66
2017-06-03 06:45:23.487907,54.027721,-166.42583,1470.0,66.31,1470.0,95.66
2017-06-03 06:45:23.987110,54.027745,-166.425797,1470.0,95.85,1470.0,62.73
2017-06-03 06:45:24.486309,54.027757,-166.425781,1470.0,95.85,1470.0,95.66
2017-06-03 06:45:24.985512,54.02778,-166.425748,1470.0,31.69,1470.0,96.79
2017-06-03 06:45:25.484711,54.027792,-166.425732,1470.0,64.43,1470.0,95.66
2017-06-03 06:45:25.983913,54.027817,-166.425697,1470.0,95.66,1470.0,96.41
2017-06-03 06:45:26.498713,54.027829,-166.42568,1470.0,96.6,1470.0,95.66
2017-06-03 06:45:26.997915,54.027853,-166.425648,1470.0,77.6,1470.0,95.66
2017-06-03 06:45:27.497114,54.027865,-166.425632,1470.0,51.26,1470.0,88.7
2017-06-03 06:45:27.996317,54.027888,-166.4256,1470.0,84.0,1470.0,96.41
2017-06-03 06:45:28.495516,54.0279,-166.425584,1470.0,95.66,1470.0,95.66
2017-06-03 06:45:28.994719,54.027923,-166.425552,1470.0,96.79,1470.0,95.47
2017-06-03 06:45:29.493919,54.027935,-166.425535,1470.0,49.37,1470.0,87.19
2017-06-03 06:45:29.993120,54.027958,-166.425502,1470.0,82.11,1470.0,95.47
2017-06-03 06:45:30.492321,54.02797,-166.425485,1470.0,41.1,1470.0,78.92
2017-06-03 06:45:30.991522,54.027993,-166.425453,1470.0,74.02,1470.0,95.47
2017-06-03 06:45:31.490723,54.028005,-166.425436,1470.0,47.68,1470.0,95.66
2017-06-03 06:45:31.989923,54.028028,-166.425402,1470.0,80.61,1470.0,96.6
2017-06-03 06:45:32.489124,54.02804,-166.425384,1470.0,95.66,1470.0,96.98
2017-06-03 06:45:32.988325,54.028063,-166.42535,1470.0,95.66,1470.0,95.66
2017-06-03 06:45:33.487526,54.028074,-166.425333,1470.0,95.66,1470.0,83.62
2017-06-03 06:45:33.986725,54.028097,-166.425298,1470.0,95.85,1470.0,96.04
2017-06-03 06:45:34.485928,54.028108,-166.425282,1470.0,95.66,1470.0,95.66
2017-06-03 06:45:34.985128,54.028132,-166.425248,1470.0,70.64,1470.0,96.6
2017-06-03 06:45:35.484329,54.028143,-166.425232,1470.0,95.47,1470.0,95.47
2017-06-03 06:45:35.999130,54.028167,-166.425198,1470.0,95.47,1470.0,95.47
2017-06-03 06:45:36.498331,54.028179,-166.425182,1470.0,95.29,1470.0,96.41
2017-06-03 06:45:36.997532,54.028203,-166.425152,1470.0,57.09,1470.0,95.1
2017-06-03 06:45:37.496733,54.028216,-166.425135,1470.0,30.56,1470.0,95.1
2017-06-03 06:45:37.995934,54.02824,-166.425103,1470.0,63.49,1470.0,96.23
2017-06-03 06:45:38.495134,54.028251,-166.425086,1470.0,95.47,1470.0,95.47
2017-06-03 06:45:38.994335,54.028273,-166.425052,1470.0,95.66,1470.0,93.59
2017-06-03 06:45:39.493538,54.028284,-166.425035,1470.0,88.7,1470.0,95.66
2017-06-03 06:45:39.992737,54.028307,-166.425,1470.0,95.66,1470.0,95.66
2017-06-03 06:45:40.491940,54.028318,-166.424983,1470.0,94.91,1470.0,95.47
2017-06-03 06:45:40.991138,54.02834,-166.424948,1470.0,95.47,1470.0,91.71
2017-06-03 06:45:41.490339,54.028352,-166.424932,1470.0,95.1,1470.0,95.1
2017-06-03 06:45:41.989540,54.028377,-166.424898,1470.0,94.91,1470.0,94.91
2017-06-03 06:45:42.488741,54.028389,-166.424883,1470.0,94.91,1470.0,94.91
2017-06-03 06:45:42.987942,54.028413,-166.424852,1470.0,96.41,1470.0,95.1
2017-06-03 06:45:43.487143,54.028424,-166.424836,1470.0,96.23,1470.0,95.29
2017-06-03 06:45:43.986345,54.028448,-166.424803,1470.0,58.59,1470.0,95.29
2017-06-03 06:45:44.485544,54.02846,-166.424788,1470.0,91.33,1470.0,55.21
2017-06-03 06:45:44.984747,54.028485,-166.424755,1470.0,50.13,1470.0,88.14
2017-06-03 06:45:45.483946,54.028497,-166.424739,1470.0,95.1,1470.0,95.1
2017-06-03 06:45:45.998749,54.028522,-166.424705,1470.0,95.1,1470.0,94.91
2017-06-03 06:45:46.497948,54.028534,-166.424689,1470.0,77.79,1470.0,94.91
2017-06-03 06:45:46.997150,54.028557,-166.424657,1470.0,95.1,1470.0,94.91
2017-06-03 06:45:47.496349,54.028569,-166.42464,1470.0,69.88,1470.0,95.1
2017-06-03 06:45:47.995552,54.028592,-166.424608,1470.0,95.1,1470.0,81.55
2017-06-03 06:45:48.494751,54.028604,-166.424591,1470.0,76.28,1470.0,95.1
2017-06-03 06:45:48.993954,54.028627,-166.424558,1470.0,35.07,1470.0,94.91
2017-06-03 06:45:49.493155,54.028639,-166.424542,1470.0,67.63,1470.0,94.72
2017-06-03 06:45:49.992355,54.028662,-166.424512,1470.0,41.28,1470.0,94.72
2017-06-03 06:45:50.491556,54.028673,-166.424497,1470.0,74.02,1470.0,94.53
2017-06-03 06:45:50.990757,54.028697,-166.424467,1470.0,94.53,1470.0,94.53
2017-06-03 06:45:51.489958,54.028708,-166.424452,1470.0,65.74,1470.0,94.53
2017-06-03 06:45:51.989159,54.028732,-166.42442,1470.0,94.53,1470.0,94.53
2017-06-03 06:45:52.488359,54.028743,-166.424404,1470.0,72.33,1470.0,94.53
2017-06-03 06:45:52.987560,54.028767,-166.424372,1470.0,94.53,1470.0,94.53
2017-06-03 06:45:53.486761,54.028778,-166.424356,1470.0,64.05,1470.0,94.53
2017-06-03 06:45:53.985962,54.028803,-166.424322,1470.0,94.53,1470.0,94.53
2017-06-03 06:45:54.485163,54.028814,-166.424306,1470.0,94.53,1470.0,94.53
2017-06-03 06:45:54.984364,54.028838,-166.424273,1470.0,94.53,1470.0,94.53
2017-06-03 06:45:55.499165,54.02885,-166.424256,1470.0,94.53,1470.0,89.64
2017-06-03 06:45:55.998365,54.028873,-166.424223,1470.0,83.62,1470.0,94.34
2017-06-03 06:45:56.497566,54.028886,-166.424207,1470.0,57.28,1470.0,94.53
2017-06-03 06:45:56.996767,54.02891,-166.424175,1470.0,90.02,1470.0,94.16
2017-06-03 06:45:57.495968,54.028922,-166.424159,1470.0,49.0,1470.0,94.16
2017-06-03 06:45:57.995169,54.028945,-166.424127,1470.0,93.97,1470.0,93.97
2017-06-03 06:45:58.494370,54.028957,-166.424112,1470.0,55.21,1470.0,93.97
2017-06-03 06:45:58.993570,54.028982,-166.424082,1470.0,88.14,1470.0,93.78
2017-06-03 06:45:59.492771,54.028993,-166.424067,1470.0,93.78,1470.0,86.25
2017-06-03 06:45:59.991972,54.029017,-166.424035,1470.0,79.67,1470.0,93.78
2017-06-03 06:46:00.491175,54.029028,-166.424018,1470.0,53.33,1470.0,92.65
2017-06-03 06:46:00.990374,54.02905,-166.423985,1470.0,86.82,1470.0,51.82
2017-06-03 06:46:01.489576,54.029061,-166.423969,1470.0,93.97,1470.0,84.56
2017-06-03 06:46:01.988775,54.029083,-166.423935,1470.0,78.35,1470.0,93.97
2017-06-03 06:46:02.487976,54.029094,-166.423919,1470.0,93.97,1470.0,91.15
2017-06-03 06:46:02.987177,54.029117,-166.423883,1470.0,93.78,1470.0,93.78
2017-06-03 06:46:03.486378,54.029128,-166.423868,1470.0,93.78,1470.0,93.59
2017-06-03 06:46:03.985579,54.029152,-166.423835,1470.0,75.9,1470.0,94.53
2017-06-03 06:46:04.484779,54.029164,-166.423819,1470.0,49.37,1470.0,93.4
2017-06-03 06:46:04.983980,54.029188,-166.423788,1470.0,82.49,1470.0,94.34
2017-06-03 06:46:05.498781,54.0292,-166.423772,1470.0,93.4,1470.0,93.4
2017-06-03 06:46:05.997984,54.029223,-166.423742,1470.0,62.92,1470.0,93.59
2017-06-03 06:46:06.497183,54.029235,-166.423726,1470.0,93.59,1470.0,93.59
2017-06-03 06:46:06.996386,54.029258,-166.423695,1470.0,69.13,1470.0,93.4
2017-06-03 06:46:07.495584,54.02927,-166.423678,1470.0,94.34,1470.0,93.22
2017-06-03 06:46:07.994787,54.029293,-166.423645,1470.0,94.16,1470.0,93.22
2017-06-03 06:46:08.493986,54.029306,-166.423629,1470.0,93.97,1470.0,92.84
2017-06-03 06:46:08.993189,54.02933,-166.423597,1470.0,67.06,1470.0,92.84
2017-06-03 06:46:09.492390,54.029341,-166.423581,1470.0,92.84,1470.0,92.84
2017-06-03 06:46:09.991590,54.029363,-166.423548,1470.0,92.84,1470.0,92.84
2017-06-03 06:46:10.490791,54.029375,-166.423532,1470.0,91.52,1470.0,92.84
2017-06-03 06:46:10.989992,54.029398,-166.423498,1470.0,93.03,1470.0,93.97
2017-06-03 06:46:11.489193,54.02941,-166.423482,1470.0,93.03,1470.0,93.03
2017-06-03 06:46:11.988394,54.029433,-166.423448,1470.0,93.03,1470.0,93.03
2017-06-03 06:46:12.487595,54.029445,-166.423432,1470.0,90.02,1470.0,71.01
2017-06-03 06:46:12.986795,54.029468,-166.423398,1470.0,93.03,1470.0,92.84
2017-06-03 06:46:13.485996,54.029479,-166.423382,1470.0,92.84,1470.0,92.84
2017-06-03 06:46:13.985197,54.029503,-166.423348,1470.0,55.02,1470.0,92.65
2017-06-03 06:46:14.484398,54.029515,-166.423334,1470.0,28.68,1470.0,93.59
2017-06-03 06:46:14.999199,54.02954,-166.423302,1470.0,50.13,1470.0,92.46
2017-06-03 06:46:15.498400,54.029552,-166.423286,1470.0,92.46,1470.0,92.46
2017-06-03 06:46:15.997601,54.029575,-166.423255,1470.0,41.66,1470.0,92.46
2017-06-03 06:46:16.496801,54.029587,-166.423239,1470.0,74.78,1470.0,92.46
2017-06-03 06:46:16.996002,54.029612,-166.423208,1470.0,92.46,1470.0,92.46
2017-06-03 06:46:17.495203,54.029624,-166.423192,1470.0,81.17,1470.0,92.46
2017-06-03 06:46:17.994404,54.029647,-166.42316,1470.0,40.15,1470.0,92.46
2017-06-03 06:46:18.493605,54.029658,-166.423144,1470.0,72.89,1470.0,92.27
2017-06-03 06:46:18.992805,54.02968,-166.423112,1470.0,92.27,1470.0,92.27
2017-06-03 06:46:19.492006,54.029692,-166.423095,1470.0,79.29,1470.0,92.27
2017-06-03 06:46:19.991207,54.029717,-166.423062,1470.0,38.27,1470.0,92.27
2017-06-03 06:46:20.490410,54.029728,-166.423046,1470.0,71.2,1470.0,92.27
2017-06-03 06:46:20.989609,54.029752,-166.423013,1470.0,92.27,1470.0,93.22
2017-06-03 06:46:21.488811,54.029763,-166.422997,1470.0,77.6,1470.0,92.27
2017-06-03 06:46:21.988010,54.029787,-166.422963,1470.0,36.58,1470.0,92.27
2017-06-03 06:46:22.487213,54.029798,-166.422947,1470.0,69.7,1470.0,92.46
2017-06-03 06:46:22.986412,54.02982,-166.422913,1470.0,43.16,1470.0,93.03
2017-06-03 06:46:23.485613,54.029831,-166.422898,1470.0,76.09,1470.0,92.27
2017-06-03 06:46:23.984814,54.029855,-166.422865,1470.0,34.89,1470.0,93.4
2017-06-03 06:46:24.484015,54.029866,-166.42285,1470.0,67.63,1470.0,93.03
2017-06-03 06:46:24.998816,54.02989,-166.422818,1470.0,89.08,1470.0,93.22
2017-06-03 06:46:25.498016,54.029902,-166.422803,1470.0,62.36,1470.0,91.9
2017-06-03 06:46:25.997219,54.029927,-166.422773,1470.0,91.71,1470.0,91.71
2017-06-03 06:46:26.496418,54.029939,-166.422757,1470.0,54.08,1470.0,93.03
2017-06-03 06:46:26.995621,54.029962,-166.422727,1470.0,87.19,1470.0,92.65
2017-06-03 06:46:27.494820,54.029974,-166.42271,1470.0,60.66,1470.0,91.9
2017-06-03 06:46:27.994022,54.029997,-166.422678,1470.0,93.4,1470.0,93.03
2017-06-03 06:46:28.493221,54.030008,-166.422662,1470.0,52.57,1470.0,92.09
2017-06-03 06:46:28.992424,54.030032,-166.422628,1470.0,85.69,1470.0,92.09
2017-06-03 06:46:29.491623,54.030042,-166.422612,1470.0,92.27,1470.0,92.09
2017-06-03 06:46:29.990826,54.030065,-166.422577,1470.0,92.27,1470.0,92.09
2017-06-03 06:46:30.490025,54.030077,-166.422561,1470.0,92.09,1470.0,92.09
2017-06-03 06:46:30.989227,54.0301,-166.422528,1470.0,83.81,1470.0,91.9
2017-06-03 06:46:31.488428,54.030112,-166.422514,1470.0,57.09,1470.0,93.03
2017-06-03 06:46:31.987629,54.030137,-166.422485,1470.0,90.02,1470.0,92.27
2017-06-03 06:46:32.486830,54.030149,-166.422471,1470.0,48.81,1470.0,91.71
2017-06-03 06:46:32.986031,54.030173,-166.422443,1470.0,81.74,1470.0,92.65
2017-06-03 06:46:33.485231,54.030185,-166.422429,1470.0,55.4,1470.0,91.71
2017-06-03 06:46:33.984432,54.03021,-166.422397,1470.0,88.32,1470.0,92.84
2017-06-03 06:46:34.499233,54.030222,-166.422381,1470.0,91.9,1470.0,77.41
2017-06-03 06:46:34.998434,54.030245,-166.422352,1470.0,68.75,1470.0,93.03
2017-06-03 06:46:35.497635,54.030257,-166.422335,1470.0,42.41,1470.0,92.84
2017-06-03 06:46:35.996836,54.030282,-166.422302,1470.0,93.03,1470.0,91.71
2017-06-03 06:46:36.496037,54.030294,-166.422285,1470.0,91.71,1470.0,92.84
2017-06-03 06:46:36.995237,54.030317,-166.422253,1470.0,92.65,1470.0,92.65
2017-06-03 06:46:37.494438,54.030329,-166.422237,1470.0,40.34,1470.0,92.65
2017-06-03 06:46:37.993639,54.030353,-166.422205,1470.0,73.27,1470.0,91.71
2017-06-03 06:46:38.492840,54.030365,-166.422189,1470.0,91.71,1470.0,91.71
2017-06-03 06:46:38.992041,54.030388,-166.422157,1470.0,65.18,1470.0,91.71
2017-06-03 06:46:39.491241,54.0304,-166.422141,1470.0,91.71,1470.0,91.71
2017-06-03 06:46:39.990442,54.030425,-166.422108,1470.0,93.22,1470.0,91.71
2017-06-03 06:46:40.489645,54.030437,-166.422092,1470.0,92.65,1470.0,93.03
2017-06-03 06:46:40.988844,54.03046,-166.42206,1470.0,63.67,1470.0,91.71
2017-06-03 06:46:41.488047,54.030471,-166.422044,1470.0,91.71,1470.0,91.71
2017-06-03 06:46:41.987246,54.030495,-166.42201,1470.0,69.88,1470.0,92.65
2017-06-03 06:46:42.486448,54.030507,-166.421995,1470.0,91.71,1470.0,91.52
2017-06-03 06:46:42.985647,54.030532,-166.421962,1470.0,61.42,1470.0,91.52
2017-06-03 06:46:43.484850,54.030543,-166.421946,1470.0,35.26,1470.0,91.52
2017-06-03 06:46:43.984049,54.030567,-166.421912,1470.0,68.0,1470.0,91.52
2017-06-03 06:46:44.498850,54.030579,-166.421895,1470.0,89.45,1470.0,91.52
2017-06-03 06:46:44.998051,54.030602,-166.421862,1470.0,48.25,1470.0,92.65
2017-06-03 06:46:45.497252,54.030614,-166.421845,1470.0,81.17,1470.0,91.52
2017-06-03 06:46:45.996454,54.030638,-166.421812,1470.0,54.83,1470.0,91.71
2017-06-03 06:46:46.495653,54.030649,-166.421794,1470.0,87.57,1470.0,91.52
2017-06-03 06:46:46.994856,54.030672,-166.42176,1470.0,46.74,1470.0,88.32
2017-06-03 06:46:47.494055,54.030682,-166.421743,1470.0,79.67,1470.0,92.46
2017-06-03 06:46:47.993258,54.030705,-166.421708,1470.0,91.71,1470.0,91.71
2017-06-03 06:46:48.492456,54.030716,-166.421691,1470.0,86.07,1470.0,92.84
2017-06-03 06:46:48.991659,54.030738,-166.421657,1470.0,92.84,1470.0,91.52
2017-06-03 06:46:49.490858,54.03075,-166.42164,1470.0,77.79,1470.0,92.84
2017-06-03 06:46:49.990061,54.030773,-166.421607,1470.0,51.26,1470.0,91.33
2017-06-03 06:46:50.489260,54.030786,-166.421591,1470.0,84.18,1470.0,92.09
2017-06-03 06:46:50.988462,54.03081,-166.42156,1470.0,42.98,1470.0,91.33
2017-06-03 06:46:51.487663,54.030821,-166.421545,1470.0,75.9,1470.0,92.46
2017-06-03 06:46:51.986864,54.030845,-166.421512,1470.0,49.56,1470.0,92.09
2017-06-03 06:46:52.486065,54.030856,-166.421497,1470.0,82.49,1470.0,91.33
2017-06-03 06:46:52.985266,54.03088,-166.421465,1470.0,91.33,1470.0,91.33
2017-06-03 06:46:53.484467,54.030891,-166.421449,1470.0,74.21,1470.0,91.33
2017-06-03 06:46:53.999266,54.030915,-166.421415,1470.0,36.39,1470.0,92.46
2017-06-03 06:46:54.498468,54.030927,-166.421397,1470.0,69.32,1470.0,92.27
2017-06-03 06:46:54.997667,54.03095,-166.421363,1470.0,91.33,1470.0,70.26
2017-06-03 06:46:55.496870,54.030961,-166.421346,1470.0,61.23,1470.0,91.33
2017-06-03 06:46:55.996069,54.030983,-166.421313,1470.0,91.52,1470.0,91.52
2017-06-03 06:46:56.495272,54.030995,-166.421297,1470.0,67.63,1470.0,91.52
2017-06-03 06:46:56.994473,54.031018,-166.421265,1470.0,92.46,1470.0,91.33
2017-06-03 06:46:57.493673,54.03103,-166.42125,1470.0,59.35,1470.0,92.46
2017-06-03 06:46:57.992874,54.031053,-166.42122,1470.0,92.27,1470.0,91.33
2017-06-03 06:46:58.492075,54.031066,-166.421205,1470.0,65.56,1470.0,90.96
2017-06-03 06:46:58.991276,54.031092,-166.421175,1470.0,90.96,1470.0,90.96
2017-06-03 06:46:59.490477,54.031103,-166.421161,1470.0,57.47,1470.0,92.09
2017-06-03 06:46:59.989677,54.031128,-166.421132,1470.0,31.12,1470.0,91.15
2017-06-03 06:47:00.488878,54.031139,-166.421117,1470.0,64.05,1470.0,91.33
2017-06-03 06:47:00.988079,54.031163,-166.421085,1470.0,91.52,1470.0,92.65
2017-06-03 06:47:01.487282,54.031174,-166.42107,1470.0,56.15,1470.0,92.65
2017-06-03 06:47:01.986481,54.031198,-166.421037,1470.0,88.89,1470.0,91.33
2017-06-03 06:47:02.485683,54.031209,-166.421022,1470.0,62.36,1470.0,92.46
2017-06-03 06:47:02.984882,54.031233,-166.42099,1470.0,91.15,1470.0,91.15
2017-06-03 06:47:03.484085,54.031245,-166.420975,1470.0,91.15,1470.0,91.15
2017-06-03 06:47:03.998884,54.03127,-166.420943,1470.0,75.34,1470.0,91.15
2017-06-03 06:47:04.498085,54.031282,-166.420927,1470.0,49.0,1470.0,91.15
2017-06-03 06:47:04.997286,54.031307,-166.420895,1470.0,81.93,1470.0,91.15
2017-06-03 06:47:05.496487,54.031319,-166.420879,1470.0,41.1,1470.0,91.33
2017-06-03 06:47:05.995689,54.031342,-166.420847,1470.0,74.02,1470.0,92.27
2017-06-03 06:47:06.494888,54.031354,-166.420831,1470.0,47.49,1470.0,91.33
2017-06-03 06:47:06.994091,54.031378,-166.420798,1470.0,80.42,1470.0,91.33
2017-06-03 06:47:07.493290,54.03139,-166.420783,1470.0,92.27,1470.0,92.46
2017-06-03 06:47:07.992493,54.031413,-166.42075,1470.0,72.14,1470.0,91.15
2017-06-03 06:47:08.491692,54.031425,-166.420733,1470.0,45.61,1470.0,91.15
2017-06-03 06:47:08.990894,54.031448,-166.4207,1470.0,78.54,1470.0,91.15
2017-06-03 06:47:09.490093,54.031459,-166.420683,1470.0,37.33,1470.0,91.71
2017-06-03 06:47:09.989296,54.031482,-166.420648,1470.0,70.26,1470.0,92.27
2017-06-03 06:47:10.488495,54.031493,-166.420631,1470.0,43.73,1470.0,92.09
2017-06-03 06:47:10.987698,54.031515,-166.420595,1470.0,76.66,1470.0,91.15
2017-06-03 06:47:11.486898,54.031525,-166.420577,1470.0,91.15,1470.0,91.15
2017-06-03 06:47:11.986099,54.031547,-166.420538,1470.0,68.57,1470.0,91.15
2017-06-03 06:47:12.485300,54.031557,-166.42052,1470.0,91.33,1470.0,84.37
2017-06-03 06:47:12.984501,54.031578,-166.420482,1470.0,75.15,1470.0,92.27
2017-06-03 06:47:13.499302,54.03159,-166.420463,1470.0,91.33,1470.0,92.65
2017-06-03 06:47:13.998503,54.031612,-166.420428,1470.0,55.58,1470.0,91.15
2017-06-03 06:47:14.497704,54.031623,-166.42041,1470.0,88.32,1470.0,91.15
2017-06-03 06:47:14.996902,54.031645,-166.420375,1470.0,91.15,1470.0,92.09
2017-06-03 06:47:15.496105,54.031656,-166.420357,1470.0,92.27,1470.0,91.15
2017-06-03 06:47:15.995304,54.031678,-166.420323,1470.0,91.15,1470.0,90.96
2017-06-03 06:47:16.494507,54.031689,-166.420305,1470.0,86.25,1470.0,90.96
2017-06-03 06:47:16.993708,54.03171,-166.42027,1470.0,60.1,1470.0,90.96
2017-06-03 06:47:17.492908,54.031721,-166.420252,1470.0,92.46,1470.0,90.96
2017-06-03 06:47:17.992109,54.031743,-166.420217,1470.0,91.15,1470.0,91.9
2017-06-03 06:47:18.491310,54.031754,-166.420198,1470.0,25.67,1470.0,92.09
2017-06-03 06:47:18.990511,54.031775,-166.420162,1470.0,58.59,1470.0,91.15
2017-06-03 06:47:19.489712,54.031785,-166.420144,1470.0,91.15,1470.0,91.9
2017-06-03 06:47:19.988913,54.031807,-166.420105,1470.0,50.32,1470.0,91.9
2017-06-03 06:47:20.488113,54.031817,-166.420088,1470.0,83.05,1470.0,92.27
2017-06-03 06:47:20.987314,54.031838,-166.42005,1470.0,56.9,1470.0,92.46
2017-06-03 06:47:21.486515,54.031849,-166.420032,1470.0,89.64,1470.0,91.15
2017-06-03 06:47:21.985716,54.03187,-166.419993,1470.0,48.81,1470.0,91.15
2017-06-03 06:47:22.484919,54.031881,-166.419975,1470.0,81.74,1470.0,91.15
2017-06-03 06:47:22.984118,54.031903,-166.419938,1470.0,92.27,1470.0,91.15
2017-06-03 06:47:23.498919,54.031914,-166.419921,1470.0,76.66,1470.0,92.27
2017-06-03 06:47:23.998119,54.031935,-166.419887,1470.0,92.46,1470.0,91.15
2017-06-03 06:47:24.497320,54.031946,-166.419868,1470.0,68.57,1470.0,91.15
2017-06-03 06:47:24.996521,54.031967,-166.419833,1470.0,42.04,1470.0,92.09
2017-06-03 06:47:25.495722,54.031978,-166.419815,1470.0,74.78,1470.0,90.96
2017-06-03 06:47:25.994923,54.032,-166.419778,1470.0,92.27,1470.0,91.9
2017-06-03 06:47:26.494123,54.032011,-166.419761,1470.0,66.31,1470.0,90.77
2017-06-03 06:47:26.993326,54.032032,-166.419725,1470.0,90.77,1470.0,90.77
2017-06-03 06:47:27.492525,54.032042,-166.419707,1470.0,90.77,1470.0,90.77
2017-06-03 06:47:27.991728,54.032063,-166.41967,1470.0,31.88,1470.0,90.77
2017-06-03 06:47:28.490927,54.032074,-166.419651,1470.0,90.96,1470.0,90.96
2017-06-03 06:47:28.990129,54.032095,-166.419613,1470.0,91.15,1470.0,80.61
2017-06-03 06:47:29.489328,54.032105,-166.419595,1470.0,71.39,1470.0,91.15
2017-06-03 06:47:29.988531,54.032127,-166.419557,1470.0,91.33,1470.0,72.33
2017-06-03 06:47:30.487730,54.032137,-166.419538,1470.0,91.33,1470.0,92.09
2017-06-03 06:47:30.986933,54.032158,-166.4195,1470.0,91.33,1470.0,91.33
2017-06-03 06:47:31.486134,54.032169,-166.419482,1470.0,69.88,1470.0,92.46
2017-06-03 06:47:31.985334,54.03219,-166.419445,1470.0,91.33,1470.0,92.46
2017-06-03 06:47:32.484535,54.032201,-166.419427,1470.0,61.6,1470.0,91.15
2017-06-03 06:47:32.999336,54.032222,-166.419392,1470.0,82.87,1470.0,90.96
2017-06-03 06:47:33.498537,54.032234,-166.419374,1470.0,56.34,1470.0,90.77
2017-06-03 06:47:33.997738,54.032258,-166.41934,1470.0,89.08,1470.0,90.77
2017-06-03 06:47:34.496939,54.03227,-166.419322,1470.0,47.87,1470.0,90.39
2017-06-03 06:47:34.996140,54.032292,-166.419288,1470.0,91.71,1470.0,90.58
2017-06-03 06:47:35.495340,54.032302,-166.41927,1470.0,91.71,1470.0,91.52
2017-06-03 06:47:35.994539,54.032323,-166.419235,1470.0,87.38,1470.0,90.77
2017-06-03 06:47:36.493742,54.032333,-166.419216,1470.0,90.96,1470.0,88.7
2017-06-03 06:47:36.992943,54.032353,-166.419178,1470.0,91.15,1470.0,91.15
2017-06-03 06:47:37.492144,54.032363,-166.419159,1470.0,91.33,1470.0,91.15
2017-06-03 06:47:37.991344,54.032383,-166.41912,1470.0,91.33,1470.0,91.33
2017-06-03 06:47:38.490545,54.032393,-166.419101,1470.0,91.33,1470.0,91.33
2017-06-03 06:47:38.989746,54.032413,-166.419063,1470.0,91.33,1470.0,91.33
2017-06-03 06:47:39.488947,54.032423,-166.419046,1470.0,51.44,1470.0,91.33
2017-06-03 06:47:39.988148,54.032445,-166.419008,1470.0,84.18,1470.0,90.96
2017-06-03 06:47:40.487349,54.032456,-166.418992,1470.0,92.09,1470.0,92.09
2017-06-03 06:47:40.986549,54.03248,-166.418958,1470.0,75.72,1470.0,90.77
2017-06-03 06:47:41.485750,54.032492,-166.418943,1470.0,90.77,1470.0,92.27
2017-06-03 06:47:41.984951,54.032517,-166.41891,1470.0,82.11,1470.0,90.77
2017-06-03 06:47:42.484154,54.032527,-166.418894,1470.0,92.09,1470.0,90.77
2017-06-03 06:47:42.998953,54.03255,-166.418858,1470.0,62.73,1470.0,90.96
2017-06-03 06:47:43.498154,54.032561,-166.41884,1470.0,36.2,1470.0,91.9
2017-06-03 06:47:43.997355,54.032582,-166.418803,1470.0,69.13,1470.0,90.96
2017-06-03 06:47:44.496555,54.032592,-166.418784,1470.0,90.96,1470.0,70.45
2017-06-03 06:47:44.995756,54.032613,-166.418745,1470.0,60.85,1470.0,90.96
2017-06-03 06:47:45.494957,54.032623,-166.418726,1470.0,90.96,1470.0,76.85
2017-06-03 06:47:45.994158,54.032642,-166.418687,1470.0,91.15,1470.0,91.15
2017-06-03 06:47:46.493359,54.032651,-166.418667,1470.0,91.15,1470.0,91.9
2017-06-03 06:47:46.992559,54.03267,-166.41863,1470.0,91.15,1470.0,90.96
2017-06-03 06:47:47.491760,54.032681,-166.418611,1470.0,90.96,1470.0,90.96
2017-06-03 06:47:47.990963,54.032702,-166.418575,1470.0,91.9,1470.0,90.77
2017-06-03 06:47:48.490162,54.032713,-166.418557,1470.0,24.54,1470.0,90.77
2017-06-03 06:47:48.989365,54.032737,-166.418522,1470.0,57.28,1470.0,90.58
2017-06-03 06:47:49.488564,54.032747,-166.418505,1470.0,90.2,1470.0,90.77
2017-06-03 06:47:49.987766,54.03277,-166.41847,1470.0,63.86,1470.0,90.77
2017-06-03 06:47:50.486965,54.03278,-166.418453,1470.0,22.84,1470.0,91.33
2017-06-03 06:47:50.986168,54.032802,-166.418417,1470.0,90.96,1470.0,91.9
2017-06-03 06:47:51.485367,54.032811,-166.418399,1470.0,88.7,1470.0,92.09
2017-06-03 06:47:51.984570,54.032832,-166.41836,1470.0,90.96,1470.0,91.9
2017-06-03 06:47:52.499371,54.032842,-166.41834,1470.0,83.62,1470.0,92.27
2017-06-03 06:47:52.998571,54.032862,-166.418302,1470.0,42.6,1470.0,91.9
2017-06-03 06:47:53.497772,54.032871,-166.418282,1470.0,75.53,1470.0,92.27
2017-06-03 06:47:53.996973,54.03289,-166.418245,1470.0,90.96,1470.0,90.96
2017-06-03 06:47:54.496174,54.0329,-166.418226,1470.0,81.93,1470.0,91.9
2017-06-03 06:47:54.995375,54.03292,-166.418188,1470.0,40.91,1470.0,83.43
2017-06-03 06:47:55.494576,54.03293,-166.41817,1470.0,90.96,1470.0,90.77
2017-06-03 06:47:55.993776,54.032952,-166.418133,1470.0,90.77,1470.0,90.77
2017-06-03 06:47:56.492977,54.032963,-166.418116,1470.0,90.77,1470.0,91.52
2017-06-03 06:47:56.992178,54.032985,-166.41808,1470.0,90.58,1470.0,91.9
2017-06-03 06:47:57.491379,54.032996,-166.418063,1470.0,90.58,1470.0,91.52
2017-06-03 06:47:57.990580,54.033018,-166.418028,1470.0,90.58,1470.0,90.58
2017-06-03 06:47:58.489780,54.033029,-166.41801,1470.0,91.71,1470.0,90.77
2017-06-03 06:47:58.988981,54.03305,-166.417973,1470.0,90.77,1470.0,90.77
2017-06-03 06:47:59.488182,54.033059,-166.417956,1470.0,90.96,1470.0,91.9
2017-06-03 06:47:59.987383,54.033078,-166.417918,1470.0,92.27,1470.0,90.96
2017-06-03 06:48:00.486584,54.033088,-166.4179,1470.0,92.46,1470.0,92.09
2017-06-03 06:48:00.985785,54.033108,-166.41786,1470.0,90.96,1470.0,90.96
2017-06-03 06:48:01.484985,54.033118,-166.417843,1470.0,92.46,1470.0,91.71
2017-06-03 06:48:01.984186,54.03314,-166.417805,1470.0,90.96,1470.0,90.77
2017-06-03 06:48:02.498989,54.033151,-166.417786,1470.0,90.77,1470.0,91.9
2017-06-03 06:48:02.998188,54.033172,-166.41775,1470.0,90.77,1470.0,92.09
2017-06-03 06:48:03.497391,54.033183,-166.417732,1470.0,91.71,1470.0,91.71
2017-06-03 06:48:03.996590,54.033205,-166.417698,1470.0,90.77,1470.0,91.71
2017-06-03 06:48:04.495790,54.033216,-166.417681,1470.0,90.77,1470.0,90.96
2017-06-03 06:48:04.994991,54.033238,-166.417647,1470.0,90.58,1470.0,91.9
2017-06-03 06:48:05.494192,54.03325,-166.417628,1470.0,90.58,1470.0,90.58
2017-06-03 06:48:05.993393,54.033272,-166.417593,1470.0,90.58,1470.0,90.58
2017-06-03 06:48:06.492594,54.033283,-166.417576,1470.0,91.71,1470.0,90.58
2017-06-03 06:48:06.991795,54.033305,-166.41754,1470.0,91.9,1470.0,90.77
2017-06-03 06:48:07.490995,54.033315,-166.417523,1470.0,90.96,1470.0,90.77
2017-06-03 06:48:07.990198,54.033337,-166.417485,1470.0,90.96,1470.0,90.96
2017-06-03 06:48:08.489397,54.033347,-166.417467,1470.0,91.15,1470.0,91.15
2017-06-03 06:48:08.988600,54.03337,-166.417428,1470.0,91.15,1470.0,91.15
2017-06-03 06:48:09.487799,54.03338,-166.417411,1470.0,91.15,1470.0,91.15
2017-06-03 06:48:09.987001,54.033402,-166.417373,1470.0,92.46,1470.0,90.96
2017-06-03 06:48:10.486200,54.033413,-166.417356,1470.0,92.09,1470.0,91.71
2017-06-03 06:48:10.985403,54.033437,-166.41732,1470.0,90.77,1470.0,91.9
2017-06-03 06:48:11.484602,54.033447,-166.417304,1470.0,90.58,1470.0,91.33
2017-06-03 06:48:11.983805,54.03347,-166.41727,1470.0,90.58,1470.0,91.52
2017-06-03 06:48:12.498604,54.033482,-166.417254,1470.0,90.58,1470.0,91.52
2017-06-03 06:48:12.997807,54.033505,-166.417222,1470.0,90.58,1470.0,90.77
2017-06-03 06:48:13.497007,54.033516,-166.417203,1470.0,91.71,1470.0,90.58
2017-06-03 06:48:13.996208,54.033538,-166.417168,1470.0,90.77,1470.0,91.52
2017-06-03 06:48:14.495409,54.033549,-166.417151,1470.0,90.77,1470.0,90.77
2017-06-03 06:48:14.994610,54.033572,-166.417115,1470.0,90.77,1470.0,90.77
2017-06-03 06:48:15.493811,54.033582,-166.417097,1470.0,90.96,1470.0,90.77
2017-06-03 06:48:15.993011,54.033605,-166.41706,1470.0,92.27,1470.0,90.77
2017-06-03 06:48:16.492212,54.033615,-166.417041,1470.0,92.09,1470.0,90.96
2017-06-03 06:48:16.991413,54.033635,-166.417003,1470.0,90.96,1470.0,92.27
2017-06-03 06:48:17.490614,54.033645,-166.416985,1470.0,90.96,1470.0,90.96
2017-06-03 06:48:17.989815,54.033667,-166.416948,1470.0,92.46,1470.0,90.96
2017-06-03 06:48:18.489016,54.033678,-166.416931,1470.0,92.27,1470.0,90.96
2017-06-03 06:48:18.988216,54.0337,-166.416895,1470.0,90.96,1470.0,90.96
2017-06-03 06:48:19.487417,54.033711,-166.416879,1470.0,92.09,1470.0,90.77
2017-06-03 06:48:19.986618,54.033735,-166.416843,1470.0,90.77,1470.0,92.09
2017-06-03 06:48:20.485819,54.033746,-166.416827,1470.0,90.58,1470.0,91.52
2017-06-03 06:48:20.985020,54.03377,-166.416793,1470.0,91.71,1470.0,90.39
2017-06-03 06:48:21.484221,54.033781,-166.416777,1470.0,91.33,1470.0,90.39
2017-06-03 06:48:21.999022,54.033805,-166.416742,1470.0,91.71,1470.0,91.9
2017-06-03 06:48:22.498224,54.033816,-166.416723,1470.0,91.71,1470.0,91.71
2017-06-03 06:48:22.997423,54.033838,-166.416687,1470.0,90.77,1470.0,90.77
2017-06-03 06:48:23.496626,54.033849,-166.416666,1470.0,90.96,1470.0,91.9
2017-06-03 06:48:23.995825,54.033868,-166.416627,1470.0,90.96,1470.0,90.96
2017-06-03 06:48:24.495028,54.033879,-166.416607,1470.0,90.96,1470.0,90.96
2017-06-03 06:48:24.994226,54.033898,-166.416568,1470.0,90.96,1470.0,91.9
2017-06-03 06:48:25.493427,54.033909,-166.41655,1470.0,90.96,1470.0,90.77
2017-06-03 06:48:25.992628,54.03393,-166.416513,1470.0,90.77,1470.0,90.77
2017-06-03 06:48:26.491829,54.033941,-166.416496,1470.0,91.71,1470.0,91.9
2017-06-03 06:48:26.991030,54.033963,-166.416462,1470.0,90.58,1470.0,90.58
2017-06-03 06:48:27.490231,54.033975,-166.416445,1470.0,91.71,1470.0,90.58
2017-06-03 06:48:27.989433,54.033998,-166.416412,1470.0,91.71,1470.0,90.58
2017-06-03 06:48:28.488632,54.03401,-166.416395,1470.0,91.9,1470.0,90.58
2017-06-03 06:48:28.987835,54.034033,-166.416362,1470.0,90.58,1470.0,90.58
2017-06-03 06:48:29.487034,54.034044,-166.416345,1470.0,90.58,1470.0,91.9
2017-06-03 06:48:29.986237,54.034067,-166.41631,1470.0,91.52,1470.0,90.58
2017-06-03 06:48:30.485435,54.034077,-166.416293,1470.0,91.71,1470.0,90.58
2017-06-03 06:48:30.984638,54.034098,-166.416257,1470.0,91.71,1470.0,91.71
2017-06-03 06:48:31.483837,54.034108,-166.416239,1470.0,90.77,1470.0,91.71
2017-06-03 06:48:31.998640,54.03413,-166.4162,1470.0,90.77,1470.0,90.77
2017-06-03 06:48:32.497839,54.03414,-166.416181,1470.0,90.96,1470.0,90.96
2017-06-03 06:48:32.997042,54.03416,-166.416143,1470.0,90.96,1470.0,90.96
2017-06-03 06:48:33.496243,54.03417,-166.416125,1470.0,90.96,1470.0,90.77
2017-06-03 06:48:33.995443,54.03419,-166.416088,1470.0,90.77,1470.0,90.58
2017-06-03 06:48:34.494644,54.034202,-166.416071,1470.0,90.58,1470.0,90.39
2017-06-03 06:48:34.993845,54.034225,-166.416037,1470.0,90.96,1470.0,91.33
2017-06-03 06:48:35.493046,54.034236,-166.41602,1470.0,90.39,1470.0,90.2
2017-06-03 06:48:35.992247,54.03426,-166.415987,1470.0,90.2,1470.0,91.15
2017-06-03 06:48:36.491447,54.034271,-166.415969,1470.0,91.33,1470.0,90.39
2017-06-03 06:48:36.990648,54.034293,-166.415935,1470.0,90.39,1470.0,90.39
2017-06-03 06:48:37.489849,54.034304,-166.415918,1470.0,91.52,1470.0,90.58
2017-06-03 06:48:37.989050,54.034327,-166.415883,1470.0,90.58,1470.0,90.39
2017-06-03 06:48:38.488251,54.034338,-166.415865,1470.0,91.52,1470.0,90.39
2017-06-03 06:48:38.987452,54.03436,-166.415828,1470.0,90.58,1470.0,90.39
2017-06-03 06:48:39.486652,54.03437,-166.415811,1470.0,91.52,1470.0,91.33
2017-06-03 06:48:39.985853,54.03439,-166.415773,1470.0,90.58,1470.0,90.77
2017-06-03 06:48:40.485054,54.0344,-166.415755,1470.0,90.58,1470.0,90.39
2017-06-03 06:48:40.984255,54.034422,-166.415717,1470.0,90.58,1470.0,90.39
2017-06-03 06:48:41.499056,54.034433,-166.415698,1470.0,90.39,1470.0,90.39
2017-06-03 06:48:41.998257,54.034455,-166.415662,1470.0,91.33,1470.0,90.39
2017-06-03 06:48:42.497458,54.034466,-166.415644,1470.0,90.2,1470.0,90.2
2017-06-03 06:48:42.996658,54.034488,-166.41561,1470.0,90.2,1470.0,90.02
2017-06-03 06:48:43.495859,54.0345,-166.415592,1470.0,90.77,1470.0,89.83
2017-06-03 06:48:43.995060,54.034523,-166.415558,1470.0,89.83,1470.0,89.83
2017-06-03 06:48:44.494263,54.034534,-166.415541,1470.0,89.83,1470.0,89.83
2017-06-03 06:48:44.993462,54.034557,-166.415507,1470.0,90.02,1470.0,89.83
2017-06-03 06:48:45.492664,54.034567,-166.415489,1470.0,90.02,1470.0,90.96
2017-06-03 06:48:45.991863,54.034588,-166.415452,1470.0,91.15,1470.0,90.2
2017-06-03 06:48:46.491064,54.034599,-166.415432,1470.0,90.2,1470.0,91.33
2017-06-03 06:48:46.990265,54.03462,-166.415393,1470.0,90.2,1470.0,90.2
2017-06-03 06:48:47.489466,54.03463,-166.415375,1470.0,90.2,1470.0,90.2
2017-06-03 06:48:47.988667,54.03465,-166.415337,1470.0,90.2,1470.0,90.02
2017-06-03 06:48:48.487867,54.03466,-166.415319,1470.0,90.02,1470.0,89.83
2017-06-03 06:48:48.987070,54.034682,-166.41528,1470.0,89.83,1470.0,89.83
2017-06-03 06:48:49.486269,54.034692,-166.415263,1470.0,90.58,1470.0,89.83
2017-06-03 06:48:49.985472,54.034713,-166.415227,1470.0,89.64,1470.0,89.64
2017-06-03 06:48:50.484671,54.034724,-166.41521,1470.0,90.77,1470.0,90.2
2017-06-03 06:48:50.983873,54.034747,-166.415173,1470.0,89.45,1470.0,89.45
2017-06-03 06:48:51.498672,54.034758,-166.415155,1470.0,89.64,1470.0,89.45
2017-06-03 06:48:51.997875,54.03478,-166.41512,1470.0,89.64,1470.0,89.45
2017-06-03 06:48:52.497074,54.03479,-166.415102,1470.0,89.64,1470.0,90.2
2017-06-03 06:48:52.996277,54.03481,-166.415065,1470.0,89.64,1470.0,90.77
2017-06-03 06:48:53.495478,54.03482,-166.415047,1470.0,89.64,1470.0,89.64
2017-06-03 06:48:53.994678,54.034842,-166.415008,1470.0,89.64,1470.0,89.45
2017-06-03 06:48:54.493879,54.034852,-166.414989,1470.0,89.64,1470.0,89.45
2017-06-03 06:48:54.993080,54.034872,-166.414952,1470.0,89.45,1470.0,89.26
2017-06-03 06:48:55.492281,54.034882,-166.414934,1470.0,89.45,1470.0,89.26
2017-06-03 06:48:55.991482,54.034905,-166.414895,1470.0,89.26,1470.0,89.26
2017-06-03 06:48:56.490683,54.034915,-166.414878,1470.0,90.58,1470.0,89.26
2017-06-03 06:48:56.989883,54.034937,-166.41484,1470.0,89.26,1470.0,89.26
2017-06-03 06:48:57.489084,54.034947,-166.414823,1470.0,90.2,1470.0,89.08
2017-06-03 06:48:57.988285,54.03497,-166.414785,1470.0,89.26,1470.0,89.08
2017-06-03 06:48:58.487486,54.03498,-166.414768,1470.0,90.02,1470.0,89.08
2017-06-03 06:48:58.986687,54.035002,-166.41473,1470.0,89.08,1470.0,89.08
2017-06-03 06:48:59.485888,54.035012,-166.414714,1470.0,89.08,1470.0,89.08
2017-06-03 06:48:59.985088,54.035033,-166.414678,1470.0,88.89,1470.0,88.89
2017-06-03 06:49:00.484289,54.035044,-166.414661,1470.0,90.02,1470.0,88.7
2017-06-03 06:49:00.999090,54.035067,-166.414625,1470.0,90.02,1470.0,88.7
2017-06-03 06:49:01.498291,54.035077,-166.414607,1470.0,88.51,1470.0,88.51
2017-06-03 06:49:01.997492,54.035098,-166.414572,1470.0,89.64,1470.0,88.51
2017-06-03 06:49:02.496693,54.035109,-166.414553,1470.0,88.51,1470.0,88.32
2017-06-03 06:49:02.995893,54.035132,-166.414517,1470.0,88.32,1470.0,88.32
2017-06-03 06:49:03.495094,54.035142,-166.414499,1470.0,88.32,1470.0,88.32
2017-06-03 06:49:03.994295,54.035163,-166.414463,1470.0,88.51,1470.0,88.51
2017-06-03 06:49:04.493498,54.035174,-166.414445,1470.0,88.51,1470.0,89.64
2017-06-03 06:49:04.992697,54.035197,-166.414408,1470.0,88.7,1470.0,89.26
2017-06-03 06:49:05.491899,54.035207,-166.414391,1470.0,88.51,1470.0,88.51
2017-06-03 06:49:05.991098,54.035228,-166.414355,1470.0,88.51,1470.0,88.51
2017-06-03 06:49:06.490301,54.035239,-166.414337,1470.0,88.51,1470.0,88.32
2017-06-03 06:49:06.989500,54.03526,-166.4143,1470.0,88.14,1470.0,88.14
2017-06-03 06:49:07.488701,54.035271,-166.414284,1470.0,87.95,1470.0,87.95
2017-06-03 06:49:07.987902,54.035293,-166.414248,1470.0,87.76,1470.0,87.76
2017-06-03 06:49:08.487103,54.035304,-166.414232,1470.0,87.57,1470.0,87.57
2017-06-03 06:49:08.986303,54.035328,-166.414197,1470.0,87.38,1470.0,87.38
2017-06-03 06:49:09.485504,54.035339,-166.414181,1470.0,88.32,1470.0,87.38
2017-06-03 06:49:09.984707,54.035362,-166.414147,1470.0,87.19,1470.0,87.19
2017-06-03 06:49:10.483906,54.035372,-166.41413,1470.0,87.19,1470.0,87.19
2017-06-03 06:49:10.998709,54.035395,-166.414093,1470.0,87.19,1470.0,87.38
2017-06-03 06:49:11.497908,54.035406,-166.414075,1470.0,87.19,1470.0,87.19
2017-06-03 06:49:11.997110,54.035428,-166.414038,1470.0,87.38,1470.0,87.57
2017-06-03 06:49:12.496309,54.035439,-166.414019,1470.0,87.38,1470.0,87.38
2017-06-03 06:49:12.995512,54.03546,-166.413982,1470.0,87.38,1470.0,87.19
2017-06-03 06:49:13.494711,54.035471,-166.413962,1470.0,87.19,1470.0,87.19
2017-06-03 06:49:13.993914,54.035492,-166.413925,1470.0,87.01,1470.0,87.01
2017-06-03 06:49:14.493114,54.035503,-166.413908,1470.0,87.01,1470.0,86.82
2017-06-03 06:49:14.992315,54.035527,-166.413873,1470.0,87.95,1470.0,86.63
2017-06-03 06:49:15.491516,54.035538,-166.413857,1470.0,86.25,1470.0,86.25
2017-06-03 06:49:15.990717,54.035562,-166.413822,1470.0,87.19,1470.0,85.88
2017-06-03 06:49:16.489918,54.035573,-166.413806,1470.0,85.69,1470.0,85.69
2017-06-03 06:49:16.989119,54.035597,-166.413772,1470.0,85.5,1470.0,85.69
2017-06-03 06:49:17.488319,54.035607,-166.413755,1470.0,85.31,1470.0,85.31
2017-06-03 06:49:17.987520,54.03563,-166.41372,1470.0,85.31,1470.0,85.12
2017-06-03 06:49:18.486721,54.035641,-166.413704,1470.0,85.31,1470.0,86.25
2017-06-03 06:49:18.985922,54.035665,-166.413668,1470.0,85.31,1470.0,84.94
2017-06-03 06:49:19.485123,54.035675,-166.41365,1470.0,84.94,1470.0,84.94
2017-06-03 06:49:19.984324,54.035695,-166.413612,1470.0,84.94,1470.0,84.75
2017-06-03 06:49:20.499125,54.035705,-166.413592,1470.0,84.94,1470.0,84.94
2017-06-03 06:49:20.998325,54.035725,-166.413555,1470.0,84.75,1470.0,84.75
2017-06-03 06:49:21.497526,54.035736,-166.413536,1470.0,84.56,1470.0,84.37
2017-06-03 06:49:21.996727,54.035757,-166.413498,1470.0,84.18,1470.0,84.18
2017-06-03 06:49:22.495928,54.035768,-166.41348,1470.0,84.0,1470.0,84.0
2017-06-03 06:49:22.995129,54.03579,-166.413443,1470.0,83.81,1470.0,83.81
2017-06-03 06:49:23.494329,54.035801,-166.413427,1470.0,83.62,1470.0,84.18
2017-06-03 06:49:23.993530,54.035825,-166.413392,1470.0,83.43,1470.0,84.75
2017-06-03 06:49:24.492733,54.035836,-166.413374,1470.0,83.24,1470.0,84.18
2017-06-03 06:49:24.991932,54.035858,-166.41334,1470.0,83.05,1470.0,83.05
2017-06-03 06:49:25.491135,54.035869,-166.413324,1470.0,83.05,1470.0,84.18
2017-06-03 06:49:25.990334,54.035893,-166.413288,1470.0,84.18,1470.0,82.87
2017-06-03 06:49:26.489536,54.035903,-166.413271,1470.0,82.87,1470.0,82.87
2017-06-03 06:49:26.988735,54.035925,-166.413235,1470.0,82.87,1470.0,82.68
2017-06-03 06:49:27.487938,54.035935,-166.413218,1470.0,84.0,1470.0,82.49
2017-06-03 06:49:27.987137,54.035957,-166.413182,1470.0,82.49,1470.0,82.3
2017-06-03 06:49:28.486338,54.035967,-166.413164,1470.0,82.3,1470.0,82.11
2017-06-03 06:49:28.985538,54.035988,-166.413127,1470.0,81.93,1470.0,82.11
2017-06-03 06:49:29.484739,54.035998,-166.413109,1470.0,81.74,1470.0,81.74
2017-06-03 06:49:29.983942,54.03602,-166.413072,1470.0,81.74,1470.0,81.55
2017-06-03 06:49:30.498741,54.036031,-166.413053,1470.0,81.74,1470.0,81.55
2017-06-03 06:49:30.997944,54.036052,-166.413018,1470.0,81.74,1470.0,81.55
2017-06-03 06:49:31.497143,54.036063,-166.413,1470.0,81.55,1470.0,81.55
2017-06-03 06:49:31.996346,54.036085,-166.412965,1470.0,81.36,1470.0,81.55
2017-06-03 06:49:32.495544,54.036097,-166.412946,1470.0,81.36,1470.0,81.17
2017-06-03 06:49:32.994747,54.03612,-166.41291,1470.0,81.17,1470.0,80.99
2017-06-03 06:49:33.493946,54.036131,-166.412891,1470.0,81.17,1470.0,80.99
2017-06-03 06:49:33.993149,54.036152,-166.412855,1470.0,81.17,1470.0,81.17
2017-06-03 06:49:34.492348,54.036162,-166.412837,1470.0,82.11,1470.0,81.17
2017-06-03 06:49:34.991550,54.036183,-166.412802,1470.0,81.17,1470.0,81.17
2017-06-03 06:49:35.490751,54.036194,-166.412784,1470.0,81.17,1470.0,80.99
2017-06-03 06:49:35.989952,54.036217,-166.412747,1470.0,82.11,1470.0,80.8
2017-06-03 06:49:36.489153,54.036228,-166.412728,1470.0,80.8,1470.0,80.8
2017-06-03 06:49:36.988354,54.036252,-166.41269,1470.0,80.8,1470.0,80.61
2017-06-03 06:49:37.487555,54.036262,-166.412673,1470.0,80.8,1470.0,80.61
2017-06-03 06:49:37.986755,54.036285,-166.412635,1470.0,80.8,1470.0,80.8
2017-06-03 06:49:38.485956,54.036295,-166.412618,1470.0,80.99,1470.0,80.8
2017-06-03 06:49:38.985157,54.036317,-166.41258,1470.0,80.99,1470.0,80.8
2017-06-03 06:49:39.484358,54.036327,-166.412563,1470.0,80.99,1470.0,80.99
2017-06-03 06:49:39.999159,54.036348,-166.412527,1470.0,80.99,1470.0,81.74
2017-06-03 06:49:40.498360,54.03636,-166.412508,1470.0,80.99,1470.0,80.8
2017-06-03 06:49:40.997561,54.036382,-166.412472,1470.0,80.99,1470.0,80.8
2017-06-03 06:49:41.496761,54.036393,-166.412453,1470.0,80.99,1470.0,80.8
2017-06-03 06:49:41.995962,54.036415,-166.412418,1470.0,80.99,1470.0,80.8
2017-06-03 06:49:42.495163,54.036426,-166.4124,1470.0,80.99,1470.0,81.93
2017-06-03 06:49:42.994364,54.036448,-166.412363,1470.0,81.17,1470.0,81.93
2017-06-03 06:49:43.493565,54.036459,-166.412345,1470.0,81.36,1470.0,81.36
2017-06-03 06:49:43.992765,54.03648,-166.412308,1470.0,81.36,1470.0,81.17
2017-06-03 06:49:44.491968,54.036492,-166.412291,1470.0,81.17,1470.0,81.17
2017-06-03 06:49:44.991167,54.036515,-166.412255,1470.0,81.17,1470.0,80.99
2017-06-03 06:49:45.490370,54.036526,-166.412238,1470.0,81.74,1470.0,80.99
2017-06-03 06:49:45.989569,54.03655,-166.412202,1470.0,80.99,1470.0,80.99
2017-06-03 06:49:46.488771,54.036561,-166.412185,1470.0,82.11,1470.0,80.8
2017-06-03 06:49:46.987970,54.036583,-166.41215,1470.0,80.99,1470.0,80.8
2017-06-03 06:49:47.487173,54.036595,-166.412133,1470.0,80.99,1470.0,80.99
2017-06-03 06:49:47.986372,54.036618,-166.412098,1470.0,80.99,1470.0,80.8
2017-06-03 06:49:48.485575,54.036629,-166.412082,1470.0,80.99,1470.0,82.3
2017-06-03 06:49:48.984774,54.036652,-166.412047,1470.0,80.99,1470.0,80.99
2017-06-03 06:49:49.483974,54.036663,-166.41203,1470.0,81.36,1470.0,80.8
2017-06-03 06:49:49.998777,54.036687,-166.411993,1470.0,80.8,1470.0,80.8
2017-06-03 06:49:50.497976,54.036699,-166.411976,1470.0,80.8,1470.0,80.8
2017-06-03 06:49:50.997179,54.036723,-166.411942,1470.0,80.99,1470.0,80.8
2017-06-03 06:49:51.496378,54.036734,-166.411925,1470.0,80.99,1470.0,80.99
2017-06-03 06:49:51.995581,54.036757,-166.411892,1470.0,81.17,1470.0,80.99
2017-06-03 06:49:52.494780,54.036769,-166.411874,1470.0,81.17,1470.0,81.17
2017-06-03 06:49:52.993982,54.036793,-166.41184,1470.0,81.17,1470.0,81.17
2017-06-03 06:49:53.493181,54.036805,-166.411824,1470.0,80.99,1470.0,80.99
2017-06-03 06:49:53.992384,54.03683,-166.41179,1470.0,80.8,1470.0,80.8
2017-06-03 06:49:54.491583,54.036842,-166.411774,1470.0,81.55,1470.0,80.61
2017-06-03 06:49:54.990786,54.036868,-166.41174,1470.0,80.8,1470.0,80.61
2017-06-03 06:49:55.489986,54.03688,-166.411724,1470.0,80.8,1470.0,80.8
2017-06-03 06:49:55.989187,54.036903,-166.41169,1470.0,80.99,1470.0,80.8
2017-06-03 06:49:56.488388,54.036915,-166.411673,1470.0,80.99,1470.0,80.99
2017-06-03 06:49:56.987589,54.036938,-166.411638,1470.0,80.99,1470.0,81.74
2017-06-03 06:49:57.486790,54.036949,-166.411622,1470.0,80.8,1470.0,80.8
2017-06-03 06:49:57.985991,54.036972,-166.411587,1470.0,80.61,1470.0,80.61
2017-06-03 06:49:58.485191,54.036983,-166.411571,1470.0,80.42,1470.0,80.61
2017-06-03 06:49:58.984392,54.037008,-166.411538,1470.0,80.42,1470.0,81.17
2017-06-03 06:49:59.499193,54.03702,-166.411522,1470.0,80.42,1470.0,80.23
2017-06-03 06:49:59.998392,54.037043,-166.411488,1470.0,80.23,1470.0,80.42
2017-06-03 06:50:00.497595,54.037055,-166.411471,1470.0,80.42,1470.0,80.42
2017-06-03 06:50:00.996796,54.037078,-166.411437,1470.0,81.74,1470.0,81.55
2017-06-03 06:50:01.495996,54.03709,-166.41142,1470.0,80.8,1470.0,80.61
2017-06-03 06:50:01.995197,54.037113,-166.411385,1470.0,80.8,1470.0,80.8
2017-06-03 06:50:02.494398,54.037125,-166.411368,1470.0,80.8,1470.0,80.61
2017-06-03 06:50:02.993599,54.037147,-166.411333,1470.0,80.61,1470.0,80.61
2017-06-03 06:50:03.492800,54.037158,-166.411316,1470.0,80.61,1470.0,80.42
2017-06-03 06:50:03.992001,54.037182,-166.41128,1470.0,80.42,1470.0,80.42
2017-06-03 06:50:04.491201,54.037193,-166.411263,1470.0,80.23,1470.0,80.23
2017-06-03 06:50:04.990402,54.037217,-166.411227,1470.0,80.04,1470.0,79.86
2017-06-03 06:50:05.489605,54.037227,-166.41121,1470.0,80.23,1470.0,80.04
2017-06-03 06:50:05.988804,54.03725,-166.411175,1470.0,80.23,1470.0,80.23
2017-06-03 06:50:06.488007,54.03726,-166.411158,1470.0,80.23,1470.0,81.17
2017-06-03 06:50:06.987206,54.037283,-166.41112,1470.0,80.23,1470.0,80.23
2017-06-03 06:50:07.486408,54.037293,-166.411103,1470.0,80.04,1470.0,80.04
2017-06-03 06:50:07.985607,54.037315,-166.411065,1470.0,80.04,1470.0,79.86
2017-06-03 06:50:08.484810,54.037326,-166.411048,1470.0,80.04,1470.0,79.86
2017-06-03 06:50:08.984009,54.037348,-166.41101,1470.0,79.86,1470.0,80.61
2017-06-03 06:50:09.498810,54.03736,-166.410991,1470.0,79.86,1470.0,79.67
2017-06-03 06:50:09.998013,54.037382,-166.410955,1470.0,79.86,1470.0,79.86
2017-06-03 06:50:10.497211,54.037392,-166.410936,1470.0,80.8,1470.0,80.04
2017-06-03 06:50:10.996414,54.037412,-166.410898,1470.0,80.04,1470.0,80.04
2017-06-03 06:50:11.495613,54.037422,-166.410879,1470.0,80.04,1470.0,80.04
2017-06-03 06:50:11.994816,54.037443,-166.41084,1470.0,80.04,1470.0,80.04
2017-06-03 06:50:12.494015,54.037454,-166.410821,1470.0,80.99,1470.0,81.36
2017-06-03 06:50:12.993217,54.037475,-166.410783,1470.0,80.99,1470.0,79.86
2017-06-03 06:50:13.492416,54.037485,-166.410765,1470.0,79.86,1470.0,79.86
2017-06-03 06:50:13.991619,54.037507,-166.410727,1470.0,79.86,1470.0,79.86
2017-06-03 06:50:14.490818,54.037517,-166.410708,1470.0,80.04,1470.0,79.86
2017-06-03 06:50:14.990021,54.037538,-166.410672,1470.0,81.17,1470.0,79.86
2017-06-03 06:50:15.489222,54.037548,-166.410655,1470.0,80.99,1470.0,79.86
2017-06-03 06:50:15.988422,54.03757,-166.410618,1470.0,79.86,1470.0,79.86
2017-06-03 06:50:16.487623,54.037581,-166.410602,1470.0,79.86,1470.0,79.86
2017-06-03 06:50:16.986824,54.037603,-166.410567,1470.0,79.67,1470.0,79.67
2017-06-03 06:50:17.486025,54.037614,-166.41055,1470.0,79.67,1470.0,79.48
2017-06-03 06:50:17.985226,54.037637,-166.410515,1470.0,79.48,1470.0,79.48
2017-06-03 06:50:18.484426,54.037648,-166.410499,1470.0,79.67,1470.0,79.48
2017-06-03 06:50:18.999228,54.037672,-166.410465,1470.0,79.48,1470.0,79.48
2017-06-03 06:50:19.498428,54.037684,-166.410448,1470.0,79.67,1470.0,79.29
2017-06-03 06:50:19.997627,54.037707,-166.410415,1470.0,79.29,1470.0,79.29
2017-06-03 06:50:20.496830,54.037718,-166.410398,1470.0,79.29,1470.0,79.1
2017-06-03 06:50:20.996031,54.037742,-166.410363,1470.0,79.29,1470.0,79.1
2017-06-03 06:50:21.495232,54.037753,-166.410347,1470.0,79.29,1470.0,79.1
2017-06-03 06:50:21.994432,54.037777,-166.410313,1470.0,79.1,1470.0,79.1
2017-06-03 06:50:22.493633,54.037788,-166.410297,1470.0,79.1,1470.0,79.1
2017-06-03 06:50:22.992834,54.037812,-166.410263,1470.0,79.1,1470.0,78.92
2017-06-03 06:50:23.492035,54.037823,-166.410247,1470.0,78.92,1470.0,78.73
2017-06-03 06:50:23.991236,54.037848,-166.410213,1470.0,78.92,1470.0,80.23
2017-06-03 06:50:24.490437,54.03786,-166.410197,1470.0,78.92,1470.0,78.73
2017-06-03 06:50:24.989637,54.037885,-166.410163,1470.0,78.73,1470.0,78.73
2017-06-03 06:50:25.488838,54.037897,-166.410148,1470.0,78.73,1470.0,78.73
2017-06-03 06:50:25.988039,54.037922,-166.410117,1470.0,78.54,1470.0,78.54
2017-06-03 06:50:26.487242,54.037934,-166.410102,1470.0,78.35,1470.0,78.35
2017-06-03 06:50:26.986441,54.03796,-166.410072,1470.0,78.16,1470.0,77.97
2017-06-03 06:50:27.485643,54.037972,-166.410057,1470.0,77.97,1470.0,77.79
2017-06-03 06:50:27.984842,54.037998,-166.410027,1470.0,77.97,1470.0,79.29
2017-06-03 06:50:28.484045,54.03801,-166.410011,1470.0,77.97,1470.0,77.79
2017-06-03 06:50:28.998844,54.038037,-166.409978,1470.0,77.97,1470.0,77.97
2017-06-03 06:50:29.498045,54.038048,-166.409962,1470.0,78.16,1470.0,78.16
2017-06-03 06:50:29.997246,54.038072,-166.409928,1470.0,79.86,1470.0,78.35
2017-06-03 06:50:30.496447,54.038083,-166.409912,1470.0,78.35,1470.0,78.35
2017-06-03 06:50:30.995649,54.038107,-166.409877,1470.0,78.35,1470.0,78.35
2017-06-03 06:50:31.494848,54.038118,-166.40986,1470.0,78.54,1470.0,78.16
2017-06-03 06:50:31.994051,54.038142,-166.409823,1470.0,78.54,1470.0,78.16
2017-06-03 06:50:32.493250,54.038153,-166.409807,1470.0,78.16,1470.0,78.16
2017-06-03 06:50:32.992453,54.038178,-166.409772,1470.0,78.35,1470.0,77.97
2017-06-03 06:50:33.491652,54.038191,-166.409756,1470.0,78.16,1470.0,77.97
2017-06-03 06:50:33.990854,54.038217,-166.409722,1470.0,77.97,1470.0,77.97
2017-06-03 06:50:34.490053,54.038229,-166.409706,1470.0,77.97,1470.0,77.79
2017-06-03 06:50:34.989256,54.038255,-166.409673,1470.0,77.79,1470.0,77.79
2017-06-03 06:50:35.488457,54.038267,-166.409658,1470.0,77.79,1470.0,77.41
2017-06-03 06:50:35.987658,54.038292,-166.409625,1470.0,77.79,1470.0,77.79
2017-06-03 06:50:36.486858,54.038303,-166.409609,1470.0,77.79,1470.0,77.22
2017-06-03 06:50:36.986059,54.038327,-166.409575,1470.0,77.79,1470.0,77.41
2017-06-03 06:50:37.485260,54.038337,-166.409558,1470.0,77.79,1470.0,77.6
2017-06-03 06:50:37.984461,54.03836,-166.40952,1470.0,77.6,1470.0,77.6
2017-06-03 06:50:38.499262,54.038371,-166.409501,1470.0,77.79,1470.0,77.6
2017-06-03 06:50:38.998463,54.038393,-166.409463,1470.0,77.79,1470.0,77.6
2017-06-03 06:50:39.497663,54.038404,-166.409445,1470.0,77.79,1470.0,77.6
2017-06-03 06:50:39.996864,54.038427,-166.409408,1470.0,77.97,1470.0,77.6
2017-06-03 06:50:40.496065,54.038438,-166.40939,1470.0,77.79,1470.0,77.79
2017-06-03 06:50:40.995266,54.03846,-166.409355,1470.0,77.79,1470.0,77.6
2017-06-03 06:50:41.494467,54.038471,-166.409338,1470.0,77.79,1470.0,77.6
2017-06-03 06:50:41.993668,54.038495,-166.409303,1470.0,77.79,1470.0,77.6
2017-06-03 06:50:42.492868,54.038506,-166.409287,1470.0,77.6,1470.0,77.6
2017-06-03 06:50:42.992069,54.03853,-166.409252,1470.0,77.6,1470.0,77.41
2017-06-03 06:50:43.491270,54.038541,-166.409235,1470.0,77.79,1470.0,77.6
2017-06-03 06:50:43.990471,54.038565,-166.4092,1470.0,77.79,1470.0,77.41
2017-06-03 06:50:44.489672,54.038576,-166.409183,1470.0,78.54,1470.0,78.54
2017-06-03 06:50:44.988873,54.0386,-166.409148,1470.0,77.6,1470.0,77.41
2017-06-03 06:50:45.488073,54.038612,-166.409131,1470.0,77.41,1470.0,77.41
2017-06-03 06:50:45.987274,54.038638,-166.409093,1470.0,77.41,1470.0,77.22
2017-06-03 06:50:46.486477,54.038649,-166.409076,1470.0,77.41,1470.0,77.41
2017-06-03 06:50:46.985676,54.038672,-166.409037,1470.0,77.41,1470.0,77.41
2017-06-03 06:50:47.484879,54.038681,-166.409019,1470.0,77.6,1470.0,77.41
2017-06-03 06:50:47.984077,54.038703,-166.40898,1470.0,77.6,1470.0,77.6
2017-06-03 06:50:48.498878,54.038715,-166.40896,1470.0,77.79,1470.0,77.22
2017-06-03 06:50:48.998079,54.038737,-166.408922,1470.0,77.6,1470.0,77.41
2017-06-03 06:50:49.497280,54.038747,-166.408904,1470.0,77.6,1470.0,77.41
2017-06-03 06:50:49.996481,54.038768,-166.408868,1470.0,77.41,1470.0,77.6
2017-06-03 06:50:50.495682,54.03878,-166.408851,1470.0,77.41,1470.0,77.22
2017-06-03 06:50:50.994883,54.038803,-166.408817,1470.0,77.22,1470.0,77.22
2017-06-03 06:50:51.494083,54.038815,-166.408801,1470.0,77.22,1470.0,77.22
2017-06-03 06:50:51.993286,54.038838,-166.408767,1470.0,77.22,1470.0,77.22
2017-06-03 06:50:52.492485,54.03885,-166.40875,1470.0,77.22,1470.0,77.22
2017-06-03 06:50:52.991688,54.038875,-166.408715,1470.0,77.22,1470.0,77.97
2017-06-03 06:50:53.490887,54.038886,-166.408698,1470.0,77.22,1470.0,77.22
2017-06-03 06:50:53.990089,54.03891,-166.408662,1470.0,77.22,1470.0,77.03
2017-06-03 06:50:54.489288,54.03892,-166.408644,1470.0,77.22,1470.0,77.03
2017-06-03 06:50:54.988491,54.038942,-166.408607,1470.0,77.22,1470.0,77.22
2017-06-03 06:50:55.487690,54.038952,-166.408589,1470.0,77.22,1470.0,77.22
2017-06-03 06:50:55.986893,54.038973,-166.408552,1470.0,77.22,1470.0,78.54
2017-06-03 06:50:56.486092,54.038984,-166.408534,1470.0,77.22,1470.0,77.03
2017-06-03 06:50:56.985294,54.039007,-166.408497,1470.0,77.03,1470.0,77.03
2017-06-03 06:50:57.484495,54.039017,-166.40848,1470.0,77.03,1470.0,76.85
2017-06-03 06:50:57.999296,54.03904,-166.408443,1470.0,76.85,1470.0,76.85
2017-06-03 06:50:58.498497,54.039052,-166.408426,1470.0,76.85,1470.0,76.85
2017-06-03 06:50:58.997698,54.039075,-166.408392,1470.0,76.85,1470.0,77.79
2017-06-03 06:50:59.496899,54.039086,-166.408375,1470.0,76.85,1470.0,76.85
2017-06-03 06:50:59.996099,54.039108,-166.408342,1470.0,76.85,1470.0,76.85
2017-06-03 06:51:00.495300,54.03912,-166.408324,1470.0,76.85,1470.0,76.85
2017-06-03 06:51:00.994501,54.039143,-166.40829,1470.0,77.03,1470.0,76.85
2017-06-03 06:51:01.493702,54.039154,-166.408272,1470.0,77.03,1470.0,76.85
2017-06-03 06:51:01.992903,54.039177,-166.408235,1470.0,77.03,1470.0,76.85
2017-06-03 06:51:02.492104,54.039187,-166.408217,1470.0,76.85,1470.0,76.66
2017-06-03 06:51:02.991304,54.03921,-166.40818,1470.0,76.85,1470.0,76.66
2017-06-03 06:51:03.490505,54.03922,-166.408162,1470.0,76.66,1470.0,76.66
2017-06-03 06:51:03.989706,54.039242,-166.408125,1470.0,76.66,1470.0,76.66
2017-06-03 06:51:04.488907,54.039252,-166.408107,1470.0,76.66,1470.0,76.47
2017-06-03 06:51:04.988108,54.039275,-166.40807,1470.0,76.47,1470.0,76.47
2017-06-03 06:51:05.487309,54.039286,-166.408053,1470.0,76.47,1470.0,76.28
2017-06-03 06:51:05.986509,54.039308,-166.408017,1470.0,76.47,1470.0,76.28
2017-06-03 06:51:06.485712,54.039319,-166.408,1470.0,76.28,1470.0,76.09
2017-06-03 06:51:06.984911,54.039342,-166.407963,1470.0,76.09,1470.0,76.09
2017-06-03 06:51:07.484114,54.039352,-166.407947,1470.0,76.09,1470.0,75.9
2017-06-03 06:51:07.998913,54.039377,-166.407908,1470.0,75.9,1470.0,75.9
2017-06-03 06:51:08.498116,54.039388,-166.40789,1470.0,75.9,1470.0,75.53
2017-06-03 06:51:08.997314,54.039412,-166.407853,1470.0,75.53,1470.0,75.53
2017-06-03 06:51:09.496515,54.039422,-166.407836,1470.0,75.72,1470.0,75.53
2017-06-03 06:51:09.995716,54.039445,-166.4078,1470.0,75.9,1470.0,75.72
2017-06-03 06:51:10.494917,54.039455,-166.407782,1470.0,75.9,1470.0,75.72
2017-06-03 06:51:10.994118,54.039477,-166.407745,1470.0,75.9,1470.0,75.9
2017-06-03 06:51:11.493319,54.039487,-166.407727,1470.0,76.28,1470.0,75.9
2017-06-03 06:51:11.992521,54.03951,-166.40769,1470.0,76.28,1470.0,75.9
2017-06-03 06:51:12.491720,54.039521,-166.407673,1470.0,76.09,1470.0,75.72
2017-06-03 06:51:12.990923,54.039543,-166.407637,1470.0,75.9,1470.0,77.03
2017-06-03 06:51:13.490122,54.039554,-166.40762,1470.0,75.9,1470.0,75.72
2017-06-03 06:51:13.989325,54.039577,-166.407583,1470.0,75.72,1470.0,75.72
2017-06-03 06:51:14.488523,54.039588,-166.407567,1470.0,75.72,1470.0,75.53
2017-06-03 06:51:14.987726,54.039612,-166.407533,1470.0,75.72,1470.0,75.53
2017-06-03 06:51:15.486925,54.039622,-166.407516,1470.0,75.9,1470.0,75.72
2017-06-03 06:51:15.986128,54.039645,-166.40748,1470.0,75.72,1470.0,75.72
2017-06-03 06:51:16.485327,54.039655,-166.407463,1470.0,75.9,1470.0,75.72
2017-06-03 06:51:16.984529,54.039678,-166.407425,1470.0,76.09,1470.0,76.09
2017-06-03 06:51:17.499331,54.039689,-166.407407,1470.0,75.72,1470.0,75.72
2017-06-03 06:51:17.998531,54.039712,-166.407372,1470.0,75.72,1470.0,75.72
2017-06-03 06:51:18.497732,54.039722,-166.407354,1470.0,75.72,1470.0,75.53
2017-06-03 06:51:18.996933,54.039743,-166.407318,1470.0,75.72,1470.0,75.53
2017-06-03 06:51:19.496134,54.039754,-166.407301,1470.0,75.9,1470.0,75.72
2017-06-03 06:51:19.995335,54.039777,-166.407265,1470.0,75.9,1470.0,77.03
2017-06-03 06:51:20.494535,54.039788,-166.407248,1470.0,75.9,1470.0,75.72
2017-06-03 06:51:20.993736,54.03981,-166.407213,1470.0,76.09,1470.0,75.9
2017-06-03 06:51:21.492937,54.039821,-166.407197,1470.0,76.09,1470.0,75.9
2017-06-03 06:51:21.992138,54.039845,-166.407162,1470.0,76.09,1470.0,75.9
2017-06-03 06:51:22.491339,54.039856,-166.407145,1470.0,75.9,1470.0,75.9
2017-06-03 06:51:22.990540,54.039878,-166.407108,1470.0,75.72,1470.0,75.72
2017-06-03 06:51:23.489740,54.03989,-166.407092,1470.0,75.72,1470.0,75.53
2017-06-03 06:51:23.988941,54.039913,-166.407057,1470.0,75.9,1470.0,75.53
2017-06-03 06:51:24.488142,54.039924,-166.40704,1470.0,75.72,1470.0,76.47
2017-06-03 06:51:24.987343,54.039947,-166.407005,1470.0,75.9,1470.0,75.72
2017-06-03 06:51:25.486544,54.039958,-166.406987,1470.0,75.9,1470.0,75.9
2017-06-03 06:51:25.985744,54.039982,-166.40695,1470.0,76.09,1470.0,75.9
2017-06-03 06:51:26.484945,54.039992,-166.406933,1470.0,76.09,1470.0,75.9
2017-06-03 06:51:26.984146,54.040013,-166.406897,1470.0,76.09,1470.0,75.9
2017-06-03 06:51:27.498949,54.040024,-166.406879,1470.0,76.09,1470.0,75.9
2017-06-03 06:51:27.998148,54.040047,-166.406842,1470.0,75.9,1470.0,75.72
2017-06-03 06:51:28.497351,54.040058,-166.406824,1470.0,75.72,1470.0,75.72
2017-06-03 06:51:28.996550,54.04008,-166.40679,1470.0,75.72,1470.0,75.53
2017-06-03 06:51:29.495752,54.040091,-166.406774,1470.0,75.72,1470.0,77.03
2017-06-03 06:51:29.994951,54.040115,-166.40674,1470.0,75.9,1470.0,75.72
2017-06-03 06:51:30.494152,54.040127,-166.406723,1470.0,75.9,1470.0,75.72
2017-06-03 06:51:30.993353,54.040152,-166.406688,1470.0,75.9,1470.0,77.03
2017-06-03 06:51:31.492554,54.040162,-166.406671,1470.0,75.9,1470.0,75.72
2017-06-03 06:51:31.991756,54.040185,-166.406635,1470.0,75.9,1470.0,75.72
2017-06-03 06:51:32.490955,54.040196,-166.406618,1470.0,75.9,1470.0,75.9
2017-06-03 06:51:32.990158,54.040218,-166.406582,1470.0,76.09,1470.0,76.09
2017-06-03 06:51:33.489357,54.040229,-166.406564,1470.0,76.09,1470.0,77.41
2017-06-03 06:51:33.988560,54.040252,-166.406527,1470.0,76.09,1470.0,77.03
2017-06-03 06:51:34.487759,54.040262,-166.40651,1470.0,75.9,1470.0,75.9
2017-06-03 06:51:34.986961,54.040285,-166.406473,1470.0,75.72,1470.0,75.72
2017-06-03 06:51:35.486160,54.040296,-166.406456,1470.0,75.72,1470.0,75.53
2017-06-03 06:51:35.985363,54.04032,-166.406418,1470.0,75.72,1470.0,77.03
2017-06-03 06:51:36.484562,54.040331,-166.406402,1470.0,75.72,1470.0,75.72
2017-06-03 06:51:36.999365,54.040355,-166.406367,1470.0,77.22,1470.0,75.9
2017-06-03 06:51:37.498566,54.040365,-166.406349,1470.0,76.09,1470.0,75.9
2017-06-03 06:51:37.997766,54.040387,-166.406312,1470.0,76.09,1470.0,75.9
2017-06-03 06:51:38.496967,54.040397,-166.406294,1470.0,75.9,1470.0,75.9
2017-06-03 06:51:38.996168,54.040418,-166.406258,1470.0,75.9,1470.0,75.53
2017-06-03 06:51:39.495369,54.040429,-166.40624,1470.0,75.53,1470.0,75.34
2017-06-03 06:51:39.994570,54.040452,-166.406203,1470.0,75.34,1470.0,75.34
2017-06-03 06:51:40.493771,54.040463,-166.406185,1470.0,75.34,1470.0,76.28
2017-06-03 06:51:40.992971,54.040485,-166.406148,1470.0,75.15,1470.0,75.15
2017-06-03 06:51:41.492172,54.040496,-166.406131,1470.0,75.15,1470.0,75.15
2017-06-03 06:51:41.991373,54.040518,-166.406095,1470.0,75.15,1470.0,76.28
2017-06-03 06:51:42.490574,54.040529,-166.406078,1470.0,75.34,1470.0,75.15
2017-06-03 06:51:42.989775,54.040552,-166.406042,1470.0,75.34,1470.0,75.15
2017-06-03 06:51:43.488976,54.040562,-166.406024,1470.0,76.47,1470.0,75.34
2017-06-03 06:51:43.988176,54.040585,-166.405987,1470.0,75.34,1470.0,75.34
2017-06-03 06:51:44.487377,54.040595,-166.405969,1470.0,75.34,1470.0,76.09
2017-06-03 06:51:44.986578,54.040617,-166.40593,1470.0,75.34,1470.0,75.15
2017-06-03 06:51:45.485779,54.040627,-166.405913,1470.0,75.34,1470.0,75.34
2017-06-03 06:51:45.984980,54.04065,-166.405875,1470.0,75.53,1470.0,75.34
2017-06-03 06:51:46.484180,54.04066,-166.405858,1470.0,75.53,1470.0,75.53
2017-06-03 06:51:46.998981,54.040682,-166.40582,1470.0,75.53,1470.0,75.34
2017-06-03 06:51:47.498182,54.040693,-166.405802,1470.0,75.53,1470.0,75.34
2017-06-03 06:51:47.997383,54.040715,-166.405765,1470.0,75.34,1470.0,75.15
2017-06-03 06:51:48.496586,54.040727,-166.405748,1470.0,75.15,1470.0,75.15
2017-06-03 06:51:48.995785,54.04075,-166.405713,1470.0,74.96,1470.0,74.96
2017-06-03 06:51:49.494987,54.040761,-166.405697,1470.0,74.96,1470.0,74.96
2017-06-03 06:51:49.994186,54.040783,-166.405662,1470.0,74.96,1470.0,74.96
2017-06-03 06:51:50.493389,54.040794,-166.405644,1470.0,75.15,1470.0,74.96
2017-06-03 06:51:50.992588,54.040817,-166.405607,1470.0,76.09,1470.0,74.96
2017-06-03 06:51:51.491789,54.040827,-166.405589,1470.0,75.15,1470.0,76.09
2017-06-03 06:51:51.990990,54.040848,-166.405552,1470.0,75.15,1470.0,75.15
2017-06-03 06:51:52.490191,54.040859,-166.405533,1470.0,75.15,1470.0,75.15
2017-06-03 06:51:52.989393,54.04088,-166.405495,1470.0,75.15,1470.0,74.96
2017-06-03 06:51:53.488592,54.040891,-166.405477,1470.0,75.15,1470.0,75.9
2017-06-03 06:51:53.987795,54.040915,-166.405438,1470.0,74.96,1470.0,75.9
2017-06-03 06:51:54.486994,54.040925,-166.405422,1470.0,74.96,1470.0,74.96
2017-06-03 06:51:54.986197,54.040948,-166.405385,1470.0,75.15,1470.0,75.15
2017-06-03 06:51:55.485395,54.040958,-166.405368,1470.0,75.15,1470.0,74.96
2017-06-03 06:51:55.984598,54.040982,-166.40533,1470.0,75.15,1470.0,74.96
2017-06-03 06:51:56.483797,54.040992,-166.405313,1470.0,75.15,1470.0,74.96
2017-06-03 06:51:56.998600,54.041015,-166.405277,1470.0,74.96,1470.0,74.78
2017-06-03 06:51:57.497801,54.041026,-166.40526,1470.0,74.78,1470.0,74.59
2017-06-03 06:51:57.997002,54.04105,-166.405225,1470.0,74.59,1470.0,74.4
2017-06-03 06:51:58.496202,54.041061,-166.405208,1470.0,74.59,1470.0,74.21
2017-06-03 06:51:58.995403,54.041083,-166.405173,1470.0,74.4,1470.0,74.4
2017-06-03 06:51:59.494604,54.041095,-166.405156,1470.0,74.21,1470.0,74.21
2017-06-03 06:51:59.993805,54.041118,-166.40512,1470.0,74.21,1470.0,74.21
2017-06-03 06:52:00.493006,54.041129,-166.405102,1470.0,74.21,1470.0,74.21
2017-06-03 06:52:00.992207,54.041152,-166.405065,1470.0,74.4,1470.0,74.21
2017-06-03 06:52:01.491407,54.041162,-166.405048,1470.0,74.21,1470.0,74.21
2017-06-03 06:52:01.990608,54.041183,-166.405012,1470.0,74.21,1470.0,74.21
2017-06-03 06:52:02.489809,54.041194,-166.404994,1470.0,74.21,1470.0,74.21
2017-06-03 06:52:02.989010,54.041217,-166.404957,1470.0,74.21,1470.0,74.21
2017-06-03 06:52:03.488211,54.041227,-166.404939,1470.0,74.21,1470.0,73.84
2017-06-03 06:52:03.987411,54.04125,-166.404902,1470.0,74.21,1470.0,73.65
2017-06-03 06:52:04.486612,54.041261,-166.404885,1470.0,74.02,1470.0,74.02
2017-06-03 06:52:04.985813,54.041285,-166.404848,1470.0,74.21,1470.0,74.02
2017-06-03 06:52:05.485014,54.041295,-166.404832,1470.0,74.21,1470.0,74.02
2017-06-03 06:52:05.984215,54.041318,-166.404795,1470.0,74.21,1470.0,74.02
2017-06-03 06:52:06.499016,54.04133,-166.404777,1470.0,74.21,1470.0,74.02
2017-06-03 06:52:06.998217,54.041352,-166.404742,1470.0,74.21,1470.0,74.02
2017-06-03 06:52:07.497417,54.041362,-166.404723,1470.0,74.02,1470.0,74.02
2017-06-03 06:52:07.996618,54.041385,-166.404685,1470.0,74.21,1470.0,74.02
2017-06-03 06:52:08.495821,54.041396,-166.404666,1470.0,74.4,1470.0,74.02
2017-06-03 06:52:08.995020,54.041418,-166.404627,1470.0,74.4,1470.0,74.21
2017-06-03 06:52:09.494223,54.041429,-166.404608,1470.0,74.4,1470.0,74.21
2017-06-03 06:52:09.993422,54.041452,-166.40457,1470.0,74.4,1470.0,74.4
2017-06-03 06:52:10.492624,54.041462,-166.404552,1470.0,74.59,1470.0,74.4
2017-06-03 06:52:10.991823,54.041483,-166.404513,1470.0,74.96,1470.0,74.59
2017-06-03 06:52:11.491026,54.041494,-166.404495,1470.0,75.15,1470.0,74.78
2017-06-03 06:52:11.990225,54.041515,-166.404457,1470.0,75.34,1470.0,75.34
2017-06-03 06:52:12.489426,54.041526,-166.404438,1470.0,75.53,1470.0,75.34
2017-06-03 06:52:12.988626,54.041548,-166.4044,1470.0,75.53,1470.0,75.34
2017-06-03 06:52:13.487827,54.041559,-166.404382,1470.0,75.34,1470.0,75.34
2017-06-03 06:52:13.987030,54.04158,-166.404343,1470.0,75.34,1470.0,75.34
2017-06-03 06:52:14.486229,54.04159,-166.404326,1470.0,75.34,1470.0,75.15
2017-06-03 06:52:14.985432,54.041613,-166.404287,1470.0,75.15,1470.0,74.96
2017-06-03 06:52:15.484631,54.041623,-166.40427,1470.0,75.34,1470.0,74.96
2017-06-03 06:52:15.983833,54.041647,-166.404232,1470.0,75.34,1470.0,75.34
2017-06-03 06:52:16.498632,54.041658,-166.404213,1470.0,75.53,1470.0,75.53
2017-06-03 06:52:16.997835,54.04168,-166.404175,1470.0,75.72,1470.0,75.53
2017-06-03 06:52:17.497034,54.04169,-166.404156,1470.0,75.72,1470.0,75.72
2017-06-03 06:52:17.996237,54.04171,-166.404118,1470.0,76.09,1470.0,75.9
2017-06-03 06:52:18.495438,54.041721,-166.404099,1470.0,76.66,1470.0,75.9
2017-06-03 06:52:18.994638,54.041742,-166.40406,1470.0,75.9,1470.0,75.9
2017-06-03 06:52:19.493839,54.041752,-166.404042,1470.0,75.9,1470.0,75.9
2017-06-03 06:52:19.993040,54.041773,-166.404003,1470.0,75.9,1470.0,75.9
2017-06-03 06:52:20.492241,54.041784,-166.403986,1470.0,75.9,1470.0,75.72
2017-06-03 06:52:20.991442,54.041807,-166.403948,1470.0,75.9,1470.0,75.72
2017-06-03 06:52:21.490643,54.041817,-166.403931,1470.0,77.03,1470.0,75.72
2017-06-03 06:52:21.989843,54.04184,-166.403895,1470.0,76.66,1470.0,75.72
2017-06-03 06:52:22.489044,54.041851,-166.403878,1470.0,75.9,1470.0,75.72
2017-06-03 06:52:22.988245,54.041873,-166.403842,1470.0,77.03,1470.0,75.72
2017-06-03 06:52:23.487446,54.041884,-166.403823,1470.0,76.09,1470.0,75.9
2017-06-03 06:52:23.986647,54.041907,-166.403785,1470.0,76.09,1470.0,75.9
2017-06-03 06:52:24.485847,54.041917,-166.403768,1470.0,76.09,1470.0,77.22
2017-06-03 06:52:24.985048,54.041938,-166.40373,1470.0,76.28,1470.0,77.22
2017-06-03 06:52:25.484249,54.041948,-166.403712,1470.0,76.28,1470.0,76.28
2017-06-03 06:52:25.999050,54.04197,-166.403672,1470.0,76.66,1470.0,76.09
2017-06-03 06:52:26.498251,54.041981,-166.403653,1470.0,75.9,1470.0,77.03
2017-06-03 06:52:26.997452,54.042002,-166.403615,1470.0,75.72,1470.0,75.72
2017-06-03 06:52:27.496653,54.042013,-166.403597,1470.0,75.53,1470.0,75.34
2017-06-03 06:52:27.995853,54.042037,-166.40356,1470.0,75.53,1470.0,75.34
2017-06-03 06:52:28.495056,54.042047,-166.403543,1470.0,75.53,1470.0,76.66
2017-06-03 06:52:28.994255,54.04207,-166.403507,1470.0,75.72,1470.0,76.66
2017-06-03 06:52:29.493458,54.04208,-166.403488,1470.0,75.9,1470.0,75.72
2017-06-03 06:52:29.992657,54.042102,-166.40345,1470.0,76.09,1470.0,77.03
2017-06-03 06:52:30.491859,54.042112,-166.403432,1470.0,76.09,1470.0,75.9
2017-06-03 06:52:30.991058,54.042133,-166.403393,1470.0,76.09,1470.0,75.9
2017-06-03 06:52:31.490261,54.042144,-166.403375,1470.0,75.9,1470.0,75.72
2017-06-03 06:52:31.989460,54.042165,-166.403337,1470.0,75.9,1470.0,75.72
2017-06-03 06:52:32.488663,54.042175,-166.403319,1470.0,75.9,1470.0,75.72
2017-06-03 06:52:32.987862,54.042197,-166.403282,1470.0,75.9,1470.0,75.72
2017-06-03 06:52:33.487062,54.042207,-166.403265,1470.0,76.09,1470.0,75.9
2017-06-03 06:52:33.986265,54.04223,-166.403228,1470.0,76.09,1470.0,75.9
2017-06-03 06:52:34.485464,54.042241,-166.403212,1470.0,76.09,1470.0,75.9
2017-06-03 06:52:34.984667,54.042265,-166.403175,1470.0,76.09,1470.0,75.9
2017-06-03 06:52:35.483866,54.042276,-166.403158,1470.0,76.09,1470.0,75.9
2017-06-03 06:52:35.998669,54.0423,-166.40312,1470.0,76.09,1470.0,75.9
2017-06-03 06:52:36.497868,54.042311,-166.403101,1470.0,76.09,1470.0,75.9
2017-06-03 06:52:36.997070,54.042332,-166.403065,1470.0,76.28,1470.0,76.09
2017-06-03 06:52:37.496269,54.042342,-166.403047,1470.0,76.28,1470.0,76.28
2017-06-03 06:52:37.995472,54.042363,-166.403008,1470.0,76.47,1470.0,76.28
2017-06-03 06:52:38.494671,54.042374,-166.40299,1470.0,76.66,1470.0,76.28
2017-06-03 06:52:38.993874,54.042395,-166.40295,1470.0,76.66,1470.0,76.47
2017-06-03 06:52:39.493074,54.042406,-166.402932,1470.0,76.66,1470.0,76.28
2017-06-03 06:52:39.992275,54.042428,-166.402893,1470.0,76.47,1470.0,76.47
2017-06-03 06:52:40.491476,54.042439,-166.402876,1470.0,76.66,1470.0,76.66
2017-06-03 06:52:40.990677,54.04246,-166.402838,1470.0,76.66,1470.0,76.66
2017-06-03 06:52:41.489878,54.042471,-166.402821,1470.0,76.85,1470.0,77.79
2017-06-03 06:52:41.989079,54.042493,-166.402783,1470.0,77.03,1470.0,76.66
2017-06-03 06:52:42.488279,54.042504,-166.402766,1470.0,76.66,1470.0,76.66
2017-06-03 06:52:42.987480,54.042527,-166.402728,1470.0,76.28,1470.0,76.47
2017-06-03 06:52:43.486681,54.042537,-166.402711,1470.0,76.09,1470.0,75.9
2017-06-03 06:52:43.985882,54.04256,-166.402675,1470.0,76.47,1470.0,75.9
2017-06-03 06:52:44.485083,54.04257,-166.402658,1470.0,76.47,1470.0,76.28
2017-06-03 06:52:44.984283,54.042593,-166.40262,1470.0,76.28,1470.0,76.28
2017-06-03 06:52:45.499084,54.042604,-166.402601,1470.0,76.66,1470.0,77.97
2017-06-03 06:52:45.998285,54.042627,-166.402562,1470.0,76.85,1470.0,76.85
2017-06-03 06:52:46.497486,54.042637,-166.402542,1470.0,77.03,1470.0,77.03
2017-06-03 06:52:46.996687,54.042657,-166.402503,1470.0,77.22,1470.0,77.03
2017-06-03 06:52:47.495888,54.042666,-166.402484,1470.0,77.22,1470.0,77.22
2017-06-03 06:52:47.995089,54.042687,-166.402443,1470.0,77.41,1470.0,76.85
2017-06-03 06:52:48.494291,54.042697,-166.402425,1470.0,77.03,1470.0,76.66
2017-06-03 06:52:48.993490,54.042718,-166.402387,1470.0,76.85,1470.0,76.66
2017-06-03 06:52:49.492693,54.04273,-166.402369,1470.0,76.85,1470.0,76.47
2017-06-03 06:52:49.991892,54.042753,-166.402332,1470.0,76.47,1470.0,76.47
2017-06-03 06:52:50.491095,54.042765,-166.402315,1470.0,76.47,1470.0,76.28
2017-06-03 06:52:50.990294,54.042788,-166.402278,1470.0,76.47,1470.0,76.47
2017-06-03 06:52:51.489496,54.0428,-166.402261,1470.0,76.66,1470.0,76.47
2017-06-03 06:52:51.988695,54.042823,-166.402223,1470.0,76.85,1470.0,76.85
2017-06-03 06:52:52.487898,54.042833,-166.402205,1470.0,77.03,1470.0,77.03
2017-06-03 06:52:52.987097,54.042853,-166.402167,1470.0,77.97,1470.0,77.03
2017-06-03 06:52:53.486300,54.042864,-166.402147,1470.0,77.03,1470.0,77.03
2017-06-03 06:52:53.985500,54.042885,-166.402105,1470.0,77.03,1470.0,78.16
2017-06-03 06:52:54.484701,54.042894,-166.402086,1470.0,76.66,1470.0,76.66
2017-06-03 06:52:54.983902,54.042915,-166.402043,1470.0,76.66,1470.0,76.66
2017-06-03 06:52:55.498701,54.042925,-166.402024,1470.0,76.66,1470.0,76.47
2017-06-03 06:52:55.997904,54.042945,-166.401985,1470.0,76.85,1470.0,76.66
2017-06-03 06:52:56.497103,54.042956,-166.401966,1470.0,77.03,1470.0,76.85
2017-06-03 06:52:56.996305,54.042978,-166.401928,1470.0,77.03,1470.0,78.16
2017-06-03 06:52:57.495504,54.042989,-166.40191,1470.0,78.16,1470.0,77.79
2017-06-03 06:52:57.994707,54.043012,-166.401872,1470.0,76.85,1470.0,76.85
2017-06-03 06:52:58.493906,54.043022,-166.401853,1470.0,76.85,1470.0,77.79
2017-06-03 06:52:58.993109,54.043043,-166.401813,1470.0,76.85,1470.0,76.85
2017-06-03 06:52:59.492310,54.043054,-166.401795,1470.0,76.85,1470.0,76.85
2017-06-03 06:52:59.991510,54.043075,-166.401755,1470.0,76.85,1470.0,76.85
2017-06-03 06:53:00.490711,54.043085,-166.401736,1470.0,77.97,1470.0,77.03
2017-06-03 06:53:00.989912,54.043107,-166.401697,1470.0,78.35,1470.0,76.85
2017-06-03 06:53:01.489113,54.043116,-166.401677,1470.0,78.35,1470.0,76.66
2017-06-03 06:53:01.988314,54.043137,-166.401637,1470.0,76.85,1470.0,76.66
2017-06-03 06:53:02.487514,54.043147,-166.401618,1470.0,76.66,1470.0,76.47
2017-06-03 06:53:02.986715,54.043168,-166.401577,1470.0,76.66,1470.0,76.47
2017-06-03 06:53:03.485916,54.043178,-166.401559,1470.0,77.79,1470.0,76.66
2017-06-03 06:53:03.985117,54.0432,-166.401518,1470.0,76.66,1470.0,76.47
2017-06-03 06:53:04.484318,54.04321,-166.401501,1470.0,76.47,1470.0,76.47
2017-06-03 06:53:04.999119,54.043233,-166.401462,1470.0,76.47,1470.0,76.47
2017-06-03 06:53:05.498320,54.043244,-166.401443,1470.0,76.66,1470.0,76.47
2017-06-03 06:53:05.997520,54.043265,-166.401405,1470.0,76.66,1470.0,77.22
2017-06-03 06:53:06.496721,54.043276,-166.401387,1470.0,76.66,1470.0,76.66
2017-06-03 06:53:06.995922,54.043298,-166.401348,1470.0,77.97,1470.0,76.66
2017-06-03 06:53:07.495123,54.043309,-166.40133,1470.0,76.66,1470.0,76.85
2017-06-03 06:53:07.994324,54.04333,-166.40129,1470.0,76.66,1470.0,76.47
2017-06-03 06:53:08.493525,54.04334,-166.401271,1470.0,76.47,1470.0,76.47
2017-06-03 06:53:08.992725,54.043362,-166.401232,1470.0,76.47,1470.0,76.47
2017-06-03 06:53:09.491926,54.043372,-166.401213,1470.0,76.47,1470.0,76.28
2017-06-03 06:53:09.991127,54.043395,-166.401175,1470.0,77.03,1470.0,76.28
2017-06-03 06:53:10.490330,54.043405,-166.401156,1470.0,76.47,1470.0,76.28
2017-06-03 06:53:10.989529,54.043427,-166.401117,1470.0,76.47,1470.0,76.28
2017-06-03 06:53:11.488731,54.043437,-166.401099,1470.0,76.28,1470.0,76.28
2017-06-03 06:53:11.987930,54.04346,-166.401062,1470.0,76.47,1470.0,76.28
2017-06-03 06:53:12.487133,54.043471,-166.401043,1470.0,76.47,1470.0,76.47
2017-06-03 06:53:12.986332,54.043493,-166.401005,1470.0,76.47,1470.0,76.47
2017-06-03 06:53:13.485535,54.043504,-166.400986,1470.0,76.66,1470.0,76.47
2017-06-03 06:53:13.984734,54.043525,-166.400947,1470.0,76.66,1470.0,76.66
2017-06-03 06:53:14.483936,54.043535,-166.400928,1470.0,76.66,1470.0,76.66
2017-06-03 06:53:14.998737,54.043558,-166.400888,1470.0,76.66,1470.0,76.85
2017-06-03 06:53:15.497936,54.043569,-166.40087,1470.0,76.85,1470.0,76.66
2017-06-03 06:53:15.997139,54.04359,-166.400832,1470.0,76.66,1470.0,76.66
2017-06-03 06:53:16.496338,54.043602,-166.400813,1470.0,76.66,1470.0,77.97
2017-06-03 06:53:16.995541,54.043625,-166.400775,1470.0,76.66,1470.0,76.47
2017-06-03 06:53:17.494740,54.043636,-166.400756,1470.0,76.47,1470.0,76.47
2017-06-03 06:53:17.993942,54.043658,-166.400717,1470.0,77.6,1470.0,76.47
2017-06-03 06:53:18.493141,54.043669,-166.400698,1470.0,76.47,1470.0,77.6
2017-06-03 06:53:18.992344,54.043692,-166.400658,1470.0,76.47,1470.0,76.47
2017-06-03 06:53:19.491545,54.043702,-166.40064,1470.0,76.47,1470.0,76.47
2017-06-03 06:53:19.990746,54.043723,-166.400602,1470.0,76.47,1470.0,76.47
2017-06-03 06:53:20.489946,54.043734,-166.400583,1470.0,77.6,1470.0,77.6
2017-06-03 06:53:20.989147,54.043757,-166.400545,1470.0,76.28,1470.0,76.28
2017-06-03 06:53:21.488348,54.043767,-166.400526,1470.0,76.28,1470.0,76.28
2017-06-03 06:53:21.987549,54.043788,-166.400485,1470.0,77.6,1470.0,76.28
2017-06-03 06:53:22.486750,54.043799,-166.400467,1470.0,76.28,1470.0,76.09
2017-06-03 06:53:22.985950,54.043822,-166.400428,1470.0,76.09,1470.0,76.09
2017-06-03 06:53:23.485151,54.043832,-166.400411,1470.0,76.09,1470.0,76.09
2017-06-03 06:53:23.984352,54.043855,-166.40037,1470.0,76.09,1470.0,76.09
2017-06-03 06:53:24.499153,54.043867,-166.40035,1470.0,76.09,1470.0,75.9
2017-06-03 06:53:24.998354,54.04389,-166.400312,1470.0,76.09,1470.0,76.09
2017-06-03 06:53:25.497555,54.0439,-166.400293,1470.0,76.28,1470.0,76.09
2017-06-03 06:53:25.996756,54.043922,-166.400253,1470.0,76.28,1470.0,76.09
2017-06-03 06:53:26.495956,54.043933,-166.400235,1470.0,76.09,1470.0,76.09
2017-06-03 06:53:26.995157,54.043957,-166.400195,1470.0,75.9,1470.0,75.9
2017-06-03 06:53:27.494358,54.043967,-166.400176,1470.0,75.72,1470.0,75.72
2017-06-03 06:53:27.993559,54.04399,-166.400137,1470.0,75.9,1470.0,75.53
2017-06-03 06:53:28.492760,54.044001,-166.400118,1470.0,76.85,1470.0,75.72
2017-06-03 06:53:28.991961,54.044023,-166.40008,1470.0,75.9,1470.0,75.72
2017-06-03 06:53:29.491161,54.044034,-166.400061,1470.0,75.9,1470.0,75.72
2017-06-03 06:53:29.990362,54.044055,-166.40002,1470.0,76.66,1470.0,75.72
2017-06-03 06:53:30.489565,54.044065,-166.400002,1470.0,75.72,1470.0,75.72
2017-06-03 06:53:30.988764,54.044088,-166.399962,1470.0,75.72,1470.0,75.53
2017-06-03 06:53:31.487967,54.044098,-166.399943,1470.0,75.72,1470.0,75.53
2017-06-03 06:53:31.987165,54.04412,-166.399902,1470.0,75.72,1470.0,75.53
2017-06-03 06:53:32.486368,54.044129,-166.399883,1470.0,75.72,1470.0,75.72
2017-06-03 06:53:32.985567,54.04415,-166.399842,1470.0,75.72,1470.0,75.9
2017-06-03 06:53:33.484770,54.04416,-166.399823,1470.0,75.72,1470.0,75.53
2017-06-03 06:53:33.983969,54.044185,-166.39978,1470.0,75.53,1470.0,75.34
2017-06-03 06:53:34.498770,54.044196,-166.39976,1470.0,75.9,1470.0,75.72
2017-06-03 06:53:34.997971,54.04422,-166.399718,1470.0,75.9,1470.0,75.72
2017-06-03 06:53:35.497171,54.044231,-166.399699,1470.0,75.9,1470.0,75.72
2017-06-03 06:53:35.996374,54.044255,-166.399658,1470.0,76.09,1470.0,75.9
2017-06-03 06:53:36.495573,54.044266,-166.39964,1470.0,76.09,1470.0,75.9
2017-06-03 06:53:36.994776,54.04429,-166.3996,1470.0,76.09,1470.0,75.72
2017-06-03 06:53:37.493975,54.044301,-166.399582,1470.0,76.09,1470.0,75.9
2017-06-03 06:53:37.993177,54.044323,-166.399543,1470.0,75.9,1470.0,75.9
2017-06-03 06:53:38.492376,54.044334,-166.399525,1470.0,75.9,1470.0,75.9
2017-06-03 06:53:38.991579,54.044355,-166.399485,1470.0,77.03,1470.0,75.72
2017-06-03 06:53:39.490778,54.044365,-166.399467,1470.0,75.72,1470.0,75.72
2017-06-03 06:53:39.989981,54.044387,-166.399428,1470.0,77.03,1470.0,76.47
2017-06-03 06:53:40.489182,54.044397,-166.39941,1470.0,76.85,1470.0,75.72
2017-06-03 06:53:40.988382,54.04442,-166.39937,1470.0,75.72,1470.0,75.53
2017-06-03 06:53:41.487583,54.04443,-166.399351,1470.0,75.72,1470.0,77.22
2017-06-03 06:53:41.986784,54.044452,-166.39931,1470.0,75.9,1470.0,75.72
2017-06-03 06:53:42.485985,54.044462,-166.399292,1470.0,76.09,1470.0,75.9
2017-06-03 06:53:42.985186,54.044483,-166.399252,1470.0,76.09,1470.0,76.09
2017-06-03 06:53:43.484386,54.044493,-166.399233,1470.0,76.28,1470.0,76.09
2017-06-03 06:53:43.999187,54.044517,-166.399192,1470.0,76.47,1470.0,76.09
2017-06-03 06:53:44.498388,54.044528,-166.399173,1470.0,76.28,1470.0,76.09
2017-06-03 06:53:44.997589,54.04455,-166.399135,1470.0,76.09,1470.0,75.9
2017-06-03 06:53:45.496790,54.044562,-166.399116,1470.0,76.09,1470.0,75.72
2017-06-03 06:53:45.995991,54.044585,-166.399077,1470.0,76.09,1470.0,75.9
2017-06-03 06:53:46.495192,54.044597,-166.399058,1470.0,75.9,1470.0,77.03
2017-06-03 06:53:46.994392,54.04462,-166.39902,1470.0,76.09,1470.0,75.9
2017-06-03 06:53:47.493593,54.04463,-166.399002,1470.0,76.09,1470.0,75.9
2017-06-03 06:53:47.992794,54.044652,-166.398963,1470.0,75.9,1470.0,76.66
2017-06-03 06:53:48.491995,54.044662,-166.398945,1470.0,75.72,1470.0,75.72
2017-06-03 06:53:48.991196,54.044685,-166.398907,1470.0,75.53,1470.0,75.34
2017-06-03 06:53:49.490396,54.044696,-166.398888,1470.0,76.66,1470.0,75.15
2017-06-03 06:53:49.989597,54.044718,-166.39885,1470.0,75.15,1470.0,75.15
2017-06-03 06:53:50.488800,54.044729,-166.398832,1470.0,75.15,1470.0,75.15
2017-06-03 06:53:50.987999,54.044752,-166.398793,1470.0,75.34,1470.0,76.66
2017-06-03 06:53:51.487202,54.044762,-166.398776,1470.0,75.53,1470.0,75.34
2017-06-03 06:53:51.986401,54.044785,-166.398735,1470.0,75.72,1470.0,75.72
2017-06-03 06:53:52.485603,54.044795,-166.398716,1470.0,75.9,1470.0,77.22
2017-06-03 06:53:52.984802,54.044818,-166.398675,1470.0,77.22,1470.0,75.9
2017-06-03 06:53:53.484005,54.044828,-166.398657,1470.0,76.09,1470.0,75.72
2017-06-03 06:53:53.998804,54.044852,-166.398615,1470.0,76.09,1470.0,75.9
2017-06-03 06:53:54.498005,54.044863,-166.398596,1470.0,76.09,1470.0,75.9
2017-06-03 06:53:54.997206,54.044887,-166.398557,1470.0,75.9,1470.0,75.9
2017-06-03 06:53:55.496407,54.044898,-166.398539,1470.0,75.9,1470.0,75.72
2017-06-03 06:53:55.995609,54.044922,-166.398502,1470.0,75.72,1470.0,75.72
2017-06-03 06:53:56.494808,54.044933,-166.398485,1470.0,75.72,1470.0,75.53
2017-06-03 06:53:56.994011,54.044957,-166.398448,1470.0,75.53,1470.0,75.34
2017-06-03 06:53:57.493210,54.044968,-166.398431,1470.0,75.34,1470.0,75.15
2017-06-03 06:53:57.992413,54.044993,-166.398395,1470.0,75.15,1470.0,74.96
2017-06-03 06:53:58.491611,54.045005,-166.398377,1470.0,75.15,1470.0,74.96
2017-06-03 06:53:58.990814,54.045028,-166.39834,1470.0,75.34,1470.0,75.15
2017-06-03 06:53:59.490013,54.045038,-166.398321,1470.0,75.53,1470.0,75.53
2017-06-03 06:53:59.989216,54.045058,-166.398282,1470.0,75.72,1470.0,75.72
2017-06-03 06:54:00.488415,54.045068,-166.398262,1470.0,75.9,1470.0,75.72
2017-06-03 06:54:00.987617,54.045088,-166.39822,1470.0,75.9,1470.0,75.72
2017-06-03 06:54:01.486818,54.045097,-166.398202,1470.0,75.72,1470.0,75.53
2017-06-03 06:54:01.986019,54.045118,-166.39816,1470.0,75.53,1470.0,75.34
2017-06-03 06:54:02.485220,54.045129,-166.398142,1470.0,75.34,1470.0,75.15
2017-06-03 06:54:02.984421,54.045153,-166.398102,1470.0,75.15,1470.0,75.15
2017-06-03 06:54:03.499222,54.045164,-166.398084,1470.0,75.34,1470.0,75.15
2017-06-03 06:54:03.998423,54.045187,-166.398047,1470.0,75.53,1470.0,75.34
2017-06-03 06:54:04.497623,54.045198,-166.398029,1470.0,75.53,1470.0,75.34
2017-06-03 06:54:04.996824,54.045222,-166.397993,1470.0,75.53,1470.0,75.53
2017-06-03 06:54:05.496025,54.045233,-166.397976,1470.0,75.53,1470.0,75.34
2017-06-03 06:54:05.995226,54.045257,-166.397938,1470.0,75.34,1470.0,75.15
2017-06-03 06:54:06.494427,54.045268,-166.39792,1470.0,76.09,1470.0,75.15
2017-06-03 06:54:06.993628,54.045292,-166.397882,1470.0,75.15,1470.0,74.96
2017-06-03 06:54:07.492828,54.045302,-166.397863,1470.0,75.34,1470.0,74.96
2017-06-03 06:54:07.992029,54.045323,-166.397823,1470.0,75.34,1470.0,75.15
2017-06-03 06:54:08.491230,54.045333,-166.397804,1470.0,75.34,1470.0,75.15
2017-06-03 06:54:08.990431,54.045353,-166.397763,1470.0,75.34,1470.0,75.15
2017-06-03 06:54:09.489632,54.045363,-166.397744,1470.0,75.34,1470.0,75.34
2017-06-03 06:54:09.988832,54.045383,-166.397703,1470.0,75.34,1470.0,75.34
2017-06-03 06:54:10.488035,54.045393,-166.397684,1470.0,75.34,1470.0,75.34
2017-06-03 06:54:10.987234,54.045415,-166.397643,1470.0,75.15,1470.0,75.15
2017-06-03 06:54:11.486437,54.045425,-166.397627,1470.0,75.34,1470.0,75.15
2017-06-03 06:54:11.985636,54.045448,-166.397588,1470.0,75.34,1470.0,75.34
2017-06-03 06:54:12.484838,54.045459,-166.397571,1470.0,75.53,1470.0,75.53
2017-06-03 06:54:12.984037,54.045482,-166.397533,1470.0,75.53,1470.0,76.66
2017-06-03 06:54:13.498840,54.045493,-166.397516,1470.0,76.85,1470.0,75.53
2017-06-03 06:54:13.998039,54.045517,-166.39748,1470.0,76.85,1470.0,75.53
2017-06-03 06:54:14.497240,54.045528,-166.397461,1470.0,76.66,1470.0,75.53
2017-06-03 06:54:14.996441,54.045552,-166.397423,1470.0,75.53,1470.0,75.53
2017-06-03 06:54:15.495642,54.045562,-166.397406,1470.0,75.53,1470.0,76.47
2017-06-03 06:54:15.994844,54.045585,-166.397368,1470.0,75.53,1470.0,76.85
2017-06-03 06:54:16.494043,54.045595,-166.39735,1470.0,76.66,1470.0,75.53
2017-06-03 06:54:16.993246,54.045617,-166.39731,1470.0,75.53,1470.0,75.34
2017-06-03 06:54:17.492445,54.045627,-166.397291,1470.0,75.53,1470.0,76.09
2017-06-03 06:54:17.991648,54.045648,-166.397252,1470.0,75.53,1470.0,75.34
2017-06-03 06:54:18.490847,54.045659,-166.397233,1470.0,75.53,1470.0,77.03
2017-06-03 06:54:18.990049,54.04568,-166.397193,1470.0,75.53,1470.0,75.72
2017-06-03 06:54:19.489248,54.04569,-166.397175,1470.0,75.53,1470.0,75.53
2017-06-03 06:54:19.988451,54.045712,-166.397135,1470.0,76.85,1470.0,75.53
2017-06-03 06:54:20.487650,54.045722,-166.397117,1470.0,75.53,1470.0,75.53
2017-06-03 06:54:20.986853,54.045745,-166.397078,1470.0,75.53,1470.0,75.34
2017-06-03 06:54:21.486053,54.045756,-166.397062,1470.0,75.34,1470.0,75.53
2017-06-03 06:54:21.985254,54.04578,-166.397023,1470.0,75.34,1470.0,75.34
2017-06-03 06:54:22.484455,54.04579,-166.397006,1470.0,76.47,1470.0,75.34
2017-06-03 06:54:22.999256,54.045813,-166.396968,1470.0,75.53,1470.0,75.34
2017-06-03 06:54:23.498457,54.045824,-166.39695,1470.0,75.53,1470.0,75.34
2017-06-03 06:54:23.997658,54.045847,-166.396912,1470.0,76.47,1470.0,76.47
2017-06-03 06:54:24.496859,54.045858,-166.396892,1470.0,75.53,1470.0,75.34
2017-06-03 06:54:24.996059,54.04588,-166.396853,1470.0,75.34,1470.0,75.34
2017-06-03 06:54:25.495260,54.04589,-166.396835,1470.0,75.34,1470.0,76.47
2017-06-03 06:54:25.994461,54.045912,-166.396795,1470.0,75.34,1470.0,75.15
2017-06-03 06:54:26.493662,54.045922,-166.396776,1470.0,75.34,1470.0,75.15
2017-06-03 06:54:26.992863,54.045943,-166.396735,1470.0,75.34,1470.0,75.15
2017-06-03 06:54:27.492064,54.045954,-166.396717,1470.0,75.15,1470.0,76.28
2017-06-03 06:54:27.991264,54.045975,-166.396678,1470.0,76.47,1470.0,75.15
2017-06-03 06:54:28.490465,54.045986,-166.39666,1470.0,75.15,1470.0,75.15
2017-06-03 06:54:28.989666,54.04601,-166.39662,1470.0,76.47,1470.0,74.96
2017-06-03 06:54:29.488867,54.046021,-166.396602,1470.0,76.47,1470.0,75.15
2017-06-03 06:54:29.988068,54.046043,-166.396563,1470.0,75.15,1470.0,75.15
2017-06-03 06:54:30.487268,54.046054,-166.396546,1470.0,75.34,1470.0,76.09
2017-06-03 06:54:30.986469,54.046077,-166.396507,1470.0,75.34,1470.0,76.28
2017-06-03 06:54:31.485672,54.046086,-166.396489,1470.0,75.34,1470.0,76.28
2017-06-03 06:54:31.984871,54.046108,-166.396448,1470.0,75.15,1470.0,74.78
2017-06-03 06:54:32.484074,54.046119,-166.39643,1470.0,74.78,1470.0,74.59
2017-06-03 06:54:32.998873,54.046142,-166.39639,1470.0,74.4,1470.0,74.21
2017-06-03 06:54:33.498075,54.046153,-166.396372,1470.0,74.4,1470.0,74.21
2017-06-03 06:54:33.997274,54.046177,-166.396333,1470.0,74.4,1470.0,74.21
2017-06-03 06:54:34.496477,54.046187,-166.396315,1470.0,74.59,1470.0,74.4
2017-06-03 06:54:34.995676,54.04621,-166.396277,1470.0,74.59,1470.0,74.4
2017-06-03 06:54:35.494877,54.04622,-166.396258,1470.0,74.78,1470.0,74.78
2017-06-03 06:54:35.994080,54.046242,-166.396218,1470.0,74.78,1470.0,74.78
2017-06-03 06:54:36.493279,54.046251,-166.396199,1470.0,74.96,1470.0,74.96
2017-06-03 06:54:36.992481,54.046272,-166.396158,1470.0,74.96,1470.0,74.96
2017-06-03 06:54:37.491680,54.046282,-166.396139,1470.0,74.96,1470.0,75.34
2017-06-03 06:54:37.990883,54.046305,-166.396097,1470.0,74.96,1470.0,74.78
2017-06-03 06:54:38.490082,54.046315,-166.396078,1470.0,74.78,1470.0,74.59
2017-06-03 06:54:38.989285,54.046338,-166.396038,1470.0,74.59,1470.0,74.59
2017-06-03 06:54:39.488483,54.04635,-166.396021,1470.0,74.4,1470.0,74.4
2017-06-03 06:54:39.987686,54.046375,-166.395982,1470.0,74.4,1470.0,74.21
2017-06-03 06:54:40.486885,54.046386,-166.395964,1470.0,74.4,1470.0,75.53
2017-06-03 06:54:40.986088,54.046408,-166.395927,1470.0,74.4,1470.0,74.4
2017-06-03 06:54:41.485289,54.046419,-166.395908,1470.0,74.59,1470.0,74.59
2017-06-03 06:54:41.984489,54.046442,-166.39587,1470.0,74.59,1470.0,74.4
2017-06-03 06:54:42.499290,54.046452,-166.39585,1470.0,74.59,1470.0,74.4
2017-06-03 06:54:42.998491,54.046473,-166.395812,1470.0,74.4,1470.0,74.4
2017-06-03 06:54:43.497692,54.046484,-166.395793,1470.0,74.4,1470.0,74.21
2017-06-03 06:54:43.996893,54.046505,-166.395753,1470.0,74.21,1470.0,74.21
2017-06-03 06:54:44.496094,54.046516,-166.395735,1470.0,74.21,1470.0,74.02
2017-06-03 06:54:44.995295,54.046538,-166.395697,1470.0,74.21,1470.0,74.02
2017-06-03 06:54:45.494495,54.046549,-166.395678,1470.0,74.21,1470.0,74.21
2017-06-03 06:54:45.993696,54.04657,-166.39564,1470.0,74.4,1470.0,74.21
2017-06-03 06:54:46.492897,54.04658,-166.395621,1470.0,74.4,1470.0,74.4
2017-06-03 06:54:46.992098,54.046602,-166.395582,1470.0,74.4,1470.0,74.4
2017-06-03 06:54:47.491299,54.046612,-166.395563,1470.0,74.4,1470.0,74.4
2017-06-03 06:54:47.990499,54.046635,-166.395523,1470.0,74.4,1470.0,74.21
2017-06-03 06:54:48.489700,54.046646,-166.395505,1470.0,74.4,1470.0,74.4
2017-06-03 06:54:48.988901,54.046668,-166.395467,1470.0,74.59,1470.0,74.59
2017-06-03 06:54:49.488102,54.046679,-166.395448,1470.0,74.78,1470.0,74.78
2017-06-03 06:54:49.987303,54.0467,-166.395408,1470.0,74.96,1470.0,74.78
2017-06-03 06:54:50.486504,54.04671,-166.39539,1470.0,74.78,1470.0,74.78
2017-06-03 06:54:50.985704,54.046733,-166.39535,1470.0,74.59,1470.0,74.4
2017-06-03 06:54:51.484905,54.046744,-166.395333,1470.0,75.34,1470.0,74.21
2017-06-03 06:54:51.984106,54.046768,-166.395293,1470.0,74.21,1470.0,74.21
2017-06-03 06:54:52.498909,54.04678,-166.395274,1470.0,75.34,1470.0,74.21
2017-06-03 06:54:52.998108,54.046802,-166.395237,1470.0,75.53,1470.0,74.21
2017-06-03 06:54:53.497311,54.046812,-166.395218,1470.0,74.4,1470.0,74.21
2017-06-03 06:54:53.996510,54.046833,-166.39518,1470.0,74.59,1470.0,74.4
2017-06-03 06:54:54.495712,54.046844,-166.395161,1470.0,74.59,1470.0,74.4
2017-06-03 06:54:54.994911,54.046865,-166.395122,1470.0,74.4,1470.0,74.59
2017-06-03 06:54:55.494114,54.046876,-166.395103,1470.0,75.34,1470.0,74.21
2017-06-03 06:54:55.993313,54.046898,-166.395063,1470.0,74.21,1470.0,74.02
2017-06-03 06:54:56.492514,54.046909,-166.395045,1470.0,74.02,1470.0,74.02
2017-06-03 06:54:56.991716,54.046932,-166.395007,1470.0,74.02,1470.0,75.34
2017-06-03 06:54:57.490915,54.046942,-166.394988,1470.0,74.02,1470.0,73.84
2017-06-03 06:54:57.990118,54.046965,-166.394948,1470.0,74.02,1470.0,74.02
2017-06-03 06:54:58.489317,54.046975,-166.394931,1470.0,74.21,1470.0,74.21
2017-06-03 06:54:58.988520,54.046998,-166.394892,1470.0,74.21,1470.0,74.21
2017-06-03 06:54:59.487719,54.047008,-166.394874,1470.0,74.21,1470.0,74.21
2017-06-03 06:54:59.986921,54.047032,-166.394835,1470.0,74.21,1470.0,74.02
2017-06-03 06:55:00.486120,54.047043,-166.394816,1470.0,74.02,1470.0,74.02
2017-06-03 06:55:00.985323,54.047067,-166.394775,1470.0,74.02,1470.0,73.84
2017-06-03 06:55:01.484524,54.047077,-166.394757,1470.0,74.02,1470.0,73.84
2017-06-03 06:55:01.999325,54.047102,-166.394715,1470.0,74.02,1470.0,74.02
2017-06-03 06:55:02.498526,54.047113,-166.394697,1470.0,74.21,1470.0,74.21
2017-06-03 06:55:02.997726,54.047137,-166.39466,1470.0,74.02,1470.0,74.59
2017-06-03 06:55:03.496927,54.047147,-166.394642,1470.0,74.02,1470.0,73.84
2017-06-03 06:55:03.996128,54.04717,-166.394603,1470.0,73.84,1470.0,74.4
2017-06-03 06:55:04.495329,54.047181,-166.394585,1470.0,73.84,1470.0,73.65
2017-06-03 06:55:04.994530,54.047203,-166.394547,1470.0,73.65,1470.0,73.65
2017-06-03 06:55:05.493731,54.047214,-166.394528,1470.0,73.84,1470.0,73.65
2017-06-03 06:55:05.992931,54.047237,-166.394488,1470.0,74.02,1470.0,73.84
2017-06-03 06:55:06.492132,54.047247,-166.39447,1470.0,74.02,1470.0,73.84
2017-06-03 06:55:06.991333,54.047268,-166.394432,1470.0,74.02,1470.0,74.02
2017-06-03 06:55:07.490534,54.04728,-166.394413,1470.0,74.21,1470.0,74.02
2017-06-03 06:55:07.989735,54.047303,-166.394375,1470.0,74.02,1470.0,74.78
2017-06-03 06:55:08.488935,54.047314,-166.394357,1470.0,74.02,1470.0,74.02
2017-06-03 06:55:08.988136,54.047337,-166.394317,1470.0,75.34,1470.0,74.02
2017-06-03 06:55:09.487337,54.047347,-166.394299,1470.0,74.21,1470.0,74.02
2017-06-03 06:55:09.986538,54.047372,-166.394258,1470.0,75.34,1470.0,75.53
2017-06-03 06:55:10.485739,54.047382,-166.394239,1470.0,74.78,1470.0,74.59
2017-06-03 06:55:10.984940,54.047403,-166.394198,1470.0,74.78,1470.0,74.78
2017-06-03 06:55:11.484140,54.047413,-166.39418,1470.0,74.96,1470.0,74.96
2017-06-03 06:55:11.998941,54.047437,-166.394138,1470.0,75.9,1470.0,74.78
2017-06-03 06:55:12.498144,54.047447,-166.39412,1470.0,75.53,1470.0,74.59
2017-06-03 06:55:12.997343,54.04747,-166.394082,1470.0,75.15,1470.0,74.21
2017-06-03 06:55:13.496546,54.047482,-166.394062,1470.0,74.21,1470.0,74.02
2017-06-03 06:55:13.995745,54.047505,-166.394023,1470.0,74.02,1470.0,74.59
2017-06-03 06:55:14.494947,54.047516,-166.394004,1470.0,74.02,1470.0,74.02
2017-06-03 06:55:14.994146,54.047538,-166.393967,1470.0,74.21,1470.0,74.21
2017-06-03 06:55:15.493349,54.047549,-166.393947,1470.0,74.4,1470.0,74.4
2017-06-03 06:55:15.992548,54.04757,-166.393907,1470.0,74.4,1470.0,74.4
2017-06-03 06:55:16.491751,54.04758,-166.393887,1470.0,74.59,1470.0,74.4
2017-06-03 06:55:16.990950,54.0476,-166.393847,1470.0,74.4,1470.0,74.4
2017-06-03 06:55:17.490152,54.04761,-166.393827,1470.0,74.4,1470.0,74.78
2017-06-03 06:55:17.989353,54.047632,-166.393785,1470.0,74.21,1470.0,74.21
2017-06-03 06:55:18.488552,54.047642,-166.393766,1470.0,75.34,1470.0,74.02
2017-06-03 06:55:18.987755,54.047665,-166.393727,1470.0,74.59,1470.0,74.02
2017-06-03 06:55:19.486954,54.047676,-166.393708,1470.0,75.34,1470.0,74.02
2017-06-03 06:55:19.986156,54.047698,-166.393668,1470.0,74.21,1470.0,74.02
2017-06-03 06:55:20.485355,54.047709,-166.393651,1470.0,74.02,1470.0,74.02
2017-06-03 06:55:20.984558,54.047733,-166.393612,1470.0,74.02,1470.0,74.02
2017-06-03 06:55:21.499357,54.047744,-166.393593,1470.0,74.78,1470.0,73.84
2017-06-03 06:55:21.998560,54.047767,-166.393555,1470.0,74.96,1470.0,73.84
2017-06-03 06:55:22.497761,54.047777,-166.393536,1470.0,74.02,1470.0,74.78
2017-06-03 06:55:22.996962,54.047798,-166.393498,1470.0,74.21,1470.0,74.02
2017-06-03 06:55:23.496162,54.047809,-166.393479,1470.0,75.15,1470.0,74.02
2017-06-03 06:55:23.995363,54.04783,-166.393438,1470.0,74.21,1470.0,74.96
2017-06-03 06:55:24.494564,54.04784,-166.393419,1470.0,74.02,1470.0,74.96
2017-06-03 06:55:24.993765,54.047862,-166.393377,1470.0,73.84,1470.0,73.65
2017-06-03 06:55:25.492966,54.047872,-166.393357,1470.0,73.84,1470.0,73.65
2017-06-03 06:55:25.992167,54.047895,-166.393317,1470.0,73.84,1470.0,74.59
2017-06-03 06:55:26.491367,54.047905,-166.393298,1470.0,73.84,1470.0,74.78
2017-06-03 06:55:26.990568,54.047927,-166.393258,1470.0,74.02,1470.0,73.84
2017-06-03 06:55:27.489769,54.047937,-166.393239,1470.0,74.21,1470.0,74.96
2017-06-03 06:55:27.988970,54.047958,-166.393198,1470.0,74.21,1470.0,74.02
2017-06-03 06:55:28.488171,54.047969,-166.39318,1470.0,74.21,1470.0,74.02
2017-06-03 06:55:28.987371,54.047993,-166.39314,1470.0,74.02,1470.0,74.02
2017-06-03 06:55:29.486572,54.048003,-166.393122,1470.0,74.02,1470.0,73.84
2017-06-03 06:55:29.985773,54.048027,-166.393082,1470.0,73.84,1470.0,74.96
2017-06-03 06:55:30.484974,54.048037,-166.393063,1470.0,73.84,1470.0,73.84
2017-06-03 06:55:30.984175,54.04806,-166.393023,1470.0,73.84,1470.0,74.96
2017-06-03 06:55:31.498976,54.048071,-166.393004,1470.0,74.02,1470.0,73.84
2017-06-03 06:55:31.998177,54.048093,-166.392965,1470.0,73.84,1470.0,73.84
2017-06-03 06:55:32.497379,54.048104,-166.392945,1470.0,73.84,1470.0,74.59
2017-06-03 06:55:32.996578,54.048125,-166.392905,1470.0,73.84,1470.0,74.78
2017-06-03 06:55:33.495781,54.048135,-166.392886,1470.0,73.65,1470.0,73.46
2017-06-03 06:55:33.994980,54.048157,-166.392845,1470.0,73.46,1470.0,73.27
2017-06-03 06:55:34.494183,54.048167,-166.392826,1470.0,73.65,1470.0,73.46
2017-06-03 06:55:34.993382,54.048188,-166.392787,1470.0,73.65,1470.0,73.46
2017-06-03 06:55:35.492584,54.048199,-166.392767,1470.0,73.84,1470.0,73.65
2017-06-03 06:55:35.991783,54.048222,-166.392727,1470.0,73.84,1470.0,73.84
2017-06-03 06:55:36.490986,54.048232,-166.392707,1470.0,74.02,1470.0,73.84
2017-06-03 06:55:36.990185,54.048255,-166.392667,1470.0,74.02,1470.0,73.84
2017-06-03 06:55:37.489388,54.048266,-166.392648,1470.0,73.84,1470.0,73.84
2017-06-03 06:55:37.988588,54.048288,-166.392608,1470.0,73.84,1470.0,73.65
2017-06-03 06:55:38.487789,54.048299,-166.392591,1470.0,73.84,1470.0,73.65
2017-06-03 06:55:38.986990,54.048322,-166.392552,1470.0,73.65,1470.0,73.84
2017-06-03 06:55:39.486189,54.048333,-166.392535,1470.0,73.65,1470.0,73.46
2017-06-03 06:55:39.985392,54.048358,-166.392497,1470.0,73.65,1470.0,73.46
2017-06-03 06:55:40.484591,54.048368,-166.392478,1470.0,73.84,1470.0,73.65
2017-06-03 06:55:40.983793,54.04839,-166.392437,1470.0,74.21,1470.0,74.02
2017-06-03 06:55:41.498592,54.048401,-166.392417,1470.0,74.4,1470.0,74.4
2017-06-03 06:55:41.997795,54.048423,-166.392375,1470.0,74.78,1470.0,74.59
2017-06-03 06:55:42.496994,54.048434,-166.392355,1470.0,74.96,1470.0,74.78
2017-06-03 06:55:42.996197,54.048455,-166.392313,1470.0,75.15,1470.0,74.78
2017-06-03 06:55:43.495398,54.048466,-166.392294,1470.0,74.96,1470.0,74.78
2017-06-03 06:55:43.994598,54.048488,-166.392253,1470.0,74.78,1470.0,74.78
2017-06-03 06:55:44.493799,54.048499,-166.392235,1470.0,74.96,1470.0,74.78
2017-06-03 06:55:44.993000,54.048522,-166.392195,1470.0,74.96,1470.0,74.59
2017-06-03 06:55:45.492201,54.048533,-166.392177,1470.0,74.96,1470.0,74.78
2017-06-03 06:55:45.991402,54.048557,-166.392138,1470.0,76.09,1470.0,74.96
2017-06-03 06:55:46.490602,54.048568,-166.39212,1470.0,75.53,1470.0,75.15
2017-06-03 06:55:46.989803,54.048592,-166.39208,1470.0,75.53,1470.0,75.34
2017-06-03 06:55:47.489004,54.048603,-166.392062,1470.0,75.53,1470.0,75.53
2017-06-03 06:55:47.988205,54.048627,-166.392023,1470.0,75.53,1470.0,75.34
2017-06-03 06:55:48.487406,54.048638,-166.392004,1470.0,76.28,1470.0,75.15
2017-06-03 06:55:48.986607,54.048663,-166.391963,1470.0,75.15,1470.0,74.96
2017-06-03 06:55:49.485807,54.048673,-166.391946,1470.0,74.96,1470.0,74.78
2017-06-03 06:55:49.985008,54.048697,-166.391907,1470.0,75.15,1470.0,74.96
2017-06-03 06:55:50.484209,54.048708,-166.391888,1470.0,75.15,1470.0,75.15
2017-06-03 06:55:50.999010,54.048732,-166.391847,1470.0,75.34,1470.0,75.15
2017-06-03 06:55:51.498211,54.048742,-166.391828,1470.0,75.34,1470.0,75.15
2017-06-03 06:55:51.997412,54.048765,-166.39179,1470.0,75.15,1470.0,75.15
2017-06-03 06:55:52.496613,54.048776,-166.391771,1470.0,75.15,1470.0,74.96
2017-06-03 06:55:52.995813,54.048798,-166.391732,1470.0,75.15,1470.0,74.96
2017-06-03 06:55:53.495016,54.048809,-166.391713,1470.0,74.96,1470.0,74.78
2017-06-03 06:55:53.994215,54.04883,-166.391673,1470.0,74.96,1470.0,74.96
2017-06-03 06:55:54.493418,54.048841,-166.391655,1470.0,75.53,1470.0,75.15
2017-06-03 06:55:54.992617,54.048863,-166.391615,1470.0,75.72,1470.0,75.34
2017-06-03 06:55:55.491819,54.048875,-166.391596,1470.0,75.72,1470.0,75.53
2017-06-03 06:55:55.991018,54.0489,-166.391555,1470.0,75.53,1470.0,76.47
2017-06-03 06:55:56.490221,54.04891,-166.391537,1470.0,75.53,1470.0,75.34
2017-06-03 06:55:56.989420,54.048933,-166.391498,1470.0,75.53,1470.0,75.34
2017-06-03 06:55:57.488623,54.048945,-166.39148,1470.0,75.53,1470.0,75.34
2017-06-03 06:55:57.987823,54.04897,-166.391438,1470.0,75.72,1470.0,75.53
2017-06-03 06:55:58.487024,54.04898,-166.391419,1470.0,75.9,1470.0,75.72
2017-06-03 06:55:58.986225,54.049003,-166.391378,1470.0,75.9,1470.0,75.72
2017-06-03 06:55:59.485426,54.049013,-166.39136,1470.0,75.72,1470.0,75.72
2017-06-03 06:55:59.984627,54.049037,-166.391318,1470.0,75.53,1470.0,75.53
2017-06-03 06:56:00.483826,54.049047,-166.3913,1470.0,75.34,1470.0,75.34
2017-06-03 06:56:00.998629,54.04907,-166.39126,1470.0,75.34,1470.0,75.15
2017-06-03 06:56:01.497828,54.049081,-166.391242,1470.0,75.34,1470.0,76.47
2017-06-03 06:56:01.997030,54.049103,-166.391203,1470.0,75.34,1470.0,76.28
2017-06-03 06:56:02.496229,54.049114,-166.391185,1470.0,76.66,1470.0,75.34
2017-06-03 06:56:02.995432,54.049135,-166.391145,1470.0,76.85,1470.0,75.34
2017-06-03 06:56:03.494633,54.049146,-166.391125,1470.0,75.34,1470.0,75.34
2017-06-03 06:56:03.993834,54.049168,-166.391083,1470.0,75.53,1470.0,75.34
2017-06-03 06:56:04.493034,54.049179,-166.391065,1470.0,75.53,1470.0,76.66
2017-06-03 06:56:04.992235,54.0492,-166.391025,1470.0,76.85,1470.0,75.53
2017-06-03 06:56:05.491436,54.04921,-166.391005,1470.0,75.72,1470.0,75.72
2017-06-03 06:56:05.990637,54.049232,-166.390963,1470.0,75.9,1470.0,75.72
2017-06-03 06:56:06.489838,54.049242,-166.390944,1470.0,75.72,1470.0,75.72
2017-06-03 06:56:06.989038,54.049265,-166.390902,1470.0,75.53,1470.0,76.66
2017-06-03 06:56:07.488239,54.049276,-166.390884,1470.0,75.34,1470.0,75.34
2017-06-03 06:56:07.987440,54.0493,-166.390843,1470.0,75.15,1470.0,75.15
2017-06-03 06:56:08.486641,54.049311,-166.390825,1470.0,76.09,1470.0,74.96
2017-06-03 06:56:08.985842,54.049335,-166.390785,1470.0,76.28,1470.0,76.09
2017-06-03 06:56:09.485043,54.049345,-166.390768,1470.0,75.15,1470.0,76.28
2017-06-03 06:56:09.984243,54.049368,-166.390727,1470.0,75.15,1470.0,75.15
2017-06-03 06:56:10.499044,54.049379,-166.390708,1470.0,75.15,1470.0,75.15
2017-06-03 06:56:10.998245,54.0494,-166.390668,1470.0,75.15,1470.0,74.96
2017-06-03 06:56:11.497446,54.049411,-166.390649,1470.0,74.96,1470.0,75.34
2017-06-03 06:56:11.996647,54.049433,-166.390608,1470.0,74.96,1470.0,74.78
2017-06-03 06:56:12.495848,54.049443,-166.390589,1470.0,74.78,1470.0,74.78
2017-06-03 06:56:12.995049,54.049463,-166.390548,1470.0,74.96,1470.0,75.9
2017-06-03 06:56:13.494249,54.049474,-166.390528,1470.0,74.96,1470.0,74.96
2017-06-03 06:56:13.993450,54.049497,-166.390485,1470.0,74.96,1470.0,74.96
2017-06-03 06:56:14.492653,54.049507,-166.390466,1470.0,74.96,1470.0,74.96
2017-06-03 06:56:14.991852,54.04953,-166.390425,1470.0,74.96,1470.0,74.96
2017-06-03 06:56:15.491055,54.049541,-166.390406,1470.0,74.96,1470.0,74.78
2017-06-03 06:56:15.990253,54.049563,-166.390367,1470.0,74.78,1470.0,74.78
2017-06-03 06:56:16.489456,54.049574,-166.390349,1470.0,74.78,1470.0,74.59
2017-06-03 06:56:16.988655,54.049598,-166.39031,1470.0,74.4,1470.0,74.4
2017-06-03 06:56:17.487858,54.049609,-166.390292,1470.0,74.59,1470.0,74.4
2017-06-03 06:56:17.987057,54.049633,-166.390252,1470.0,75.9,1470.0,74.21
2017-06-03 06:56:18.486259,54.049643,-166.390233,1470.0,74.59,1470.0,74.4
2017-06-03 06:56:18.985460,54.049665,-166.390192,1470.0,74.78,1470.0,74.4
2017-06-03 06:56:19.484661,54.049675,-166.390173,1470.0,74.96,1470.0,74.59
2017-06-03 06:56:19.983862,54.049697,-166.390132,1470.0,75.15,1470.0,74.59
2017-06-03 06:56:20.498661,54.049707,-166.390111,1470.0,74.96,1470.0,74.78
2017-06-03 06:56:20.997864,54.049728,-166.39007,1470.0,75.15,1470.0,74.96
2017-06-03 06:56:21.497063,54.049739,-166.39005,1470.0,75.53,1470.0,74.96
2017-06-03 06:56:21.996265,54.049762,-166.390007,1470.0,75.34,1470.0,74.96
2017-06-03 06:56:22.495464,54.049772,-166.389988,1470.0,75.34,1470.0,74.96
2017-06-03 06:56:22.994667,54.049795,-166.389948,1470.0,75.34,1470.0,74.96
2017-06-03 06:56:23.493868,54.049806,-166.38993,1470.0,75.34,1470.0,73.27
2017-06-03 06:56:23.993069,54.049828,-166.389892,1470.0,75.34,1470.0,75.15
2017-06-03 06:56:24.492270,54.04984,-166.389873,1470.0,75.34,1470.0,75.53
2017-06-03 06:56:24.991470,54.049863,-166.389835,1470.0,75.53,1470.0,76.47
2017-06-03 06:56:25.490671,54.049874,-166.389816,1470.0,75.72,1470.0,75.72
2017-06-03 06:56:25.989872,54.049895,-166.389775,1470.0,75.9,1470.0,76.85
2017-06-03 06:56:26.489073,54.049905,-166.389756,1470.0,75.9,1470.0,75.9
2017-06-03 06:56:26.988274,54.049927,-166.389715,1470.0,75.9,1470.0,75.9
2017-06-03 06:56:27.487474,54.049937,-166.389695,1470.0,75.9,1470.0,75.72
2017-06-03 06:56:27.986675,54.04996,-166.389653,1470.0,75.72,1470.0,75.53
2017-06-03 06:56:28.485876,54.04997,-166.389634,1470.0,75.53,1470.0,75.72
2017-06-03 06:56:28.985077,54.049992,-166.389592,1470.0,75.53,1470.0,75.53
2017-06-03 06:56:29.484278,54.050002,-166.389574,1470.0,75.53,1470.0,75.53
2017-06-03 06:56:29.999079,54.050027,-166.389532,1470.0,75.53,1470.0,75.34
2017-06-03 06:56:30.498280,54.050038,-166.389513,1470.0,75.34,1470.0,76.28
2017-06-03 06:56:30.997480,54.050062,-166.389475,1470.0,75.34,1470.0,76.47
2017-06-03 06:56:31.496681,54.050073,-166.389456,1470.0,75.15,1470.0,74.96
2017-06-03 06:56:31.995882,54.050097,-166.389417,1470.0,75.34,1470.0,75.15
2017-06-03 06:56:32.495083,54.050107,-166.389398,1470.0,75.34,1470.0,75.15
2017-06-03 06:56:32.994284,54.05013,-166.389358,1470.0,75.34,1470.0,74.96
2017-06-03 06:56:33.493484,54.050141,-166.38934,1470.0,75.34,1470.0,75.15
2017-06-03 06:56:33.992685,54.050163,-166.3893,1470.0,74.96,1470.0,74.78
2017-06-03 06:56:34.491888,54.050174,-166.389281,1470.0,74.96,1470.0,74.78
2017-06-03 06:56:34.991087,54.050195,-166.38924,1470.0,74.78,1470.0,74.78
2017-06-03 06:56:35.490290,54.050206,-166.389221,1470.0,74.96,1470.0,74.78
2017-06-03 06:56:35.989489,54.050228,-166.38918,1470.0,74.96,1470.0,75.72
2017-06-03 06:56:36.488691,54.050238,-166.389161,1470.0,74.96,1470.0,74.96
2017-06-03 06:56:36.987890,54.05026,-166.38912,1470.0,74.96,1470.0,74.78
2017-06-03 06:56:37.487093,54.050271,-166.389101,1470.0,74.96,1470.0,74.96
2017-06-03 06:56:37.986292,54.050295,-166.389058,1470.0,74.78,1470.0,74.78
2017-06-03 06:56:38.485495,54.050305,-166.38904,1470.0,74.96,1470.0,74.78
2017-06-03 06:56:38.984694,54.050328,-166.389,1470.0,74.96,1470.0,74.78
2017-06-03 06:56:39.483896,54.050339,-166.388983,1470.0,74.96,1470.0,74.96
2017-06-03 06:56:39.998697,54.050363,-166.388942,1470.0,74.96,1470.0,74.78
2017-06-03 06:56:40.497896,54.050374,-166.388922,1470.0,74.96,1470.0,75.72
2017-06-03 06:56:40.997099,54.050397,-166.388882,1470.0,74.78,1470.0,74.78
2017-06-03 06:56:41.496298,54.050407,-166.388863,1470.0,74.78,1470.0,74.78
2017-06-03 06:56:41.995501,54.05043,-166.388823,1470.0,75.72,1470.0,74.59
2017-06-03 06:56:42.494699,54.050441,-166.388805,1470.0,74.78,1470.0,74.59
2017-06-03 06:56:42.993902,54.050465,-166.388765,1470.0,74.78,1470.0,75.9
2017-06-03 06:56:43.493101,54.050476,-166.388746,1470.0,75.9,1470.0,74.59
2017-06-03 06:56:43.992304,54.050498,-166.388705,1470.0,74.78,1470.0,74.59
2017-06-03 06:56:44.491505,54.050509,-166.388686,1470.0,74.96,1470.0,74.78
2017-06-03 06:56:44.990705,54.050533,-166.388645,1470.0,74.96,1470.0,74.78
2017-06-03 06:56:45.489906,54.050543,-166.388627,1470.0,74.96,1470.0,74.78
2017-06-03 06:56:45.989107,54.050567,-166.388585,1470.0,74.96,1470.0,74.78
2017-06-03 06:56:46.488308,54.050577,-166.388567,1470.0,75.15,1470.0,74.96
2017-06-03 06:56:46.987509,54.0506,-166.388527,1470.0,75.15,1470.0,74.96
2017-06-03 06:56:47.486710,54.050611,-166.388508,1470.0,75.34,1470.0,75.15
2017-06-03 06:56:47.985910,54.050635,-166.388467,1470.0,75.53,1470.0,75.34
2017-06-03 06:56:48.485111,54.050646,-166.388448,1470.0,75.72,1470.0,75.53
2017-06-03 06:56:48.984312,54.05067,-166.388408,1470.0,75.9,1470.0,75.9
2017-06-03 06:56:49.499113,54.050681,-166.38839,1470.0,76.47,1470.0,75.9
2017-06-03 06:56:49.998314,54.050703,-166.388352,1470.0,76.47,1470.0,76.28
2017-06-03 06:56:50.497515,54.050715,-166.388333,1470.0,76.47,1470.0,76.47
2017-06-03 06:56:50.996716,54.050738,-166.388293,1470.0,76.47,1470.0,76.47
2017-06-03 06:56:51.495916,54.050749,-166.388274,1470.0,76.47,1470.0,76.47
2017-06-03 06:56:51.995117,54.050772,-166.388233,1470.0,77.41,1470.0,76.28
2017-06-03 06:56:52.494318,54.050783,-166.388214,1470.0,76.28,1470.0,76.28
2017-06-03 06:56:52.993519,54.050807,-166.388173,1470.0,76.28,1470.0,77.22
2017-06-03 06:56:53.492720,54.050817,-166.388154,1470.0,76.28,1470.0,76.28
2017-06-03 06:56:53.991920,54.05084,-166.388113,1470.0,76.47,1470.0,76.28
2017-06-03 06:56:54.491123,54.05085,-166.388095,1470.0,77.6,1470.0,76.28
2017-06-03 06:56:54.990322,54.050873,-166.388055,1470.0,76.28,1470.0,76.47
2017-06-03 06:56:55.489525,54.050883,-166.388037,1470.0,76.09,1470.0,75.9
2017-06-03 06:56:55.988724,54.050907,-166.387997,1470.0,76.09,1470.0,77.03
2017-06-03 06:56:56.487926,54.050917,-166.387977,1470.0,75.9,1470.0,76.85
2017-06-03 06:56:56.987125,54.05094,-166.387935,1470.0,75.9,1470.0,75.72
2017-06-03 06:56:57.486328,54.05095,-166.387917,1470.0,75.72,1470.0,75.72
2017-06-03 06:56:57.985527,54.050972,-166.387877,1470.0,75.72,1470.0,75.53
2017-06-03 06:56:58.484730,54.050982,-166.387858,1470.0,75.72,1470.0,75.53
2017-06-03 06:56:58.983929,54.051005,-166.387817,1470.0,75.53,1470.0,75.34
2017-06-03 06:56:59.498730,54.051016,-166.387797,1470.0,75.34,1470.0,75.15
2017-06-03 06:56:59.997932,54.051038,-166.387757,1470.0,75.15,1470.0,74.96
2017-06-03 06:57:00.497131,54.051049,-166.387737,1470.0,74.96,1470.0,74.96
2017-06-03 06:57:00.996334,54.051072,-166.387697,1470.0,75.15,1470.0,74.96
2017-06-03 06:57:01.495533,54.051082,-166.387677,1470.0,75.15,1470.0,74.96
2017-06-03 06:57:01.994736,54.051103,-166.387635,1470.0,75.15,1470.0,75.15
2017-06-03 06:57:02.493935,54.051114,-166.387615,1470.0,75.34,1470.0,75.34
2017-06-03 06:57:02.993137,54.051135,-166.387573,1470.0,75.34,1470.0,75.34
2017-06-03 06:57:03.492336,54.051146,-166.387553,1470.0,75.34,1470.0,75.15
2017-06-03 06:57:03.991539,54.051168,-166.38751,1470.0,75.34,1470.0,75.15
2017-06-03 06:57:04.490738,54.051179,-166.387491,1470.0,75.34,1470.0,75.15
2017-06-03 06:57:04.989941,54.051202,-166.38745,1470.0,75.15,1470.0,75.15
2017-06-03 06:57:05.489141,54.051212,-166.387432,1470.0,75.34,1470.0,75.15
2017-06-03 06:57:05.988342,54.051237,-166.387392,1470.0,75.53,1470.0,75.15
2017-06-03 06:57:06.487543,54.051248,-166.387373,1470.0,75.53,1470.0,75.34
2017-06-03 06:57:06.986744,54.051272,-166.387333,1470.0,75.72,1470.0,75.53
2017-06-03 06:57:07.485945,54.051282,-166.387315,1470.0,75.53,1470.0,75.53
2017-06-03 06:57:07.985146,54.051305,-166.387273,1470.0,75.72,1470.0,75.53
2017-06-03 06:57:08.484346,54.051315,-166.387254,1470.0,76.85,1470.0,75.53
2017-06-03 06:57:08.999147,54.051337,-166.387213,1470.0,75.72,1470.0,75.53
2017-06-03 06:57:09.498348,54.051347,-166.387194,1470.0,75.9,1470.0,75.72
2017-06-03 06:57:09.997549,54.051368,-166.387153,1470.0,75.9,1470.0,75.9
2017-06-03 06:57:10.496750,54.051379,-166.387134,1470.0,76.09,1470.0,75.9
2017-06-03 06:57:10.995951,54.0514,-166.387092,1470.0,76.09,1470.0,75.9
2017-06-03 06:57:11.495152,54.051411,-166.387072,1470.0,76.28,1470.0,75.9
2017-06-03 06:57:11.994352,54.051433,-166.387032,1470.0,76.09,1470.0,75.9
2017-06-03 06:57:12.493553,54.051445,-166.387012,1470.0,76.47,1470.0,76.09
2017-06-03 06:57:12.992754,54.051468,-166.38697,1470.0,76.28,1470.0,76.09
2017-06-03 06:57:13.491955,54.05148,-166.386951,1470.0,76.28,1470.0,76.09
2017-06-03 06:57:13.991156,54.051505,-166.38691,1470.0,77.22,1470.0,76.09
2017-06-03 06:57:14.490358,54.051516,-166.386891,1470.0,76.09,1470.0,77.03
2017-06-03 06:57:14.989557,54.05154,-166.386852,1470.0,76.09,1470.0,76.09
2017-06-03 06:57:15.488760,54.051551,-166.386833,1470.0,76.28,1470.0,76.09
2017-06-03 06:57:15.987959,54.051573,-166.386793,1470.0,76.47,1470.0,76.47
2017-06-03 06:57:16.487162,54.051584,-166.386774,1470.0,76.47,1470.0,77.79
2017-06-03 06:57:16.986361,54.051607,-166.386733,1470.0,76.47,1470.0,77.6
2017-06-03 06:57:17.485563,54.051617,-166.386715,1470.0,76.47,1470.0,76.28
2017-06-03 06:57:17.984762,54.05164,-166.386672,1470.0,76.28,1470.0,76.28
2017-06-03 06:57:18.483965,54.05165,-166.386654,1470.0,76.28,1470.0,76.09
2017-06-03 06:57:18.998764,54.051673,-166.386612,1470.0,76.28,1470.0,76.09
2017-06-03 06:57:19.497965,54.051684,-166.386593,1470.0,76.28,1470.0,76.09
2017-06-03 06:57:19.997168,54.051707,-166.386553,1470.0,76.28,1470.0,76.28
2017-06-03 06:57:20.496367,54.051717,-166.386535,1470.0,76.28,1470.0,76.28
2017-06-03 06:57:20.995569,54.05174,-166.386495,1470.0,76.28,1470.0,76.28
2017-06-03 06:57:21.494768,54.051751,-166.386475,1470.0,76.47,1470.0,76.47
2017-06-03 06:57:21.993971,54.051773,-166.386433,1470.0,76.66,1470.0,76.47
2017-06-03 06:57:22.493170,54.051785,-166.386414,1470.0,76.66,1470.0,76.47
2017-06-03 06:57:22.992373,54.051808,-166.386372,1470.0,76.66,1470.0,76.66
2017-06-03 06:57:23.491571,54.05182,-166.386352,1470.0,76.66,1470.0,77.97
2017-06-03 06:57:23.990774,54.051843,-166.38631,1470.0,76.66,1470.0,76.66
2017-06-03 06:57:24.489973,54.051854,-166.386292,1470.0,76.66,1470.0,77.79
2017-06-03 06:57:24.989176,54.051877,-166.386252,1470.0,76.66,1470.0,76.47
2017-06-03 06:57:25.488377,54.051887,-166.386234,1470.0,76.47,1470.0,77.41
2017-06-03 06:57:25.987577,54.051912,-166.386193,1470.0,76.28,1470.0,76.28
2017-06-03 06:57:26.486778,54.051922,-166.386176,1470.0,77.41,1470.0,76.09
2017-06-03 06:57:26.985979,54.051945,-166.386137,1470.0,76.09,1470.0,76.09
2017-06-03 06:57:27.485180,54.051955,-166.386119,1470.0,76.28,1470.0,76.09
2017-06-03 06:57:27.984381,54.051978,-166.38608,1470.0,76.28,1470.0,76.28
2017-06-03 06:57:28.499182,54.051989,-166.38606,1470.0,77.22,1470.0,76.28
2017-06-03 06:57:28.998383,54.05201,-166.386022,1470.0,76.47,1470.0,76.28
2017-06-03 06:57:29.497583,54.05202,-166.386002,1470.0,76.28,1470.0,76.28
2017-06-03 06:57:29.996784,54.052042,-166.38596,1470.0,76.47,1470.0,77.6
2017-06-03 06:57:30.495985,54.052052,-166.385941,1470.0,76.47,1470.0,76.47
2017-06-03 06:57:30.995186,54.052075,-166.3859,1470.0,76.47,1470.0,76.66
2017-06-03 06:57:31.494387,54.052086,-166.385881,1470.0,76.85,1470.0,76.85
2017-06-03 06:57:31.993587,54.052108,-166.38584,1470.0,76.66,1470.0,76.47
2017-06-03 06:57:32.492788,54.05212,-166.385822,1470.0,76.66,1470.0,76.47
2017-06-03 06:57:32.991989,54.052145,-166.385783,1470.0,76.47,1470.0,76.47
2017-06-03 06:57:33.491190,54.052156,-166.385765,1470.0,77.6,1470.0,76.28
2017-06-03 06:57:33.990391,54.05218,-166.385727,1470.0,76.28,1470.0,76.09
2017-06-03 06:57:34.489592,54.052192,-166.385709,1470.0,77.22,1470.0,76.09
2017-06-03 06:57:34.988792,54.052217,-166.38567,1470.0,76.28,1470.0,76.09
2017-06-03 06:57:35.487993,54.052227,-166.385653,1470.0,76.09,1470.0,76.09
2017-06-03 06:57:35.987194,54.052252,-166.385613,1470.0,77.41,1470.0,76.09
2017-06-03 06:57:36.486397,54.052262,-166.385595,1470.0,77.22,1470.0,76.09
2017-06-03 06:57:36.985596,54.052283,-166.385555,1470.0,77.41,1470.0,76.09
2017-06-03 06:57:37.484798,54.052293,-166.385537,1470.0,76.28,1470.0,76.09
2017-06-03 06:57:37.983997,54.052315,-166.385495,1470.0,77.6,1470.0,76.09
2017-06-03 06:57:38.498800,54.052326,-166.385475,1470.0,76.09,1470.0,76.09
2017-06-03 06:57:38.997999,54.052347,-166.385437,1470.0,76.09,1470.0,76.09
2017-06-03 06:57:39.497202,54.052358,-166.385417,1470.0,77.41,1470.0,76.09
2017-06-03 06:57:39.996403,54.052382,-166.385375,1470.0,76.09,1470.0,76.09
2017-06-03 06:57:40.495602,54.052393,-166.385356,1470.0,76.28,1470.0,76.09
2017-06-03 06:57:40.994804,54.052417,-166.385317,1470.0,76.28,1470.0,76.09
2017-06-03 06:57:41.494003,54.052428,-166.385298,1470.0,76.47,1470.0,76.09
2017-06-03 06:57:41.993206,54.052452,-166.38526,1470.0,76.28,1470.0,76.28
2017-06-03 06:57:42.492405,54.052463,-166.385242,1470.0,76.28,1470.0,77.03
2017-06-03 06:57:42.991608,54.052488,-166.385202,1470.0,76.09,1470.0,76.09
2017-06-03 06:57:43.490807,54.052498,-166.385184,1470.0,76.09,1470.0,75.9
2017-06-03 06:57:43.990009,54.052522,-166.385145,1470.0,76.28,1470.0,76.28
2017-06-03 06:57:44.489208,54.052532,-166.385127,1470.0,76.47,1470.0,76.28
2017-06-03 06:57:44.988411,54.052555,-166.385087,1470.0,76.47,1470.0,76.47
2017-06-03 06:57:45.487612,54.052565,-166.385068,1470.0,76.47,1470.0,77.03
2017-06-03 06:57:45.986813,54.052588,-166.385027,1470.0,76.28,1470.0,76.28
2017-06-03 06:57:46.486013,54.052598,-166.385008,1470.0,76.09,1470.0,76.09
2017-06-03 06:57:46.985214,54.05262,-166.384967,1470.0,76.09,1470.0,75.9
2017-06-03 06:57:47.484415,54.05263,-166.384949,1470.0,75.9,1470.0,75.72
2017-06-03 06:57:47.999216,54.052652,-166.38491,1470.0,75.9,1470.0,75.53
2017-06-03 06:57:48.498417,54.052663,-166.384891,1470.0,75.72,1470.0,75.53
2017-06-03 06:57:48.997618,54.052687,-166.384853,1470.0,75.9,1470.0,75.72
2017-06-03 06:57:49.496819,54.052697,-166.384835,1470.0,75.9,1470.0,75.9
2017-06-03 06:57:49.996019,54.05272,-166.384795,1470.0,76.09,1470.0,75.9
2017-06-03 06:57:50.495220,54.052731,-166.384775,1470.0,76.09,1470.0,76.09
2017-06-03 06:57:50.994421,54.052753,-166.384733,1470.0,76.28,1470.0,76.28
2017-06-03 06:57:51.493622,54.052764,-166.384715,1470.0,76.47,1470.0,76.28
2017-06-03 06:57:51.992823,54.052787,-166.384675,1470.0,76.28,1470.0,76.28
2017-06-03 06:57:52.492023,54.052798,-166.384656,1470.0,76.47,1470.0,76.28
2017-06-03 06:57:52.991224,54.052822,-166.384615,1470.0,77.6,1470.0,76.28
2017-06-03 06:57:53.490425,54.052833,-166.384596,1470.0,76.28,1470.0,76.09
2017-06-03 06:57:53.989626,54.052857,-166.384557,1470.0,76.09,1470.0,76.09
2017-06-03 06:57:54.488827,54.052868,-166.384539,1470.0,76.09,1470.0,76.09
2017-06-03 06:57:54.988028,54.052892,-166.3845,1470.0,76.28,1470.0,75.9
2017-06-03 06:57:55.487228,54.052902,-166.384483,1470.0,76.09,1470.0,75.9
2017-06-03 06:57:55.986429,54.052925,-166.384445,1470.0,75.9,1470.0,75.9
2017-06-03 06:57:56.485632,54.052935,-166.384427,1470.0,75.9,1470.0,75.9
2017-06-03 06:57:56.984831,54.052957,-166.384388,1470.0,75.9,1470.0,75.72
2017-06-03 06:57:57.484034,54.052966,-166.384371,1470.0,75.72,1470.0,75.72
2017-06-03 06:57:57.998833,54.052988,-166.38433,1470.0,75.72,1470.0,75.72
2017-06-03 06:57:58.498035,54.052999,-166.384311,1470.0,75.9,1470.0,75.72
2017-06-03 06:57:58.997234,54.053022,-166.384272,1470.0,75.9,1470.0,77.03
2017-06-03 06:57:59.496437,54.053033,-166.384252,1470.0,75.9,1470.0,75.9
2017-06-03 06:57:59.995636,54.053057,-166.384212,1470.0,76.09,1470.0,75.9
2017-06-03 06:58:00.494839,54.053068,-166.384193,1470.0,75.9,1470.0,75.9
2017-06-03 06:58:00.994038,54.053092,-166.384153,1470.0,76.09,1470.0,75.9
2017-06-03 06:58:01.493240,54.053103,-166.384135,1470.0,77.03,1470.0,76.09
2017-06-03 06:58:01.992441,54.053127,-166.384095,1470.0,76.09,1470.0,76.47
2017-06-03 06:58:02.491640,54.053138,-166.384077,1470.0,76.09,1470.0,76.09
2017-06-03 06:58:02.990843,54.053162,-166.384037,1470.0,76.09,1470.0,77.03
2017-06-03 06:58:03.490042,54.053172,-166.384019,1470.0,77.41,1470.0,75.9
2017-06-03 06:58:03.989244,54.053197,-166.383978,1470.0,76.09,1470.0,75.9
2017-06-03 06:58:04.488443,54.053208,-166.383961,1470.0,77.22,1470.0,75.9
2017-06-03 06:58:04.987646,54.053232,-166.383922,1470.0,76.09,1470.0,77.03
2017-06-03 06:58:05.486845,54.053242,-166.383904,1470.0,76.09,1470.0,77.03
2017-06-03 06:58:05.986048,54.053265,-166.383863,1470.0,76.09,1470.0,75.9
2017-06-03 06:58:06.485249,54.053275,-166.383846,1470.0,75.9,1470.0,75.9
2017-06-03 06:58:06.984449,54.053297,-166.383807,1470.0,75.72,1470.0,75.72
2017-06-03 06:58:07.499250,54.053307,-166.383788,1470.0,75.72,1470.0,75.72
2017-06-03 06:58:07.998451,54.05333,-166.38375,1470.0,75.72,1470.0,75.72
2017-06-03 06:58:08.497652,54.05334,-166.383731,1470.0,75.72,1470.0,75.72
2017-06-03 06:58:08.996853,54.053362,-166.38369,1470.0,77.03,1470.0,75.72
2017-06-03 06:58:09.496054,54.053373,-166.383671,1470.0,75.9,1470.0,75.72
2017-06-03 06:58:09.995255,54.053395,-166.383632,1470.0,76.09,1470.0,75.9
2017-06-03 06:58:10.494455,54.053406,-166.383612,1470.0,76.28,1470.0,76.09
2017-06-03 06:58:10.993656,54.053428,-166.383573,1470.0,76.47,1470.0,76.28
2017-06-03 06:58:11.492857,54.053439,-166.383554,1470.0,76.66,1470.0,76.47
2017-06-03 06:58:11.992058,54.053462,-166.383513,1470.0,76.66,1470.0,76.47
2017-06-03 06:58:12.491259,54.053473,-166.383494,1470.0,76.66,1470.0,76.47
2017-06-03 06:58:12.990459,54.053497,-166.383453,1470.0,76.66,1470.0,76.47
2017-06-03 06:58:13.489660,54.053507,-166.383436,1470.0,76.66,1470.0,76.28
2017-06-03 06:58:13.988861,54.05353,-166.383397,1470.0,76.47,1470.0,76.47
2017-06-03 06:58:14.488062,54.053541,-166.383379,1470.0,76.47,1470.0,76.28
2017-06-03 06:58:14.987263,54.053565,-166.38334,1470.0,76.47,1470.0,76.28
2017-06-03 06:58:15.486464,54.053575,-166.383323,1470.0,76.28,1470.0,76.09
2017-06-03 06:58:15.985664,54.053598,-166.383283,1470.0,76.28,1470.0,76.09
2017-06-03 06:58:16.484867,54.053608,-166.383266,1470.0,76.09,1470.0,76.09
2017-06-03 06:58:16.984066,54.053632,-166.383227,1470.0,76.47,1470.0,76.28
2017-06-03 06:58:17.498869,54.053641,-166.383207,1470.0,76.66,1470.0,76.66
2017-06-03 06:58:17.998068,54.053662,-166.383167,1470.0,76.66,1470.0,76.66
2017-06-03 06:58:18.497271,54.053672,-166.383147,1470.0,76.09,1470.0,76.28
2017-06-03 06:58:18.996469,54.053693,-166.383105,1470.0,76.66,1470.0,76.09
2017-06-03 06:58:19.495672,54.053705,-166.383086,1470.0,76.66,1470.0,75.9
2017-06-03 06:58:19.994871,54.053728,-166.383045,1470.0,76.66,1470.0,76.28
2017-06-03 06:58:20.494074,54.053739,-166.383026,1470.0,77.6,1470.0,76.47
2017-06-03 06:58:20.993273,54.053762,-166.382985,1470.0,76.66,1470.0,76.47
2017-06-03 06:58:21.492476,54.053773,-166.382967,1470.0,73.65,1470.0,74.21
2017-06-03 06:58:21.991676,54.053797,-166.382928,1470.0,76.85,1470.0,74.78
2017-06-03 06:58:22.490877,54.053808,-166.38291,1470.0,74.4,1470.0,74.96
2017-06-03 06:58:22.990078,54.053832,-166.38287,1470.0,76.85,1470.0,74.78
2017-06-03 06:58:23.489277,54.053842,-166.382852,1470.0,76.85,1470.0,76.66
2017-06-03 06:58:23.988480,54.053865,-166.382812,1470.0,76.85,1470.0,76.66
2017-06-03 06:58:24.487679,54.053875,-166.382793,1470.0,76.66,1470.0,76.66
2017-06-03 06:58:24.986881,54.053898,-166.382753,1470.0,76.85,1470.0,77.6
2017-06-03 06:58:25.486080,54.053908,-166.382736,1470.0,76.66,1470.0,77.6
2017-06-03 06:58:25.985283,54.05393,-166.382695,1470.0,76.47,1470.0,76.47
2017-06-03 06:58:26.484482,54.05394,-166.382677,1470.0,76.47,1470.0,77.41
2017-06-03 06:58:26.999285,54.053963,-166.382637,1470.0,76.47,1470.0,76.28
2017-06-03 06:58:27.498486,54.053974,-166.382617,1470.0,76.47,1470.0,76.47
2017-06-03 06:58:27.997686,54.053997,-166.382577,1470.0,76.66,1470.0,77.97
2017-06-03 06:58:28.496887,54.054007,-166.382557,1470.0,76.85,1470.0,76.85
2017-06-03 06:58:28.996088,54.054028,-166.382517,1470.0,77.22,1470.0,77.03
2017-06-03 06:58:29.495289,54.054039,-166.382496,1470.0,77.22,1470.0,77.41
2017-06-03 06:58:29.994490,54.054062,-166.382452,1470.0,77.41,1470.0,77.22
2017-06-03 06:58:30.493690,54.054073,-166.382432,1470.0,77.22,1470.0,77.22
2017-06-03 06:58:30.992891,54.054097,-166.38239,1470.0,77.03,1470.0,77.03
2017-06-03 06:58:31.492092,54.054108,-166.382372,1470.0,77.03,1470.0,77.41
2017-06-03 06:58:31.991293,54.054133,-166.382333,1470.0,77.6,1470.0,77.97
2017-06-03 06:58:32.490494,54.054144,-166.382316,1470.0,76.66,1470.0,77.97
2017-06-03 06:58:32.989695,54.054168,-166.382278,1470.0,77.97,1470.0,76.47
2017-06-03 06:58:33.488895,54.05418,-166.382261,1470.0,76.66,1470.0,76.66
2017-06-03 06:58:33.988096,54.054205,-166.382222,1470.0,76.85,1470.0,76.66
2017-06-03 06:58:34.487297,54.054215,-166.382204,1470.0,76.66,1470.0,76.66
2017-06-03 06:58:34.986498,54.054238,-166.382165,1470.0,76.66,1470.0,76.47
2017-06-03 06:58:35.485699,54.054248,-166.382148,1470.0,76.66,1470.0,76.66
2017-06-03 06:58:35.984900,54.05427,-166.382107,1470.0,76.66,1470.0,76.66
2017-06-03 06:58:36.484102,54.054279,-166.382089,1470.0,76.85,1470.0,77.6
2017-06-03 06:58:36.998901,54.054302,-166.382047,1470.0,76.85,1470.0,76.85
2017-06-03 06:58:37.498104,54.054312,-166.382027,1470.0,77.03,1470.0,76.85
2017-06-03 06:58:37.997303,54.054335,-166.381987,1470.0,76.85,1470.0,78.35
2017-06-03 06:58:38.496506,54.054346,-166.381968,1470.0,76.85,1470.0,76.66
2017-06-03 06:58:38.995705,54.054368,-166.38193,1470.0,76.85,1470.0,76.66
2017-06-03 06:58:39.494907,54.05438,-166.381912,1470.0,76.66,1470.0,76.28
2017-06-03 06:58:39.994106,54.054403,-166.381873,1470.0,76.47,1470.0,76.28
2017-06-03 06:58:40.493309,54.054414,-166.381856,1470.0,76.47,1470.0,76.28
2017-06-03 06:58:40.992508,54.054438,-166.381818,1470.0,76.47,1470.0,76.28
2017-06-03 06:58:41.491711,54.054448,-166.381802,1470.0,76.47,1470.0,76.28
2017-06-03 06:58:41.990911,54.054472,-166.381765,1470.0,77.41,1470.0,76.28
2017-06-03 06:58:42.490112,54.054483,-166.381747,1470.0,76.28,1470.0,76.28
2017-06-03 06:58:42.989313,54.054507,-166.381708,1470.0,76.28,1470.0,76.09
2017-06-03 06:58:43.488514,54.054517,-166.38169,1470.0,76.28,1470.0,76.09
2017-06-03 06:58:43.987715,54.05454,-166.38165,1470.0,76.47,1470.0,76.28
2017-06-03 06:58:44.486914,54.05455,-166.381631,1470.0,76.47,1470.0,76.28
2017-06-03 06:58:44.986116,54.054573,-166.381588,1470.0,76.66,1470.0,76.47
2017-06-03 06:58:45.485315,54.054583,-166.38157,1470.0,76.66,1470.0,76.66
2017-06-03 06:58:45.984518,54.054607,-166.381528,1470.0,77.79,1470.0,76.66
2017-06-03 06:58:46.499317,54.054617,-166.381509,1470.0,76.66,1470.0,76.66
2017-06-03 06:58:46.998520,54.054638,-166.381468,1470.0,76.66,1470.0,77.79
2017-06-03 06:58:47.497721,54.05465,-166.381449,1470.0,76.47,1470.0,76.47
2017-06-03 06:58:47.996922,54.054675,-166.381408,1470.0,76.47,1470.0,76.28
2017-06-03 06:58:48.496122,54.054686,-166.38139,1470.0,76.28,1470.0,76.09
2017-06-03 06:58:48.995323,54.05471,-166.381352,1470.0,76.28,1470.0,76.09
2017-06-03 06:58:49.494524,54.054721,-166.381334,1470.0,77.6,1470.0,76.28
2017-06-03 06:58:49.993725,54.054745,-166.381297,1470.0,77.41,1470.0,77.79
2017-06-03 06:58:50.492926,54.054755,-166.381279,1470.0,76.66,1470.0,76.47
2017-06-03 06:58:50.992126,54.054778,-166.38124,1470.0,76.66,1470.0,76.28
2017-06-03 06:58:51.491327,54.054788,-166.381222,1470.0,76.47,1470.0,76.28
2017-06-03 06:58:51.990528,54.054812,-166.38118,1470.0,77.79,1470.0,76.28
2017-06-03 06:58:52.489729,54.054821,-166.381161,1470.0,76.66,1470.0,76.28
2017-06-03 06:58:52.988930,54.054842,-166.38112,1470.0,76.66,1470.0,76.47
2017-06-03 06:58:53.488131,54.054851,-166.381102,1470.0,76.66,1470.0,76.47
2017-06-03 06:58:53.987331,54.054872,-166.38106,1470.0,76.66,1470.0,77.79
2017-06-03 06:58:54.486532,54.054882,-166.381041,1470.0,76.66,1470.0,76.47
2017-06-03 06:58:54.985733,54.054905,-166.381,1470.0,76.47,1470.0,76.47
2017-06-03 06:58:55.484934,54.054915,-166.380982,1470.0,76.47,1470.0,78.16
2017-06-03 06:58:55.984135,54.054938,-166.38094,1470.0,76.47,1470.0,76.47
2017-06-03 06:58:56.498936,54.054949,-166.380921,1470.0,76.66,1470.0,76.47
2017-06-03 06:58:56.998137,54.054972,-166.380882,1470.0,76.85,1470.0,78.16
2017-06-03 06:58:57.497339,54.054982,-166.380863,1470.0,77.03,1470.0,76.85
2017-06-03 06:58:57.996538,54.055003,-166.380823,1470.0,76.85,1470.0,77.97
2017-06-03 06:58:58.495741,54.055014,-166.380805,1470.0,76.85,1470.0,76.66
2017-06-03 06:58:58.994940,54.055037,-166.380765,1470.0,76.66,1470.0,76.66
2017-06-03 06:58:59.494143,54.055047,-166.380746,1470.0,76.66,1470.0,77.97
2017-06-03 06:58:59.993341,54.05507,-166.380705,1470.0,76.66,1470.0,76.47
2017-06-03 06:59:00.492544,54.05508,-166.380686,1470.0,76.66,1470.0,76.66
2017-06-03 06:59:00.991743,54.055102,-166.380647,1470.0,77.79,1470.0,76.66
2017-06-03 06:59:01.490946,54.055113,-166.380627,1470.0,76.85,1470.0,76.66
2017-06-03 06:59:01.990147,54.055137,-166.380587,1470.0,76.85,1470.0,76.66
2017-06-03 06:59:02.489347,54.055147,-166.380569,1470.0,76.85,1470.0,76.66
2017-06-03 06:59:02.988548,54.055168,-166.38053,1470.0,76.66,1470.0,76.66
2017-06-03 06:59:03.487749,54.055178,-166.380512,1470.0,77.79,1470.0,76.47
2017-06-03 06:59:03.986950,54.055202,-166.380472,1470.0,77.97,1470.0,76.47
2017-06-03 06:59:04.486151,54.055213,-166.380454,1470.0,76.47,1470.0,76.47
2017-06-03 06:59:04.985352,54.055237,-166.380415,1470.0,76.66,1470.0,76.47
2017-06-03 06:59:05.484550,54.055247,-166.380398,1470.0,76.66,1470.0,76.66
2017-06-03 06:59:05.999353,54.05527,-166.380358,1470.0,76.85,1470.0,76.66
2017-06-03 06:59:06.498552,54.055281,-166.38034,1470.0,76.85,1470.0,78.35
2017-06-03 06:59:06.997755,54.055305,-166.3803,1470.0,76.85,1470.0,76.85
2017-06-03 06:59:07.496956,54.055316,-166.380282,1470.0,76.85,1470.0,76.85
2017-06-03 06:59:07.996157,54.055338,-166.380243,1470.0,77.97,1470.0,76.85
2017-06-03 06:59:08.495358,54.05535,-166.380225,1470.0,77.03,1470.0,76.85
2017-06-03 06:59:08.994558,54.055373,-166.380187,1470.0,76.85,1470.0,76.85
2017-06-03 06:59:09.493759,54.055385,-166.380168,1470.0,76.85,1470.0,77.97
2017-06-03 06:59:09.992960,54.055408,-166.38013,1470.0,76.85,1470.0,76.85
2017-06-03 06:59:10.492161,54.055419,-166.380112,1470.0,76.85,1470.0,76.85
2017-06-03 06:59:10.991362,54.055442,-166.380073,1470.0,76.85,1470.0,76.66
2017-06-03 06:59:11.490562,54.055452,-166.380057,1470.0,77.97,1470.0,76.66
2017-06-03 06:59:11.989763,54.055477,-166.380018,1470.0,76.66,1470.0,76.47
2017-06-03 06:59:12.488964,54.055488,-166.380001,1470.0,76.47,1470.0,76.28
2017-06-03 06:59:12.988165,54.055512,-166.379962,1470.0,76.28,1470.0,76.28
2017-06-03 06:59:13.487366,54.055522,-166.379945,1470.0,77.6,1470.0,76.28
2017-06-03 06:59:13.986567,54.055547,-166.379907,1470.0,77.79,1470.0,76.28
2017-06-03 06:59:14.485767,54.055557,-166.37989,1470.0,77.6,1470.0,76.47
2017-06-03 06:59:14.984968,54.05558,-166.37985,1470.0,77.97,1470.0,77.79
2017-06-03 06:59:15.484169,54.05559,-166.379833,1470.0,76.85,1470.0,76.85
2017-06-03 06:59:15.998970,54.055613,-166.379792,1470.0,76.85,1470.0,76.85
2017-06-03 06:59:16.498171,54.055624,-166.379772,1470.0,77.03,1470.0,76.85
2017-06-03 06:59:16.997372,54.055645,-166.379732,1470.0,77.03,1470.0,76.85
2017-06-03 06:59:17.496572,54.055656,-166.379713,1470.0,77.03,1470.0,76.85
2017-06-03 06:59:17.995773,54.055678,-166.379675,1470.0,76.85,1470.0,76.66
2017-06-03 06:59:18.494976,54.055689,-166.379657,1470.0,76.66,1470.0,76.66
2017-06-03 06:59:18.994175,54.055712,-166.37962,1470.0,77.6,1470.0,76.47
2017-06-03 06:59:19.493378,54.055723,-166.379602,1470.0,76.47,1470.0,77.79
2017-06-03 06:59:19.992577,54.055747,-166.379565,1470.0,76.47,1470.0,77.41
2017-06-03 06:59:20.491779,54.055758,-166.379548,1470.0,77.6,1470.0,76.28
2017-06-03 06:59:20.990978,54.055782,-166.379512,1470.0,76.47,1470.0,76.28
2017-06-03 06:59:21.490181,54.055791,-166.379494,1470.0,76.47,1470.0,76.47
2017-06-03 06:59:21.989380,54.055813,-166.379453,1470.0,76.66,1470.0,76.66
2017-06-03 06:59:22.488583,54.055823,-166.379434,1470.0,76.85,1470.0,76.66
2017-06-03 06:59:22.987783,54.055845,-166.379393,1470.0,76.85,1470.0,76.85
2017-06-03 06:59:23.486984,54.055854,-166.379375,1470.0,77.03,1470.0,77.03
2017-06-03 06:59:23.986185,54.055877,-166.379332,1470.0,78.54,1470.0,77.03
2017-06-03 06:59:24.485386,54.055886,-166.379313,1470.0,76.85,1470.0,76.85
2017-06-03 06:59:24.984587,54.055908,-166.37927,1470.0,76.66,1470.0,76.66
2017-06-03 06:59:25.483788,54.055918,-166.379252,1470.0,76.47,1470.0,76.47
2017-06-03 06:59:25.998589,54.055942,-166.37921,1470.0,76.47,1470.0,77.6
2017-06-03 06:59:26.497787,54.055953,-166.379192,1470.0,76.47,1470.0,76.28
2017-06-03 06:59:26.996990,54.055977,-166.379155,1470.0,76.66,1470.0,76.47
2017-06-03 06:59:27.496191,54.055988,-166.379137,1470.0,76.66,1470.0,76.47
2017-06-03 06:59:27.995392,54.056012,-166.3791,1470.0,76.66,1470.0,76.66
2017-06-03 06:59:28.494593,54.056022,-166.379082,1470.0,77.6,1470.0,76.47
2017-06-03 06:59:28.993793,54.056045,-166.379043,1470.0,76.47,1470.0,77.6
2017-06-03 06:59:29.492994,54.056055,-166.379025,1470.0,77.22,1470.0,76.28
2017-06-03 06:59:29.992195,54.056077,-166.378987,1470.0,77.79,1470.0,76.28
2017-06-03 06:59:30.491396,54.056087,-166.378968,1470.0,76.66,1470.0,77.79
2017-06-03 06:59:30.990597,54.056108,-166.378928,1470.0,76.66,1470.0,77.41
2017-06-03 06:59:31.489798,54.056117,-166.37891,1470.0,76.66,1470.0,76.66
2017-06-03 06:59:31.988998,54.056138,-166.378867,1470.0,76.85,1470.0,76.66
2017-06-03 06:59:32.488199,54.056148,-166.378848,1470.0,76.85,1470.0,78.16
2017-06-03 06:59:32.987400,54.05617,-166.378807,1470.0,76.85,1470.0,76.66
2017-06-03 06:59:33.486601,54.05618,-166.378789,1470.0,76.85,1470.0,76.66
2017-06-03 06:59:33.985802,54.056203,-166.378748,1470.0,76.66,1470.0,76.66
2017-06-03 06:59:34.485003,54.056214,-166.378731,1470.0,76.66,1470.0,76.47
2017-06-03 06:59:34.984203,54.056238,-166.378693,1470.0,77.97,1470.0,76.47
2017-06-03 06:59:35.499004,54.05625,-166.378676,1470.0,76.66,1470.0,76.47
2017-06-03 06:59:35.998205,54.056275,-166.37864,1470.0,76.66,1470.0,76.47
2017-06-03 06:59:36.497406,54.056286,-166.378623,1470.0,77.79,1470.0,77.97
2017-06-03 06:59:36.996607,54.05631,-166.378587,1470.0,77.97,1470.0,76.47
2017-06-03 06:59:37.495808,54.05632,-166.378568,1470.0,77.6,1470.0,76.28
2017-06-03 06:59:37.995008,54.056342,-166.37853,1470.0,76.47,1470.0,77.97
2017-06-03 06:59:38.494211,54.056352,-166.378512,1470.0,76.47,1470.0,76.47
2017-06-03 06:59:38.993410,54.056375,-166.378475,1470.0,76.66,1470.0,76.47
2017-06-03 06:59:39.492613,54.056385,-166.378456,1470.0,78.16,1470.0,76.66
2017-06-03 06:59:39.991812,54.056407,-166.378415,1470.0,76.85,1470.0,77.79
2017-06-03 06:59:40.491014,54.056417,-166.378396,1470.0,76.66,1470.0,76.66
2017-06-03 06:59:40.990213,54.056438,-166.378353,1470.0,76.66,1470.0,77.97
2017-06-03 06:59:41.489416,54.056448,-166.378336,1470.0,76.66,1470.0,76.66
2017-06-03 06:59:41.988615,54.056472,-166.378295,1470.0,76.66,1470.0,76.66
2017-06-03 06:59:42.487818,54.056483,-166.378277,1470.0,76.66,1470.0,76.66
2017-06-03 06:59:42.987017,54.056507,-166.378238,1470.0,76.85,1470.0,76.66
2017-06-03 06:59:43.486219,54.056517,-166.378221,1470.0,76.66,1470.0,76.66
2017-06-03 06:59:43.985420,54.056542,-166.378182,1470.0,77.97,1470.0,76.47
2017-06-03 06:59:44.484621,54.056552,-166.378165,1470.0,76.66,1470.0,77.41
2017-06-03 06:59:44.983822,54.056577,-166.378125,1470.0,76.66,1470.0,76.47
2017-06-03 06:59:45.498621,54.056588,-166.378107,1470.0,76.66,1470.0,77.79
2017-06-03 06:59:45.997824,54.056612,-166.378068,1470.0,76.85,1470.0,77.79
2017-06-03 06:59:46.497023,54.056622,-166.37805,1470.0,76.66,1470.0,76.66
2017-06-03 06:59:46.996225,54.056643,-166.378012,1470.0,77.97,1470.0,76.47
2017-06-03 06:59:47.495424,54.056654,-166.377993,1470.0,77.79,1470.0,76.47
2017-06-03 06:59:47.994627,54.056677,-166.377953,1470.0,77.6,1470.0,76.66
2017-06-03 06:59:48.493828,54.056687,-166.377935,1470.0,76.66,1470.0,76.47
2017-06-03 06:59:48.993029,54.056708,-166.377895,1470.0,76.66,1470.0,76.47
2017-06-03 06:59:49.492229,54.056718,-166.377876,1470.0,76.66,1470.0,77.97
2017-06-03 06:59:49.991430,54.056738,-166.377837,1470.0,76.85,1470.0,76.66
2017-06-03 06:59:50.490631,54.056748,-166.377818,1470.0,76.66,1470.0,76.66
2017-06-03 06:59:50.989832,54.05677,-166.377778,1470.0,76.66,1470.0,77.79
2017-06-03 06:59:51.489033,54.056781,-166.377761,1470.0,77.97,1470.0,76.47
2017-06-03 06:59:51.988234,54.056805,-166.37772,1470.0,76.47,1470.0,76.47
2017-06-03 06:59:52.487434,54.056816,-166.377702,1470.0,76.47,1470.0,76.47
2017-06-03 06:59:52.986635,54.05684,-166.377663,1470.0,76.66,1470.0,76.66
2017-06-03 06:59:53.485836,54.05685,-166.377646,1470.0,77.79,1470.0,76.66
2017-06-03 06:59:53.985039,54.056873,-166.377607,1470.0,78.16,1470.0,76.85
2017-06-03 06:59:54.484238,54.056883,-166.377589,1470.0,76.85,1470.0,78.35
2017-06-03 06:59:54.999039,54.056907,-166.377547,1470.0,78.35,1470.0,76.85
2017-06-03 06:59:55.498240,54.056917,-166.377528,1470.0,77.03,1470.0,76.85
2017-06-03 06:59:55.997440,54.056938,-166.377488,1470.0,76.85,1470.0,77.79
2017-06-03 06:59:56.496641,54.056949,-166.37747,1470.0,76.85,1470.0,76.66
2017-06-03 06:59:56.995842,54.05697,-166.37743,1470.0,76.66,1470.0,77.41
2017-06-03 06:59:57.495043,54.056981,-166.377412,1470.0,77.97,1470.0,76.47
2017-06-03 06:59:57.994244,54.057005,-166.377373,1470.0,77.6,1470.0,77.41
2017-06-03 06:59:58.493446,54.057016,-166.377355,1470.0,76.47,1470.0,76.47
2017-06-03 06:59:58.992645,54.05704,-166.377315,1470.0,77.97,1470.0,77.97
2017-06-03 06:59:59.491848,54.05705,-166.377298,1470.0,76.47,1470.0,76.47
2017-06-03 06:59:59.991047,54.057072,-166.377258,1470.0,76.47,1470.0,76.47
2017-06-03 07:00:00.490250,54.057082,-166.37724,1470.0,76.47,1470.0,76.47
2017-06-03 07:00:00.989449,54.057105,-166.3772,1470.0,76.66,1470.0,76.47
2017-06-03 07:00:01.488651,54.057114,-166.377183,1470.0,78.16,1470.0,76.66
2017-06-03 07:00:01.987850,54.057137,-166.377142,1470.0,76.85,1470.0,76.85
2017-06-03 07:00:02.487053,54.057146,-166.377124,1470.0,76.85,1470.0,76.85
2017-06-03 07:00:02.986252,54.057168,-166.377083,1470.0,76.66,1470.0,76.66
2017-06-03 07:00:03.485455,54.057178,-166.377065,1470.0,76.47,1470.0,76.47
2017-06-03 07:00:03.984655,54.057202,-166.377023,1470.0,77.22,1470.0,76.28
2017-06-03 07:00:04.483856,54.057212,-166.377006,1470.0,76.28,1470.0,76.09
2017-06-03 07:00:04.998657,54.057237,-166.376965,1470.0,77.6,1470.0,76.28
2017-06-03 07:00:05.497856,54.057247,-166.376947,1470.0,76.47,1470.0,76.47
2017-06-03 07:00:05.997059,54.05727,-166.37691,1470.0,77.79,1470.0,76.66
2017-06-03 07:00:06.496258,54.057281,-166.376891,1470.0,76.85,1470.0,76.85
2017-06-03 07:00:06.995461,54.057303,-166.37685,1470.0,78.16,1470.0,76.85
2017-06-03 07:00:07.494659,54.057314,-166.376831,1470.0,77.03,1470.0,76.85
2017-06-03 07:00:07.993862,54.057337,-166.37679,1470.0,76.85,1470.0,76.85
2017-06-03 07:00:08.493061,54.057347,-166.376772,1470.0,76.85,1470.0,76.85
2017-06-03 07:00:08.992264,54.057368,-166.376732,1470.0,78.16,1470.0,76.66
2017-06-03 07:00:09.491465,54.057378,-166.376714,1470.0,76.66,1470.0,76.66
2017-06-03 07:00:09.990665,54.057402,-166.376675,1470.0,77.79,1470.0,77.6
2017-06-03 07:00:10.489866,54.057413,-166.376657,1470.0,76.47,1470.0,76.47
2017-06-03 07:00:10.989067,54.057438,-166.376618,1470.0,77.6,1470.0,76.47
2017-06-03 07:00:11.488268,54.057449,-166.376601,1470.0,77.79,1470.0,76.47
2017-06-03 07:00:11.987469,54.057473,-166.376563,1470.0,77.79,1470.0,77.79
2017-06-03 07:00:12.486670,54.057483,-166.376546,1470.0,76.66,1470.0,76.66
2017-06-03 07:00:12.985870,54.057507,-166.376507,1470.0,76.66,1470.0,76.66
2017-06-03 07:00:13.485071,54.057517,-166.37649,1470.0,76.66,1470.0,76.66
2017-06-03 07:00:13.984272,54.05754,-166.37645,1470.0,76.66,1470.0,76.66
2017-06-03 07:00:14.499073,54.057551,-166.376431,1470.0,76.66,1470.0,76.66
2017-06-03 07:00:14.998274,54.057573,-166.37639,1470.0,77.97,1470.0,76.66
2017-06-03 07:00:15.497475,54.057584,-166.376371,1470.0,76.85,1470.0,76.85
2017-06-03 07:00:15.996675,54.057605,-166.376332,1470.0,76.85,1470.0,76.85
2017-06-03 07:00:16.495876,54.057616,-166.376313,1470.0,76.85,1470.0,76.85
2017-06-03 07:00:16.995077,54.057638,-166.376273,1470.0,76.85,1470.0,76.85
2017-06-03 07:00:17.494278,54.057649,-166.376255,1470.0,76.85,1470.0,76.66
2017-06-03 07:00:17.993479,54.057672,-166.376215,1470.0,76.66,1470.0,77.79
2017-06-03 07:00:18.492680,54.057683,-166.376198,1470.0,76.66,1470.0,76.66
2017-06-03 07:00:18.991880,54.057707,-166.37616,1470.0,77.79,1470.0,76.47
2017-06-03 07:00:19.491083,54.057717,-166.376143,1470.0,77.6,1470.0,76.66
2017-06-03 07:00:19.990282,54.057742,-166.376105,1470.0,76.66,1470.0,76.66
2017-06-03 07:00:20.489485,54.057753,-166.376087,1470.0,77.79,1470.0,76.66
2017-06-03 07:00:20.988684,54.057777,-166.376048,1470.0,77.97,1470.0,76.66
2017-06-03 07:00:21.487886,54.057787,-166.376031,1470.0,77.97,1470.0,76.66
2017-06-03 07:00:21.987085,54.05781,-166.375992,1470.0,78.16,1470.0,76.66
2017-06-03 07:00:22.486288,54.05782,-166.375973,1470.0,76.85,1470.0,76.85
2017-06-03 07:00:22.985487,54.057843,-166.375933,1470.0,78.35,1470.0,77.97
2017-06-03 07:00:23.484690,54.057853,-166.375916,1470.0,78.35,1470.0,76.85
2017-06-03 07:00:23.983891,54.057875,-166.375875,1470.0,76.85,1470.0,76.85
2017-06-03 07:00:24.498692,54.057886,-166.375857,1470.0,76.66,1470.0,77.41
2017-06-03 07:00:24.997892,54.057908,-166.375818,1470.0,77.79,1470.0,76.47
2017-06-03 07:00:25.497091,54.057919,-166.3758,1470.0,77.97,1470.0,77.6
2017-06-03 07:00:25.996294,54.057942,-166.375762,1470.0,76.66,1470.0,77.79
2017-06-03 07:00:26.495493,54.057952,-166.375743,1470.0,77.79,1470.0,77.79
2017-06-03 07:00:26.994696,54.057975,-166.375705,1470.0,76.85,1470.0,76.85
2017-06-03 07:00:27.493895,54.057986,-166.375686,1470.0,78.16,1470.0,77.79
2017-06-03 07:00:27.993097,54.058008,-166.375647,1470.0,77.97,1470.0,76.85
2017-06-03 07:00:28.492296,54.058019,-166.375628,1470.0,76.85,1470.0,76.85
2017-06-03 07:00:28.991499,54.058042,-166.375588,1470.0,76.85,1470.0,76.85
2017-06-03 07:00:29.490700,54.058052,-166.375571,1470.0,76.85,1470.0,76.85
2017-06-03 07:00:29.989901,54.058075,-166.375532,1470.0,76.85,1470.0,76.85
2017-06-03 07:00:30.489101,54.058085,-166.375513,1470.0,76.85,1470.0,77.97
2017-06-03 07:00:30.988302,54.058108,-166.375473,1470.0,76.85,1470.0,78.16
2017-06-03 07:00:31.487503,54.058118,-166.375455,1470.0,76.85,1470.0,77.97
2017-06-03 07:00:31.986704,54.058142,-166.375413,1470.0,76.85,1470.0,76.85
2017-06-03 07:00:32.485905,54.058151,-166.375396,1470.0,76.85,1470.0,76.85
2017-06-03 07:00:32.985106,54.058173,-166.375357,1470.0,78.16,1470.0,76.85
2017-06-03 07:00:33.484306,54.058184,-166.37534,1470.0,76.85,1470.0,76.85
2017-06-03 07:00:33.999107,54.058208,-166.3753,1470.0,76.66,1470.0,76.66
2017-06-03 07:00:34.498308,54.058218,-166.375281,1470.0,76.47,1470.0,76.47
2017-06-03 07:00:34.997509,54.05824,-166.375242,1470.0,77.41,1470.0,76.47
2017-06-03 07:00:35.496710,54.058251,-166.375224,1470.0,76.47,1470.0,76.47
2017-06-03 07:00:35.995911,54.058273,-166.375185,1470.0,76.66,1470.0,76.47
2017-06-03 07:00:36.495111,54.058284,-166.375167,1470.0,77.79,1470.0,77.79
2017-06-03 07:00:36.994312,54.058305,-166.375128,1470.0,78.16,1470.0,78.16
2017-06-03 07:00:37.493513,54.058315,-166.375109,1470.0,77.03,1470.0,77.03
2017-06-03 07:00:37.992714,54.058337,-166.375068,1470.0,77.03,1470.0,77.03
2017-06-03 07:00:38.491915,54.058348,-166.375049,1470.0,76.85,1470.0,77.6
2017-06-03 07:00:38.991116,54.058372,-166.375008,1470.0,76.66,1470.0,76.66
2017-06-03 07:00:39.490316,54.058381,-166.374991,1470.0,76.66,1470.0,76.66
2017-06-03 07:00:39.989517,54.058403,-166.37495,1470.0,78.16,1470.0,76.66
2017-06-03 07:00:40.488720,54.058414,-166.374932,1470.0,76.85,1470.0,77.79
2017-06-03 07:00:40.987919,54.058437,-166.374893,1470.0,76.85,1470.0,78.16
2017-06-03 07:00:41.487122,54.058447,-166.374877,1470.0,76.85,1470.0,78.16
2017-06-03 07:00:41.986320,54.05847,-166.374838,1470.0,76.85,1470.0,76.66
2017-06-03 07:00:42.485523,54.058481,-166.374821,1470.0,76.66,1470.0,76.47
2017-06-03 07:00:42.984722,54.058505,-166.374782,1470.0,76.28,1470.0,76.28
2017-06-03 07:00:43.483925,54.058515,-166.374765,1470.0,76.28,1470.0,76.09
2017-06-03 07:00:43.998724,54.058538,-166.374727,1470.0,77.79,1470.0,76.28
2017-06-03 07:00:44.497927,54.05855,-166.374706,1470.0,76.47,1470.0,76.47
2017-06-03 07:00:44.997128,54.058572,-166.374667,1470.0,76.66,1470.0,76.66
2017-06-03 07:00:45.496328,54.058582,-166.374647,1470.0,76.85,1470.0,76.85
2017-06-03 07:00:45.995529,54.058603,-166.374607,1470.0,77.03,1470.0,76.85
2017-06-03 07:00:46.494728,54.058613,-166.374587,1470.0,77.03,1470.0,77.03
2017-06-03 07:00:46.993931,54.058633,-166.374547,1470.0,77.22,1470.0,77.03
2017-06-03 07:00:47.493130,54.058644,-166.374528,1470.0,77.03,1470.0,77.03
2017-06-03 07:00:47.992332,54.058665,-166.37449,1470.0,76.85,1470.0,76.66
2017-06-03 07:00:48.491531,54.058676,-166.374473,1470.0,76.66,1470.0,77.79
2017-06-03 07:00:48.990734,54.0587,-166.374437,1470.0,76.66,1470.0,76.47
2017-06-03 07:00:49.489935,54.05871,-166.374421,1470.0,77.79,1470.0,76.66
2017-06-03 07:00:49.989136,54.058735,-166.374383,1470.0,77.97,1470.0,76.66
2017-06-03 07:00:50.488337,54.058745,-166.374366,1470.0,76.85,1470.0,76.66
2017-06-03 07:00:50.987537,54.05877,-166.374327,1470.0,76.85,1470.0,76.85
2017-06-03 07:00:51.486738,54.05878,-166.37431,1470.0,76.85,1470.0,76.85
2017-06-03 07:00:51.985939,54.058805,-166.37427,1470.0,76.85,1470.0,76.85
2017-06-03 07:00:52.485140,54.058815,-166.374252,1470.0,76.85,1470.0,76.85
2017-06-03 07:00:52.984341,54.058838,-166.37421,1470.0,76.85,1470.0,76.85
2017-06-03 07:00:53.499142,54.058848,-166.374191,1470.0,77.03,1470.0,77.97
2017-06-03 07:00:53.998343,54.058868,-166.374152,1470.0,77.22,1470.0,77.03
2017-06-03 07:00:54.497543,54.058879,-166.374133,1470.0,77.22,1470.0,77.03
2017-06-03 07:00:54.996744,54.0589,-166.374093,1470.0,77.22,1470.0,77.22
2017-06-03 07:00:55.495945,54.058911,-166.374075,1470.0,77.22,1470.0,78.54
2017-06-03 07:00:55.995146,54.058933,-166.374037,1470.0,77.03,1470.0,77.03
2017-06-03 07:00:56.494347,54.058945,-166.37402,1470.0,77.03,1470.0,77.97
2017-06-03 07:00:56.993547,54.058968,-166.373983,1470.0,78.16,1470.0,76.85
2017-06-03 07:00:57.492748,54.05898,-166.373966,1470.0,76.85,1470.0,76.85
2017-06-03 07:00:57.991949,54.059003,-166.373928,1470.0,76.66,1470.0,76.66
2017-06-03 07:00:58.491150,54.059015,-166.373912,1470.0,76.66,1470.0,77.41
2017-06-03 07:00:58.990351,54.05904,-166.373875,1470.0,77.79,1470.0,76.66
2017-06-03 07:00:59.489552,54.05905,-166.373858,1470.0,76.85,1470.0,77.03
2017-06-03 07:00:59.988752,54.059073,-166.373818,1470.0,77.03,1470.0,76.85
2017-06-03 07:01:00.487955,54.059084,-166.3738,1470.0,77.03,1470.0,78.16
2017-06-03 07:01:00.987154,54.059107,-166.37376,1470.0,77.03,1470.0,77.03
2017-06-03 07:01:01.486357,54.059116,-166.373742,1470.0,77.6,1470.0,77.22
2017-06-03 07:01:01.985556,54.059137,-166.3737,1470.0,77.22,1470.0,77.41
2017-06-03 07:01:02.484758,54.059146,-166.373683,1470.0,77.22,1470.0,78.73
2017-06-03 07:01:02.983957,54.059168,-166.373642,1470.0,77.22,1470.0,77.22
2017-06-03 07:01:03.498760,54.05918,-166.373623,1470.0,77.22,1470.0,77.22
2017-06-03 07:01:03.997959,54.059203,-166.373585,1470.0,77.22,1470.0,77.03
2017-06-03 07:01:04.497162,54.059215,-166.373567,1470.0,77.03,1470.0,78.35
2017-06-03 07:01:04.996361,54.059238,-166.37353,1470.0,78.54,1470.0,77.03
2017-06-03 07:01:05.495564,54.05925,-166.373512,1470.0,77.03,1470.0,77.03
2017-06-03 07:01:05.994764,54.059275,-166.373475,1470.0,77.03,1470.0,76.85
2017-06-03 07:01:06.493965,54.059286,-166.373458,1470.0,76.85,1470.0,77.79
2017-06-03 07:01:06.993166,54.05931,-166.373422,1470.0,76.85,1470.0,76.66
2017-06-03 07:01:07.492365,54.05932,-166.373404,1470.0,78.16,1470.0,76.85
2017-06-03 07:01:07.991568,54.059343,-166.373365,1470.0,78.16,1470.0,76.85
2017-06-03 07:01:08.490767,54.059353,-166.373346,1470.0,78.35,1470.0,77.03
2017-06-03 07:01:08.989969,54.059375,-166.373303,1470.0,77.22,1470.0,77.03
2017-06-03 07:01:09.489168,54.059384,-166.373284,1470.0,77.22,1470.0,77.22
2017-06-03 07:01:09.988371,54.059403,-166.37324,1470.0,77.22,1470.0,77.03
2017-06-03 07:01:10.487572,54.059413,-166.373221,1470.0,77.03,1470.0,77.03
2017-06-03 07:01:10.986773,54.059435,-166.37318,1470.0,77.03,1470.0,76.85
2017-06-03 07:01:11.485973,54.059445,-166.373162,1470.0,76.85,1470.0,76.47
2017-06-03 07:01:11.985174,54.059468,-166.373122,1470.0,76.47,1470.0,76.28
2017-06-03 07:01:12.484375,54.059479,-166.373104,1470.0,76.47,1470.0,76.09
2017-06-03 07:01:12.999176,54.059502,-166.373065,1470.0,76.47,1470.0,76.28
2017-06-03 07:01:13.498377,54.059513,-166.373047,1470.0,77.03,1470.0,76.47
2017-06-03 07:01:13.997578,54.059537,-166.373008,1470.0,77.03,1470.0,77.03
2017-06-03 07:01:14.496778,54.059547,-166.37299,1470.0,77.03,1470.0,77.03
2017-06-03 07:01:14.995979,54.05957,-166.37295,1470.0,78.35,1470.0,77.03
2017-06-03 07:01:15.495180,54.05958,-166.372931,1470.0,77.03,1470.0,77.03
2017-06-03 07:01:15.994381,54.059602,-166.372892,1470.0,77.03,1470.0,77.79
2017-06-03 07:01:16.493582,54.059611,-166.372872,1470.0,77.03,1470.0,76.85
2017-06-03 07:01:16.992783,54.059632,-166.372832,1470.0,77.03,1470.0,76.66
2017-06-03 07:01:17.491983,54.059642,-166.372812,1470.0,76.85,1470.0,77.97
2017-06-03 07:01:17.991184,54.059663,-166.372772,1470.0,76.85,1470.0,76.85
2017-06-03 07:01:18.490385,54.059673,-166.372753,1470.0,76.66,1470.0,76.66
2017-06-03 07:01:18.989586,54.059695,-166.372713,1470.0,77.79,1470.0,76.66
2017-06-03 07:01:19.488787,54.059705,-166.372696,1470.0,76.47,1470.0,76.47
2017-06-03 07:01:19.987988,54.059728,-166.372655,1470.0,76.47,1470.0,76.47
2017-06-03 07:01:20.487190,54.059739,-166.372637,1470.0,77.97,1470.0,76.47
2017-06-03 07:01:20.986389,54.059762,-166.372598,1470.0,76.66,1470.0,76.66
2017-06-03 07:01:21.485592,54.059772,-166.37258,1470.0,77.97,1470.0,77.97
2017-06-03 07:01:21.984791,54.059795,-166.372538,1470.0,78.16,1470.0,76.85
2017-06-03 07:01:22.483994,54.059805,-166.37252,1470.0,77.03,1470.0,77.03
2017-06-03 07:01:22.998793,54.059827,-166.372478,1470.0,77.03,1470.0,77.03
2017-06-03 07:01:23.497995,54.059837,-166.372459,1470.0,77.03,1470.0,78.16
2017-06-03 07:01:23.997194,54.059858,-166.372418,1470.0,78.35,1470.0,77.79
2017-06-03 07:01:24.496397,54.059869,-166.3724,1470.0,76.85,1470.0,77.97
2017-06-03 07:01:24.995596,54.059892,-166.37236,1470.0,76.66,1470.0,76.47
2017-06-03 07:01:25.494799,54.059902,-166.372341,1470.0,76.66,1470.0,76.47
2017-06-03 07:01:25.993999,54.059923,-166.372302,1470.0,76.66,1470.0,77.79
2017-06-03 07:01:26.493200,54.059934,-166.372284,1470.0,76.66,1470.0,76.66
2017-06-03 07:01:26.992401,54.059957,-166.372245,1470.0,76.66,1470.0,77.97
2017-06-03 07:01:27.491602,54.059967,-166.372227,1470.0,76.85,1470.0,77.79
2017-06-03 07:01:27.990803,54.05999,-166.37219,1470.0,76.66,1470.0,76.47
2017-06-03 07:01:28.490002,54.06,-166.372171,1470.0,76.66,1470.0,76.66
2017-06-03 07:01:28.989204,54.060023,-166.37213,1470.0,76.66,1470.0,77.79
2017-06-03 07:01:29.488403,54.060033,-166.372113,1470.0,76.66,1470.0,77.6
2017-06-03 07:01:29.987606,54.060057,-166.372072,1470.0,77.79,1470.0,77.79
2017-06-03 07:01:30.486805,54.060066,-166.372054,1470.0,76.66,1470.0,76.66
2017-06-03 07:01:30.986008,54.060088,-166.372013,1470.0,76.85,1470.0,77.22
2017-06-03 07:01:31.485209,54.060098,-166.371996,1470.0,76.85,1470.0,76.85
2017-06-03 07:01:31.984409,54.06012,-166.371955,1470.0,76.85,1470.0,76.85
2017-06-03 07:01:32.499210,54.060131,-166.371936,1470.0,77.97,1470.0,76.85
2017-06-03 07:01:32.998411,54.060153,-166.371898,1470.0,76.66,1470.0,77.97
2017-06-03 07:01:33.497612,54.060164,-166.37188,1470.0,76.66,1470.0,76.47
2017-06-03 07:01:33.996813,54.060187,-166.371842,1470.0,77.97,1470.0,76.47
2017-06-03 07:01:34.496014,54.060198,-166.371823,1470.0,76.66,1470.0,77.6
2017-06-03 07:01:34.995214,54.060222,-166.371785,1470.0,76.47,1470.0,77.41
2017-06-03 07:01:35.494415,54.060232,-166.371767,1470.0,76.47,1470.0,77.41
2017-06-03 07:01:35.993616,54.060255,-166.37173,1470.0,76.66,1470.0,76.47
2017-06-03 07:01:36.492817,54.060266,-166.371711,1470.0,77.79,1470.0,76.66
2017-06-03 07:01:36.992018,54.060288,-166.371672,1470.0,76.66,1470.0,77.03
2017-06-03 07:01:37.491219,54.060299,-166.371653,1470.0,76.47,1470.0,76.47
2017-06-03 07:01:37.990419,54.060322,-166.371613,1470.0,76.28,1470.0,76.09
2017-06-03 07:01:38.489620,54.060332,-166.371594,1470.0,76.09,1470.0,76.09
2017-06-03 07:01:38.988821,54.060353,-166.371553,1470.0,76.28,1470.0,76.09
2017-06-03 07:01:39.488022,54.060364,-166.371535,1470.0,76.47,1470.0,76.28
2017-06-03 07:01:39.987223,54.060387,-166.371495,1470.0,76.47,1470.0,77.6
2017-06-03 07:01:40.486425,54.060397,-166.371477,1470.0,77.79,1470.0,76.47
2017-06-03 07:01:40.985624,54.060418,-166.371438,1470.0,77.41,1470.0,76.28
2017-06-03 07:01:41.484827,54.060429,-166.371422,1470.0,76.28,1470.0,77.41
2017-06-03 07:01:41.984026,54.060453,-166.371383,1470.0,76.09,1470.0,76.09
2017-06-03 07:01:42.498829,54.060466,-166.371364,1470.0,76.09,1470.0,77.03
2017-06-03 07:01:42.998028,54.06049,-166.371327,1470.0,76.09,1470.0,76.09
2017-06-03 07:01:43.497231,54.060501,-166.371308,1470.0,77.41,1470.0,76.09
2017-06-03 07:01:43.996429,54.060525,-166.371268,1470.0,77.22,1470.0,76.09
2017-06-03 07:01:44.495632,54.060535,-166.37125,1470.0,76.28,1470.0,76.28
2017-06-03 07:01:44.994831,54.060557,-166.37121,1470.0,77.6,1470.0,76.28
2017-06-03 07:01:45.494034,54.060567,-166.371191,1470.0,76.47,1470.0,77.6
2017-06-03 07:01:45.993235,54.06059,-166.37115,1470.0,76.47,1470.0,76.47
2017-06-03 07:01:46.492435,54.0606,-166.371131,1470.0,76.47,1470.0,76.66
2017-06-03 07:01:46.991636,54.060622,-166.371092,1470.0,76.09,1470.0,76.85
2017-06-03 07:01:47.490837,54.060632,-166.371073,1470.0,75.9,1470.0,77.03
2017-06-03 07:01:47.990038,54.060655,-166.371033,1470.0,75.72,1470.0,75.72
2017-06-03 07:01:48.489239,54.060666,-166.371016,1470.0,75.72,1470.0,75.72
2017-06-03 07:01:48.988440,54.06069,-166.370978,1470.0,77.03,1470.0,75.72
2017-06-03 07:01:49.487638,54.0607,-166.370962,1470.0,75.9,1470.0,75.9
2017-06-03 07:01:49.986841,54.060723,-166.370925,1470.0,75.9,1470.0,75.9
2017-06-03 07:01:50.486040,54.060734,-166.370907,1470.0,75.9,1470.0,77.03
2017-06-03 07:01:50.985243,54.060758,-166.370867,1470.0,75.72,1470.0,75.72
2017-06-03 07:01:51.484444,54.060768,-166.37085,1470.0,75.53,1470.0,75.53
2017-06-03 07:01:51.999245,54.060792,-166.37081,1470.0,75.53,1470.0,76.47
2017-06-03 07:01:52.498446,54.060802,-166.370792,1470.0,75.53,1470.0,75.53
2017-06-03 07:01:52.997646,54.060825,-166.370753,1470.0,75.72,1470.0,76.47
2017-06-03 07:01:53.496847,54.060835,-166.370735,1470.0,75.9,1470.0,76.85
2017-06-03 07:01:53.996048,54.060857,-166.370695,1470.0,77.03,1470.0,76.85
2017-06-03 07:01:54.495249,54.060867,-166.370676,1470.0,75.72,1470.0,77.03
2017-06-03 07:01:54.994450,54.060888,-166.370637,1470.0,75.53,1470.0,76.28
2017-06-03 07:01:55.493650,54.0609,-166.370619,1470.0,76.28,1470.0,75.15
2017-06-03 07:01:55.992851,54.060923,-166.37058,1470.0,76.28,1470.0,74.96
2017-06-03 07:01:56.492052,54.060935,-166.370563,1470.0,74.96,1470.0,76.09
2017-06-03 07:01:56.991253,54.06096,-166.370525,1470.0,74.96,1470.0,76.09
2017-06-03 07:01:57.490454,54.06097,-166.370508,1470.0,76.28,1470.0,76.28
2017-06-03 07:01:57.989655,54.060992,-166.37047,1470.0,76.47,1470.0,76.66
2017-06-03 07:01:58.488855,54.061002,-166.370451,1470.0,76.66,1470.0,75.34
2017-06-03 07:01:58.988056,54.061025,-166.37041,1470.0,76.66,1470.0,75.34
2017-06-03 07:01:59.487257,54.061034,-166.370392,1470.0,76.47,1470.0,75.34
2017-06-03 07:01:59.986458,54.061057,-166.370348,1470.0,75.15,1470.0,75.15
2017-06-03 07:02:00.485659,54.061067,-166.370331,1470.0,76.66,1470.0,76.09
2017-06-03 07:02:00.984859,54.06109,-166.37029,1470.0,74.96,1470.0,76.09
2017-06-03 07:02:01.484060,54.061099,-166.370273,1470.0,74.96,1470.0,74.78
2017-06-03 07:02:01.998861,54.061122,-166.370233,1470.0,74.78,1470.0,74.78
2017-06-03 07:02:02.498064,54.061132,-166.370216,1470.0,74.78,1470.0,75.9
2017-06-03 07:02:02.997263,54.061155,-166.370178,1470.0,74.78,1470.0,75.72
2017-06-03 07:02:03.496466,54.061166,-166.370161,1470.0,75.9,1470.0,74.59
2017-06-03 07:02:03.995665,54.06119,-166.370123,1470.0,74.59,1470.0,75.9
2017-06-03 07:02:04.494867,54.061201,-166.370106,1470.0,75.34,1470.0,75.53
2017-06-03 07:02:04.994066,54.061225,-166.370068,1470.0,74.59,1470.0,74.4
2017-06-03 07:02:05.493269,54.061235,-166.37005,1470.0,75.72,1470.0,75.34
2017-06-03 07:02:05.992470,54.061258,-166.370008,1470.0,74.59,1470.0,75.72
2017-06-03 07:02:06.491671,54.061268,-166.36999,1470.0,74.78,1470.0,74.59
2017-06-03 07:02:06.990871,54.061288,-166.369948,1470.0,74.78,1470.0,74.78
2017-06-03 07:02:07.490072,54.061298,-166.36993,1470.0,74.59,1470.0,74.59
2017-06-03 07:02:07.989273,54.06132,-166.369888,1470.0,74.59,1470.0,74.4
2017-06-03 07:02:08.488474,54.06133,-166.36987,1470.0,74.4,1470.0,75.53
2017-06-03 07:02:08.987675,54.061352,-166.36983,1470.0,75.34,1470.0,75.34
2017-06-03 07:02:09.486876,54.061362,-166.369813,1470.0,75.53,1470.0,74.21
2017-06-03 07:02:09.986076,54.061385,-166.369773,1470.0,74.21,1470.0,75.34
2017-06-03 07:02:10.485275,54.061395,-166.369756,1470.0,75.34,1470.0,74.02
2017-06-03 07:02:10.984478,54.061418,-166.369717,1470.0,74.02,1470.0,74.02
2017-06-03 07:02:11.499279,54.061429,-166.369699,1470.0,74.02,1470.0,73.84
2017-06-03 07:02:11.998480,54.061452,-166.369662,1470.0,73.84,1470.0,73.84
2017-06-03 07:02:12.497681,54.061463,-166.369643,1470.0,73.84,1470.0,73.65
2017-06-03 07:02:12.996881,54.061485,-166.369605,1470.0,73.65,1470.0,73.65
2017-06-03 07:02:13.496082,54.061496,-166.369586,1470.0,73.84,1470.0,73.65
2017-06-03 07:02:13.995283,54.06152,-166.369547,1470.0,73.84,1470.0,73.65
2017-06-03 07:02:14.494484,54.061529,-166.369527,1470.0,73.84,1470.0,73.84
2017-06-03 07:02:14.993685,54.06155,-166.369485,1470.0,74.02,1470.0,74.02
2017-06-03 07:02:15.492886,54.061559,-166.369467,1470.0,74.21,1470.0,74.78
2017-06-03 07:02:15.992086,54.06158,-166.369425,1470.0,74.21,1470.0,74.02
2017-06-03 07:02:16.491287,54.06159,-166.369406,1470.0,74.02,1470.0,74.02
2017-06-03 07:02:16.990488,54.061612,-166.369367,1470.0,73.65,1470.0,74.78
2017-06-03 07:02:17.489689,54.061622,-166.369349,1470.0,74.4,1470.0,73.46
2017-06-03 07:02:17.988890,54.061645,-166.36931,1470.0,73.27,1470.0,74.02
2017-06-03 07:02:18.488091,54.061655,-166.369292,1470.0,73.27,1470.0,73.27
2017-06-03 07:02:18.987291,54.061678,-166.369253,1470.0,73.27,1470.0,74.4
2017-06-03 07:02:19.486492,54.061688,-166.369237,1470.0,73.27,1470.0,73.27
2017-06-03 07:02:19.985693,54.061712,-166.369197,1470.0,73.27,1470.0,73.27
2017-06-03 07:02:20.484894,54.061722,-166.369179,1470.0,73.27,1470.0,73.27
2017-06-03 07:02:20.984095,54.061745,-166.369138,1470.0,73.27,1470.0,73.27
2017-06-03 07:02:21.498896,54.061756,-166.369119,1470.0,73.27,1470.0,74.59
2017-06-03 07:02:21.998096,54.061778,-166.369078,1470.0,73.27,1470.0,74.59
2017-06-03 07:02:22.497299,54.061788,-166.36906,1470.0,74.21,1470.0,73.27
2017-06-03 07:02:22.996498,54.06181,-166.36902,1470.0,73.27,1470.0,74.4
2017-06-03 07:02:23.495701,54.06182,-166.369001,1470.0,73.27,1470.0,73.08
2017-06-03 07:02:23.994900,54.061842,-166.36896,1470.0,73.27,1470.0,73.08
2017-06-03 07:02:24.494102,54.061852,-166.368942,1470.0,73.08,1470.0,73.08
2017-06-03 07:02:24.993301,54.061875,-166.368903,1470.0,73.27,1470.0,73.08
2017-06-03 07:02:25.492504,54.061886,-166.368885,1470.0,73.08,1470.0,73.08
2017-06-03 07:02:25.991703,54.06191,-166.368847,1470.0,73.08,1470.0,74.02
2017-06-03 07:02:26.490906,54.06192,-166.368829,1470.0,72.89,1470.0,73.27
2017-06-03 07:02:26.990105,54.061943,-166.368792,1470.0,72.71,1470.0,73.65
2017-06-03 07:02:27.489307,54.061953,-166.368775,1470.0,72.71,1470.0,72.71
2017-06-03 07:02:27.988508,54.061977,-166.368737,1470.0,74.02,1470.0,72.71
2017-06-03 07:02:28.487709,54.061987,-166.368719,1470.0,72.89,1470.0,72.71
2017-06-03 07:02:28.986910,54.062008,-166.368682,1470.0,72.89,1470.0,74.02
2017-06-03 07:02:29.486111,54.062018,-166.368664,1470.0,73.65,1470.0,72.71
2017-06-03 07:02:29.985312,54.06204,-166.368625,1470.0,73.65,1470.0,72.52
2017-06-03 07:02:30.484512,54.062051,-166.368607,1470.0,72.52,1470.0,72.33
2017-06-03 07:02:30.999313,54.062075,-166.368567,1470.0,72.33,1470.0,72.89
2017-06-03 07:02:31.498514,54.062086,-166.368547,1470.0,72.33,1470.0,72.33
2017-06-03 07:02:31.997715,54.06211,-166.368507,1470.0,72.52,1470.0,72.52
2017-06-03 07:02:32.496916,54.06212,-166.368488,1470.0,72.52,1470.0,72.52
2017-06-03 07:02:32.996117,54.062142,-166.368448,1470.0,72.71,1470.0,73.65
2017-06-03 07:02:33.495317,54.062152,-166.36843,1470.0,72.71,1470.0,73.65
2017-06-03 07:02:33.994518,54.062173,-166.36839,1470.0,73.84,1470.0,73.65
2017-06-03 07:02:34.493719,54.062184,-166.368371,1470.0,72.33,1470.0,73.46
2017-06-03 07:02:34.992920,54.062207,-166.368332,1470.0,72.14,1470.0,73.27
2017-06-03 07:02:35.492121,54.062217,-166.368314,1470.0,72.14,1470.0,71.77
2017-06-03 07:02:35.991322,54.06224,-166.368277,1470.0,71.95,1470.0,71.77
2017-06-03 07:02:36.490522,54.06225,-166.368259,1470.0,71.77,1470.0,71.77
2017-06-03 07:02:36.989725,54.062273,-166.368222,1470.0,71.58,1470.0,71.39
2017-06-03 07:02:37.488924,54.062284,-166.368205,1470.0,71.01,1470.0,71.2
2017-06-03 07:02:37.988127,54.062308,-166.368167,1470.0,70.82,1470.0,70.64
2017-06-03 07:02:38.487326,54.062319,-166.368149,1470.0,70.64,1470.0,70.45
2017-06-03 07:02:38.986526,54.062342,-166.36811,1470.0,70.45,1470.0,70.45
2017-06-03 07:02:39.485727,54.062352,-166.368093,1470.0,70.45,1470.0,70.26
2017-06-03 07:02:39.984928,54.062375,-166.368052,1470.0,70.45,1470.0,70.26
2017-06-03 07:02:40.484129,54.062384,-166.368034,1470.0,70.26,1470.0,71.77
2017-06-03 07:02:40.998930,54.062405,-166.367993,1470.0,70.26,1470.0,70.26
2017-06-03 07:02:41.498131,54.062415,-166.367974,1470.0,70.26,1470.0,70.07
2017-06-03 07:02:41.997332,54.062435,-166.367933,1470.0,70.07,1470.0,70.07
2017-06-03 07:02:42.496534,54.062445,-166.367914,1470.0,70.07,1470.0,69.88
2017-06-03 07:02:42.995733,54.062467,-166.367873,1470.0,69.51,1470.0,69.51
2017-06-03 07:02:43.494936,54.062477,-166.367855,1470.0,68.94,1470.0,69.13
2017-06-03 07:02:43.994135,54.0625,-166.367817,1470.0,69.32,1470.0,68.75
2017-06-03 07:02:44.493338,54.062511,-166.367799,1470.0,69.13,1470.0,69.13
2017-06-03 07:02:44.992537,54.062535,-166.367762,1470.0,69.7,1470.0,68.94
2017-06-03 07:02:45.491739,54.062546,-166.367744,1470.0,69.51,1470.0,69.32
2017-06-03 07:02:45.990938,54.06257,-166.367707,1470.0,69.51,1470.0,69.51
2017-06-03 07:02:46.490141,54.06258,-166.367689,1470.0,69.32,1470.0,69.32
2017-06-03 07:02:46.989340,54.062603,-166.36765,1470.0,69.32,1470.0,69.13
2017-06-03 07:02:47.488543,54.062613,-166.367632,1470.0,69.32,1470.0,69.13
2017-06-03 07:02:47.987743,54.062635,-166.367592,1470.0,69.32,1470.0,69.13
2017-06-03 07:02:48.486944,54.062645,-166.367574,1470.0,69.51,1470.0,69.13
2017-06-03 07:02:48.986145,54.062667,-166.367535,1470.0,69.13,1470.0,69.13
2017-06-03 07:02:49.485346,54.062676,-166.367517,1470.0,69.13,1470.0,69.13
2017-06-03 07:02:49.984547,54.062698,-166.367475,1470.0,69.13,1470.0,69.13
2017-06-03 07:02:50.499346,54.062708,-166.367455,1470.0,69.13,1470.0,68.94
2017-06-03 07:02:50.998549,54.062728,-166.367417,1470.0,69.32,1470.0,68.94
2017-06-03 07:02:51.497747,54.062739,-166.367397,1470.0,69.32,1470.0,68.94
2017-06-03 07:02:51.996950,54.062762,-166.367355,1470.0,69.32,1470.0,69.13
2017-06-03 07:02:52.496149,54.062772,-166.367337,1470.0,69.32,1470.0,69.32
2017-06-03 07:02:52.995352,54.062795,-166.367298,1470.0,69.32,1470.0,69.32
2017-06-03 07:02:53.494553,54.062805,-166.36728,1470.0,69.51,1470.0,69.51
2017-06-03 07:02:53.993753,54.062827,-166.36724,1470.0,69.51,1470.0,69.51
2017-06-03 07:02:54.492954,54.062837,-166.367221,1470.0,69.7,1470.0,69.51
2017-06-03 07:02:54.992155,54.06286,-166.367182,1470.0,69.51,1470.0,69.51
2017-06-03 07:02:55.491356,54.062871,-166.367164,1470.0,69.7,1470.0,69.51
2017-06-03 07:02:55.990557,54.062893,-166.367125,1470.0,69.7,1470.0,69.51
2017-06-03 07:02:56.489758,54.062904,-166.367107,1470.0,69.88,1470.0,70.64
2017-06-03 07:02:56.988958,54.062927,-166.367067,1470.0,69.88,1470.0,69.7
2017-06-03 07:02:57.488159,54.062936,-166.367049,1470.0,69.88,1470.0,69.7
2017-06-03 07:02:57.987362,54.062958,-166.367008,1470.0,69.88,1470.0,69.88
2017-06-03 07:02:58.486561,54.062968,-166.36699,1470.0,69.88,1470.0,69.51
2017-06-03 07:02:58.985764,54.06299,-166.366948,1470.0,69.88,1470.0,69.7
2017-06-03 07:02:59.484962,54.062999,-166.366932,1470.0,71.2,1470.0,69.7
2017-06-03 07:02:59.984163,54.063022,-166.366892,1470.0,70.07,1470.0,71.39
2017-06-03 07:03:00.498964,54.063032,-166.366873,1470.0,70.07,1470.0,71.39
2017-06-03 07:03:00.998165,54.063055,-166.366833,1470.0,70.26,1470.0,70.07
2017-06-03 07:03:01.497366,54.063065,-166.366814,1470.0,70.26,1470.0,70.07
2017-06-03 07:03:01.996567,54.063087,-166.366773,1470.0,70.26,1470.0,70.07
2017-06-03 07:03:02.495770,54.063097,-166.366755,1470.0,70.45,1470.0,70.26
2017-06-03 07:03:02.994968,54.063118,-166.366717,1470.0,70.45,1470.0,70.45
2017-06-03 07:03:03.494171,54.063128,-166.366698,1470.0,70.82,1470.0,70.45
2017-06-03 07:03:03.993370,54.06315,-166.366658,1470.0,70.82,1470.0,70.64
2017-06-03 07:03:04.492573,54.063161,-166.36664,1470.0,72.33,1470.0,71.01
2017-06-03 07:03:04.991772,54.063183,-166.366602,1470.0,71.2,1470.0,71.01
2017-06-03 07:03:05.490974,54.063194,-166.366582,1470.0,71.2,1470.0,72.14
2017-06-03 07:03:05.990173,54.063217,-166.366542,1470.0,71.39,1470.0,71.01
2017-06-03 07:03:06.489376,54.063227,-166.366523,1470.0,71.39,1470.0,71.2
2017-06-03 07:03:06.988575,54.06325,-166.366483,1470.0,71.58,1470.0,71.39
2017-06-03 07:03:07.487778,54.06326,-166.366465,1470.0,71.77,1470.0,71.58
2017-06-03 07:03:07.986979,54.063283,-166.366423,1470.0,71.95,1470.0,71.77
2017-06-03 07:03:08.486179,54.063293,-166.366405,1470.0,72.14,1470.0,71.95
2017-06-03 07:03:08.985380,54.063315,-166.366365,1470.0,72.14,1470.0,71.95
2017-06-03 07:03:09.484581,54.063324,-166.366347,1470.0,72.33,1470.0,72.14
2017-06-03 07:03:09.983782,54.063347,-166.366305,1470.0,72.33,1470.0,72.14
2017-06-03 07:03:10.498581,54.063357,-166.366287,1470.0,72.33,1470.0,72.14
2017-06-03 07:03:10.997784,54.06338,-166.366248,1470.0,72.33,1470.0,72.14
2017-06-03 07:03:11.496983,54.063391,-166.36623,1470.0,72.33,1470.0,72.14
2017-06-03 07:03:11.996185,54.063413,-166.366192,1470.0,72.33,1470.0,72.14
2017-06-03 07:03:12.495384,54.063424,-166.366174,1470.0,72.52,1470.0,72.33
2017-06-03 07:03:12.994587,54.063447,-166.366135,1470.0,72.71,1470.0,72.52
2017-06-03 07:03:13.493788,54.063457,-166.366116,1470.0,74.21,1470.0,72.89
2017-06-03 07:03:13.992989,54.063478,-166.366075,1470.0,73.27,1470.0,73.08
2017-06-03 07:03:14.492189,54.063489,-166.366057,1470.0,73.46,1470.0,74.21
2017-06-03 07:03:14.991390,54.063512,-166.366017,1470.0,74.59,1470.0,73.46
2017-06-03 07:03:15.490591,54.063521,-166.365999,1470.0,73.65,1470.0,73.46
2017-06-03 07:03:15.989792,54.063543,-166.365958,1470.0,73.65,1470.0,73.46
2017-06-03 07:03:16.488993,54.063554,-166.36594,1470.0,73.84,1470.0,73.65
2017-06-03 07:03:16.988194,54.063577,-166.3659,1470.0,74.02,1470.0,73.84
2017-06-03 07:03:17.487394,54.063587,-166.365882,1470.0,74.21,1470.0,74.02
2017-06-03 07:03:17.986595,54.063612,-166.36584,1470.0,74.4,1470.0,75.53
2017-06-03 07:03:18.485796,54.063622,-166.365822,1470.0,74.4,1470.0,74.21
2017-06-03 07:03:18.984999,54.063645,-166.365782,1470.0,74.21,1470.0,74.21
2017-06-03 07:03:19.484198,54.063655,-166.365764,1470.0,74.4,1470.0,74.21
2017-06-03 07:03:19.998999,54.063678,-166.365723,1470.0,75.53,1470.0,74.4
2017-06-03 07:03:20.498199,54.063689,-166.365705,1470.0,74.59,1470.0,74.4
2017-06-03 07:03:20.997400,54.063712,-166.365667,1470.0,74.78,1470.0,74.59
2017-06-03 07:03:21.496601,54.063722,-166.365648,1470.0,74.78,1470.0,74.59
2017-06-03 07:03:21.995802,54.063743,-166.365608,1470.0,74.78,1470.0,74.59
2017-06-03 07:03:22.495003,54.063754,-166.365589,1470.0,74.78,1470.0,74.78
2017-06-03 07:03:22.994204,54.063777,-166.365548,1470.0,74.96,1470.0,74.78
2017-06-03 07:03:23.493406,54.063787,-166.36553,1470.0,75.15,1470.0,74.96
2017-06-03 07:03:23.992605,54.063808,-166.365492,1470.0,75.15,1470.0,75.15
2017-06-03 07:03:24.491808,54.063819,-166.365473,1470.0,75.34,1470.0,75.15
2017-06-03 07:03:24.991007,54.063842,-166.365433,1470.0,75.34,1470.0,75.34
2017-06-03 07:03:25.490210,54.063851,-166.365416,1470.0,75.53,1470.0,77.03
2017-06-03 07:03:25.989408,54.063873,-166.365375,1470.0,75.53,1470.0,76.85
2017-06-03 07:03:26.488611,54.063884,-166.365357,1470.0,75.72,1470.0,75.53
2017-06-03 07:03:26.987810,54.063907,-166.365317,1470.0,75.72,1470.0,77.03
2017-06-03 07:03:27.487013,54.063917,-166.365299,1470.0,75.9,1470.0,75.72
2017-06-03 07:03:27.986214,54.063942,-166.36526,1470.0,75.9,1470.0,75.72
2017-06-03 07:03:28.485415,54.063952,-166.365242,1470.0,75.9,1470.0,75.72
2017-06-03 07:03:28.984615,54.063973,-166.365202,1470.0,75.9,1470.0,77.03
2017-06-03 07:03:29.483816,54.063984,-166.365185,1470.0,75.9,1470.0,75.9
2017-06-03 07:03:29.998617,54.064008,-166.365145,1470.0,77.22,1470.0,75.9
2017-06-03 07:03:30.497816,54.064019,-166.365126,1470.0,76.09,1470.0,75.9
2017-06-03 07:03:30.997019,54.064042,-166.365085,1470.0,77.41,1470.0,76.09
2017-06-03 07:03:31.496218,54.064052,-166.365066,1470.0,77.79,1470.0,76.28
2017-06-03 07:03:31.995420,54.064073,-166.365027,1470.0,76.66,1470.0,77.6
2017-06-03 07:03:32.494619,54.064083,-166.365007,1470.0,76.66,1470.0,77.41
2017-06-03 07:03:32.993822,54.064105,-166.364965,1470.0,76.66,1470.0,76.47
2017-06-03 07:03:33.493023,54.064116,-166.364946,1470.0,77.97,1470.0,76.85
2017-06-03 07:03:33.992224,54.064138,-166.364907,1470.0,76.47,1470.0,76.28
2017-06-03 07:03:34.491425,54.064149,-166.364889,1470.0,77.6,1470.0,76.28
2017-06-03 07:03:34.990625,54.064172,-166.36485,1470.0,76.47,1470.0,76.28
2017-06-03 07:03:35.489826,54.064182,-166.364833,1470.0,76.66,1470.0,76.47
2017-06-03 07:03:35.934786,54.064205,-166.364794,1470.0,77.97,1470.0,153.43
2017-06-03 07:03:36.488228,54.064215,-166.364776,1470.0,77.97,1470.0,76.66
2017-06-03 07:03:36.987429,54.064237,-166.364737,1470.0,76.85,1470.0,77.79
2017-06-03 07:03:37.486629,54.064246,-166.364719,1470.0,78.35,1470.0,77.97
2017-06-03 07:03:37.985830,54.064268,-166.364678,1470.0,78.16,1470.0,76.66
2017-06-03 07:03:38.485031,54.064279,-166.36466,1470.0,76.66,1470.0,76.66
2017-06-03 07:03:38.984234,54.064302,-166.364618,1470.0,77.97,1470.0,76.66
2017-06-03 07:03:39.499033,54.064313,-166.364599,1470.0,76.85,1470.0,77.6
2017-06-03 07:03:39.998234,54.064335,-166.36456,1470.0,77.03,1470.0,76.85
2017-06-03 07:03:40.497435,54.064346,-166.36454,1470.0,78.35,1470.0,77.03
2017-06-03 07:03:40.996635,54.064368,-166.364502,1470.0,77.41,1470.0,77.22
2017-06-03 07:03:41.495836,54.064379,-166.364482,1470.0,77.41,1470.0,78.16
2017-06-03 07:03:41.995037,54.064402,-166.36444,1470.0,77.6,1470.0,77.41
2017-06-03 07:03:42.494238,54.064412,-166.364421,1470.0,77.6,1470.0,78.92
2017-06-03 07:03:42.993439,54.064433,-166.36438,1470.0,77.6,1470.0,78.92
2017-06-03 07:03:43.492640,54.064443,-166.36436,1470.0,77.6,1470.0,77.6
2017-06-03 07:03:43.991840,54.064465,-166.364318,1470.0,77.79,1470.0,77.6
2017-06-03 07:03:44.491043,54.064476,-166.3643,1470.0,77.6,1470.0,77.6
2017-06-03 07:03:44.990242,54.0645,-166.36426,1470.0,77.6,1470.0,77.41
2017-06-03 07:03:45.489445,54.06451,-166.364243,1470.0,78.73,1470.0,77.41
2017-06-03 07:03:45.988644,54.064533,-166.364205,1470.0,77.41,1470.0,78.92
2017-06-03 07:03:46.487846,54.064544,-166.364187,1470.0,77.41,1470.0,78.54
2017-06-03 07:03:46.987045,54.064568,-166.364148,1470.0,77.41,1470.0,77.41
2017-06-03 07:03:47.486248,54.064578,-166.364132,1470.0,78.73,1470.0,77.41
2017-06-03 07:03:47.985447,54.0646,-166.364092,1470.0,77.6,1470.0,77.6
2017-06-03 07:03:48.484650,54.064609,-166.364074,1470.0,77.79,1470.0,77.6
2017-06-03 07:03:48.983850,54.064632,-166.364032,1470.0,77.79,1470.0,78.16
2017-06-03 07:03:49.498652,54.064641,-166.364012,1470.0,77.79,1470.0,77.79
2017-06-03 07:03:49.997852,54.064662,-166.363972,1470.0,77.79,1470.0,77.79
2017-06-03 07:03:50.497053,54.064672,-166.363952,1470.0,77.79,1470.0,77.79
2017-06-03 07:03:50.996254,54.064693,-166.363912,1470.0,77.79,1470.0,78.92
2017-06-03 07:03:51.495453,54.064705,-166.363893,1470.0,77.79,1470.0,77.79
2017-06-03 07:03:51.994656,54.064728,-166.363853,1470.0,77.97,1470.0,77.97
2017-06-03 07:03:52.493855,54.06474,-166.363835,1470.0,78.16,1470.0,78.16
2017-06-03 07:03:52.993057,54.064763,-166.363795,1470.0,79.67,1470.0,78.16
2017-06-03 07:03:53.492258,54.064774,-166.363776,1470.0,78.35,1470.0,78.16
2017-06-03 07:03:53.991459,54.064797,-166.363735,1470.0,78.54,1470.0,78.35
2017-06-03 07:03:54.490660,54.064807,-166.363716,1470.0,78.54,1470.0,78.35
2017-06-03 07:03:54.989861,54.064828,-166.363675,1470.0,78.54,1470.0,78.54
2017-06-03 07:03:55.489061,54.064838,-166.363657,1470.0,78.54,1470.0,79.86
2017-06-03 07:03:55.988262,54.06486,-166.363615,1470.0,78.54,1470.0,79.86
2017-06-03 07:03:56.487463,54.06487,-166.363596,1470.0,79.67,1470.0,79.48
2017-06-03 07:03:56.986664,54.064892,-166.363555,1470.0,78.35,1470.0,78.35
2017-06-03 07:03:57.485865,54.064902,-166.363538,1470.0,78.16,1470.0,79.29
2017-06-03 07:03:57.985065,54.064925,-166.363498,1470.0,79.29,1470.0,79.29
2017-06-03 07:03:58.484266,54.064935,-166.363482,1470.0,79.29,1470.0,77.97
2017-06-03 07:03:58.999067,54.064958,-166.363442,1470.0,78.16,1470.0,77.97
2017-06-03 07:03:59.498268,54.064968,-166.363423,1470.0,79.48,1470.0,79.29
2017-06-03 07:03:59.997469,54.06499,-166.363383,1470.0,78.16,1470.0,78.16
2017-06-03 07:04:00.496670,54.065,-166.363365,1470.0,78.35,1470.0,79.67
2017-06-03 07:04:00.995871,54.065022,-166.363325,1470.0,80.04,1470.0,79.67
2017-06-03 07:04:01.495071,54.065032,-166.363306,1470.0,78.54,1470.0,78.54
2017-06-03 07:04:01.994272,54.065053,-166.363265,1470.0,78.73,1470.0,78.73
2017-06-03 07:04:02.493473,54.065063,-166.363246,1470.0,78.73,1470.0,80.04
2017-06-03 07:04:02.992674,54.065085,-166.363205,1470.0,78.73,1470.0,78.54
2017-06-03 07:04:03.491875,54.065096,-166.363186,1470.0,79.86,1470.0,78.73
2017-06-03 07:04:03.991076,54.065118,-166.363147,1470.0,78.73,1470.0,79.86
2017-06-03 07:04:04.490278,54.065129,-166.363128,1470.0,80.04,1470.0,79.86
2017-06-03 07:04:04.989477,54.065152,-166.363087,1470.0,80.23,1470.0,80.23
2017-06-03 07:04:05.488680,54.065162,-166.363069,1470.0,78.92,1470.0,80.04
2017-06-03 07:04:05.987879,54.065187,-166.363028,1470.0,78.92,1470.0,78.92
2017-06-03 07:04:06.487082,54.065198,-166.36301,1470.0,78.92,1470.0,79.86
2017-06-03 07:04:06.986280,54.065222,-166.36297,1470.0,78.92,1470.0,78.92
2017-06-03 07:04:07.485483,54.065231,-166.362953,1470.0,78.92,1470.0,80.23
2017-06-03 07:04:07.984682,54.065253,-166.362912,1470.0,78.92,1470.0,79.1
2017-06-03 07:04:08.483885,54.065263,-166.362894,1470.0,79.1,1470.0,78.92
2017-06-03 07:04:08.998684,54.065285,-166.362852,1470.0,79.1,1470.0,78.92
2017-06-03 07:04:09.497887,54.065296,-166.362833,1470.0,78.92,1470.0,78.92
2017-06-03 07:04:09.997087,54.065318,-166.362793,1470.0,78.92,1470.0,78.92
2017-06-03 07:04:10.496288,54.065328,-166.362775,1470.0,78.92,1470.0,78.73
2017-06-03 07:04:10.995489,54.06535,-166.362737,1470.0,78.73,1470.0,78.73
2017-06-03 07:04:11.494690,54.065361,-166.362719,1470.0,78.73,1470.0,78.73
2017-06-03 07:04:11.993891,54.065383,-166.36268,1470.0,79.86,1470.0,78.73
2017-06-03 07:04:12.493090,54.065394,-166.362661,1470.0,80.42,1470.0,78.92
2017-06-03 07:04:12.992292,54.065417,-166.362622,1470.0,79.29,1470.0,79.1
2017-06-03 07:04:13.491491,54.065427,-166.362602,1470.0,79.29,1470.0,80.99
2017-06-03 07:04:13.990694,54.065448,-166.362562,1470.0,79.48,1470.0,79.48
2017-06-03 07:04:14.489895,54.065459,-166.362543,1470.0,80.42,1470.0,79.48
2017-06-03 07:04:14.989096,54.065482,-166.362502,1470.0,79.67,1470.0,79.48
2017-06-03 07:04:15.488297,54.065492,-166.362484,1470.0,79.67,1470.0,80.04
2017-06-03 07:04:15.987497,54.065515,-166.362443,1470.0,79.48,1470.0,79.29
2017-06-03 07:04:16.486698,54.065525,-166.362425,1470.0,79.48,1470.0,79.29
2017-06-03 07:04:16.985899,54.065548,-166.362385,1470.0,79.48,1470.0,79.29
2017-06-03 07:04:17.485100,54.065559,-166.362368,1470.0,79.48,1470.0,79.48
2017-06-03 07:04:17.984301,54.065583,-166.362328,1470.0,80.99,1470.0,79.48
2017-06-03 07:04:18.499102,54.065594,-166.36231,1470.0,79.67,1470.0,80.99
2017-06-03 07:04:18.998302,54.065617,-166.36227,1470.0,79.67,1470.0,79.48
2017-06-03 07:04:19.497503,54.065627,-166.362252,1470.0,79.48,1470.0,79.48
2017-06-03 07:04:19.996704,54.06565,-166.362213,1470.0,79.48,1470.0,79.29
2017-06-03 07:04:20.495905,54.06566,-166.362195,1470.0,80.04,1470.0,79.1
2017-06-03 07:04:20.995106,54.065682,-166.362155,1470.0,79.1,1470.0,78.92
2017-06-03 07:04:21.494307,54.065692,-166.362137,1470.0,79.1,1470.0,78.92
2017-06-03 07:04:21.993507,54.065715,-166.362098,1470.0,79.1,1470.0,80.04
2017-06-03 07:04:22.492708,54.065726,-166.36208,1470.0,79.29,1470.0,79.1
2017-06-03 07:04:22.991909,54.065748,-166.36204,1470.0,79.48,1470.0,80.61
2017-06-03 07:04:23.491110,54.065758,-166.362021,1470.0,79.86,1470.0,80.8
2017-06-03 07:04:23.990311,54.06578,-166.36198,1470.0,79.86,1470.0,80.23
2017-06-03 07:04:24.489513,54.06579,-166.361961,1470.0,79.86,1470.0,79.86
2017-06-03 07:04:24.988712,54.065812,-166.361918,1470.0,79.86,1470.0,80.8
2017-06-03 07:04:25.487915,54.065821,-166.3619,1470.0,79.86,1470.0,80.61
2017-06-03 07:04:25.987114,54.065843,-166.361858,1470.0,79.67,1470.0,79.67
2017-06-03 07:04:26.486317,54.065854,-166.36184,1470.0,81.17,1470.0,79.67
2017-06-03 07:04:26.985516,54.065877,-166.361798,1470.0,79.67,1470.0,79.48
2017-06-03 07:04:27.484718,54.065887,-166.361782,1470.0,79.48,1470.0,79.48
2017-06-03 07:04:27.983917,54.065912,-166.361742,1470.0,79.67,1470.0,79.48
2017-06-03 07:04:28.498720,54.065923,-166.361724,1470.0,80.99,1470.0,79.48
2017-06-03 07:04:28.997919,54.065947,-166.361685,1470.0,80.8,1470.0,79.48
2017-06-03 07:04:29.497122,54.065957,-166.361667,1470.0,80.99,1470.0,79.48
2017-06-03 07:04:29.996323,54.065978,-166.361628,1470.0,79.48,1470.0,80.42
2017-06-03 07:04:30.495523,54.065989,-166.36161,1470.0,79.48,1470.0,80.61
2017-06-03 07:04:30.994724,54.066012,-166.36157,1470.0,79.48,1470.0,80.8
2017-06-03 07:04:31.493925,54.066021,-166.361551,1470.0,79.48,1470.0,79.67
2017-06-03 07:04:31.993126,54.066042,-166.36151,1470.0,79.48,1470.0,79.48
2017-06-03 07:04:32.492327,54.066052,-166.361491,1470.0,79.48,1470.0,79.48
2017-06-03 07:04:32.991528,54.066073,-166.361448,1470.0,79.67,1470.0,80.8
2017-06-03 07:04:33.490726,54.066083,-166.36143,1470.0,79.67,1470.0,80.42
2017-06-03 07:04:33.989929,54.066105,-166.361387,1470.0,79.86,1470.0,79.67
2017-06-03 07:04:34.489128,54.066115,-166.361368,1470.0,79.86,1470.0,79.48
2017-06-03 07:04:34.988331,54.066137,-166.361327,1470.0,80.04,1470.0,79.86
2017-06-03 07:04:35.487532,54.066147,-166.361309,1470.0,80.04,1470.0,79.86
2017-06-03 07:04:35.986732,54.06617,-166.361268,1470.0,80.04,1470.0,79.86
2017-06-03 07:04:36.485933,54.066181,-166.361251,1470.0,79.86,1470.0,79.67
2017-06-03 07:04:36.985134,54.066205,-166.361212,1470.0,79.67,1470.0,79.67
2017-06-03 07:04:37.484335,54.066215,-166.361194,1470.0,79.48,1470.0,79.29
2017-06-03 07:04:37.999136,54.066238,-166.361153,1470.0,79.48,1470.0,79.29
2017-06-03 07:04:38.498337,54.066249,-166.361135,1470.0,80.8,1470.0,79.67
2017-06-03 07:04:38.997538,54.066272,-166.361095,1470.0,79.48,1470.0,79.67
2017-06-03 07:04:39.496738,54.066282,-166.361076,1470.0,79.67,1470.0,79.67
2017-06-03 07:04:39.995939,54.066303,-166.361035,1470.0,79.67,1470.0,79.86
2017-06-03 07:04:40.495140,54.066313,-166.361015,1470.0,79.67,1470.0,79.48
2017-06-03 07:04:40.994341,54.066335,-166.360973,1470.0,81.36,1470.0,79.48
2017-06-03 07:04:41.493542,54.066345,-166.360954,1470.0,79.86,1470.0,79.67
2017-06-03 07:04:41.992743,54.066367,-166.360913,1470.0,79.67,1470.0,79.67
2017-06-03 07:04:42.491943,54.066377,-166.360895,1470.0,79.67,1470.0,80.99
2017-06-03 07:04:42.991144,54.066398,-166.360853,1470.0,79.86,1470.0,79.67
2017-06-03 07:04:43.490345,54.066407,-166.360835,1470.0,79.86,1470.0,79.86
2017-06-03 07:04:43.989546,54.066428,-166.360793,1470.0,80.23,1470.0,80.04
2017-06-03 07:04:44.488747,54.066439,-166.360775,1470.0,80.23,1470.0,80.23
2017-06-03 07:04:44.987947,54.066462,-166.360733,1470.0,80.23,1470.0,80.04
2017-06-03 07:04:45.487150,54.066472,-166.360716,1470.0,80.04,1470.0,81.17
2017-06-03 07:04:45.986349,54.066495,-166.360675,1470.0,80.04,1470.0,79.86
2017-06-03 07:04:46.485552,54.066505,-166.360657,1470.0,80.99,1470.0,79.48
2017-06-03 07:04:46.984751,54.066528,-166.360617,1470.0,79.29,1470.0,79.1
2017-06-03 07:04:47.483953,54.066538,-166.360599,1470.0,79.29,1470.0,79.1
2017-06-03 07:04:47.998753,54.066562,-166.360557,1470.0,81.55,1470.0,79.48
2017-06-03 07:04:48.497955,54.066573,-166.360538,1470.0,80.23,1470.0,79.48
2017-06-03 07:04:48.997154,54.066597,-166.360498,1470.0,80.04,1470.0,79.1
2017-06-03 07:04:49.496357,54.066607,-166.36048,1470.0,79.86,1470.0,79.86
2017-06-03 07:04:49.995558,54.066628,-166.360442,1470.0,79.86,1470.0,79.67
2017-06-03 07:04:50.494759,54.066638,-166.360423,1470.0,79.86,1470.0,79.86
2017-06-03 07:04:50.993959,54.06666,-166.360383,1470.0,81.17,1470.0,80.99
2017-06-03 07:04:51.493160,54.06667,-166.360364,1470.0,80.04,1470.0,80.04
2017-06-03 07:04:51.992361,54.066692,-166.360323,1470.0,81.17,1470.0,81.36
2017-06-03 07:04:52.491562,54.066702,-166.360305,1470.0,81.55,1470.0,81.36
2017-06-03 07:04:52.990763,54.066723,-166.360263,1470.0,80.99,1470.0,80.04
2017-06-03 07:04:53.489964,54.066733,-166.360246,1470.0,81.55,1470.0,81.36
2017-06-03 07:04:53.989164,54.066755,-166.360205,1470.0,80.04,1470.0,79.86
2017-06-03 07:04:54.488363,54.066765,-166.360187,1470.0,80.04,1470.0,81.17
2017-06-03 07:04:54.987566,54.066788,-166.360147,1470.0,81.17,1470.0,81.55
2017-06-03 07:04:55.486767,54.066798,-166.360129,1470.0,80.23,1470.0,80.23
2017-06-03 07:04:55.985968,54.06682,-166.360088,1470.0,80.23,1470.0,81.55
2017-06-03 07:04:56.485168,54.06683,-166.360071,1470.0,81.55,1470.0,80.04
2017-06-03 07:04:56.984369,54.066855,-166.36003,1470.0,80.04,1470.0,79.86
2017-06-03 07:04:57.499170,54.066866,-166.360012,1470.0,80.04,1470.0,81.17
2017-06-03 07:04:57.998371,54.06689,-166.359973,1470.0,81.17,1470.0,80.23
2017-06-03 07:04:58.497572,54.0669,-166.359955,1470.0,81.36,1470.0,80.04
2017-06-03 07:04:58.996773,54.066922,-166.359915,1470.0,80.23,1470.0,81.36
2017-06-03 07:04:59.495974,54.066932,-166.359896,1470.0,80.23,1470.0,80.42
2017-06-03 07:04:59.995174,54.066955,-166.359857,1470.0,81.36,1470.0,80.04
2017-06-03 07:05:00.494375,54.066966,-166.359837,1470.0,80.04,1470.0,79.86
2017-06-03 07:05:00.993578,54.066988,-166.359797,1470.0,80.99,1470.0,80.99
2017-06-03 07:05:01.492777,54.066998,-166.359779,1470.0,81.17,1470.0,79.67
2017-06-03 07:05:01.991978,54.06702,-166.35974,1470.0,80.99,1470.0,80.61
2017-06-03 07:05:02.491179,54.06703,-166.359722,1470.0,80.8,1470.0,79.67
2017-06-03 07:05:02.990379,54.067053,-166.359683,1470.0,80.99,1470.0,80.8
2017-06-03 07:05:03.489580,54.067063,-166.359665,1470.0,12.87,1470.0,12.68
2017-06-03 07:05:03.988781,54.067085,-166.359623,1470.0,79.86,1470.0,80.99
2017-06-03 07:05:04.487982,54.067095,-166.359605,1470.0,81.17,1470.0,80.61
2017-06-03 07:05:04.987183,54.067117,-166.359565,1470.0,81.17,1470.0,79.86
2017-06-03 07:05:05.486383,54.067127,-166.359548,1470.0,80.04,1470.0,80.8
2017-06-03 07:05:05.985584,54.06715,-166.359507,1470.0,80.04,1470.0,81.17
2017-06-03 07:05:06.484787,54.06716,-166.359489,1470.0,80.04,1470.0,80.04
2017-06-03 07:05:06.983986,54.067183,-166.359448,1470.0,81.17,1470.0,80.8
2017-06-03 07:05:07.498789,54.067194,-166.359429,1470.0,79.86,1470.0,79.86
2017-06-03 07:05:07.997988,54.067217,-166.359388,1470.0,79.86,1470.0,80.23
2017-06-03 07:05:08.497190,54.067227,-166.359369,1470.0,79.86,1470.0,79.86
2017-06-03 07:05:08.996389,54.067248,-166.359328,1470.0,80.04,1470.0,79.86
2017-06-03 07:05:09.495592,54.06726,-166.35931,1470.0,80.04,1470.0,80.99
2017-06-03 07:05:09.994791,54.067283,-166.359272,1470.0,80.04,1470.0,80.04
2017-06-03 07:05:10.493994,54.067293,-166.359252,1470.0,80.99,1470.0,79.86
2017-06-03 07:05:10.993195,54.067315,-166.359212,1470.0,79.86,1470.0,80.61
2017-06-03 07:05:11.492395,54.067326,-166.359193,1470.0,79.86,1470.0,79.67
2017-06-03 07:05:11.991596,54.067348,-166.359153,1470.0,80.8,1470.0,79.67
2017-06-03 07:05:12.490797,54.067358,-166.359135,1470.0,81.17,1470.0,79.67
2017-06-03 07:05:12.989998,54.06738,-166.359095,1470.0,80.8,1470.0,80.8
2017-06-03 07:05:13.489199,54.06739,-166.359077,1470.0,79.86,1470.0,80.99
2017-06-03 07:05:13.988400,54.067412,-166.359035,1470.0,81.17,1470.0,79.86
2017-06-03 07:05:14.487600,54.067421,-166.359016,1470.0,79.86,1470.0,79.86
2017-06-03 07:05:14.986801,54.067442,-166.358975,1470.0,79.86,1470.0,81.17
2017-06-03 07:05:15.486002,54.067451,-166.358958,1470.0,79.86,1470.0,80.8
2017-06-03 07:05:15.985203,54.067473,-166.358917,1470.0,80.8,1470.0,79.86
2017-06-03 07:05:16.484404,54.067483,-166.358899,1470.0,80.61,1470.0,79.67
2017-06-03 07:05:16.999205,54.067507,-166.358857,1470.0,79.67,1470.0,79.67
2017-06-03 07:05:17.498405,54.067517,-166.358838,1470.0,81.17,1470.0,79.67
2017-06-03 07:05:17.997606,54.06754,-166.358798,1470.0,79.86,1470.0,79.86
2017-06-03 07:05:18.496807,54.067551,-166.358779,1470.0,80.04,1470.0,79.86
2017-06-03 07:05:18.996008,54.067573,-166.358738,1470.0,80.04,1470.0,80.99
2017-06-03 07:05:19.495209,54.067584,-166.358719,1470.0,80.04,1470.0,80.99
2017-06-03 07:05:19.994410,54.067607,-166.358678,1470.0,81.17,1470.0,80.04
2017-06-03 07:05:20.493610,54.067617,-166.358659,1470.0,80.23,1470.0,80.04
2017-06-03 07:05:20.992813,54.067638,-166.358617,1470.0,81.17,1470.0,80.04
2017-06-03 07:05:21.492012,54.067649,-166.358597,1470.0,80.04,1470.0,80.99
2017-06-03 07:05:21.991215,54.067672,-166.358557,1470.0,80.99,1470.0,79.86
2017-06-03 07:05:22.490414,54.067682,-166.358538,1470.0,79.86,1470.0,80.8
2017-06-03 07:05:22.989614,54.067703,-166.358498,1470.0,80.99,1470.0,79.67
2017-06-03 07:05:23.488815,54.067713,-166.35848,1470.0,79.67,1470.0,80.8
2017-06-03 07:05:23.988016,54.067737,-166.358438,1470.0,79.67,1470.0,80.8
2017-06-03 07:05:24.487217,54.067747,-166.35842,1470.0,80.99,1470.0,79.67
2017-06-03 07:05:24.986418,54.067768,-166.35838,1470.0,79.86,1470.0,80.99
2017-06-03 07:05:25.485619,54.067778,-166.358362,1470.0,81.17,1470.0,79.86
2017-06-03 07:05:25.984819,54.0678,-166.358318,1470.0,80.99,1470.0,81.17
2017-06-03 07:05:26.484022,54.067809,-166.3583,1470.0,80.04,1470.0,80.42
2017-06-03 07:05:26.998821,54.067832,-166.358257,1470.0,80.04,1470.0,80.04
2017-06-03 07:05:27.498024,54.067841,-166.358237,1470.0,81.36,1470.0,80.04
2017-06-03 07:05:27.997223,54.067862,-166.358197,1470.0,80.04,1470.0,80.99
2017-06-03 07:05:28.496426,54.067872,-166.358177,1470.0,80.8,1470.0,79.86
2017-06-03 07:05:28.995625,54.067893,-166.358137,1470.0,80.04,1470.0,79.86
2017-06-03 07:05:29.494827,54.067904,-166.358117,1470.0,79.86,1470.0,81.17
2017-06-03 07:05:29.994026,54.067927,-166.358077,1470.0,79.86,1470.0,79.86
2017-06-03 07:05:30.493229,54.067937,-166.358058,1470.0,81.36,1470.0,80.8
2017-06-03 07:05:30.992428,54.06796,-166.358018,1470.0,81.17,1470.0,79.86
2017-06-03 07:05:31.491631,54.06797,-166.358,1470.0,81.17,1470.0,79.86
2017-06-03 07:05:31.990831,54.067993,-166.357958,1470.0,79.86,1470.0,80.99
2017-06-03 07:05:32.490032,54.068004,-166.35794,1470.0,81.17,1470.0,80.99
2017-06-03 07:05:32.989233,54.068027,-166.357898,1470.0,81.17,1470.0,80.61
2017-06-03 07:05:33.488434,54.068036,-166.357879,1470.0,79.86,1470.0,79.86
2017-06-03 07:05:33.987635,54.068057,-166.357835,1470.0,80.04,1470.0,80.04
2017-06-03 07:05:34.486835,54.068067,-166.357816,1470.0,81.74,1470.0,80.04
2017-06-03 07:05:34.986036,54.068088,-166.357775,1470.0,80.23,1470.0,80.23
2017-06-03 07:05:35.485237,54.068098,-166.357756,1470.0,80.23,1470.0,80.8
2017-06-03 07:05:35.984438,54.06812,-166.357712,1470.0,81.36,1470.0,80.04
2017-06-03 07:05:36.499239,54.06813,-166.357692,1470.0,80.04,1470.0,81.36
2017-06-03 07:05:36.998440,54.068152,-166.357652,1470.0,81.17,1470.0,79.86
2017-06-03 07:05:37.497641,54.068162,-166.357633,1470.0,79.86,1470.0,79.86
2017-06-03 07:05:37.996841,54.068185,-166.357593,1470.0,79.86,1470.0,79.67
2017-06-03 07:05:38.496042,54.068196,-166.357575,1470.0,79.86,1470.0,79.67
2017-06-03 07:05:38.995243,54.068218,-166.357537,1470.0,79.67,1470.0,80.8
2017-06-03 07:05:39.494444,54.068229,-166.357518,1470.0,79.67,1470.0,79.67
2017-06-03 07:05:39.993645,54.068252,-166.357478,1470.0,80.99,1470.0,80.8
2017-06-03 07:05:40.492846,54.068262,-166.357459,1470.0,79.86,1470.0,79.86
2017-06-03 07:05:40.992048,54.068283,-166.357417,1470.0,80.04,1470.0,80.04
2017-06-03 07:05:41.491247,54.068293,-166.357396,1470.0,80.42,1470.0,80.23
2017-06-03 07:05:41.990450,54.068313,-166.357353,1470.0,80.42,1470.0,80.42
2017-06-03 07:05:42.489649,54.068323,-166.357334,1470.0,80.61,1470.0,80.42
2017-06-03 07:05:42.988852,54.068345,-166.35729,1470.0,80.42,1470.0,81.55
2017-06-03 07:05:43.488050,54.068354,-166.357272,1470.0,80.23,1470.0,80.23
2017-06-03 07:05:43.987251,54.068377,-166.357228,1470.0,81.55,1470.0,80.04
2017-06-03 07:05:44.486452,54.068387,-166.357211,1470.0,80.04,1470.0,80.99
2017-06-03 07:05:44.985653,54.068412,-166.35717,1470.0,80.04,1470.0,79.86
2017-06-03 07:05:45.484854,54.068422,-166.357153,1470.0,80.99,1470.0,79.86
2017-06-03 07:05:45.984055,54.068445,-166.357113,1470.0,80.04,1470.0,79.86
2017-06-03 07:05:46.498857,54.068457,-166.357096,1470.0,79.86,1470.0,81.17
2017-06-03 07:05:46.998056,54.068482,-166.357058,1470.0,80.99,1470.0,80.8
2017-06-03 07:05:47.497259,54.068492,-166.35704,1470.0,79.86,1470.0,80.99
2017-06-03 07:05:47.996458,54.068515,-166.357,1470.0,80.99,1470.0,80.8
2017-06-03 07:05:48.495661,54.068525,-166.35698,1470.0,81.36,1470.0,81.17
2017-06-03 07:05:48.994860,54.068545,-166.356938,1470.0,80.23,1470.0,81.17
2017-06-03 07:05:49.494062,54.068555,-166.356919,1470.0,80.23,1470.0,80.23
2017-06-03 07:05:49.993261,54.068577,-166.356878,1470.0,80.23,1470.0,80.23
2017-06-03 07:05:50.492464,54.068587,-166.35686,1470.0,80.23,1470.0,81.55
2017-06-03 07:05:50.991663,54.068608,-166.356818,1470.0,80.04,1470.0,80.99
2017-06-03 07:05:51.490866,54.068618,-166.3568,1470.0,79.86,1470.0,79.86
2017-06-03 07:05:51.990067,54.068642,-166.356758,1470.0,79.86,1470.0,79.86
2017-06-03 07:05:52.489267,54.068652,-166.35674,1470.0,80.04,1470.0,80.99
2017-06-03 07:05:52.988468,54.068675,-166.3567,1470.0,81.36,1470.0,80.04
2017-06-03 07:05:53.487669,54.068685,-166.356683,1470.0,80.23,1470.0,80.23
2017-06-03 07:05:53.986870,54.068708,-166.356643,1470.0,81.74,1470.0,80.42
2017-06-03 07:05:54.486071,54.068719,-166.356625,1470.0,81.55,1470.0,80.23
2017-06-03 07:05:54.985271,54.068743,-166.356585,1470.0,81.55,1470.0,80.04
2017-06-03 07:05:55.484472,54.068754,-166.356568,1470.0,81.17,1470.0,79.86
2017-06-03 07:05:55.999273,54.068778,-166.356528,1470.0,79.86,1470.0,79.86
2017-06-03 07:05:56.498472,54.068789,-166.35651,1470.0,80.99,1470.0,79.86
2017-06-03 07:05:56.997675,54.068812,-166.35647,1470.0,80.04,1470.0,80.04
2017-06-03 07:05:57.496876,54.068822,-166.35645,1470.0,81.36,1470.0,81.17
2017-06-03 07:05:57.996077,54.068843,-166.356408,1470.0,81.55,1470.0,80.23
2017-06-03 07:05:58.495277,54.068853,-166.356389,1470.0,81.36,1470.0,80.23
2017-06-03 07:05:58.994478,54.068875,-166.356348,1470.0,80.23,1470.0,80.8
2017-06-03 07:05:59.493679,54.068886,-166.356329,1470.0,80.04,1470.0,80.04
2017-06-03 07:05:59.992880,54.068908,-166.356288,1470.0,81.17,1470.0,79.86
2017-06-03 07:06:00.492081,54.068919,-166.356271,1470.0,80.04,1470.0,79.86
2017-06-03 07:06:00.991282,54.068942,-166.356232,1470.0,80.04,1470.0,81.17
2017-06-03 07:06:01.490482,54.068952,-166.356214,1470.0,80.04,1470.0,80.99
2017-06-03 07:06:01.989685,54.068975,-166.356175,1470.0,80.04,1470.0,80.04
2017-06-03 07:06:02.488884,54.068985,-166.356157,1470.0,81.55,1470.0,80.04
2017-06-03 07:06:02.988087,54.069008,-166.356118,1470.0,81.36,1470.0,80.04
2017-06-03 07:06:03.487286,54.069018,-166.356101,1470.0,80.23,1470.0,81.36
2017-06-03 07:06:03.986488,54.069042,-166.35606,1470.0,81.17,1470.0,81.36
2017-06-03 07:06:04.485687,54.069052,-166.356042,1470.0,81.74,1470.0,81.17
2017-06-03 07:06:04.984888,54.069075,-166.356,1470.0,80.23,1470.0,81.17
2017-06-03 07:06:05.484089,54.069085,-166.355982,1470.0,81.36,1470.0,80.23
2017-06-03 07:06:05.998890,54.069108,-166.35594,1470.0,80.42,1470.0,81.36
2017-06-03 07:06:06.498093,54.069119,-166.355921,1470.0,80.61,1470.0,81.55
2017-06-03 07:06:06.997292,54.069142,-166.355882,1470.0,81.93,1470.0,81.55
2017-06-03 07:06:07.496494,54.069152,-166.355862,1470.0,81.74,1470.0,81.36
2017-06-03 07:06:07.995693,54.069173,-166.35582,1470.0,80.42,1470.0,80.23
2017-06-03 07:06:08.494896,54.069184,-166.355801,1470.0,81.55,1470.0,80.04
2017-06-03 07:06:08.994095,54.069207,-166.355762,1470.0,80.04,1470.0,81.17
2017-06-03 07:06:09.493298,54.069218,-166.355744,1470.0,80.04,1470.0,80.99
2017-06-03 07:06:09.992496,54.069242,-166.355705,1470.0,80.23,1470.0,80.04
2017-06-03 07:06:10.491699,54.069252,-166.355687,1470.0,80.23,1470.0,80.04
2017-06-03 07:06:10.990898,54.069275,-166.355647,1470.0,80.99,1470.0,80.23
2017-06-03 07:06:11.490101,54.069285,-166.355628,1470.0,80.61,1470.0,80.42
2017-06-03 07:06:11.989302,54.069307,-166.355587,1470.0,80.61,1470.0,81.93
2017-06-03 07:06:12.488503,54.069316,-166.355567,1470.0,80.61,1470.0,80.61
2017-06-03 07:06:12.987703,54.069337,-166.355525,1470.0,80.8,1470.0,80.61
2017-06-03 07:06:13.486904,54.069347,-166.355507,1470.0,80.8,1470.0,80.61
2017-06-03 07:06:13.986105,54.06937,-166.355465,1470.0,80.8,1470.0,80.61
2017-06-03 07:06:14.485306,54.06938,-166.355448,1470.0,80.61,1470.0,81.93
2017-06-03 07:06:14.984507,54.069403,-166.355407,1470.0,80.61,1470.0,80.61
2017-06-03 07:06:15.499306,54.069415,-166.355388,1470.0,80.61,1470.0,80.61
2017-06-03 07:06:15.998508,54.069438,-166.355348,1470.0,80.61,1470.0,80.61
2017-06-03 07:06:16.497707,54.069449,-166.355329,1470.0,80.61,1470.0,80.61
2017-06-03 07:06:16.996910,54.069472,-166.355288,1470.0,80.8,1470.0,81.17
2017-06-03 07:06:17.496111,54.069482,-166.355269,1470.0,80.99,1470.0,80.8
2017-06-03 07:06:17.995312,54.069505,-166.355228,1470.0,80.99,1470.0,80.8
2017-06-03 07:06:18.494513,54.069515,-166.35521,1470.0,81.93,1470.0,80.8
2017-06-03 07:06:18.993713,54.069537,-166.35517,1470.0,80.8,1470.0,80.8
2017-06-03 07:06:19.492914,54.069547,-166.355151,1470.0,82.11,1470.0,80.61
2017-06-03 07:06:19.992115,54.06957,-166.355112,1470.0,80.61,1470.0,81.55
2017-06-03 07:06:20.491316,54.06958,-166.355093,1470.0,81.74,1470.0,81.93
2017-06-03 07:06:20.990517,54.069602,-166.355052,1470.0,81.74,1470.0,81.74
2017-06-03 07:06:21.489717,54.069612,-166.355034,1470.0,81.93,1470.0,81.55
2017-06-03 07:06:21.988918,54.069635,-166.354993,1470.0,80.61,1470.0,80.61
2017-06-03 07:06:22.488119,54.069645,-166.354975,1470.0,80.8,1470.0,81.93
2017-06-03 07:06:22.987322,54.069667,-166.354935,1470.0,80.8,1470.0,80.8
2017-06-03 07:06:23.486521,54.069677,-166.354917,1470.0,80.8,1470.0,80.8
2017-06-03 07:06:23.985723,54.0697,-166.354875,1470.0,82.11,1470.0,81.93
2017-06-03 07:06:24.484922,54.06971,-166.354857,1470.0,80.99,1470.0,80.99
2017-06-03 07:06:24.984125,54.069733,-166.354815,1470.0,80.99,1470.0,80.99
2017-06-03 07:06:25.498924,54.069743,-166.354796,1470.0,81.17,1470.0,82.11
2017-06-03 07:06:25.998125,54.069765,-166.354755,1470.0,81.36,1470.0,81.17
2017-06-03 07:06:26.497326,54.069776,-166.354736,1470.0,81.36,1470.0,82.3
2017-06-03 07:06:26.996527,54.069798,-166.354695,1470.0,81.36,1470.0,81.17
2017-06-03 07:06:27.495729,54.069808,-166.354676,1470.0,81.17,1470.0,81.17
2017-06-03 07:06:27.994928,54.06983,-166.354635,1470.0,82.11,1470.0,80.99
2017-06-03 07:06:28.494131,54.069841,-166.354617,1470.0,80.99,1470.0,81.36
2017-06-03 07:06:28.993330,54.069863,-166.354578,1470.0,80.8,1470.0,80.8
2017-06-03 07:06:29.492533,54.069875,-166.35456,1470.0,81.93,1470.0,80.61
2017-06-03 07:06:29.991732,54.069898,-166.354522,1470.0,80.61,1470.0,80.61
2017-06-03 07:06:30.490934,54.069909,-166.354503,1470.0,80.61,1470.0,80.61
2017-06-03 07:06:30.990133,54.069932,-166.354463,1470.0,81.93,1470.0,80.61
2017-06-03 07:06:31.489336,54.069941,-166.354445,1470.0,82.3,1470.0,81.93
2017-06-03 07:06:31.988537,54.069963,-166.354403,1470.0,80.99,1470.0,80.99
2017-06-03 07:06:32.487738,54.069973,-166.354384,1470.0,81.17,1470.0,82.68
2017-06-03 07:06:32.986938,54.069993,-166.354342,1470.0,81.36,1470.0,81.36
2017-06-03 07:06:33.486139,54.070002,-166.354323,1470.0,81.55,1470.0,81.55
2017-06-03 07:06:33.946701,54.070023,-166.354281,1470.0,81.55,1470.0,3.46
2017-06-03 07:06:34.484541,54.070033,-166.354261,1470.0,81.36,1470.0,81.36
2017-06-03 07:06:34.999342,54.070057,-166.354217,1470.0,81.36,1470.0,81.17
2017-06-03 07:06:35.498541,54.070067,-166.354198,1470.0,81.17,1470.0,81.93
2017-06-03 07:06:35.997744,54.07009,-166.354158,1470.0,80.99,1470.0,82.3
2017-06-03 07:06:36.496943,54.070101,-166.354141,1470.0,80.99,1470.0,81.93
2017-06-03 07:06:36.996145,54.070125,-166.354103,1470.0,82.49,1470.0,80.8
2017-06-03 07:06:37.495346,54.070136,-166.354085,1470.0,80.8,1470.0,82.11
2017-06-03 07:06:37.994547,54.07016,-166.354047,1470.0,82.3,1470.0,80.61
2017-06-03 07:06:38.493748,54.07017,-166.354028,1470.0,80.8,1470.0,80.61
2017-06-03 07:06:38.992949,54.070192,-166.353988,1470.0,80.8,1470.0,82.11
2017-06-03 07:06:39.492149,54.070201,-166.35397,1470.0,80.8,1470.0,81.93
2017-06-03 07:06:39.991350,54.070223,-166.353928,1470.0,80.8,1470.0,80.8
2017-06-03 07:06:40.490551,54.070233,-166.353909,1470.0,80.8,1470.0,81.74
2017-06-03 07:06:40.989752,54.070253,-166.353867,1470.0,80.8,1470.0,80.8
2017-06-03 07:06:41.488953,54.070263,-166.353848,1470.0,80.8,1470.0,82.3
2017-06-03 07:06:41.988153,54.070285,-166.353805,1470.0,80.8,1470.0,80.8
2017-06-03 07:06:42.487354,54.070294,-166.353786,1470.0,80.8,1470.0,80.8
2017-06-03 07:06:42.986557,54.070317,-166.353742,1470.0,80.99,1470.0,80.8
2017-06-03 07:06:43.485756,54.070326,-166.353724,1470.0,80.99,1470.0,81.17
2017-06-03 07:06:43.984959,54.070348,-166.353682,1470.0,80.99,1470.0,80.99
2017-06-03 07:06:44.484158,54.070359,-166.353665,1470.0,80.99,1470.0,81.93
2017-06-03 07:06:44.998959,54.070383,-166.353625,1470.0,82.11,1470.0,82.11
2017-06-03 07:06:45.498159,54.070395,-166.353607,1470.0,81.93,1470.0,80.8
2017-06-03 07:06:45.997360,54.070418,-166.353568,1470.0,80.8,1470.0,80.8
2017-06-03 07:06:46.496561,54.070429,-166.35355,1470.0,80.8,1470.0,80.61
2017-06-03 07:06:46.995762,54.070452,-166.353512,1470.0,81.74,1470.0,80.61
2017-06-03 07:06:47.494963,54.070462,-166.353493,1470.0,80.8,1470.0,80.61
2017-06-03 07:06:47.994164,54.070485,-166.353453,1470.0,80.8,1470.0,80.61
2017-06-03 07:06:48.493366,54.070494,-166.353434,1470.0,80.8,1470.0,80.61
2017-06-03 07:06:48.992565,54.070515,-166.353392,1470.0,80.99,1470.0,80.8
2017-06-03 07:06:49.491768,54.070524,-166.353372,1470.0,80.99,1470.0,80.99
2017-06-03 07:06:49.990967,54.070545,-166.353328,1470.0,80.99,1470.0,80.99
2017-06-03 07:06:50.490170,54.070554,-166.353309,1470.0,80.99,1470.0,80.99
2017-06-03 07:06:50.989368,54.070575,-166.353267,1470.0,80.99,1470.0,80.99
2017-06-03 07:06:51.488571,54.070585,-166.353248,1470.0,80.99,1470.0,80.8
2017-06-03 07:06:51.987770,54.070608,-166.353207,1470.0,80.99,1470.0,80.8
2017-06-03 07:06:52.486973,54.070619,-166.353188,1470.0,80.99,1470.0,80.8
2017-06-03 07:06:52.986172,54.070643,-166.353148,1470.0,80.99,1470.0,80.8
2017-06-03 07:06:53.485374,54.070654,-166.353131,1470.0,80.99,1470.0,80.8
2017-06-03 07:06:53.984575,54.070678,-166.35309,1470.0,81.17,1470.0,80.99
2017-06-03 07:06:54.483776,54.070688,-166.353073,1470.0,81.17,1470.0,80.99
2017-06-03 07:06:54.998577,54.070712,-166.353032,1470.0,81.36,1470.0,81.17
2017-06-03 07:06:55.497778,54.070722,-166.353013,1470.0,81.17,1470.0,81.93
2017-06-03 07:06:55.996979,54.070745,-166.352973,1470.0,81.17,1470.0,80.99
2017-06-03 07:06:56.496178,54.070755,-166.352954,1470.0,80.8,1470.0,82.3
2017-06-03 07:06:56.995380,54.070777,-166.352912,1470.0,80.8,1470.0,80.61
2017-06-03 07:06:57.494581,54.070787,-166.352892,1470.0,81.93,1470.0,80.61
2017-06-03 07:06:57.993782,54.070808,-166.352852,1470.0,80.99,1470.0,80.8
2017-06-03 07:06:58.492983,54.070818,-166.352833,1470.0,80.99,1470.0,80.99
2017-06-03 07:06:58.992184,54.070838,-166.352792,1470.0,81.17,1470.0,80.99
2017-06-03 07:06:59.491385,54.070847,-166.352772,1470.0,81.17,1470.0,80.99
2017-06-03 07:06:59.990585,54.070868,-166.352728,1470.0,81.17,1470.0,80.99
2017-06-03 07:07:00.489786,54.070878,-166.352709,1470.0,80.99,1470.0,80.99
2017-06-03 07:07:00.988987,54.0709,-166.352667,1470.0,81.17,1470.0,80.99
2017-06-03 07:07:01.488188,54.070909,-166.352649,1470.0,81.17,1470.0,81.17
2017-06-03 07:07:01.948748,54.070931,-166.352609,1470.0,81.36,1470.0,3.46
2017-06-03 07:07:02.486589,54.070942,-166.352591,1470.0,81.36,1470.0,82.3
2017-06-03 07:07:02.985792,54.070967,-166.352548,1470.0,82.49,1470.0,81.17
2017-06-03 07:07:03.484991,54.070977,-166.352531,1470.0,81.17,1470.0,81.17
2017-06-03 07:07:03.984194,54.071,-166.35249,1470.0,82.11,1470.0,80.99
2017-06-03 07:07:04.498993,54.071011,-166.352471,1470.0,81.17,1470.0,80.99
2017-06-03 07:07:04.998194,54.071035,-166.352432,1470.0,81.17,1470.0,81.17
2017-06-03 07:07:05.497395,54.071045,-166.352412,1470.0,81.36,1470.0,82.11
2017-06-03 07:07:05.996595,54.071067,-166.352372,1470.0,81.36,1470.0,81.36
2017-06-03 07:07:06.495796,54.071077,-166.352352,1470.0,81.55,1470.0,81.36
2017-06-03 07:07:06.994997,54.071098,-166.35231,1470.0,81.55,1470.0,81.36
2017-06-03 07:07:07.494198,54.071108,-166.35229,1470.0,81.36,1470.0,81.36
2017-06-03 07:07:07.993399,54.07113,-166.352248,1470.0,81.36,1470.0,82.3
2017-06-03 07:07:08.492601,54.07114,-166.352229,1470.0,81.36,1470.0,81.17
2017-06-03 07:07:08.991800,54.07116,-166.352188,1470.0,81.36,1470.0,81.17
2017-06-03 07:07:09.491003,54.071171,-166.352169,1470.0,82.49,1470.0,81.17
2017-06-03 07:07:09.990202,54.071193,-166.352128,1470.0,81.36,1470.0,81.17
2017-06-03 07:07:10.489405,54.071204,-166.35211,1470.0,81.36,1470.0,81.36
2017-06-03 07:07:10.988604,54.071227,-166.35207,1470.0,82.87,1470.0,81.36
2017-06-03 07:07:11.487806,54.071237,-166.352053,1470.0,81.55,1470.0,81.55
2017-06-03 07:07:11.987005,54.07126,-166.352012,1470.0,81.74,1470.0,82.68
2017-06-03 07:07:12.486208,54.07127,-166.351994,1470.0,81.74,1470.0,81.74
2017-06-03 07:07:12.985407,54.071293,-166.351952,1470.0,81.74,1470.0,81.74
2017-06-03 07:07:13.484610,54.071303,-166.351934,1470.0,81.74,1470.0,81.55
2017-06-03 07:07:13.983810,54.071327,-166.351892,1470.0,81.55,1470.0,81.36
2017-06-03 07:07:14.498611,54.071337,-166.351873,1470.0,82.68,1470.0,81.36
2017-06-03 07:07:14.997812,54.07136,-166.351833,1470.0,81.55,1470.0,81.36
2017-06-03 07:07:15.497013,54.071371,-166.351814,1470.0,81.55,1470.0,81.36
2017-06-03 07:07:15.996214,54.071393,-166.351773,1470.0,82.87,1470.0,82.87
2017-06-03 07:07:16.495415,54.071404,-166.351754,1470.0,81.93,1470.0,82.68
2017-06-03 07:07:16.994616,54.071427,-166.351713,1470.0,83.05,1470.0,81.74
2017-06-03 07:07:17.493814,54.071437,-166.351694,1470.0,81.93,1470.0,82.68
2017-06-03 07:07:17.993017,54.071458,-166.351653,1470.0,82.87,1470.0,81.74
2017-06-03 07:07:18.492216,54.071469,-166.351635,1470.0,83.05,1470.0,81.74
2017-06-03 07:07:18.991419,54.071492,-166.351595,1470.0,83.05,1470.0,82.49
2017-06-03 07:07:19.490620,54.071503,-166.351577,1470.0,82.87,1470.0,81.36
2017-06-03 07:07:19.989820,54.071528,-166.351537,1470.0,81.55,1470.0,81.55
2017-06-03 07:07:20.489021,54.071539,-166.351518,1470.0,81.93,1470.0,82.49
2017-06-03 07:07:20.988222,54.071562,-166.351478,1470.0,81.93,1470.0,83.05
2017-06-03 07:07:21.487423,54.071572,-166.35146,1470.0,83.05,1470.0,81.93
2017-06-03 07:07:21.986624,54.071595,-166.351418,1470.0,82.11,1470.0,81.93
2017-06-03 07:07:22.485825,54.071604,-166.351401,1470.0,83.24,1470.0,81.93
2017-06-03 07:07:22.985025,54.071627,-166.35136,1470.0,83.05,1470.0,81.93
2017-06-03 07:07:23.484226,54.071637,-166.351343,1470.0,81.55,1470.0,81.55
2017-06-03 07:07:23.999027,54.07166,-166.351303,1470.0,81.36,1470.0,82.49
2017-06-03 07:07:24.498228,54.071671,-166.351285,1470.0,82.68,1470.0,81.17
2017-06-03 07:07:24.997429,54.071695,-166.351245,1470.0,81.36,1470.0,81.36
2017-06-03 07:07:25.496630,54.071705,-166.351226,1470.0,82.68,1470.0,81.55
2017-06-03 07:07:25.995831,54.071727,-166.351187,1470.0,81.93,1470.0,83.24
2017-06-03 07:07:26.495031,54.071737,-166.351167,1470.0,82.11,1470.0,83.43
2017-06-03 07:07:26.994232,54.07176,-166.351125,1470.0,82.11,1470.0,82.11
2017-06-03 07:07:27.493433,54.07177,-166.351105,1470.0,82.11,1470.0,83.62
2017-06-03 07:07:27.992634,54.071792,-166.351063,1470.0,81.93,1470.0,83.43
2017-06-03 07:07:28.491837,54.071802,-166.351044,1470.0,81.74,1470.0,81.74
2017-06-03 07:07:28.991035,54.071825,-166.351002,1470.0,81.74,1470.0,81.55
2017-06-03 07:07:29.490238,54.071835,-166.350985,1470.0,82.87,1470.0,81.55
2017-06-03 07:07:29.989437,54.07186,-166.350945,1470.0,81.74,1470.0,82.87
2017-06-03 07:07:30.488640,54.07187,-166.350928,1470.0,82.87,1470.0,81.74
2017-06-03 07:07:30.987839,54.071895,-166.350888,1470.0,81.93,1470.0,81.74
2017-06-03 07:07:31.487041,54.071905,-166.350872,1470.0,83.05,1470.0,83.05
2017-06-03 07:07:31.986240,54.07193,-166.350833,1470.0,83.05,1470.0,83.05
2017-06-03 07:07:32.485443,54.071939,-166.350816,1470.0,81.74,1470.0,82.87
2017-06-03 07:07:32.984642,54.071962,-166.350775,1470.0,82.87,1470.0,81.55
2017-06-03 07:07:33.483845,54.071971,-166.350758,1470.0,82.68,1470.0,82.87
2017-06-03 07:07:33.998646,54.071993,-166.350717,1470.0,81.55,1470.0,81.55
2017-06-03 07:07:34.497847,54.072003,-166.350697,1470.0,83.05,1470.0,81.55
2017-06-03 07:07:34.997047,54.072025,-166.350655,1470.0,82.87,1470.0,81.55
2017-06-03 07:07:35.496248,54.072035,-166.350636,1470.0,81.74,1470.0,82.87
2017-06-03 07:07:35.995449,54.072057,-166.350595,1470.0,81.74,1470.0,81.74
2017-06-03 07:07:36.494650,54.072067,-166.350576,1470.0,83.43,1470.0,81.74
2017-06-03 07:07:36.993851,54.072088,-166.350535,1470.0,81.93,1470.0,83.05
2017-06-03 07:07:37.493052,54.072099,-166.350516,1470.0,81.93,1470.0,81.93
2017-06-03 07:07:37.992252,54.072122,-166.350475,1470.0,81.93,1470.0,82.87
2017-06-03 07:07:38.491451,54.072132,-166.350456,1470.0,81.93,1470.0,81.93
2017-06-03 07:07:38.990654,54.072153,-166.350413,1470.0,81.93,1470.0,82.87
2017-06-03 07:07:39.489855,54.072163,-166.350395,1470.0,81.74,1470.0,82.68
2017-06-03 07:07:39.934814,54.072186,-166.350354,1470.0,82.68,1470.0,163.59
2017-06-03 07:07:40.488256,54.072198,-166.350336,1470.0,81.55,1470.0,82.87
2017-06-03 07:07:40.987457,54.072222,-166.350297,1470.0,81.55,1470.0,81.55
2017-06-03 07:07:41.486658,54.072232,-166.350279,1470.0,81.55,1470.0,82.49
2017-06-03 07:07:41.985859,54.072255,-166.350237,1470.0,83.05,1470.0,82.87
2017-06-03 07:07:42.485060,54.072264,-166.350219,1470.0,81.93,1470.0,81.74
2017-06-03 07:07:42.984261,54.072287,-166.350177,1470.0,82.87,1470.0,83.05
2017-06-03 07:07:43.499062,54.072297,-166.350156,1470.0,81.93,1470.0,81.74
2017-06-03 07:07:43.998262,54.072318,-166.350113,1470.0,81.74,1470.0,81.74
2017-06-03 07:07:44.497463,54.072328,-166.350094,1470.0,81.74,1470.0,82.68
2017-06-03 07:07:44.996666,54.072348,-166.350052,1470.0,81.74,1470.0,82.87
2017-06-03 07:07:45.495865,54.072358,-166.350032,1470.0,83.05,1470.0,81.55
2017-06-03 07:07:45.995066,54.07238,-166.349992,1470.0,82.68,1470.0,81.55
2017-06-03 07:07:46.494267,54.072391,-166.349972,1470.0,81.55,1470.0,81.55
2017-06-03 07:07:46.993467,54.072415,-166.34993,1470.0,82.87,1470.0,82.68
2017-06-03 07:07:47.492668,54.072425,-166.349912,1470.0,81.55,1470.0,82.3
2017-06-03 07:07:47.991869,54.072447,-166.34987,1470.0,81.55,1470.0,82.49
2017-06-03 07:07:48.491070,54.072457,-166.349852,1470.0,81.74,1470.0,81.55
2017-06-03 07:07:48.990271,54.07248,-166.349812,1470.0,83.05,1470.0,81.55
2017-06-03 07:07:49.489473,54.07249,-166.349793,1470.0,81.74,1470.0,82.68
2017-06-03 07:07:49.988672,54.072512,-166.349752,1470.0,81.74,1470.0,82.87
2017-06-03 07:07:50.487875,54.072522,-166.349732,1470.0,82.87,1470.0,82.68
2017-06-03 07:07:50.987074,54.072545,-166.34969,1470.0,81.55,1470.0,81.55
2017-06-03 07:07:51.486277,54.072554,-166.349672,1470.0,81.55,1470.0,81.55
2017-06-03 07:07:51.985476,54.072577,-166.34963,1470.0,83.05,1470.0,81.36
2017-06-03 07:07:52.484678,54.072587,-166.349612,1470.0,82.3,1470.0,81.55
2017-06-03 07:07:52.983877,54.07261,-166.34957,1470.0,82.87,1470.0,82.49
2017-06-03 07:07:53.498680,54.072621,-166.349551,1470.0,81.55,1470.0,81.55
2017-06-03 07:07:53.997881,54.072643,-166.34951,1470.0,81.55,1470.0,82.3
2017-06-03 07:07:54.497082,54.072654,-166.349491,1470.0,81.55,1470.0,81.55
2017-06-03 07:07:54.996283,54.072677,-166.349448,1470.0,81.55,1470.0,82.87
2017-06-03 07:07:55.495483,54.072687,-166.34943,1470.0,81.55,1470.0,82.49
2017-06-03 07:07:55.994684,54.072712,-166.349387,1470.0,81.55,1470.0,81.55
2017-06-03 07:07:56.493885,54.072722,-166.349367,1470.0,82.87,1470.0,82.68
2017-06-03 07:07:56.993086,54.072743,-166.349325,1470.0,81.74,1470.0,81.55
2017-06-03 07:07:57.492287,54.072753,-166.349307,1470.0,81.55,1470.0,81.55
2017-06-03 07:07:57.991488,54.072777,-166.349267,1470.0,82.49,1470.0,82.68
2017-06-03 07:07:58.490688,54.072787,-166.349248,1470.0,81.17,1470.0,81.17
2017-06-03 07:07:58.989889,54.07281,-166.349207,1470.0,80.99,1470.0,81.93
2017-06-03 07:07:59.489090,54.07282,-166.34919,1470.0,80.99,1470.0,82.11
2017-06-03 07:07:59.988291,54.072843,-166.34915,1470.0,82.3,1470.0,80.99
2017-06-03 07:08:00.487492,54.072853,-166.349133,1470.0,81.17,1470.0,82.3
2017-06-03 07:08:00.986692,54.072877,-166.349092,1470.0,81.36,1470.0,81.36
2017-06-03 07:08:01.485893,54.072886,-166.349074,1470.0,82.68,1470.0,81.36
2017-06-03 07:08:01.985094,54.072908,-166.349032,1470.0,81.55,1470.0,82.87
2017-06-03 07:08:02.484295,54.072918,-166.349013,1470.0,81.55,1470.0,82.87
2017-06-03 07:08:02.999096,54.072942,-166.348968,1470.0,81.55,1470.0,81.55
2017-06-03 07:08:03.498297,54.072952,-166.348949,1470.0,82.87,1470.0,81.55
2017-06-03 07:08:03.997498,54.072975,-166.348908,1470.0,82.87,1470.0,82.49
2017-06-03 07:08:04.496698,54.072985,-166.348889,1470.0,83.05,1470.0,81.55
2017-06-03 07:08:04.995901,54.073008,-166.348848,1470.0,81.55,1470.0,82.3
2017-06-03 07:08:05.495100,54.073019,-166.348831,1470.0,82.49,1470.0,81.36
2017-06-03 07:08:05.994303,54.073043,-166.34879,1470.0,81.36,1470.0,82.49
2017-06-03 07:08:06.493502,54.073054,-166.348772,1470.0,82.68,1470.0,81.17
2017-06-03 07:08:06.992702,54.073077,-166.348733,1470.0,82.68,1470.0,81.17
2017-06-03 07:08:07.491903,54.073087,-166.348716,1470.0,81.17,1470.0,82.3
2017-06-03 07:08:07.991104,54.07311,-166.348675,1470.0,81.17,1470.0,82.3
2017-06-03 07:08:08.490305,54.07312,-166.348656,1470.0,82.3,1470.0,81.17
2017-06-03 07:08:08.989506,54.073142,-166.348615,1470.0,82.3,1470.0,80.99
2017-06-03 07:08:09.488707,54.073151,-166.348597,1470.0,81.17,1470.0,80.99
2017-06-03 07:08:09.987907,54.073173,-166.348555,1470.0,81.17,1470.0,82.3
2017-06-03 07:08:10.487110,54.073182,-166.348537,1470.0,81.17,1470.0,81.17
2017-06-03 07:08:10.986309,54.073203,-166.348493,1470.0,82.49,1470.0,81.17
2017-06-03 07:08:11.485512,54.073213,-166.348475,1470.0,81.17,1470.0,82.3
2017-06-03 07:08:11.984711,54.073235,-166.348432,1470.0,81.17,1470.0,81.17
2017-06-03 07:08:12.483913,54.073245,-166.348413,1470.0,81.17,1470.0,82.11
2017-06-03 07:08:12.998713,54.07327,-166.34837,1470.0,81.17,1470.0,81.17
2017-06-03 07:08:13.497915,54.073281,-166.34835,1470.0,81.36,1470.0,81.17
2017-06-03 07:08:13.997114,54.073305,-166.348307,1470.0,82.68,1470.0,81.36
2017-06-03 07:08:14.496317,54.073316,-166.348287,1470.0,81.55,1470.0,81.55
2017-06-03 07:08:14.995518,54.07334,-166.348245,1470.0,83.05,1470.0,81.55
2017-06-03 07:08:15.494719,54.073351,-166.348225,1470.0,82.68,1470.0,81.55
2017-06-03 07:08:15.993919,54.073373,-166.348183,1470.0,81.55,1470.0,81.55
2017-06-03 07:08:16.493120,54.073383,-166.348165,1470.0,82.68,1470.0,81.36
2017-06-03 07:08:16.992321,54.073405,-166.348123,1470.0,81.55,1470.0,81.17
2017-06-03 07:08:17.491522,54.073415,-166.348105,1470.0,81.36,1470.0,82.3
2017-06-03 07:08:17.990723,54.073438,-166.348062,1470.0,80.99,1470.0,81.93
2017-06-03 07:08:18.489923,54.073448,-166.348043,1470.0,80.99,1470.0,80.8
2017-06-03 07:08:18.989124,54.07347,-166.348002,1470.0,81.93,1470.0,80.61
2017-06-03 07:08:19.488325,54.073479,-166.347984,1470.0,81.74,1470.0,81.93
2017-06-03 07:08:19.987526,54.073502,-166.347942,1470.0,80.8,1470.0,81.93
2017-06-03 07:08:20.486727,54.073511,-166.347924,1470.0,81.74,1470.0,80.8
2017-06-03 07:08:20.985928,54.073533,-166.347882,1470.0,82.68,1470.0,82.11
2017-06-03 07:08:21.485128,54.073542,-166.347863,1470.0,81.36,1470.0,81.17
2017-06-03 07:08:21.984329,54.073563,-166.34782,1470.0,81.36,1470.0,81.36
2017-06-03 07:08:22.499130,54.073573,-166.3478,1470.0,81.55,1470.0,82.68
2017-06-03 07:08:22.998331,54.073595,-166.347755,1470.0,81.55,1470.0,83.05
2017-06-03 07:08:23.497532,54.073605,-166.347736,1470.0,81.36,1470.0,81.55
2017-06-03 07:08:23.996733,54.073628,-166.347692,1470.0,81.36,1470.0,81.36
2017-06-03 07:08:24.495934,54.073639,-166.347673,1470.0,82.49,1470.0,81.17
2017-06-03 07:08:24.995136,54.073663,-166.347632,1470.0,82.3,1470.0,82.49
2017-06-03 07:08:25.494335,54.073675,-166.347614,1470.0,80.99,1470.0,82.49
2017-06-03 07:08:25.993538,54.0737,-166.347575,1470.0,81.17,1470.0,82.3
2017-06-03 07:08:26.492737,54.073711,-166.347556,1470.0,80.99,1470.0,81.93
2017-06-03 07:08:26.991940,54.073735,-166.347515,1470.0,82.3,1470.0,80.99
2017-06-03 07:08:27.491138,54.073744,-166.347497,1470.0,81.17,1470.0,82.3
2017-06-03 07:08:27.990339,54.073767,-166.347455,1470.0,82.3,1470.0,81.17
2017-06-03 07:08:28.489540,54.073776,-166.347437,1470.0,82.49,1470.0,81.17
2017-06-03 07:08:28.988741,54.073798,-166.347393,1470.0,81.17,1470.0,81.17
2017-06-03 07:08:29.487942,54.073808,-166.347374,1470.0,82.3,1470.0,82.3
2017-06-03 07:08:29.987143,54.073832,-166.34733,1470.0,80.99,1470.0,80.99
2017-06-03 07:08:30.486345,54.073842,-166.347312,1470.0,80.99,1470.0,80.99
2017-06-03 07:08:30.985544,54.073865,-166.347268,1470.0,80.99,1470.0,82.11
2017-06-03 07:08:31.484747,54.073874,-166.34725,1470.0,80.99,1470.0,80.99
2017-06-03 07:08:31.983946,54.073897,-166.347208,1470.0,82.49,1470.0,80.99
2017-06-03 07:08:32.498749,54.073907,-166.34719,1470.0,80.99,1470.0,80.99
2017-06-03 07:08:32.997948,54.07393,-166.34715,1470.0,80.99,1470.0,80.99
2017-06-03 07:08:33.497150,54.07394,-166.347132,1470.0,80.99,1470.0,80.99
2017-06-03 07:08:33.996349,54.073963,-166.347092,1470.0,81.17,1470.0,80.99
2017-06-03 07:08:34.495552,54.073974,-166.347073,1470.0,82.3,1470.0,82.3
2017-06-03 07:08:34.994751,54.073998,-166.347033,1470.0,81.17,1470.0,81.36
2017-06-03 07:08:35.493954,54.074009,-166.347015,1470.0,81.17,1470.0,82.3
2017-06-03 07:08:35.993155,54.074033,-166.346972,1470.0,81.17,1470.0,80.99
2017-06-03 07:08:36.492355,54.074044,-166.346953,1470.0,80.99,1470.0,81.93
2017-06-03 07:08:36.991556,54.074067,-166.346912,1470.0,80.99,1470.0,80.99
2017-06-03 07:08:37.490757,54.074077,-166.346893,1470.0,80.99,1470.0,80.99
2017-06-03 07:08:37.989958,54.0741,-166.34685,1470.0,81.17,1470.0,80.99
2017-06-03 07:08:38.489159,54.074109,-166.346832,1470.0,81.17,1470.0,80.99
2017-06-03 07:08:38.988359,54.074132,-166.346788,1470.0,82.3,1470.0,80.99
2017-06-03 07:08:39.487560,54.074142,-166.34677,1470.0,82.68,1470.0,81.36
2017-06-03 07:08:39.986761,54.074165,-166.346727,1470.0,80.99,1470.0,82.11
2017-06-03 07:08:40.485962,54.074175,-166.346709,1470.0,80.99,1470.0,81.93
2017-06-03 07:08:40.985163,54.0742,-166.346667,1470.0,80.99,1470.0,80.99
2017-06-03 07:08:41.484364,54.07421,-166.34665,1470.0,80.99,1470.0,82.11
2017-06-03 07:08:41.999165,54.074235,-166.34661,1470.0,80.99,1470.0,82.3
2017-06-03 07:08:42.498365,54.074246,-166.346591,1470.0,80.99,1470.0,82.49
2017-06-03 07:08:42.997566,54.07427,-166.34655,1470.0,82.49,1470.0,80.99
2017-06-03 07:08:43.496767,54.07428,-166.346532,1470.0,81.17,1470.0,82.49
2017-06-03 07:08:43.995968,54.074303,-166.34649,1470.0,81.17,1470.0,81.17
2017-06-03 07:08:44.495169,54.074313,-166.346471,1470.0,81.17,1470.0,82.49
2017-06-03 07:08:44.994371,54.074335,-166.34643,1470.0,82.49,1470.0,80.99
2017-06-03 07:08:45.493570,54.074346,-166.346412,1470.0,80.99,1470.0,82.11
2017-06-03 07:08:45.992773,54.07437,-166.346372,1470.0,82.11,1470.0,80.8
2017-06-03 07:08:46.491972,54.07438,-166.346354,1470.0,81.93,1470.0,81.74
2017-06-03 07:08:46.991175,54.074402,-166.346315,1470.0,80.61,1470.0,81.93
2017-06-03 07:08:47.490374,54.074412,-166.346298,1470.0,80.61,1470.0,80.61
2017-06-03 07:08:47.989576,54.074437,-166.346258,1470.0,81.93,1470.0,80.61
2017-06-03 07:08:48.488775,54.074447,-166.34624,1470.0,80.8,1470.0,81.93
2017-06-03 07:08:48.987976,54.07447,-166.346198,1470.0,80.99,1470.0,80.99
2017-06-03 07:08:49.487177,54.07448,-166.34618,1470.0,82.68,1470.0,82.49
2017-06-03 07:08:49.986378,54.074503,-166.346137,1470.0,81.36,1470.0,82.11
2017-06-03 07:08:50.485580,54.074513,-166.346118,1470.0,81.36,1470.0,81.36
2017-06-03 07:08:50.984779,54.074537,-166.346075,1470.0,81.55,1470.0,81.36
2017-06-03 07:08:51.483982,54.074546,-166.346056,1470.0,81.36,1470.0,83.05
2017-06-03 07:08:51.998781,54.074568,-166.346012,1470.0,81.36,1470.0,81.17
2017-06-03 07:08:52.497984,54.074579,-166.345993,1470.0,81.17,1470.0,81.17
2017-06-03 07:08:52.997183,54.074603,-166.345953,1470.0,81.17,1470.0,80.99
2017-06-03 07:08:53.496386,54.074614,-166.345936,1470.0,81.93,1470.0,81.17
2017-06-03 07:08:53.995584,54.074638,-166.345897,1470.0,80.99,1470.0,82.3
2017-06-03 07:08:54.494787,54.074649,-166.345879,1470.0,82.11,1470.0,81.93
2017-06-03 07:08:54.993986,54.074673,-166.345842,1470.0,80.8,1470.0,80.61
2017-06-03 07:08:55.493189,54.074683,-166.345824,1470.0,81.93,1470.0,80.42
2017-06-03 07:08:55.992390,54.074707,-166.345785,1470.0,81.74,1470.0,80.42
2017-06-03 07:08:56.491590,54.074717,-166.345767,1470.0,81.74,1470.0,81.74
2017-06-03 07:08:56.990791,54.074738,-166.345727,1470.0,80.8,1470.0,81.74
2017-06-03 07:08:57.489992,54.074747,-166.345708,1470.0,80.99,1470.0,80.99
2017-06-03 07:08:57.989193,54.074768,-166.345663,1470.0,81.36,1470.0,81.17
2017-06-03 07:08:58.488394,54.074777,-166.345644,1470.0,81.36,1470.0,82.3
2017-06-03 07:08:58.987595,54.074798,-166.3456,1470.0,81.36,1470.0,81.17
2017-06-03 07:08:59.486795,54.074808,-166.345581,1470.0,81.17,1470.0,80.99
2017-06-03 07:08:59.985996,54.07483,-166.345537,1470.0,80.99,1470.0,80.8
2017-06-03 07:09:00.485197,54.07484,-166.345519,1470.0,80.8,1470.0,80.8
2017-06-03 07:09:00.984398,54.074865,-166.345477,1470.0,80.8,1470.0,80.8
2017-06-03 07:09:01.499199,54.074876,-166.345458,1470.0,80.99,1470.0,81.74
2017-06-03 07:09:01.998400,54.0749,-166.345418,1470.0,81.17,1470.0,80.99
2017-06-03 07:09:02.497601,54.074911,-166.3454,1470.0,81.17,1470.0,80.99
2017-06-03 07:09:02.996801,54.074935,-166.345362,1470.0,81.17,1470.0,80.99
2017-06-03 07:09:03.496002,54.074946,-166.345344,1470.0,82.3,1470.0,80.99
2017-06-03 07:09:03.995203,54.074968,-166.345305,1470.0,80.99,1470.0,82.3
2017-06-03 07:09:04.494404,54.074978,-166.345286,1470.0,82.11,1470.0,80.99
2017-06-03 07:09:04.993605,54.075,-166.345245,1470.0,80.8,1470.0,80.8
2017-06-03 07:09:05.492805,54.07501,-166.345227,1470.0,80.8,1470.0,81.55
2017-06-03 07:09:05.992008,54.075032,-166.345185,1470.0,80.8,1470.0,80.61
2017-06-03 07:09:06.491207,54.075041,-166.345166,1470.0,82.3,1470.0,81.74
2017-06-03 07:09:06.990410,54.075062,-166.345123,1470.0,80.8,1470.0,80.8
2017-06-03 07:09:07.489609,54.075071,-166.345105,1470.0,80.99,1470.0,80.8
2017-06-03 07:09:07.988811,54.075092,-166.345062,1470.0,80.8,1470.0,81.74
2017-06-03 07:09:08.488010,54.075102,-166.345044,1470.0,80.8,1470.0,80.8
2017-06-03 07:09:08.987213,54.075125,-166.345002,1470.0,81.74,1470.0,80.61
2017-06-03 07:09:09.486412,54.075135,-166.344984,1470.0,80.8,1470.0,81.93
2017-06-03 07:09:09.985613,54.075157,-166.344943,1470.0,80.99,1470.0,81.93
2017-06-03 07:09:10.484814,54.075167,-166.344924,1470.0,80.99,1470.0,80.99
2017-06-03 07:09:10.984015,54.07519,-166.344883,1470.0,80.99,1470.0,80.99
2017-06-03 07:09:11.498817,54.075201,-166.344864,1470.0,82.3,1470.0,80.99
2017-06-03 07:09:11.998016,54.075225,-166.344823,1470.0,80.99,1470.0,81.93
2017-06-03 07:09:12.497219,54.075236,-166.344804,1470.0,80.99,1470.0,80.8
2017-06-03 07:09:12.996418,54.07526,-166.344762,1470.0,80.99,1470.0,80.8
2017-06-03 07:09:13.495621,54.07527,-166.344743,1470.0,80.99,1470.0,80.8
2017-06-03 07:09:13.994820,54.075293,-166.3447,1470.0,80.8,1470.0,80.8
2017-06-03 07:09:14.494022,54.075304,-166.344681,1470.0,82.11,1470.0,80.8
2017-06-03 07:09:14.993221,54.075327,-166.344638,1470.0,80.99,1470.0,80.8
2017-06-03 07:09:15.492424,54.075337,-166.34462,1470.0,80.99,1470.0,80.8
2017-06-03 07:09:15.991625,54.07536,-166.344577,1470.0,80.99,1470.0,81.93
2017-06-03 07:09:16.490826,54.075369,-166.344559,1470.0,80.8,1470.0,80.8
2017-06-03 07:09:16.990026,54.075392,-166.344517,1470.0,80.8,1470.0,80.8
2017-06-03 07:09:17.489227,54.075401,-166.344499,1470.0,80.8,1470.0,80.61
2017-06-03 07:09:17.988428,54.075423,-166.344457,1470.0,80.8,1470.0,80.61
2017-06-03 07:09:18.487629,54.075432,-166.344439,1470.0,80.61,1470.0,80.61
2017-06-03 07:09:18.986830,54.075453,-166.344398,1470.0,80.8,1470.0,80.61
2017-06-03 07:09:19.486031,54.075463,-166.344381,1470.0,80.8,1470.0,81.74
2017-06-03 07:09:19.985231,54.075487,-166.34434,1470.0,80.61,1470.0,80.61
2017-06-03 07:09:20.484432,54.075497,-166.344323,1470.0,80.61,1470.0,80.99
2017-06-03 07:09:20.999233,54.07552,-166.344282,1470.0,80.61,1470.0,80.42
2017-06-03 07:09:21.498434,54.075531,-166.344262,1470.0,80.61,1470.0,80.61
2017-06-03 07:09:21.997635,54.075555,-166.344222,1470.0,80.8,1470.0,80.61
2017-06-03 07:09:22.496836,54.075565,-166.344203,1470.0,80.99,1470.0,80.8
2017-06-03 07:09:22.996037,54.075588,-166.344162,1470.0,81.17,1470.0,80.99
2017-06-03 07:09:23.495237,54.075598,-166.344143,1470.0,81.17,1470.0,81.93
2017-06-03 07:09:23.994438,54.075622,-166.3441,1470.0,81.17,1470.0,80.99
2017-06-03 07:09:24.493639,54.075632,-166.344081,1470.0,80.99,1470.0,80.99
2017-06-03 07:09:24.992840,54.075655,-166.344038,1470.0,81.74,1470.0,80.8
2017-06-03 07:09:25.492041,54.075665,-166.34402,1470.0,80.8,1470.0,81.74
2017-06-03 07:09:25.991241,54.075688,-166.343978,1470.0,80.61,1470.0,80.61
2017-06-03 07:09:26.490442,54.075699,-166.343961,1470.0,80.61,1470.0,80.61
2017-06-03 07:09:26.989645,54.075723,-166.343922,1470.0,80.61,1470.0,80.61
2017-06-03 07:09:27.488844,54.075734,-166.343904,1470.0,80.61,1470.0,80.61
2017-06-03 07:09:27.988047,54.075758,-166.343863,1470.0,80.8,1470.0,80.61
2017-06-03 07:09:28.487246,54.075768,-166.343845,1470.0,82.11,1470.0,80.8
2017-06-03 07:09:28.986448,54.075792,-166.343803,1470.0,80.8,1470.0,80.8
2017-06-03 07:09:29.485647,54.075801,-166.343785,1470.0,80.99,1470.0,81.93
2017-06-03 07:09:29.984850,54.075823,-166.343742,1470.0,80.8,1470.0,80.8
2017-06-03 07:09:30.484049,54.075833,-166.343724,1470.0,80.8,1470.0,80.61
2017-06-03 07:09:30.998850,54.075855,-166.343682,1470.0,80.8,1470.0,81.36
2017-06-03 07:09:31.498051,54.075865,-166.343664,1470.0,80.61,1470.0,81.74
2017-06-03 07:09:31.997252,54.075888,-166.343623,1470.0,80.61,1470.0,80.61
2017-06-03 07:09:32.496454,54.075899,-166.343605,1470.0,80.8,1470.0,80.61
2017-06-03 07:09:32.995653,54.075922,-166.343565,1470.0,81.74,1470.0,80.61
2017-06-03 07:09:33.494856,54.075932,-166.343547,1470.0,80.8,1470.0,80.99
2017-06-03 07:09:33.994055,54.075957,-166.343505,1470.0,81.93,1470.0,80.8
2017-06-03 07:09:34.493258,54.075967,-166.343488,1470.0,80.8,1470.0,81.55
2017-06-03 07:09:34.992456,54.07599,-166.343447,1470.0,80.8,1470.0,80.8
2017-06-03 07:09:35.491659,54.076,-166.343429,1470.0,80.8,1470.0,81.93
2017-06-03 07:09:35.990858,54.076023,-166.343387,1470.0,80.99,1470.0,80.8
2017-06-03 07:09:36.490061,54.076033,-166.343369,1470.0,80.99,1470.0,80.61
2017-06-03 07:09:36.989262,54.076057,-166.343327,1470.0,80.8,1470.0,81.74
2017-06-03 07:09:37.488462,54.076067,-166.343309,1470.0,81.55,1470.0,80.8
2017-06-03 07:09:37.987663,54.07609,-166.343267,1470.0,82.11,1470.0,80.61
2017-06-03 07:09:38.486864,54.076099,-166.343248,1470.0,80.8,1470.0,81.74
2017-06-03 07:09:38.986065,54.076122,-166.343205,1470.0,80.8,1470.0,80.61
2017-06-03 07:09:39.485266,54.076131,-166.343187,1470.0,80.8,1470.0,81.55
2017-06-03 07:09:39.984467,54.076153,-166.343145,1470.0,81.93,1470.0,80.61
2017-06-03 07:09:40.499266,54.076164,-166.343126,1470.0,80.8,1470.0,81.74
2017-06-03 07:09:40.998468,54.076187,-166.343085,1470.0,81.93,1470.0,80.61
2017-06-03 07:09:41.497669,54.076197,-166.343067,1470.0,80.8,1470.0,80.61
2017-06-03 07:09:41.996870,54.07622,-166.343025,1470.0,80.8,1470.0,80.61
2017-06-03 07:09:42.496071,54.07623,-166.343006,1470.0,80.61,1470.0,81.74
2017-06-03 07:09:42.995272,54.076253,-166.342965,1470.0,80.61,1470.0,81.74
2017-06-03 07:09:43.494473,54.076263,-166.342947,1470.0,80.61,1470.0,80.42
2017-06-03 07:09:43.993673,54.076287,-166.342905,1470.0,80.61,1470.0,80.61
2017-06-03 07:09:44.492874,54.076296,-166.342887,1470.0,80.8,1470.0,81.74
2017-06-03 07:09:44.992075,54.076318,-166.342845,1470.0,80.8,1470.0,80.8
2017-06-03 07:09:45.491276,54.076328,-166.342827,1470.0,80.8,1470.0,80.8
2017-06-03 07:09:45.990477,54.076352,-166.342785,1470.0,81.93,1470.0,80.61
2017-06-03 07:09:46.489677,54.076361,-166.342768,1470.0,80.42,1470.0,80.42
2017-06-03 07:09:46.988880,54.076383,-166.342727,1470.0,80.42,1470.0,80.23
2017-06-03 07:09:47.488079,54.076393,-166.342709,1470.0,80.42,1470.0,80.23
2017-06-03 07:09:47.987282,54.076417,-166.342667,1470.0,81.55,1470.0,80.42
2017-06-03 07:09:48.486481,54.076426,-166.342649,1470.0,80.61,1470.0,81.74
2017-06-03 07:09:48.985683,54.076447,-166.342607,1470.0,81.74,1470.0,81.74
2017-06-03 07:09:49.484882,54.076457,-166.342588,1470.0,80.8,1470.0,80.8
2017-06-03 07:09:49.984085,54.07648,-166.342545,1470.0,80.99,1470.0,82.11
2017-06-03 07:09:50.498884,54.07649,-166.342526,1470.0,80.8,1470.0,80.99
2017-06-03 07:09:50.998085,54.076513,-166.342485,1470.0,81.74,1470.0,81.93
2017-06-03 07:09:51.497286,54.076523,-166.342466,1470.0,82.11,1470.0,80.61
2017-06-03 07:09:51.996487,54.076547,-166.342423,1470.0,81.93,1470.0,80.61
2017-06-03 07:09:52.495689,54.076557,-166.342405,1470.0,81.93,1470.0,80.61
2017-06-03 07:09:52.994888,54.076578,-166.342365,1470.0,81.74,1470.0,80.61
2017-06-03 07:09:53.494091,54.076589,-166.342347,1470.0,80.61,1470.0,81.55
2017-06-03 07:09:53.993290,54.076613,-166.342307,1470.0,80.42,1470.0,81.36
2017-06-03 07:09:54.492493,54.076623,-166.342289,1470.0,80.42,1470.0,81.36
2017-06-03 07:09:54.991692,54.076645,-166.34225,1470.0,81.74,1470.0,80.23
2017-06-03 07:09:55.490894,54.076654,-166.342233,1470.0,80.42,1470.0,81.55
2017-06-03 07:09:55.990093,54.076677,-166.342193,1470.0,80.61,1470.0,80.42
2017-06-03 07:09:56.489296,54.076687,-166.342175,1470.0,80.61,1470.0,81.55
2017-06-03 07:09:56.988495,54.07671,-166.342132,1470.0,80.61,1470.0,80.61
2017-06-03 07:09:57.487698,54.076719,-166.342114,1470.0,80.8,1470.0,81.74
2017-06-03 07:09:57.986898,54.076742,-166.342072,1470.0,80.61,1470.0,80.61
2017-06-03 07:09:58.486099,54.076752,-166.342054,1470.0,80.61,1470.0,81.74
2017-06-03 07:09:58.985300,54.076775,-166.342012,1470.0,80.8,1470.0,80.61
2017-06-03 07:09:59.484501,54.076785,-166.341994,1470.0,80.61,1470.0,81.74
2017-06-03 07:09:59.999302,54.076808,-166.341952,1470.0,82.3,1470.0,81.55
2017-06-03 07:10:00.498503,54.076819,-166.341933,1470.0,80.8,1470.0,80.8
2017-06-03 07:10:00.997704,54.076842,-166.341893,1470.0,82.11,1470.0,80.8
2017-06-03 07:10:01.496902,54.076852,-166.341875,1470.0,82.3,1470.0,80.8
2017-06-03 07:10:01.996105,54.076877,-166.341833,1470.0,80.8,1470.0,81.93
2017-06-03 07:10:02.495306,54.076888,-166.341816,1470.0,80.61,1470.0,80.61
2017-06-03 07:10:02.994507,54.076912,-166.341777,1470.0,81.74,1470.0,80.42
2017-06-03 07:10:03.493708,54.076922,-166.341759,1470.0,80.42,1470.0,80.42
2017-06-03 07:10:03.992908,54.076945,-166.341718,1470.0,80.42,1470.0,81.36
2017-06-03 07:10:04.492109,54.076955,-166.341701,1470.0,81.55,1470.0,80.42
2017-06-03 07:10:04.991310,54.076978,-166.34166,1470.0,81.74,1470.0,80.42
2017-06-03 07:10:05.490511,54.076988,-166.341642,1470.0,80.61,1470.0,80.61
2017-06-03 07:10:05.989712,54.077012,-166.341598,1470.0,80.8,1470.0,80.61
2017-06-03 07:10:06.488913,54.077021,-166.34158,1470.0,80.8,1470.0,81.74
2017-06-03 07:10:06.988115,54.077043,-166.341537,1470.0,80.99,1470.0,80.8
2017-06-03 07:10:07.487314,54.077053,-166.341518,1470.0,82.11,1470.0,80.99
2017-06-03 07:10:07.986517,54.077075,-166.341475,1470.0,80.8,1470.0,80.8
2017-06-03 07:10:08.485716,54.077085,-166.341457,1470.0,80.8,1470.0,81.17
2017-06-03 07:10:08.984919,54.077108,-166.341413,1470.0,81.93,1470.0,80.61
2017-06-03 07:10:09.484118,54.077118,-166.341396,1470.0,81.93,1470.0,80.61
2017-06-03 07:10:09.998919,54.077142,-166.341353,1470.0,82.11,1470.0,80.61
2017-06-03 07:10:10.498119,54.077152,-166.341335,1470.0,80.8,1470.0,80.99
2017-06-03 07:10:10.997320,54.077175,-166.341295,1470.0,82.11,1470.0,80.61
2017-06-03 07:10:11.496521,54.077185,-166.341277,1470.0,80.61,1470.0,81.93
2017-06-03 07:10:11.995722,54.077208,-166.341237,1470.0,81.74,1470.0,80.42
2017-06-03 07:10:12.494925,54.077219,-166.341219,1470.0,81.74,1470.0,80.42
2017-06-03 07:10:12.994123,54.077242,-166.34118,1470.0,81.93,1470.0,80.42
2017-06-03 07:10:13.493326,54.077251,-166.341161,1470.0,80.61,1470.0,81.74
2017-06-03 07:10:13.992525,54.077273,-166.341118,1470.0,80.8,1470.0,81.74
2017-06-03 07:10:14.491728,54.077283,-166.341098,1470.0,81.93,1470.0,80.8
2017-06-03 07:10:14.990927,54.077305,-166.341055,1470.0,80.99,1470.0,80.99
2017-06-03 07:10:15.490129,54.077314,-166.341037,1470.0,81.17,1470.0,82.68
2017-06-03 07:10:15.989328,54.077335,-166.340993,1470.0,81.17,1470.0,81.17
2017-06-03 07:10:16.488531,54.077344,-166.340975,1470.0,80.99,1470.0,80.99
2017-06-03 07:10:16.987730,54.077367,-166.340932,1470.0,81.36,1470.0,80.8
2017-06-03 07:10:17.486933,54.077377,-166.340914,1470.0,80.8,1470.0,82.11
2017-06-03 07:10:17.986134,54.077402,-166.340873,1470.0,80.61,1470.0,80.61
2017-06-03 07:10:18.485334,54.077412,-166.340856,1470.0,80.61,1470.0,81.93
2017-06-03 07:10:18.984535,54.077437,-166.340817,1470.0,81.93,1470.0,81.55
2017-06-03 07:10:19.499336,54.077447,-166.340798,1470.0,80.8,1470.0,81.74
2017-06-03 07:10:19.998537,54.07747,-166.34076,1470.0,82.11,1470.0,80.8
2017-06-03 07:10:20.497738,54.07748,-166.340741,1470.0,81.93,1470.0,81.93
2017-06-03 07:10:20.996939,54.077502,-166.340702,1470.0,81.74,1470.0,81.55
2017-06-03 07:10:21.496140,54.077512,-166.340682,1470.0,80.61,1470.0,81.55
2017-06-03 07:10:21.995340,54.077535,-166.340642,1470.0,81.74,1470.0,80.61
2017-06-03 07:10:22.494539,54.077544,-166.340622,1470.0,80.8,1470.0,80.61
2017-06-03 07:10:22.993742,54.077565,-166.340578,1470.0,80.8,1470.0,81.55
2017-06-03 07:10:23.492943,54.077574,-166.340559,1470.0,80.99,1470.0,82.3
2017-06-03 07:10:23.992144,54.077597,-166.340513,1470.0,81.17,1470.0,80.99
2017-06-03 07:10:24.491344,54.077606,-166.340494,1470.0,81.17,1470.0,80.99
2017-06-03 07:10:24.990545,54.077628,-166.34045,1470.0,80.99,1470.0,80.99
2017-06-03 07:10:25.489746,54.077638,-166.340432,1470.0,82.3,1470.0,80.8
2017-06-03 07:10:25.988947,54.077662,-166.34039,1470.0,80.99,1470.0,82.3
2017-06-03 07:10:26.488148,54.077672,-166.340373,1470.0,80.99,1470.0,82.11
2017-06-03 07:10:26.987349,54.077697,-166.340333,1470.0,80.99,1470.0,80.99
2017-06-03 07:10:27.486549,54.077707,-166.340316,1470.0,80.99,1470.0,82.11
2017-06-03 07:10:27.985752,54.077732,-166.340277,1470.0,80.99,1470.0,81.93
2017-06-03 07:10:28.484951,54.077742,-166.34026,1470.0,80.99,1470.0,80.8
2017-06-03 07:10:28.984154,54.077767,-166.340218,1470.0,80.99,1470.0,82.11
2017-06-03 07:10:29.498953,54.077776,-166.3402,1470.0,80.99,1470.0,80.99
2017-06-03 07:10:29.998154,54.077798,-166.340158,1470.0,81.17,1470.0,80.99
2017-06-03 07:10:30.497355,54.077808,-166.340139,1470.0,82.3,1470.0,80.99
2017-06-03 07:10:30.996555,54.07783,-166.340098,1470.0,80.99,1470.0,81.93
2017-06-03 07:10:31.495756,54.07784,-166.34008,1470.0,80.99,1470.0,82.11
2017-06-03 07:10:31.994957,54.077862,-166.340037,1470.0,82.11,1470.0,80.8
2017-06-03 07:10:32.494160,54.077872,-166.340018,1470.0,80.8,1470.0,81.74
2017-06-03 07:10:32.993359,54.077893,-166.339977,1470.0,80.8,1470.0,80.8
2017-06-03 07:10:33.492561,54.077903,-166.339959,1470.0,81.17,1470.0,80.8
2017-06-03 07:10:33.991760,54.077927,-166.339917,1470.0,80.99,1470.0,80.99
2017-06-03 07:10:34.490963,54.077937,-166.339899,1470.0,81.17,1470.0,80.99
2017-06-03 07:10:34.990162,54.07796,-166.339858,1470.0,81.17,1470.0,82.3
2017-06-03 07:10:35.489365,54.07797,-166.33984,1470.0,81.17,1470.0,81.17
2017-06-03 07:10:35.988564,54.077993,-166.339798,1470.0,82.3,1470.0,81.36
2017-06-03 07:10:36.487766,54.078003,-166.33978,1470.0,81.36,1470.0,82.49
2017-06-03 07:10:36.986965,54.078027,-166.339737,1470.0,82.49,1470.0,81.17
2017-06-03 07:10:37.486168,54.078037,-166.33972,1470.0,81.17,1470.0,81.17
2017-06-03 07:10:37.985369,54.078062,-166.33968,1470.0,81.17,1470.0,81.74
2017-06-03 07:10:38.484570,54.078072,-166.339663,1470.0,81.17,1470.0,82.11
2017-06-03 07:10:38.999371,54.078097,-166.339622,1470.0,82.3,1470.0,82.11
2017-06-03 07:10:39.498571,54.078107,-166.339603,1470.0,82.3,1470.0,81.17
2017-06-03 07:10:39.997772,54.07813,-166.339562,1470.0,81.36,1470.0,82.68
2017-06-03 07:10:40.496973,54.07814,-166.339542,1470.0,82.68,1470.0,82.11
2017-06-03 07:10:40.996174,54.078162,-166.339498,1470.0,82.87,1470.0,82.68
2017-06-03 07:10:41.495375,54.078171,-166.33948,1470.0,82.87,1470.0,82.68
2017-06-03 07:10:41.994576,54.078192,-166.339437,1470.0,81.55,1470.0,81.55
2017-06-03 07:10:42.493776,54.078201,-166.339418,1470.0,82.68,1470.0,81.36
2017-06-03 07:10:42.992977,54.078223,-166.339375,1470.0,81.36,1470.0,81.17
2017-06-03 07:10:43.492178,54.078233,-166.339358,1470.0,81.17,1470.0,82.11
2017-06-03 07:10:43.991379,54.078257,-166.339317,1470.0,81.17,1470.0,80.99
2017-06-03 07:10:44.490580,54.078267,-166.3393,1470.0,81.17,1470.0,81.17
2017-06-03 07:10:44.989780,54.07829,-166.339262,1470.0,81.17,1470.0,81.17
2017-06-03 07:10:45.488981,54.0783,-166.339245,1470.0,81.17,1470.0,82.3
2017-06-03 07:10:45.988182,54.078323,-166.339205,1470.0,81.17,1470.0,80.99
2017-06-03 07:10:46.487383,54.078333,-166.339188,1470.0,81.17,1470.0,80.99
2017-06-03 07:10:46.986584,54.078357,-166.339147,1470.0,81.17,1470.0,81.17
2017-06-03 07:10:47.485785,54.078367,-166.339129,1470.0,81.36,1470.0,81.36
2017-06-03 07:10:47.984985,54.07839,-166.339087,1470.0,81.55,1470.0,81.55
2017-06-03 07:10:48.484186,54.078399,-166.339068,1470.0,81.74,1470.0,81.74
2017-06-03 07:10:48.998989,54.078422,-166.339023,1470.0,81.93,1470.0,81.74
2017-06-03 07:10:49.498188,54.078432,-166.339003,1470.0,81.93,1470.0,81.74
2017-06-03 07:10:49.997391,54.078453,-166.33896,1470.0,81.74,1470.0,81.55
2017-06-03 07:10:50.496590,54.078464,-166.338942,1470.0,81.55,1470.0,81.55
2017-06-03 07:10:50.995790,54.078488,-166.338902,1470.0,81.36,1470.0,81.36
2017-06-03 07:10:51.494991,54.078499,-166.338885,1470.0,82.3,1470.0,81.17
2017-06-03 07:10:51.994192,54.078525,-166.338845,1470.0,81.17,1470.0,81.17
2017-06-03 07:10:52.493393,54.078535,-166.338828,1470.0,81.17,1470.0,81.17
2017-06-03 07:10:52.992594,54.078558,-166.338788,1470.0,81.36,1470.0,81.17
2017-06-03 07:10:53.491796,54.078568,-166.338771,1470.0,81.36,1470.0,81.36
2017-06-03 07:10:53.990995,54.07859,-166.338732,1470.0,81.36,1470.0,82.87
2017-06-03 07:10:54.490198,54.078599,-166.338712,1470.0,81.36,1470.0,82.68
2017-06-03 07:10:54.989397,54.07862,-166.33867,1470.0,81.36,1470.0,81.17
2017-06-03 07:10:55.488600,54.078629,-166.338652,1470.0,81.36,1470.0,81.17
2017-06-03 07:10:55.987799,54.07865,-166.33861,1470.0,81.36,1470.0,81.17
2017-06-03 07:10:56.487001,54.078659,-166.338592,1470.0,81.17,1470.0,81.17
2017-06-03 07:10:56.986200,54.078682,-166.33855,1470.0,81.36,1470.0,81.17
2017-06-03 07:10:57.485403,54.078691,-166.338532,1470.0,81.17,1470.0,82.3
2017-06-03 07:10:57.984604,54.078713,-166.33849,1470.0,81.17,1470.0,81.17
2017-06-03 07:10:58.483805,54.078724,-166.338473,1470.0,81.17,1470.0,81.17
2017-06-03 07:10:58.998606,54.078748,-166.338432,1470.0,82.11,1470.0,81.17
2017-06-03 07:10:59.497807,54.078758,-166.338413,1470.0,81.17,1470.0,81.17
2017-06-03 07:10:59.997007,54.078782,-166.338372,1470.0,81.36,1470.0,81.17
2017-06-03 07:11:00.496208,54.078792,-166.338353,1470.0,82.49,1470.0,81.36
2017-06-03 07:11:00.995409,54.078815,-166.338312,1470.0,81.55,1470.0,81.55
2017-06-03 07:11:01.494610,54.078825,-166.338293,1470.0,81.74,1470.0,81.74
2017-06-03 07:11:01.993811,54.078847,-166.338252,1470.0,81.74,1470.0,81.74
2017-06-03 07:11:02.493011,54.078857,-166.338232,1470.0,81.74,1470.0,81.55
2017-06-03 07:11:02.992212,54.078878,-166.338188,1470.0,81.55,1470.0,81.36
2017-06-03 07:11:03.491413,54.078888,-166.33817,1470.0,81.55,1470.0,81.36
2017-06-03 07:11:03.990614,54.078912,-166.338128,1470.0,81.36,1470.0,81.17
2017-06-03 07:11:04.489815,54.078921,-166.338111,1470.0,81.36,1470.0,81.17
2017-06-03 07:11:04.989016,54.078943,-166.33807,1470.0,81.36,1470.0,81.36
2017-06-03 07:11:05.488216,54.078953,-166.338053,1470.0,82.11,1470.0,81.17
2017-06-03 07:11:05.987417,54.078975,-166.338013,1470.0,81.36,1470.0,81.36
2017-06-03 07:11:06.486618,54.078984,-166.337996,1470.0,81.36,1470.0,81.17
2017-06-03 07:11:06.985819,54.079007,-166.337953,1470.0,81.17,1470.0,81.17
2017-06-03 07:11:07.485020,54.079017,-166.337936,1470.0,81.17,1470.0,81.17
2017-06-03 07:11:07.984221,54.079042,-166.337893,1470.0,81.17,1470.0,80.99
2017-06-03 07:11:08.499022,54.079052,-166.337875,1470.0,81.17,1470.0,81.17
2017-06-03 07:11:08.998224,54.079073,-166.337835,1470.0,81.36,1470.0,81.74
2017-06-03 07:11:09.497423,54.079083,-166.337816,1470.0,81.55,1470.0,81.36
2017-06-03 07:11:09.996626,54.079105,-166.337773,1470.0,81.55,1470.0,81.55
2017-06-03 07:11:10.495825,54.079115,-166.337754,1470.0,81.74,1470.0,81.74
2017-06-03 07:11:10.995028,54.079137,-166.337713,1470.0,81.93,1470.0,81.74
2017-06-03 07:11:11.494226,54.079146,-166.337695,1470.0,81.93,1470.0,81.74
2017-06-03 07:11:11.993427,54.079168,-166.337653,1470.0,81.74,1470.0,81.74
2017-06-03 07:11:12.492628,54.079179,-166.337636,1470.0,81.74,1470.0,81.55
2017-06-03 07:11:12.991829,54.079203,-166.337595,1470.0,82.49,1470.0,81.36
2017-06-03 07:11:13.491030,54.079213,-166.337578,1470.0,81.36,1470.0,81.36
2017-06-03 07:11:13.990231,54.079237,-166.337538,1470.0,81.36,1470.0,82.49
2017-06-03 07:11:14.489433,54.079247,-166.337521,1470.0,81.55,1470.0,81.36
2017-06-03 07:11:14.988632,54.079272,-166.337482,1470.0,81.55,1470.0,81.55
2017-06-03 07:11:15.487835,54.079282,-166.337464,1470.0,81.55,1470.0,81.36
2017-06-03 07:11:15.987034,54.079305,-166.337423,1470.0,81.55,1470.0,81.36
2017-06-03 07:11:16.486237,54.079314,-166.337406,1470.0,81.36,1470.0,82.49
2017-06-03 07:11:16.985435,54.079337,-166.337365,1470.0,81.55,1470.0,81.36
2017-06-03 07:11:17.484638,54.079347,-166.337347,1470.0,81.74,1470.0,81.36
2017-06-03 07:11:17.983837,54.07937,-166.337305,1470.0,81.74,1470.0,81.55
2017-06-03 07:11:18.498640,54.07938,-166.337286,1470.0,81.74,1470.0,81.74
2017-06-03 07:11:18.997841,54.079402,-166.337245,1470.0,81.74,1470.0,81.74
2017-06-03 07:11:19.497042,54.079411,-166.337227,1470.0,81.74,1470.0,81.74
2017-06-03 07:11:19.996243,54.079433,-166.337187,1470.0,81.74,1470.0,81.74
2017-06-03 07:11:20.495443,54.079444,-166.337168,1470.0,81.74,1470.0,81.55
2017-06-03 07:11:20.994644,54.079468,-166.337128,1470.0,81.55,1470.0,81.55
2017-06-03 07:11:21.493845,54.079479,-166.337111,1470.0,81.55,1470.0,81.36
2017-06-03 07:11:21.993046,54.079503,-166.337072,1470.0,81.55,1470.0,81.36
2017-06-03 07:11:22.492247,54.079514,-166.337053,1470.0,81.55,1470.0,81.36
2017-06-03 07:11:22.991447,54.079537,-166.337013,1470.0,81.74,1470.0,82.87
2017-06-03 07:11:23.490648,54.079547,-166.336995,1470.0,81.74,1470.0,82.87
2017-06-03 07:11:23.989849,54.07957,-166.336953,1470.0,81.93,1470.0,82.87
2017-06-03 07:11:24.489050,54.079579,-166.336935,1470.0,82.11,1470.0,81.93
2017-06-03 07:11:24.988251,54.079602,-166.336892,1470.0,82.11,1470.0,82.11
2017-06-03 07:11:25.487452,54.079611,-166.336874,1470.0,82.11,1470.0,82.11
2017-06-03 07:11:25.986652,54.079633,-166.336832,1470.0,82.11,1470.0,82.11
2017-06-03 07:11:26.485853,54.079644,-166.336814,1470.0,83.05,1470.0,81.74
2017-06-03 07:11:26.985054,54.079668,-166.336773,1470.0,81.55,1470.0,81.55
2017-06-03 07:11:27.484255,54.079679,-166.336756,1470.0,81.36,1470.0,82.3
2017-06-03 07:11:27.999056,54.079705,-166.336717,1470.0,81.36,1470.0,81.17
2017-06-03 07:11:28.498257,54.079716,-166.336699,1470.0,81.36,1470.0,81.17
2017-06-03 07:11:28.997459,54.07974,-166.336662,1470.0,81.55,1470.0,81.36
2017-06-03 07:11:29.496658,54.07975,-166.336644,1470.0,81.74,1470.0,82.87
2017-06-03 07:11:29.995861,54.079772,-166.336605,1470.0,81.93,1470.0,81.93
2017-06-03 07:11:30.495060,54.079782,-166.336586,1470.0,82.11,1470.0,82.11
2017-06-03 07:11:30.994263,54.079805,-166.336545,1470.0,82.11,1470.0,82.11
2017-06-03 07:11:31.493462,54.079814,-166.336527,1470.0,83.24,1470.0,81.93
2017-06-03 07:11:31.992664,54.079837,-166.336483,1470.0,81.93,1470.0,81.74
2017-06-03 07:11:32.491863,54.079846,-166.336465,1470.0,81.74,1470.0,81.55
2017-06-03 07:11:32.991064,54.079868,-166.336422,1470.0,81.74,1470.0,81.74
2017-06-03 07:11:33.490265,54.079878,-166.336404,1470.0,81.74,1470.0,81.17
2017-06-03 07:11:33.989466,54.079902,-166.336362,1470.0,81.55,1470.0,81.36
2017-06-03 07:11:34.488668,54.079912,-166.336344,1470.0,81.55,1470.0,81.55
2017-06-03 07:11:34.987867,54.079935,-166.336303,1470.0,81.93,1470.0,81.93
2017-06-03 07:11:35.487070,54.079945,-166.336285,1470.0,82.11,1470.0,81.93
2017-06-03 07:11:35.986269,54.079968,-166.336243,1470.0,81.93,1470.0,82.11
2017-06-03 07:11:36.485472,54.079978,-166.336226,1470.0,82.87,1470.0,81.74
2017-06-03 07:11:36.984671,54.080002,-166.336185,1470.0,81.93,1470.0,81.74
2017-06-03 07:11:37.483873,54.080012,-166.336167,1470.0,81.93,1470.0,81.74
2017-06-03 07:11:37.998672,54.080035,-166.336125,1470.0,81.93,1470.0,82.68
2017-06-03 07:11:38.497875,54.080045,-166.336106,1470.0,81.93,1470.0,81.93
2017-06-03 07:11:38.997074,54.080067,-166.336065,1470.0,82.11,1470.0,81.93
2017-06-03 07:11:39.496277,54.080077,-166.336047,1470.0,81.93,1470.0,83.05
2017-06-03 07:11:39.995478,54.0801,-166.336007,1470.0,81.93,1470.0,81.74
2017-06-03 07:11:40.494678,54.08011,-166.335988,1470.0,81.74,1470.0,83.05
2017-06-03 07:11:40.993879,54.080133,-166.335948,1470.0,81.74,1470.0,81.74
2017-06-03 07:11:41.493080,54.080143,-166.33593,1470.0,81.74,1470.0,82.87
2017-06-03 07:11:41.992281,54.080165,-166.335888,1470.0,83.05,1470.0,81.74
2017-06-03 07:11:42.491482,54.080174,-166.33587,1470.0,82.87,1470.0,81.93
2017-06-03 07:11:42.990683,54.080197,-166.335828,1470.0,83.05,1470.0,82.87
2017-06-03 07:11:43.489883,54.080206,-166.33581,1470.0,81.93,1470.0,82.68
2017-06-03 07:11:43.989084,54.080228,-166.335767,1470.0,81.93,1470.0,82.87
2017-06-03 07:11:44.488285,54.080239,-166.335748,1470.0,83.05,1470.0,83.05
2017-06-03 07:11:44.987486,54.080262,-166.335707,1470.0,83.24,1470.0,81.74
2017-06-03 07:11:45.486687,54.080272,-166.335689,1470.0,83.24,1470.0,81.74
2017-06-03 07:11:45.985888,54.080295,-166.335648,1470.0,82.87,1470.0,81.74
2017-06-03 07:11:46.485088,54.080305,-166.33563,1470.0,83.24,1470.0,81.74
2017-06-03 07:11:46.984289,54.080328,-166.335588,1470.0,81.93,1470.0,81.93
2017-06-03 07:11:47.499090,54.080339,-166.335569,1470.0,83.24,1470.0,83.24
2017-06-03 07:11:47.998291,54.080362,-166.335527,1470.0,83.62,1470.0,82.11
2017-06-03 07:11:48.497492,54.080372,-166.335508,1470.0,82.3,1470.0,83.05
2017-06-03 07:11:48.996695,54.080393,-166.335467,1470.0,82.3,1470.0,82.3
2017-06-03 07:11:49.495893,54.080403,-166.335449,1470.0,82.11,1470.0,82.11
2017-06-03 07:11:49.995096,54.080425,-166.335408,1470.0,83.24,1470.0,81.93
2017-06-03 07:11:50.494295,54.080436,-166.335391,1470.0,82.87,1470.0,81.74
2017-06-03 07:11:50.993498,54.08046,-166.335352,1470.0,81.74,1470.0,82.68
2017-06-03 07:11:51.492697,54.08047,-166.335334,1470.0,81.74,1470.0,83.05
2017-06-03 07:11:51.937658,54.080492,-166.335295,1470.0,81.74,1470.0,163.78
2017-06-03 07:11:52.491098,54.080503,-166.335276,1470.0,81.93,1470.0,82.87
2017-06-03 07:11:52.990301,54.080525,-166.335235,1470.0,82.11,1470.0,82.11
2017-06-03 07:11:53.489500,54.080534,-166.335217,1470.0,82.3,1470.0,82.3
2017-06-03 07:11:53.988701,54.080557,-166.335175,1470.0,82.3,1470.0,82.3
2017-06-03 07:11:54.487904,54.080567,-166.335157,1470.0,82.3,1470.0,83.24
2017-06-03 07:11:54.987103,54.08059,-166.335115,1470.0,82.3,1470.0,82.3
2017-06-03 07:11:55.486305,54.080599,-166.335098,1470.0,82.11,1470.0,82.11
2017-06-03 07:11:55.985504,54.080622,-166.335057,1470.0,82.11,1470.0,82.11
2017-06-03 07:11:56.484707,54.080632,-166.335039,1470.0,82.11,1470.0,82.11
2017-06-03 07:11:56.983906,54.080657,-166.334998,1470.0,82.11,1470.0,82.11
2017-06-03 07:11:57.498709,54.080667,-166.33498,1470.0,83.24,1470.0,83.05
2017-06-03 07:11:57.997908,54.08069,-166.33494,1470.0,82.3,1470.0,83.43
2017-06-03 07:11:58.497110,54.0807,-166.334922,1470.0,82.3,1470.0,83.62
2017-06-03 07:11:58.996309,54.080723,-166.334882,1470.0,83.43,1470.0,82.11
2017-06-03 07:11:59.495512,54.080734,-166.334864,1470.0,82.11,1470.0,83.05
2017-06-03 07:11:59.994713,54.080758,-166.334823,1470.0,82.11,1470.0,83.24
2017-06-03 07:12:00.493914,54.080768,-166.334805,1470.0,83.43,1470.0,82.11
2017-06-03 07:12:00.993114,54.080792,-166.334763,1470.0,82.3,1470.0,83.62
2017-06-03 07:12:01.492315,54.080802,-166.334745,1470.0,82.49,1470.0,83.43
2017-06-03 07:12:01.991516,54.080825,-166.334703,1470.0,82.87,1470.0,83.81
2017-06-03 07:12:02.490717,54.080834,-166.334686,1470.0,84.0,1470.0,82.49
2017-06-03 07:12:02.989918,54.080857,-166.334645,1470.0,83.62,1470.0,83.62
2017-06-03 07:12:03.489119,54.080867,-166.334628,1470.0,82.49,1470.0,83.43
2017-06-03 07:12:03.988319,54.08089,-166.334587,1470.0,83.62,1470.0,83.24
2017-06-03 07:12:04.487520,54.0809,-166.334569,1470.0,83.43,1470.0,82.3
2017-06-03 07:12:04.986721,54.080923,-166.334528,1470.0,82.3,1470.0,82.3
2017-06-03 07:12:05.485922,54.080933,-166.334511,1470.0,82.3,1470.0,82.3
2017-06-03 07:12:05.985123,54.080957,-166.33447,1470.0,82.49,1470.0,83.43
2017-06-03 07:12:06.484324,54.080966,-166.334454,1470.0,82.49,1470.0,82.49
2017-06-03 07:12:06.999125,54.080988,-166.334413,1470.0,82.68,1470.0,83.05
2017-06-03 07:12:07.498325,54.080998,-166.334396,1470.0,82.68,1470.0,82.68
2017-06-03 07:12:07.997526,54.081022,-166.334355,1470.0,82.68,1470.0,82.68
2017-06-03 07:12:08.496727,54.081032,-166.334336,1470.0,82.87,1470.0,82.68
2017-06-03 07:12:08.995928,54.081053,-166.334293,1470.0,82.87,1470.0,84.18
2017-06-03 07:12:09.495129,54.081063,-166.334275,1470.0,82.87,1470.0,82.87
2017-06-03 07:12:09.994329,54.081085,-166.334233,1470.0,82.68,1470.0,83.43
2017-06-03 07:12:10.493530,54.081095,-166.334215,1470.0,82.68,1470.0,83.81
2017-06-03 07:12:10.992733,54.081118,-166.334172,1470.0,82.49,1470.0,82.49
2017-06-03 07:12:11.491932,54.081128,-166.334155,1470.0,82.68,1470.0,82.49
2017-06-03 07:12:11.991135,54.081152,-166.334115,1470.0,83.81,1470.0,82.49
2017-06-03 07:12:12.490334,54.081162,-166.334098,1470.0,82.68,1470.0,84.0
2017-06-03 07:12:12.989536,54.081185,-166.334057,1470.0,84.0,1470.0,82.68
2017-06-03 07:12:13.488735,54.081194,-166.334039,1470.0,82.87,1470.0,82.68
2017-06-03 07:12:13.987938,54.081217,-166.333998,1470.0,82.68,1470.0,82.49
2017-06-03 07:12:14.487137,54.081226,-166.333981,1470.0,83.43,1470.0,82.49
2017-06-03 07:12:14.986338,54.08125,-166.333938,1470.0,83.62,1470.0,83.43
2017-06-03 07:12:15.485540,54.081259,-166.333922,1470.0,82.49,1470.0,82.3
2017-06-03 07:12:15.984739,54.081282,-166.33388,1470.0,82.3,1470.0,83.05
2017-06-03 07:12:16.483942,54.081291,-166.333863,1470.0,83.24,1470.0,82.11
2017-06-03 07:12:16.998741,54.081313,-166.333823,1470.0,83.05,1470.0,82.11
2017-06-03 07:12:17.497944,54.081324,-166.333804,1470.0,82.11,1470.0,82.11
2017-06-03 07:12:17.997143,54.081345,-166.333763,1470.0,83.05,1470.0,82.3
2017-06-03 07:12:18.496346,54.081355,-166.333744,1470.0,82.3,1470.0,82.3
2017-06-03 07:12:18.995544,54.081377,-166.333702,1470.0,83.62,1470.0,82.3
2017-06-03 07:12:19.494747,54.081386,-166.333683,1470.0,83.43,1470.0,82.49
2017-06-03 07:12:19.993948,54.081407,-166.33364,1470.0,82.49,1470.0,82.49
2017-06-03 07:12:20.493149,54.081416,-166.333622,1470.0,82.49,1470.0,83.24
2017-06-03 07:12:20.992350,54.081438,-166.33358,1470.0,82.49,1470.0,83.24
2017-06-03 07:12:21.491550,54.081448,-166.333562,1470.0,82.3,1470.0,82.3
2017-06-03 07:12:21.990751,54.081472,-166.33352,1470.0,82.3,1470.0,82.11
2017-06-03 07:12:22.489952,54.081482,-166.333503,1470.0,82.11,1470.0,82.11
2017-06-03 07:12:22.989153,54.081505,-166.333462,1470.0,82.3,1470.0,82.11
2017-06-03 07:12:23.488354,54.081515,-166.333444,1470.0,82.3,1470.0,82.3
2017-06-03 07:12:23.987555,54.081538,-166.333403,1470.0,83.43,1470.0,82.49
2017-06-03 07:12:24.486755,54.081548,-166.333386,1470.0,82.49,1470.0,82.49
2017-06-03 07:12:24.985956,54.08157,-166.333345,1470.0,82.49,1470.0,83.43
2017-06-03 07:12:25.485157,54.081579,-166.333329,1470.0,83.24,1470.0,82.3
2017-06-03 07:12:25.984358,54.081603,-166.333287,1470.0,83.62,1470.0,82.3
2017-06-03 07:12:26.499159,54.081613,-166.333268,1470.0,82.3,1470.0,82.11
2017-06-03 07:12:26.998360,54.081635,-166.333227,1470.0,82.3,1470.0,82.11
2017-06-03 07:12:27.497561,54.081645,-166.333209,1470.0,82.3,1470.0,82.3
2017-06-03 07:12:27.996761,54.081667,-166.333168,1470.0,82.3,1470.0,82.49
2017-06-03 07:12:28.495962,54.081677,-166.333151,1470.0,82.3,1470.0,82.3
2017-06-03 07:12:28.995163,54.081698,-166.333112,1470.0,82.49,1470.0,82.3
2017-06-03 07:12:29.494364,54.081708,-166.333094,1470.0,82.3,1470.0,82.3
2017-06-03 07:12:29.993565,54.08173,-166.333053,1470.0,82.11,1470.0,83.24
2017-06-03 07:12:30.492765,54.08174,-166.333036,1470.0,81.93,1470.0,81.93
2017-06-03 07:12:30.991968,54.081763,-166.332997,1470.0,81.93,1470.0,81.93
2017-06-03 07:12:31.491167,54.081773,-166.332979,1470.0,82.11,1470.0,81.93
2017-06-03 07:12:31.990370,54.081795,-166.332938,1470.0,82.3,1470.0,82.11
2017-06-03 07:12:32.489569,54.081804,-166.33292,1470.0,82.49,1470.0,82.49
2017-06-03 07:12:32.988771,54.081827,-166.332877,1470.0,82.68,1470.0,83.62
2017-06-03 07:12:33.487970,54.081836,-166.332858,1470.0,82.68,1470.0,82.68
2017-06-03 07:12:33.987173,54.081858,-166.332815,1470.0,84.0,1470.0,82.68
2017-06-03 07:12:34.486372,54.081868,-166.332798,1470.0,82.68,1470.0,82.49
2017-06-03 07:12:34.985575,54.081892,-166.332755,1470.0,82.49,1470.0,82.3
2017-06-03 07:12:35.484774,54.081901,-166.332739,1470.0,82.3,1470.0,82.3
2017-06-03 07:12:35.983974,54.081927,-166.332697,1470.0,82.49,1470.0,82.3
2017-06-03 07:12:36.498777,54.081937,-166.332678,1470.0,82.49,1470.0,83.43
2017-06-03 07:12:36.997976,54.08196,-166.332638,1470.0,82.68,1470.0,82.49
2017-06-03 07:12:37.497179,54.08197,-166.332621,1470.0,82.68,1470.0,82.68
2017-06-03 07:12:37.996378,54.081993,-166.33258,1470.0,82.68,1470.0,82.68
2017-06-03 07:12:38.495581,54.082003,-166.332562,1470.0,82.49,1470.0,83.43
2017-06-03 07:12:38.994780,54.082025,-166.332523,1470.0,83.43,1470.0,83.43
2017-06-03 07:12:39.493982,54.082034,-166.332506,1470.0,82.3,1470.0,82.3
2017-06-03 07:12:39.993181,54.082055,-166.332467,1470.0,82.3,1470.0,82.3
2017-06-03 07:12:40.492384,54.082064,-166.332449,1470.0,83.24,1470.0,82.11
2017-06-03 07:12:40.991585,54.082085,-166.332408,1470.0,82.11,1470.0,82.11
2017-06-03 07:12:41.490786,54.082094,-166.332391,1470.0,82.11,1470.0,82.11
2017-06-03 07:12:41.989986,54.082115,-166.332348,1470.0,82.11,1470.0,82.11
2017-06-03 07:12:42.489187,54.082124,-166.33233,1470.0,82.11,1470.0,82.11
2017-06-03 07:12:42.988388,54.082145,-166.332288,1470.0,82.49,1470.0,82.3
2017-06-03 07:12:43.487589,54.082154,-166.33227,1470.0,82.49,1470.0,82.49
2017-06-03 07:12:43.986790,54.082177,-166.332227,1470.0,82.68,1470.0,82.68
2017-06-03 07:12:44.485991,54.082186,-166.332209,1470.0,82.68,1470.0,84.37
2017-06-03 07:12:44.985191,54.08221,-166.332167,1470.0,82.68,1470.0,82.68
2017-06-03 07:12:45.484392,54.082219,-166.33215,1470.0,82.68,1470.0,82.49
2017-06-03 07:12:45.999193,54.082243,-166.332107,1470.0,82.87,1470.0,82.49
2017-06-03 07:12:46.498394,54.082254,-166.332088,1470.0,83.43,1470.0,82.49
2017-06-03 07:12:46.997595,54.082278,-166.332047,1470.0,82.68,1470.0,82.49
2017-06-03 07:12:47.496796,54.082288,-166.332028,1470.0,82.68,1470.0,84.0
2017-06-03 07:12:47.995996,54.082312,-166.331987,1470.0,82.68,1470.0,83.81
2017-06-03 07:12:48.495197,54.082322,-166.331968,1470.0,82.68,1470.0,82.68
2017-06-03 07:12:48.994398,54.082343,-166.331927,1470.0,82.87,1470.0,82.68
2017-06-03 07:12:49.493599,54.082352,-166.33191,1470.0,82.68,1470.0,84.0
2017-06-03 07:12:49.992800,54.082373,-166.33187,1470.0,83.81,1470.0,82.49
2017-06-03 07:12:50.492001,54.082382,-166.331853,1470.0,82.49,1470.0,82.3
2017-06-03 07:12:50.991203,54.082403,-166.331812,1470.0,82.3,1470.0,82.11
2017-06-03 07:12:51.490402,54.082412,-166.331794,1470.0,82.11,1470.0,83.24
2017-06-03 07:12:51.989605,54.082433,-166.331752,1470.0,82.11,1470.0,82.11
2017-06-03 07:12:52.488804,54.082442,-166.331734,1470.0,83.62,1470.0,82.11
2017-06-03 07:12:52.988007,54.082463,-166.331692,1470.0,82.3,1470.0,82.3
2017-06-03 07:12:53.487206,54.082473,-166.331674,1470.0,83.81,1470.0,82.49
2017-06-03 07:12:53.986408,54.082495,-166.331632,1470.0,82.68,1470.0,82.68
2017-06-03 07:12:54.485607,54.082504,-166.331614,1470.0,82.87,1470.0,83.62
2017-06-03 07:12:54.984810,54.082527,-166.331572,1470.0,82.87,1470.0,82.87
2017-06-03 07:12:55.484009,54.082536,-166.331555,1470.0,82.87,1470.0,83.62
2017-06-03 07:12:55.998810,54.08256,-166.331512,1470.0,82.87,1470.0,82.87
2017-06-03 07:12:56.498013,54.08257,-166.331493,1470.0,82.87,1470.0,82.68
2017-06-03 07:12:56.997211,54.082593,-166.331452,1470.0,82.87,1470.0,82.87
2017-06-03 07:12:57.496414,54.082603,-166.331434,1470.0,82.87,1470.0,83.62
2017-06-03 07:12:57.995613,54.082627,-166.331393,1470.0,84.0,1470.0,82.68
2017-06-03 07:12:58.494816,54.082638,-166.331375,1470.0,82.87,1470.0,82.68
2017-06-03 07:12:58.994015,54.082662,-166.331335,1470.0,82.68,1470.0,82.68
2017-06-03 07:12:59.493217,54.082672,-166.331318,1470.0,82.87,1470.0,83.81
2017-06-03 07:12:59.992416,54.082695,-166.331277,1470.0,83.81,1470.0,82.68
2017-06-03 07:13:00.491619,54.082704,-166.331259,1470.0,82.68,1470.0,82.68
2017-06-03 07:13:00.990818,54.082727,-166.331218,1470.0,82.87,1470.0,82.68
2017-06-03 07:13:01.490021,54.082736,-166.3312,1470.0,82.87,1470.0,82.68
2017-06-03 07:13:01.989222,54.082757,-166.331158,1470.0,82.87,1470.0,82.68
2017-06-03 07:13:02.488422,54.082766,-166.331141,1470.0,82.87,1470.0,82.68
2017-06-03 07:13:02.987623,54.082788,-166.3311,1470.0,83.81,1470.0,82.68
2017-06-03 07:13:03.486824,54.082797,-166.331083,1470.0,10.24,1470.0,82.87
2017-06-03 07:13:03.986025,54.082818,-166.331042,1470.0,83.05,1470.0,82.87
2017-06-03 07:13:04.485226,54.082828,-166.331025,1470.0,83.05,1470.0,83.05
2017-06-03 07:13:04.984426,54.08285,-166.330983,1470.0,83.05,1470.0,82.87
2017-06-03 07:13:05.499228,54.08286,-166.330967,1470.0,82.87,1470.0,82.87
2017-06-03 07:13:05.998428,54.082883,-166.330928,1470.0,83.05,1470.0,82.87
2017-06-03 07:13:06.497629,54.082894,-166.330911,1470.0,82.87,1470.0,82.87
2017-06-03 07:13:06.996830,54.082918,-166.330873,1470.0,83.05,1470.0,82.87
2017-06-03 07:13:07.496031,54.082929,-166.330856,1470.0,83.81,1470.0,82.87
2017-06-03 07:13:07.995232,54.082953,-166.330817,1470.0,83.05,1470.0,82.87
2017-06-03 07:13:08.494432,54.082964,-166.330799,1470.0,83.05,1470.0,83.05
2017-06-03 07:13:08.993633,54.082987,-166.33076,1470.0,83.24,1470.0,83.05
2017-06-03 07:13:09.492834,54.082997,-166.330743,1470.0,83.24,1470.0,83.24
2017-06-03 07:13:09.992035,54.08302,-166.330702,1470.0,84.56,1470.0,83.24
2017-06-03 07:13:10.491236,54.08303,-166.330684,1470.0,83.24,1470.0,83.24
2017-06-03 07:13:10.990438,54.083055,-166.330643,1470.0,83.24,1470.0,84.37
2017-06-03 07:13:11.489637,54.083065,-166.330627,1470.0,83.05,1470.0,84.37
2017-06-03 07:13:11.988840,54.083088,-166.330588,1470.0,83.05,1470.0,82.87
2017-06-03 07:13:12.488039,54.083099,-166.330572,1470.0,83.05,1470.0,82.87
2017-06-03 07:13:12.987242,54.083123,-166.330533,1470.0,84.37,1470.0,82.87
2017-06-03 07:13:13.486441,54.083133,-166.330517,1470.0,83.05,1470.0,82.87
2017-06-03 07:13:13.985643,54.083157,-166.33048,1470.0,83.05,1470.0,83.05
2017-06-03 07:13:14.484842,54.083166,-166.330464,1470.0,83.05,1470.0,83.05
2017-06-03 07:13:14.984045,54.08319,-166.330425,1470.0,83.05,1470.0,84.0
2017-06-03 07:13:15.498844,54.0832,-166.330408,1470.0,83.05,1470.0,82.87
2017-06-03 07:13:15.998045,54.083223,-166.33037,1470.0,82.87,1470.0,82.87
2017-06-03 07:13:16.497248,54.083234,-166.330352,1470.0,82.87,1470.0,84.0
2017-06-03 07:13:16.996447,54.083257,-166.330313,1470.0,82.87,1470.0,82.68
2017-06-03 07:13:17.495649,54.083267,-166.330297,1470.0,82.87,1470.0,84.0
2017-06-03 07:13:17.994848,54.08329,-166.330258,1470.0,82.87,1470.0,82.87
2017-06-03 07:13:18.494051,54.0833,-166.330241,1470.0,84.0,1470.0,84.37
2017-06-03 07:13:18.993250,54.083323,-166.3302,1470.0,83.05,1470.0,83.05
2017-06-03 07:13:19.492453,54.083333,-166.330183,1470.0,83.05,1470.0,82.87
2017-06-03 07:13:19.991652,54.083357,-166.330142,1470.0,83.05,1470.0,84.18
2017-06-03 07:13:20.490854,54.083367,-166.330124,1470.0,82.87,1470.0,82.87
2017-06-03 07:13:20.990053,54.08339,-166.330083,1470.0,82.87,1470.0,82.87
2017-06-03 07:13:21.489256,54.0834,-166.330066,1470.0,82.87,1470.0,83.81
2017-06-03 07:13:21.988457,54.083423,-166.330027,1470.0,84.0,1470.0,82.87
2017-06-03 07:13:22.487658,54.083434,-166.33001,1470.0,83.81,1470.0,82.87
2017-06-03 07:13:22.986858,54.083458,-166.329972,1470.0,83.05,1470.0,82.87
2017-06-03 07:13:23.486059,54.083468,-166.329954,1470.0,82.87,1470.0,82.87
2017-06-03 07:13:23.985260,54.083492,-166.329913,1470.0,82.87,1470.0,83.62
2017-06-03 07:13:24.484461,54.083501,-166.329896,1470.0,82.87,1470.0,82.68
2017-06-03 07:13:24.999262,54.083523,-166.329855,1470.0,83.62,1470.0,82.68
2017-06-03 07:13:25.498463,54.083533,-166.329837,1470.0,84.0,1470.0,82.68
2017-06-03 07:13:25.997663,54.083555,-166.329795,1470.0,84.0,1470.0,82.68
2017-06-03 07:13:26.496864,54.083565,-166.329777,1470.0,82.87,1470.0,82.68
2017-06-03 07:13:26.996065,54.083587,-166.329737,1470.0,83.81,1470.0,82.68
2017-06-03 07:13:27.495266,54.083596,-166.329719,1470.0,82.68,1470.0,82.68
2017-06-03 07:13:27.994467,54.083617,-166.32968,1470.0,82.68,1470.0,82.49
2017-06-03 07:13:28.493668,54.083627,-166.329661,1470.0,82.49,1470.0,82.49
2017-06-03 07:13:28.992868,54.08365,-166.32962,1470.0,82.49,1470.0,82.3
2017-06-03 07:13:29.492069,54.083659,-166.329602,1470.0,82.68,1470.0,82.49
2017-06-03 07:13:29.991270,54.083682,-166.32956,1470.0,82.49,1470.0,82.49
2017-06-03 07:13:30.490471,54.083692,-166.329542,1470.0,82.68,1470.0,82.68
2017-06-03 07:13:30.989672,54.083715,-166.3295,1470.0,82.87,1470.0,83.81
2017-06-03 07:13:31.488873,54.083724,-166.329482,1470.0,83.05,1470.0,84.18
2017-06-03 07:13:31.988073,54.083745,-166.329438,1470.0,83.05,1470.0,84.18
2017-06-03 07:13:32.487274,54.083754,-166.32942,1470.0,83.05,1470.0,83.05
2017-06-03 07:13:32.986477,54.083777,-166.329377,1470.0,83.24,1470.0,83.05
2017-06-03 07:13:33.485676,54.083786,-166.32936,1470.0,82.87,1470.0,82.87
2017-06-03 07:13:33.984879,54.08381,-166.329317,1470.0,84.0,1470.0,82.68
2017-06-03 07:13:34.484077,54.083819,-166.329299,1470.0,82.68,1470.0,82.68
2017-06-03 07:13:34.998878,54.083842,-166.329258,1470.0,83.62,1470.0,82.49
2017-06-03 07:13:35.498079,54.083851,-166.32924,1470.0,82.49,1470.0,84.18
2017-06-03 07:13:35.997280,54.083872,-166.3292,1470.0,82.68,1470.0,82.49
2017-06-03 07:13:36.496483,54.083882,-166.329182,1470.0,82.49,1470.0,82.49
2017-06-03 07:13:36.995682,54.083903,-166.329142,1470.0,82.68,1470.0,82.49
2017-06-03 07:13:37.494884,54.083912,-166.329124,1470.0,82.68,1470.0,82.49
2017-06-03 07:13:37.994083,54.083933,-166.329082,1470.0,82.68,1470.0,82.68
2017-06-03 07:13:38.493286,54.083942,-166.329064,1470.0,82.87,1470.0,82.68
2017-06-03 07:13:38.992485,54.083963,-166.329022,1470.0,82.68,1470.0,82.68
2017-06-03 07:13:39.491688,54.083973,-166.329003,1470.0,82.68,1470.0,82.68
2017-06-03 07:13:39.990887,54.083995,-166.32896,1470.0,82.68,1470.0,82.49
2017-06-03 07:13:40.490089,54.084004,-166.328943,1470.0,82.49,1470.0,82.49
2017-06-03 07:13:40.989288,54.084027,-166.328902,1470.0,82.49,1470.0,82.3
2017-06-03 07:13:41.488491,54.084037,-166.328885,1470.0,82.49,1470.0,83.43
2017-06-03 07:13:41.987692,54.08406,-166.328845,1470.0,82.49,1470.0,82.49
2017-06-03 07:13:42.486893,54.08407,-166.328828,1470.0,82.68,1470.0,82.68
2017-06-03 07:13:42.986094,54.084093,-166.328787,1470.0,82.68,1470.0,82.68
2017-06-03 07:13:43.485294,54.084103,-166.32877,1470.0,83.81,1470.0,82.68
2017-06-03 07:13:43.984495,54.084127,-166.328728,1470.0,83.81,1470.0,82.68
2017-06-03 07:13:44.499296,54.084137,-166.328709,1470.0,83.81,1470.0,82.68
2017-06-03 07:13:44.998497,54.08416,-166.328668,1470.0,82.87,1470.0,82.87
2017-06-03 07:13:45.497698,54.08417,-166.32865,1470.0,82.87,1470.0,82.87
2017-06-03 07:13:45.996899,54.084192,-166.328612,1470.0,82.87,1470.0,84.0
2017-06-03 07:13:46.496099,54.084203,-166.328594,1470.0,82.87,1470.0,83.62
2017-06-03 07:13:46.995300,54.084227,-166.328555,1470.0,82.68,1470.0,82.68
2017-06-03 07:13:47.494501,54.084237,-166.328539,1470.0,82.68,1470.0,84.0
2017-06-03 07:13:47.993702,54.08426,-166.3285,1470.0,82.68,1470.0,83.62
2017-06-03 07:13:48.492903,54.08427,-166.328484,1470.0,82.68,1470.0,82.68
2017-06-03 07:13:48.992104,54.084295,-166.328445,1470.0,82.68,1470.0,82.68
2017-06-03 07:13:49.491304,54.084305,-166.328429,1470.0,83.81,1470.0,82.68
2017-06-03 07:13:49.990505,54.08433,-166.328392,1470.0,82.87,1470.0,82.68
2017-06-03 07:13:50.489706,54.08434,-166.328376,1470.0,82.87,1470.0,83.62
2017-06-03 07:13:50.988907,54.084363,-166.328338,1470.0,82.87,1470.0,82.68
2017-06-03 07:13:51.488108,54.084373,-166.328322,1470.0,82.87,1470.0,82.68
2017-06-03 07:13:51.987309,54.084397,-166.328283,1470.0,82.87,1470.0,82.68
2017-06-03 07:13:52.486509,54.084407,-166.328267,1470.0,82.87,1470.0,82.87
2017-06-03 07:13:52.985712,54.084432,-166.32823,1470.0,83.81,1470.0,83.81
2017-06-03 07:13:53.484911,54.084442,-166.328214,1470.0,82.87,1470.0,83.81
2017-06-03 07:13:53.984114,54.084465,-166.328175,1470.0,82.87,1470.0,82.87
2017-06-03 07:13:54.498913,54.084476,-166.328158,1470.0,82.87,1470.0,82.87
2017-06-03 07:13:54.998116,54.0845,-166.32812,1470.0,82.87,1470.0,84.0
2017-06-03 07:13:55.497314,54.084511,-166.328104,1470.0,82.87,1470.0,82.68
2017-06-03 07:13:55.996515,54.084537,-166.328067,1470.0,84.0,1470.0,83.05
2017-06-03 07:13:56.495716,54.084548,-166.32805,1470.0,83.81,1470.0,82.68
2017-06-03 07:13:56.994917,54.084573,-166.328015,1470.0,83.62,1470.0,82.68
2017-06-03 07:13:57.494118,54.084584,-166.327999,1470.0,82.87,1470.0,83.81
2017-06-03 07:13:57.993319,54.084608,-166.327962,1470.0,83.05,1470.0,83.05
2017-06-03 07:13:58.492521,54.084619,-166.327944,1470.0,83.24,1470.0,83.05
2017-06-03 07:13:58.991720,54.084642,-166.327907,1470.0,83.24,1470.0,83.24
2017-06-03 07:13:59.490923,54.084652,-166.327889,1470.0,83.24,1470.0,83.24
2017-06-03 07:13:59.990122,54.084675,-166.327848,1470.0,83.24,1470.0,83.24
2017-06-03 07:14:00.489325,54.084685,-166.327831,1470.0,83.24,1470.0,84.37
2017-06-03 07:14:00.988523,54.08471,-166.327792,1470.0,83.05,1470.0,83.24
2017-06-03 07:14:01.487726,54.08472,-166.327775,1470.0,83.05,1470.0,82.87
2017-06-03 07:14:01.986925,54.084745,-166.327737,1470.0,82.87,1470.0,82.87
2017-06-03 07:14:02.486128,54.084756,-166.327721,1470.0,82.87,1470.0,83.81
2017-06-03 07:14:02.985329,54.084782,-166.327682,1470.0,82.87,1470.0,82.87
2017-06-03 07:14:03.484529,54.084791,-166.327666,1470.0,84.0,1470.0,82.87
2017-06-03 07:14:03.999331,54.084817,-166.327627,1470.0,83.05,1470.0,83.05
2017-06-03 07:14:04.498531,54.084828,-166.327609,1470.0,83.24,1470.0,83.05
2017-06-03 07:14:04.997732,54.084853,-166.32757,1470.0,84.37,1470.0,83.05
2017-06-03 07:14:05.496933,54.084863,-166.327553,1470.0,83.24,1470.0,84.37
2017-06-03 07:14:05.996134,54.084887,-166.327513,1470.0,83.05,1470.0,83.05
2017-06-03 07:14:06.495335,54.084898,-166.327497,1470.0,83.05,1470.0,84.56
2017-06-03 07:14:06.994535,54.084923,-166.327458,1470.0,84.18,1470.0,82.87
2017-06-03 07:14:07.493736,54.084934,-166.327441,1470.0,82.87,1470.0,82.87
2017-06-03 07:14:07.992937,54.084958,-166.3274,1470.0,82.87,1470.0,82.87
2017-06-03 07:14:08.492138,54.084968,-166.327383,1470.0,83.05,1470.0,83.43
2017-06-03 07:14:08.991339,54.084992,-166.327343,1470.0,83.24,1470.0,83.05
2017-06-03 07:14:09.490540,54.085002,-166.327326,1470.0,83.43,1470.0,83.24
2017-06-03 07:14:09.989740,54.085027,-166.327287,1470.0,83.43,1470.0,83.43
2017-06-03 07:14:10.488941,54.085037,-166.32727,1470.0,83.43,1470.0,83.43
2017-06-03 07:14:10.988142,54.085062,-166.32723,1470.0,84.37,1470.0,83.24
2017-06-03 07:14:11.487343,54.085072,-166.327213,1470.0,83.24,1470.0,83.24
2017-06-03 07:14:11.986544,54.085097,-166.327172,1470.0,83.24,1470.0,84.18
2017-06-03 07:14:12.485744,54.085107,-166.327155,1470.0,83.24,1470.0,83.24
2017-06-03 07:14:12.984947,54.085133,-166.327115,1470.0,83.43,1470.0,83.24
2017-06-03 07:14:13.484146,54.085143,-166.327098,1470.0,84.56,1470.0,83.24
2017-06-03 07:14:13.998949,54.085167,-166.327055,1470.0,83.43,1470.0,84.75
2017-06-03 07:14:14.498148,54.085177,-166.327037,1470.0,83.43,1470.0,84.37
2017-06-03 07:14:14.997351,54.0852,-166.326998,1470.0,83.43,1470.0,83.43
2017-06-03 07:14:15.496550,54.08521,-166.326981,1470.0,84.75,1470.0,83.24
2017-06-03 07:14:15.995752,54.085233,-166.32694,1470.0,83.24,1470.0,84.18
2017-06-03 07:14:16.494951,54.085244,-166.326922,1470.0,83.05,1470.0,84.18
2017-06-03 07:14:16.994152,54.085268,-166.326883,1470.0,84.0,1470.0,82.87
2017-06-03 07:14:17.493353,54.085279,-166.326866,1470.0,83.05,1470.0,82.87
2017-06-03 07:14:17.992554,54.085305,-166.326827,1470.0,83.05,1470.0,83.81
2017-06-03 07:14:18.491756,54.085315,-166.32681,1470.0,84.18,1470.0,83.24
2017-06-03 07:14:18.990955,54.085338,-166.32677,1470.0,83.24,1470.0,83.24
2017-06-03 07:14:19.490158,54.085348,-166.326753,1470.0,83.43,1470.0,83.43
2017-06-03 07:14:19.989357,54.085372,-166.326712,1470.0,83.43,1470.0,83.43
2017-06-03 07:14:20.488560,54.085382,-166.326694,1470.0,83.43,1470.0,84.56
2017-06-03 07:14:20.987759,54.085407,-166.326653,1470.0,83.43,1470.0,83.43
2017-06-03 07:14:21.486961,54.085417,-166.326636,1470.0,83.43,1470.0,83.43
2017-06-03 07:14:21.986160,54.085442,-166.326595,1470.0,83.43,1470.0,84.94
2017-06-03 07:14:22.485363,54.085451,-166.326578,1470.0,83.43,1470.0,83.43
2017-06-03 07:14:22.984562,54.085475,-166.326537,1470.0,83.62,1470.0,83.43
2017-06-03 07:14:23.499365,54.085486,-166.326519,1470.0,83.62,1470.0,84.94
2017-06-03 07:14:23.998566,54.08551,-166.326478,1470.0,83.43,1470.0,83.43
2017-06-03 07:14:24.497766,54.085522,-166.32646,1470.0,83.43,1470.0,83.24
2017-06-03 07:14:24.996967,54.085547,-166.32642,1470.0,83.24,1470.0,83.24
2017-06-03 07:14:25.496168,54.085557,-166.326403,1470.0,83.24,1470.0,83.24
2017-06-03 07:14:25.995369,54.085582,-166.326363,1470.0,83.05,1470.0,84.0
2017-06-03 07:14:26.494570,54.085592,-166.326346,1470.0,83.05,1470.0,83.05
2017-06-03 07:14:26.993771,54.085617,-166.326307,1470.0,83.05,1470.0,83.05
2017-06-03 07:14:27.492971,54.085627,-166.32629,1470.0,84.0,1470.0,83.05
2017-06-03 07:14:27.992172,54.085652,-166.32625,1470.0,83.24,1470.0,83.24
2017-06-03 07:14:28.491373,54.085662,-166.326232,1470.0,84.37,1470.0,83.24
2017-06-03 07:14:28.990574,54.085685,-166.32619,1470.0,83.43,1470.0,83.43
2017-06-03 07:14:29.489775,54.085695,-166.326172,1470.0,83.62,1470.0,83.43
2017-06-03 07:14:29.988976,54.085718,-166.32613,1470.0,83.62,1470.0,83.43
2017-06-03 07:14:30.488176,54.085729,-166.326113,1470.0,83.62,1470.0,83.43
2017-06-03 07:14:30.987377,54.085753,-166.326072,1470.0,83.62,1470.0,83.43
2017-06-03 07:14:31.486578,54.085764,-166.326055,1470.0,83.43,1470.0,83.43
2017-06-03 07:14:31.985779,54.085788,-166.326015,1470.0,83.43,1470.0,83.24
2017-06-03 07:14:32.484980,54.085799,-166.325999,1470.0,84.37,1470.0,83.05
2017-06-03 07:14:32.984182,54.085827,-166.325958,1470.0,83.05,1470.0,84.37
2017-06-03 07:14:33.498981,54.085838,-166.325942,1470.0,83.05,1470.0,84.56
2017-06-03 07:14:33.998184,54.085863,-166.325903,1470.0,84.37,1470.0,83.05
2017-06-03 07:14:34.497383,54.085875,-166.325886,1470.0,83.43,1470.0,83.24
2017-06-03 07:14:34.996586,54.0859,-166.325847,1470.0,84.37,1470.0,83.43
2017-06-03 07:14:35.495785,54.08591,-166.325829,1470.0,83.43,1470.0,83.43
2017-06-03 07:14:35.994987,54.085935,-166.325788,1470.0,83.62,1470.0,83.62
2017-06-03 07:14:36.494186,54.085945,-166.32577,1470.0,83.62,1470.0,83.62
2017-06-03 07:14:36.993389,54.085968,-166.325728,1470.0,83.81,1470.0,84.94
2017-06-03 07:14:37.492588,54.085978,-166.32571,1470.0,83.81,1470.0,83.62
2017-06-03 07:14:37.991789,54.086002,-166.325668,1470.0,83.62,1470.0,83.62
2017-06-03 07:14:38.490992,54.086012,-166.325651,1470.0,83.62,1470.0,83.62
2017-06-03 07:14:38.990191,54.086037,-166.32561,1470.0,83.43,1470.0,83.43
2017-06-03 07:14:39.489393,54.086048,-166.325594,1470.0,83.43,1470.0,84.56
2017-06-03 07:14:39.988592,54.086073,-166.325557,1470.0,84.56,1470.0,84.75
2017-06-03 07:14:40.487795,54.086084,-166.325541,1470.0,83.43,1470.0,84.75
2017-06-03 07:14:40.986994,54.086112,-166.325503,1470.0,84.56,1470.0,83.43
2017-06-03 07:14:41.486197,54.086121,-166.325488,1470.0,83.62,1470.0,83.43
2017-06-03 07:14:41.985395,54.086147,-166.32545,1470.0,84.56,1470.0,83.43
2017-06-03 07:14:42.484598,54.086157,-166.325434,1470.0,83.43,1470.0,83.43
2017-06-03 07:14:42.983797,54.086183,-166.325393,1470.0,83.43,1470.0,83.43
2017-06-03 07:14:43.498600,54.086194,-166.325377,1470.0,83.43,1470.0,84.18
2017-06-03 07:14:43.997801,54.086218,-166.325338,1470.0,83.62,1470.0,83.62
2017-06-03 07:14:44.497002,54.086229,-166.325319,1470.0,83.81,1470.0,83.62
2017-06-03 07:14:44.996202,54.086252,-166.325278,1470.0,84.0,1470.0,84.0
2017-06-03 07:14:45.495403,54.086262,-166.32526,1470.0,84.18,1470.0,84.18
2017-06-03 07:14:45.994604,54.086285,-166.325218,1470.0,84.37,1470.0,84.18
2017-06-03 07:14:46.493805,54.086295,-166.3252,1470.0,84.18,1470.0,84.18
2017-06-03 07:14:46.993006,54.08632,-166.325158,1470.0,84.18,1470.0,84.18
2017-06-03 07:14:47.492207,54.086331,-166.325141,1470.0,85.31,1470.0,84.18
2017-06-03 07:14:47.991407,54.086357,-166.325102,1470.0,84.18,1470.0,84.94
2017-06-03 07:14:48.490608,54.086368,-166.325086,1470.0,84.0,1470.0,84.0
2017-06-03 07:14:48.989809,54.086395,-166.325048,1470.0,84.0,1470.0,83.81
2017-06-03 07:14:49.489010,54.086406,-166.325032,1470.0,85.12,1470.0,83.81
2017-06-03 07:14:49.988211,54.086433,-166.324995,1470.0,83.81,1470.0,83.81
2017-06-03 07:14:50.487411,54.086444,-166.324979,1470.0,83.81,1470.0,83.81
2017-06-03 07:14:50.986612,54.08647,-166.32494,1470.0,83.81,1470.0,84.75
2017-06-03 07:14:51.485813,54.08648,-166.324923,1470.0,84.37,1470.0,85.12
2017-06-03 07:14:51.985014,54.086505,-166.324883,1470.0,84.0,1470.0,84.0
2017-06-03 07:14:52.484215,54.086515,-166.324866,1470.0,85.12,1470.0,85.12
2017-06-03 07:14:52.999016,54.086538,-166.324825,1470.0,84.0,1470.0,84.0
2017-06-03 07:14:53.498217,54.086548,-166.324807,1470.0,84.0,1470.0,84.0
2017-06-03 07:14:53.997419,54.086572,-166.324765,1470.0,84.18,1470.0,84.0
2017-06-03 07:14:54.496618,54.086582,-166.324746,1470.0,84.0,1470.0,84.0
2017-06-03 07:14:54.995821,54.086605,-166.324705,1470.0,84.0,1470.0,84.0
2017-06-03 07:14:55.495020,54.086615,-166.324688,1470.0,84.18,1470.0,84.0
2017-06-03 07:14:55.994223,54.08664,-166.324647,1470.0,84.0,1470.0,84.94
2017-06-03 07:14:56.493422,54.086651,-166.32463,1470.0,84.0,1470.0,84.0
2017-06-03 07:14:56.992624,54.086677,-166.32459,1470.0,84.18,1470.0,84.0
2017-06-03 07:14:57.491823,54.086688,-166.324573,1470.0,84.94,1470.0,84.0
2017-06-03 07:14:57.991026,54.086713,-166.324532,1470.0,84.18,1470.0,85.31
2017-06-03 07:14:58.490227,54.086724,-166.324515,1470.0,84.18,1470.0,84.18
2017-06-03 07:14:58.989426,54.08675,-166.324475,1470.0,84.18,1470.0,84.0
2017-06-03 07:14:59.488628,54.086761,-166.324458,1470.0,84.0,1470.0,84.0
2017-06-03 07:14:59.987827,54.086787,-166.324417,1470.0,84.0,1470.0,84.94
2017-06-03 07:15:00.487030,54.086797,-166.3244,1470.0,84.0,1470.0,83.81
2017-06-03 07:15:00.986229,54.086822,-166.324358,1470.0,83.81,1470.0,83.81
2017-06-03 07:15:01.485432,54.086832,-166.324342,1470.0,83.81,1470.0,83.81
2017-06-03 07:15:01.984631,54.086858,-166.3243,1470.0,84.0,1470.0,84.75
2017-06-03 07:15:02.483833,54.086868,-166.324283,1470.0,83.81,1470.0,83.81
2017-06-03 07:15:02.998632,54.086892,-166.324242,1470.0,83.81,1470.0,84.75
2017-06-03 07:15:03.497835,54.086902,-166.324224,1470.0,83.81,1470.0,84.75
2017-06-03 07:15:03.997036,54.086927,-166.324183,1470.0,84.94,1470.0,84.94
2017-06-03 07:15:04.496237,54.086938,-166.324166,1470.0,83.62,1470.0,83.62
2017-06-03 07:15:04.995438,54.086962,-166.324127,1470.0,83.62,1470.0,83.62
2017-06-03 07:15:05.494638,54.086972,-166.324109,1470.0,83.62,1470.0,84.75
2017-06-03 07:15:05.993839,54.086997,-166.324068,1470.0,83.62,1470.0,84.37
2017-06-03 07:15:06.493040,54.087008,-166.324051,1470.0,83.62,1470.0,83.62
2017-06-03 07:15:06.992241,54.087033,-166.324012,1470.0,83.81,1470.0,83.62
2017-06-03 07:15:07.491442,54.087044,-166.323995,1470.0,83.81,1470.0,83.81
2017-06-03 07:15:07.990643,54.087068,-166.323955,1470.0,85.12,1470.0,83.81
2017-06-03 07:15:08.489843,54.087079,-166.323938,1470.0,84.0,1470.0,84.18
2017-06-03 07:15:08.989044,54.087105,-166.323897,1470.0,85.5,1470.0,84.0
2017-06-03 07:15:09.488245,54.087115,-166.323879,1470.0,84.0,1470.0,84.0
2017-06-03 07:15:09.987446,54.08714,-166.323837,1470.0,84.0,1470.0,83.81
2017-06-03 07:15:10.486647,54.087151,-166.32382,1470.0,83.81,1470.0,84.18
2017-06-03 07:15:10.985847,54.087177,-166.323778,1470.0,83.62,1470.0,83.62
2017-06-03 07:15:11.485048,54.087187,-166.323761,1470.0,83.62,1470.0,84.37
2017-06-03 07:15:11.984249,54.087213,-166.323718,1470.0,83.62,1470.0,84.56
2017-06-03 07:15:12.499050,54.087224,-166.323701,1470.0,83.81,1470.0,84.75
2017-06-03 07:15:12.998251,54.087248,-166.323662,1470.0,84.0,1470.0,84.0
2017-06-03 07:15:13.497452,54.087258,-166.323644,1470.0,84.0,1470.0,84.0
2017-06-03 07:15:13.996653,54.08728,-166.323605,1470.0,84.0,1470.0,83.81
2017-06-03 07:15:14.495853,54.087291,-166.323587,1470.0,83.62,1470.0,83.62
2017-06-03 07:15:14.995056,54.087315,-166.323548,1470.0,83.43,1470.0,84.37
2017-06-03 07:15:15.494255,54.087326,-166.323531,1470.0,83.43,1470.0,84.56
2017-06-03 07:15:15.993458,54.087353,-166.323488,1470.0,84.56,1470.0,83.24
2017-06-03 07:15:16.492657,54.087363,-166.323471,1470.0,84.75,1470.0,83.24
2017-06-03 07:15:16.991859,54.087387,-166.32343,1470.0,84.75,1470.0,83.62
2017-06-03 07:15:17.491058,54.087397,-166.323412,1470.0,83.81,1470.0,83.81
2017-06-03 07:15:17.990261,54.08742,-166.32337,1470.0,84.18,1470.0,84.0
2017-06-03 07:15:18.489460,54.08743,-166.323353,1470.0,84.18,1470.0,84.18
2017-06-03 07:15:18.988663,54.087453,-166.323312,1470.0,84.18,1470.0,84.18
2017-06-03 07:15:19.487864,54.087464,-166.323294,1470.0,84.0,1470.0,84.0
2017-06-03 07:15:19.987062,54.08749,-166.323253,1470.0,83.81,1470.0,84.56
2017-06-03 07:15:20.486265,54.087501,-166.323236,1470.0,83.62,1470.0,83.62
2017-06-03 07:15:20.985464,54.087527,-166.323195,1470.0,83.62,1470.0,83.62
2017-06-03 07:15:21.484667,54.087537,-166.323179,1470.0,83.81,1470.0,83.62
2017-06-03 07:15:21.983866,54.087563,-166.323138,1470.0,84.0,1470.0,83.81
2017-06-03 07:15:22.498669,54.087574,-166.323121,1470.0,85.5,1470.0,84.0
2017-06-03 07:15:22.997868,54.087598,-166.323083,1470.0,84.18,1470.0,84.94
2017-06-03 07:15:23.497070,54.087609,-166.323066,1470.0,85.31,1470.0,84.0
2017-06-03 07:15:23.996271,54.087635,-166.323025,1470.0,85.12,1470.0,83.81
2017-06-03 07:15:24.495472,54.087646,-166.323007,1470.0,83.81,1470.0,83.81
2017-06-03 07:15:24.994673,54.08767,-166.322967,1470.0,83.62,1470.0,83.62
2017-06-03 07:15:25.493874,54.08768,-166.322949,1470.0,83.62,1470.0,83.81
2017-06-03 07:15:25.993074,54.087705,-166.322907,1470.0,83.81,1470.0,83.81
2017-06-03 07:15:26.492275,54.087714,-166.322888,1470.0,84.18,1470.0,84.0
2017-06-03 07:15:26.991476,54.087737,-166.322843,1470.0,84.37,1470.0,84.37
2017-06-03 07:15:27.490677,54.087746,-166.322825,1470.0,84.56,1470.0,84.37
2017-06-03 07:15:27.989878,54.087767,-166.322782,1470.0,84.37,1470.0,84.18
2017-06-03 07:15:28.489079,54.087777,-166.322764,1470.0,84.18,1470.0,85.12
2017-06-03 07:15:28.988279,54.087802,-166.322722,1470.0,85.31,1470.0,83.81
2017-06-03 07:15:29.487480,54.087812,-166.322704,1470.0,84.94,1470.0,83.62
2017-06-03 07:15:29.986681,54.087837,-166.322663,1470.0,83.62,1470.0,83.62
2017-06-03 07:15:30.485882,54.087848,-166.322647,1470.0,83.62,1470.0,83.62
2017-06-03 07:15:30.985083,54.087873,-166.322608,1470.0,83.81,1470.0,84.94
2017-06-03 07:15:31.484283,54.087884,-166.322592,1470.0,84.0,1470.0,84.56
2017-06-03 07:15:31.999084,54.087908,-166.322552,1470.0,84.0,1470.0,84.0
2017-06-03 07:15:32.498285,54.087919,-166.322533,1470.0,84.18,1470.0,84.0
2017-06-03 07:15:32.997486,54.087943,-166.322492,1470.0,84.18,1470.0,84.18
2017-06-03 07:15:33.496687,54.087954,-166.322474,1470.0,85.31,1470.0,85.31
2017-06-03 07:15:33.995888,54.087978,-166.322432,1470.0,84.18,1470.0,84.0
2017-06-03 07:15:34.495089,54.087988,-166.322413,1470.0,84.18,1470.0,84.0
2017-06-03 07:15:34.994291,54.088012,-166.32237,1470.0,84.0,1470.0,84.0
2017-06-03 07:15:35.493490,54.088022,-166.322352,1470.0,84.18,1470.0,84.0
2017-06-03 07:15:35.992693,54.088045,-166.32231,1470.0,84.18,1470.0,84.18
2017-06-03 07:15:36.491892,54.088055,-166.322292,1470.0,84.18,1470.0,84.18
2017-06-03 07:15:36.991095,54.08808,-166.32225,1470.0,84.18,1470.0,84.18
2017-06-03 07:15:37.490294,54.08809,-166.322233,1470.0,84.56,1470.0,84.0
2017-06-03 07:15:37.989496,54.088115,-166.322192,1470.0,85.12,1470.0,83.81
2017-06-03 07:15:38.488695,54.088126,-166.322175,1470.0,83.81,1470.0,83.81
2017-06-03 07:15:38.987898,54.088152,-166.322135,1470.0,83.81,1470.0,84.94
2017-06-03 07:15:39.487097,54.088161,-166.322119,1470.0,84.94,1470.0,83.81
2017-06-03 07:15:39.986300,54.088185,-166.322077,1470.0,84.0,1470.0,84.0
2017-06-03 07:15:40.485500,54.088195,-166.32206,1470.0,84.18,1470.0,85.5
2017-06-03 07:15:40.984701,54.08822,-166.32202,1470.0,84.18,1470.0,84.37
2017-06-03 07:15:41.483902,54.08823,-166.322004,1470.0,86.07,1470.0,84.18
2017-06-03 07:15:41.998701,54.088255,-166.321962,1470.0,84.18,1470.0,84.18
2017-06-03 07:15:42.497904,54.088265,-166.321943,1470.0,84.18,1470.0,84.0
2017-06-03 07:15:42.997103,54.088288,-166.321902,1470.0,84.0,1470.0,84.0
2017-06-03 07:15:43.496305,54.088299,-166.321885,1470.0,84.0,1470.0,85.12
2017-06-03 07:15:43.995504,54.088325,-166.321845,1470.0,84.0,1470.0,84.0
2017-06-03 07:15:44.494707,54.088336,-166.321829,1470.0,84.0,1470.0,84.0
2017-06-03 07:15:44.993908,54.088363,-166.32179,1470.0,84.0,1470.0,85.31
2017-06-03 07:15:45.493109,54.088374,-166.321773,1470.0,85.31,1470.0,84.0
2017-06-03 07:15:45.992310,54.0884,-166.321733,1470.0,84.18,1470.0,84.0
2017-06-03 07:15:46.491510,54.08841,-166.321717,1470.0,84.37,1470.0,84.94
2017-06-03 07:15:46.990711,54.088435,-166.321678,1470.0,84.18,1470.0,84.94
2017-06-03 07:15:47.489912,54.088446,-166.321661,1470.0,84.18,1470.0,84.18
2017-06-03 07:15:47.989113,54.088472,-166.321622,1470.0,85.12,1470.0,84.0
2017-06-03 07:15:48.488314,54.088482,-166.321604,1470.0,84.0,1470.0,85.12
2017-06-03 07:15:48.987514,54.088507,-166.321563,1470.0,85.5,1470.0,84.0
2017-06-03 07:15:49.486715,54.088517,-166.321546,1470.0,84.0,1470.0,84.0
2017-06-03 07:15:49.985916,54.088542,-166.321505,1470.0,84.0,1470.0,84.0
2017-06-03 07:15:50.485117,54.088552,-166.321488,1470.0,84.18,1470.0,84.0
2017-06-03 07:15:50.984318,54.088577,-166.321447,1470.0,84.37,1470.0,84.18
2017-06-03 07:15:51.499119,54.088587,-166.321429,1470.0,84.37,1470.0,85.31
2017-06-03 07:15:51.998320,54.088612,-166.32139,1470.0,84.37,1470.0,85.69
2017-06-03 07:15:52.497520,54.088623,-166.321372,1470.0,85.69,1470.0,84.18
2017-06-03 07:15:52.996721,54.088647,-166.321332,1470.0,84.37,1470.0,84.18
2017-06-03 07:15:53.495922,54.088658,-166.321315,1470.0,84.18,1470.0,85.31
2017-06-03 07:15:53.995123,54.088683,-166.321275,1470.0,84.18,1470.0,84.18
2017-06-03 07:15:54.494324,54.088694,-166.321258,1470.0,85.5,1470.0,84.18
2017-06-03 07:15:54.993526,54.08872,-166.321218,1470.0,85.5,1470.0,84.18
2017-06-03 07:15:55.492725,54.08873,-166.321201,1470.0,85.5,1470.0,84.18
2017-06-03 07:15:55.991928,54.088755,-166.321162,1470.0,84.37,1470.0,84.18
2017-06-03 07:15:56.491127,54.088765,-166.321144,1470.0,85.69,1470.0,84.18
2017-06-03 07:15:56.990330,54.08879,-166.321103,1470.0,84.37,1470.0,84.37
2017-06-03 07:15:57.489529,54.0888,-166.321086,1470.0,84.37,1470.0,84.37
2017-06-03 07:15:57.988731,54.088825,-166.321045,1470.0,84.37,1470.0,84.37
2017-06-03 07:15:58.487930,54.088835,-166.321028,1470.0,84.37,1470.0,85.31
2017-06-03 07:15:58.987133,54.08886,-166.320987,1470.0,84.37,1470.0,84.37
2017-06-03 07:15:59.486332,54.08887,-166.32097,1470.0,84.37,1470.0,85.88
2017-06-03 07:15:59.985535,54.088897,-166.320928,1470.0,85.69,1470.0,84.37
2017-06-03 07:16:00.484735,54.088907,-166.320912,1470.0,84.37,1470.0,84.37
2017-06-03 07:16:00.983936,54.088932,-166.320872,1470.0,85.69,1470.0,84.37
2017-06-03 07:16:01.498737,54.088942,-166.320854,1470.0,84.37,1470.0,84.37
2017-06-03 07:16:01.997936,54.088967,-166.320813,1470.0,85.5,1470.0,84.37
2017-06-03 07:16:02.497139,54.088978,-166.320796,1470.0,84.56,1470.0,84.37
2017-06-03 07:16:02.996338,54.089002,-166.320757,1470.0,85.69,1470.0,84.37
2017-06-03 07:16:03.495541,54.089013,-166.320739,1470.0,84.56,1470.0,84.37
2017-06-03 07:16:03.994740,54.089038,-166.320698,1470.0,84.37,1470.0,84.37
2017-06-03 07:16:04.493942,54.089049,-166.320681,1470.0,84.37,1470.0,84.37
2017-06-03 07:16:04.993141,54.089073,-166.320642,1470.0,85.69,1470.0,84.37
2017-06-03 07:16:05.492344,54.089084,-166.320624,1470.0,85.69,1470.0,84.37
2017-06-03 07:16:05.991545,54.08911,-166.320582,1470.0,84.56,1470.0,84.56
2017-06-03 07:16:06.490746,54.08912,-166.320564,1470.0,85.88,1470.0,84.37
2017-06-03 07:16:06.989946,54.089145,-166.320523,1470.0,84.75,1470.0,84.56
2017-06-03 07:16:07.489147,54.089155,-166.320506,1470.0,85.88,1470.0,84.56
2017-06-03 07:16:07.988348,54.08918,-166.320465,1470.0,84.75,1470.0,84.75
2017-06-03 07:16:08.487549,54.08919,-166.320448,1470.0,84.75,1470.0,84.75
2017-06-03 07:16:08.986750,54.089213,-166.320407,1470.0,84.75,1470.0,84.75
2017-06-03 07:16:09.485950,54.089223,-166.32039,1470.0,86.07,1470.0,84.56
2017-06-03 07:16:09.985151,54.089247,-166.320348,1470.0,84.37,1470.0,84.37
2017-06-03 07:16:10.484352,54.089257,-166.320332,1470.0,84.18,1470.0,84.18
2017-06-03 07:16:10.999153,54.089283,-166.320292,1470.0,84.94,1470.0,84.0
2017-06-03 07:16:11.498354,54.089295,-166.320274,1470.0,84.18,1470.0,84.0
2017-06-03 07:16:11.997555,54.08932,-166.320233,1470.0,85.12,1470.0,84.18
2017-06-03 07:16:12.496756,54.089331,-166.320215,1470.0,84.56,1470.0,85.69
2017-06-03 07:16:12.995956,54.089355,-166.320175,1470.0,84.75,1470.0,84.75
2017-06-03 07:16:13.495157,54.089365,-166.320157,1470.0,84.94,1470.0,84.94
2017-06-03 07:16:13.994358,54.089388,-166.320115,1470.0,85.12,1470.0,84.94
2017-06-03 07:16:14.493559,54.089399,-166.320097,1470.0,85.12,1470.0,84.94
2017-06-03 07:16:14.992762,54.089423,-166.320055,1470.0,84.94,1470.0,84.75
2017-06-03 07:16:15.491961,54.089434,-166.320038,1470.0,85.69,1470.0,85.88
2017-06-03 07:16:15.991163,54.089458,-166.319998,1470.0,84.56,1470.0,85.5
2017-06-03 07:16:16.490362,54.089469,-166.319981,1470.0,84.75,1470.0,84.56
2017-06-03 07:16:16.989565,54.089495,-166.319942,1470.0,84.56,1470.0,84.56
2017-06-03 07:16:17.488764,54.089506,-166.319925,1470.0,85.69,1470.0,84.56
2017-06-03 07:16:17.987967,54.089532,-166.319887,1470.0,84.75,1470.0,84.75
2017-06-03 07:16:18.487165,54.089542,-166.31987,1470.0,85.88,1470.0,84.56
2017-06-03 07:16:18.986368,54.089567,-166.31983,1470.0,84.56,1470.0,84.37
2017-06-03 07:16:19.485567,54.089577,-166.319814,1470.0,84.37,1470.0,85.69
2017-06-03 07:16:19.984770,54.089603,-166.319773,1470.0,84.37,1470.0,84.18
2017-06-03 07:16:20.483971,54.089613,-166.319757,1470.0,84.37,1470.0,84.37
2017-06-03 07:16:20.998770,54.089637,-166.319717,1470.0,84.56,1470.0,84.37
2017-06-03 07:16:21.497972,54.089647,-166.319699,1470.0,84.56,1470.0,84.37
2017-06-03 07:16:21.997171,54.089672,-166.319658,1470.0,84.75,1470.0,84.56
2017-06-03 07:16:22.496374,54.089682,-166.31964,1470.0,84.75,1470.0,86.25
2017-06-03 07:16:22.995573,54.089705,-166.319598,1470.0,84.94,1470.0,84.75
2017-06-03 07:16:23.494776,54.089715,-166.31958,1470.0,84.75,1470.0,84.75
2017-06-03 07:16:23.993975,54.089738,-166.319538,1470.0,84.75,1470.0,84.75
2017-06-03 07:16:24.493177,54.089749,-166.319521,1470.0,84.75,1470.0,84.56
2017-06-03 07:16:24.992376,54.089775,-166.31948,1470.0,84.56,1470.0,84.56
2017-06-03 07:16:25.491579,54.089786,-166.319464,1470.0,85.69,1470.0,84.56
2017-06-03 07:16:25.990780,54.089812,-166.319425,1470.0,84.56,1470.0,84.56
2017-06-03 07:16:26.489981,54.089822,-166.319409,1470.0,84.56,1470.0,84.56
2017-06-03 07:16:26.989182,54.089848,-166.319368,1470.0,85.69,1470.0,84.56
2017-06-03 07:16:27.488382,54.089858,-166.319353,1470.0,84.75,1470.0,85.69
2017-06-03 07:16:27.987583,54.089883,-166.319313,1470.0,84.75,1470.0,84.56
2017-06-03 07:16:28.486784,54.089894,-166.319297,1470.0,85.88,1470.0,84.75
2017-06-03 07:16:28.985985,54.08992,-166.319257,1470.0,84.56,1470.0,84.56
2017-06-03 07:16:29.485186,54.08993,-166.319241,1470.0,84.37,1470.0,84.37
2017-06-03 07:16:29.984386,54.089957,-166.3192,1470.0,84.37,1470.0,84.37
2017-06-03 07:16:30.499187,54.089968,-166.319182,1470.0,84.56,1470.0,85.5
2017-06-03 07:16:30.998388,54.089992,-166.319143,1470.0,84.56,1470.0,84.56
2017-06-03 07:16:31.497589,54.090002,-166.319126,1470.0,84.75,1470.0,84.75
2017-06-03 07:16:31.996790,54.090025,-166.319087,1470.0,84.94,1470.0,84.75
2017-06-03 07:16:32.495991,54.090035,-166.319069,1470.0,84.94,1470.0,84.94
2017-06-03 07:16:32.995192,54.09006,-166.319028,1470.0,84.94,1470.0,84.75
2017-06-03 07:16:33.494392,54.09007,-166.319011,1470.0,84.75,1470.0,84.75
2017-06-03 07:16:33.993593,54.090095,-166.31897,1470.0,84.37,1470.0,84.37
2017-06-03 07:16:34.492794,54.090106,-166.318954,1470.0,84.37,1470.0,84.18
2017-06-03 07:16:34.991995,54.090132,-166.318915,1470.0,85.31,1470.0,84.18
2017-06-03 07:16:35.491196,54.090143,-166.318899,1470.0,84.37,1470.0,84.37
2017-06-03 07:16:35.990396,54.09017,-166.31886,1470.0,84.56,1470.0,84.56
2017-06-03 07:16:36.489597,54.09018,-166.318843,1470.0,85.88,1470.0,84.75
2017-06-03 07:16:36.988800,54.090205,-166.318803,1470.0,84.94,1470.0,85.69
2017-06-03 07:16:37.487999,54.090216,-166.318786,1470.0,84.94,1470.0,86.25
2017-06-03 07:16:37.987202,54.090242,-166.318745,1470.0,85.88,1470.0,84.75
2017-06-03 07:16:38.486401,54.090252,-166.318728,1470.0,84.75,1470.0,84.56
2017-06-03 07:16:38.985603,54.090278,-166.318687,1470.0,84.56,1470.0,84.56
2017-06-03 07:16:39.484802,54.090289,-166.318671,1470.0,85.88,1470.0,84.56
2017-06-03 07:16:39.984005,54.090315,-166.31863,1470.0,84.94,1470.0,84.75
2017-06-03 07:16:40.498804,54.090326,-166.318612,1470.0,84.94,1470.0,84.94
2017-06-03 07:16:40.998005,54.09035,-166.318572,1470.0,85.12,1470.0,86.07
2017-06-03 07:16:41.497208,54.09036,-166.318555,1470.0,85.12,1470.0,86.07
2017-06-03 07:16:41.996407,54.090383,-166.318515,1470.0,86.07,1470.0,84.94
2017-06-03 07:16:42.495609,54.090394,-166.318498,1470.0,86.07,1470.0,84.75
2017-06-03 07:16:42.994808,54.09042,-166.318458,1470.0,84.75,1470.0,84.56
2017-06-03 07:16:43.494011,54.090431,-166.318442,1470.0,84.56,1470.0,85.5
2017-06-03 07:16:43.993210,54.090457,-166.318405,1470.0,84.56,1470.0,84.56
2017-06-03 07:16:44.492413,54.090467,-166.318389,1470.0,85.88,1470.0,85.69
2017-06-03 07:16:44.991611,54.090492,-166.31835,1470.0,84.75,1470.0,85.69
2017-06-03 07:16:45.490814,54.090502,-166.318334,1470.0,84.75,1470.0,84.75
2017-06-03 07:16:45.990015,54.090527,-166.318295,1470.0,84.75,1470.0,84.75
2017-06-03 07:16:46.489216,54.090537,-166.318279,1470.0,84.75,1470.0,84.75
2017-06-03 07:16:46.988417,54.090563,-166.318238,1470.0,84.56,1470.0,84.56
2017-06-03 07:16:47.487617,54.090574,-166.318222,1470.0,84.56,1470.0,85.88
2017-06-03 07:16:47.986818,54.0906,-166.31818,1470.0,84.56,1470.0,85.69
2017-06-03 07:16:48.486019,54.09061,-166.318164,1470.0,84.75,1470.0,84.75
2017-06-03 07:16:48.985220,54.090635,-166.318123,1470.0,86.44,1470.0,85.31
2017-06-03 07:16:49.484421,54.090645,-166.318107,1470.0,85.31,1470.0,86.44
2017-06-03 07:16:49.999222,54.09067,-166.318067,1470.0,85.5,1470.0,85.31
2017-06-03 07:16:50.498423,54.090682,-166.318048,1470.0,85.31,1470.0,85.31
2017-06-03 07:16:50.997623,54.090707,-166.318008,1470.0,85.12,1470.0,85.12
2017-06-03 07:16:51.496824,54.090717,-166.317991,1470.0,86.07,1470.0,84.94
2017-06-03 07:16:51.996025,54.090742,-166.317952,1470.0,84.94,1470.0,84.75
2017-06-03 07:16:52.495226,54.090753,-166.317935,1470.0,84.75,1470.0,84.75
2017-06-03 07:16:52.994427,54.090778,-166.317897,1470.0,84.75,1470.0,84.56
2017-06-03 07:16:53.493628,54.090789,-166.317881,1470.0,84.56,1470.0,85.69
2017-06-03 07:16:53.992828,54.090815,-166.317843,1470.0,85.69,1470.0,84.37
2017-06-03 07:16:54.492029,54.090826,-166.317827,1470.0,84.56,1470.0,84.37
2017-06-03 07:16:54.991230,54.090852,-166.317788,1470.0,84.56,1470.0,84.37
2017-06-03 07:16:55.490431,54.090862,-166.317772,1470.0,85.69,1470.0,84.37
2017-06-03 07:16:55.989632,54.090887,-166.317733,1470.0,84.75,1470.0,84.56
2017-06-03 07:16:56.488832,54.090897,-166.317716,1470.0,84.94,1470.0,84.94
2017-06-03 07:16:56.988035,54.090922,-166.317675,1470.0,85.12,1470.0,84.94
2017-06-03 07:16:57.487234,54.090931,-166.317658,1470.0,85.12,1470.0,85.88
2017-06-03 07:16:57.986437,54.090953,-166.317615,1470.0,85.12,1470.0,85.12
2017-06-03 07:16:58.485636,54.090964,-166.317598,1470.0,85.12,1470.0,84.94
2017-06-03 07:16:58.984838,54.090988,-166.317557,1470.0,84.94,1470.0,84.94
2017-06-03 07:16:59.484037,54.090999,-166.317541,1470.0,84.75,1470.0,84.75
2017-06-03 07:16:59.998840,54.091025,-166.317502,1470.0,84.75,1470.0,84.56
2017-06-03 07:17:00.498039,54.091037,-166.317485,1470.0,85.69,1470.0,84.56
2017-06-03 07:17:00.997240,54.091062,-166.31745,1470.0,84.75,1470.0,84.56
2017-06-03 07:17:01.496441,54.091073,-166.317434,1470.0,85.88,1470.0,84.56
2017-06-03 07:17:01.995642,54.0911,-166.317395,1470.0,85.5,1470.0,84.56
2017-06-03 07:17:02.494844,54.091111,-166.317379,1470.0,84.56,1470.0,84.56
2017-06-03 07:17:02.994043,54.091137,-166.31734,1470.0,84.56,1470.0,84.56
2017-06-03 07:17:03.493246,54.091146,-166.317323,1470.0,84.75,1470.0,86.07
2017-06-03 07:17:03.992445,54.091168,-166.317282,1470.0,84.94,1470.0,84.75
2017-06-03 07:17:04.491648,54.091178,-166.317263,1470.0,84.94,1470.0,84.94
2017-06-03 07:17:04.990847,54.091202,-166.31722,1470.0,84.94,1470.0,84.94
2017-06-03 07:17:05.490049,54.091212,-166.317202,1470.0,84.94,1470.0,84.94
2017-06-03 07:17:05.989248,54.091235,-166.31716,1470.0,85.69,1470.0,84.75
2017-06-03 07:17:06.488451,54.091245,-166.317143,1470.0,84.75,1470.0,84.75
2017-06-03 07:17:06.987652,54.09127,-166.317102,1470.0,84.75,1470.0,84.56
2017-06-03 07:17:07.486853,54.091281,-166.317087,1470.0,84.75,1470.0,84.56
2017-06-03 07:17:07.986053,54.091308,-166.317048,1470.0,84.56,1470.0,84.56
2017-06-03 07:17:08.485254,54.091319,-166.317032,1470.0,84.56,1470.0,84.56
2017-06-03 07:17:08.984455,54.091343,-166.316993,1470.0,84.75,1470.0,84.56
2017-06-03 07:17:09.499256,54.091355,-166.316976,1470.0,84.56,1470.0,84.56
2017-06-03 07:17:09.998457,54.09138,-166.316937,1470.0,85.5,1470.0,84.56
2017-06-03 07:17:10.497658,54.091392,-166.316919,1470.0,85.69,1470.0,84.56
2017-06-03 07:17:10.996859,54.091417,-166.31688,1470.0,86.07,1470.0,84.75
2017-06-03 07:17:11.496059,54.091427,-166.316863,1470.0,84.75,1470.0,84.75
2017-06-03 07:17:11.995260,54.09145,-166.316822,1470.0,84.94,1470.0,84.75
2017-06-03 07:17:12.494461,54.09146,-166.316804,1470.0,84.94,1470.0,84.94
2017-06-03 07:17:12.993662,54.091485,-166.316763,1470.0,84.94,1470.0,84.75
2017-06-03 07:17:13.492863,54.091495,-166.316746,1470.0,84.75,1470.0,84.75
2017-06-03 07:17:13.992064,54.091518,-166.316705,1470.0,84.75,1470.0,85.88
2017-06-03 07:17:14.491264,54.091529,-166.316688,1470.0,85.88,1470.0,84.56
2017-06-03 07:17:14.990465,54.091555,-166.316647,1470.0,84.56,1470.0,84.56
2017-06-03 07:17:15.489666,54.091566,-166.31663,1470.0,85.69,1470.0,84.37
2017-06-03 07:17:15.988867,54.091592,-166.31659,1470.0,85.5,1470.0,85.5
2017-06-03 07:17:16.488068,54.091602,-166.316574,1470.0,85.88,1470.0,84.56
2017-06-03 07:17:16.987270,54.091627,-166.316535,1470.0,85.88,1470.0,84.75
2017-06-03 07:17:17.486469,54.091636,-166.316519,1470.0,84.94,1470.0,84.94
2017-06-03 07:17:17.985672,54.091662,-166.316477,1470.0,84.94,1470.0,84.94
2017-06-03 07:17:18.484871,54.091671,-166.31646,1470.0,85.12,1470.0,85.5
2017-06-03 07:17:18.984074,54.091695,-166.316418,1470.0,84.75,1470.0,84.75
2017-06-03 07:17:19.498873,54.091706,-166.3164,1470.0,84.56,1470.0,84.56
2017-06-03 07:17:19.998075,54.09173,-166.316358,1470.0,84.56,1470.0,84.56
2017-06-03 07:17:20.497274,54.091742,-166.316341,1470.0,84.56,1470.0,84.56
2017-06-03 07:17:20.996477,54.091767,-166.316302,1470.0,84.56,1470.0,84.75
2017-06-03 07:17:21.495676,54.091778,-166.316285,1470.0,84.56,1470.0,84.56
2017-06-03 07:17:21.994877,54.091803,-166.316247,1470.0,84.56,1470.0,84.56
2017-06-03 07:17:22.494080,54.091815,-166.31623,1470.0,84.75,1470.0,84.56
2017-06-03 07:17:22.993279,54.091842,-166.316192,1470.0,84.75,1470.0,84.75
2017-06-03 07:17:23.492481,54.091852,-166.316175,1470.0,84.94,1470.0,86.07
2017-06-03 07:17:23.991680,54.091877,-166.316135,1470.0,84.94,1470.0,84.94
2017-06-03 07:17:24.490883,54.091888,-166.316118,1470.0,84.94,1470.0,84.94
2017-06-03 07:17:24.990082,54.091913,-166.316077,1470.0,84.94,1470.0,84.75
2017-06-03 07:17:25.489285,54.091924,-166.316059,1470.0,84.75,1470.0,86.07
2017-06-03 07:17:25.988483,54.09195,-166.316018,1470.0,84.75,1470.0,84.56
2017-06-03 07:17:26.487686,54.09196,-166.316002,1470.0,84.75,1470.0,84.56
2017-06-03 07:17:26.986885,54.091985,-166.315962,1470.0,84.75,1470.0,85.88
2017-06-03 07:17:27.486088,54.091995,-166.315945,1470.0,84.94,1470.0,84.75
2017-06-03 07:17:27.985289,54.092022,-166.315903,1470.0,84.94,1470.0,84.94
2017-06-03 07:17:28.484489,54.092032,-166.315887,1470.0,85.12,1470.0,84.94
2017-06-03 07:17:28.999290,54.092058,-166.315848,1470.0,85.12,1470.0,84.94
2017-06-03 07:17:29.498491,54.092069,-166.315831,1470.0,84.94,1470.0,84.94
2017-06-03 07:17:29.997692,54.092093,-166.315792,1470.0,85.12,1470.0,84.94
2017-06-03 07:17:30.496893,54.092104,-166.315775,1470.0,84.94,1470.0,84.94
2017-06-03 07:17:30.996094,54.092128,-166.315737,1470.0,84.94,1470.0,84.75
2017-06-03 07:17:31.495295,54.092139,-166.31572,1470.0,85.88,1470.0,84.75
2017-06-03 07:17:31.994495,54.092165,-166.315682,1470.0,84.75,1470.0,85.88
2017-06-03 07:17:32.493696,54.092176,-166.315665,1470.0,84.75,1470.0,84.56
2017-06-03 07:17:32.992897,54.092202,-166.315625,1470.0,85.88,1470.0,86.25
2017-06-03 07:17:33.492098,54.092213,-166.315608,1470.0,84.75,1470.0,84.56
2017-06-03 07:17:33.991299,54.092238,-166.315568,1470.0,85.88,1470.0,84.75
2017-06-03 07:17:34.490499,54.092249,-166.315551,1470.0,84.75,1470.0,84.75
2017-06-03 07:17:34.989700,54.092275,-166.31551,1470.0,84.94,1470.0,86.25
2017-06-03 07:17:35.488901,54.092285,-166.315494,1470.0,85.12,1470.0,85.12
2017-06-03 07:17:35.988102,54.09231,-166.315452,1470.0,85.31,1470.0,85.31
2017-06-03 07:17:36.487303,54.09232,-166.315434,1470.0,85.5,1470.0,85.5
2017-06-03 07:17:36.986506,54.092345,-166.31539,1470.0,85.69,1470.0,85.5
2017-06-03 07:17:37.485704,54.092355,-166.315373,1470.0,85.5,1470.0,85.5
2017-06-03 07:17:37.984907,54.09238,-166.31533,1470.0,85.5,1470.0,85.31
2017-06-03 07:17:38.484106,54.092391,-166.315313,1470.0,85.31,1470.0,86.63
2017-06-03 07:17:38.998909,54.092417,-166.315272,1470.0,86.44,1470.0,85.12
2017-06-03 07:17:39.498108,54.092428,-166.315256,1470.0,85.12,1470.0,85.12
2017-06-03 07:17:39.997311,54.092455,-166.315218,1470.0,86.44,1470.0,84.94
2017-06-03 07:17:40.496510,54.092466,-166.315202,1470.0,85.12,1470.0,86.07
2017-06-03 07:17:40.995712,54.092492,-166.315165,1470.0,84.94,1470.0,84.94
2017-06-03 07:17:41.494911,54.092503,-166.315149,1470.0,84.94,1470.0,84.94
2017-06-03 07:17:41.994114,54.092528,-166.31511,1470.0,84.94,1470.0,84.94
2017-06-03 07:17:42.493315,54.092538,-166.315093,1470.0,86.07,1470.0,85.12
2017-06-03 07:17:42.992514,54.09256,-166.315052,1470.0,85.12,1470.0,85.12
2017-06-03 07:17:43.491716,54.09257,-166.315033,1470.0,85.31,1470.0,85.31
2017-06-03 07:17:43.990915,54.092593,-166.31499,1470.0,85.5,1470.0,85.31
2017-06-03 07:17:44.490118,54.092603,-166.314973,1470.0,86.82,1470.0,85.31
2017-06-03 07:17:44.989317,54.092625,-166.31493,1470.0,85.31,1470.0,85.31
2017-06-03 07:17:45.488520,54.092635,-166.314914,1470.0,85.31,1470.0,86.82
2017-06-03 07:17:45.987719,54.09266,-166.314872,1470.0,85.12,1470.0,85.12
2017-06-03 07:17:46.486921,54.092671,-166.314855,1470.0,85.12,1470.0,86.44
2017-06-03 07:17:46.986120,54.092698,-166.314815,1470.0,85.12,1470.0,85.12
2017-06-03 07:17:47.485323,54.092709,-166.3148,1470.0,85.12,1470.0,85.12
2017-06-03 07:17:47.984524,54.092735,-166.31476,1470.0,85.12,1470.0,85.12
2017-06-03 07:17:48.499325,54.092747,-166.314743,1470.0,85.12,1470.0,86.07
2017-06-03 07:17:48.998526,54.092773,-166.314705,1470.0,85.12,1470.0,85.12
2017-06-03 07:17:49.497726,54.092784,-166.314688,1470.0,85.12,1470.0,86.25
2017-06-03 07:17:49.996927,54.09281,-166.314648,1470.0,85.12,1470.0,85.12
2017-06-03 07:17:50.496128,54.09282,-166.314631,1470.0,86.25,1470.0,86.07
2017-06-03 07:17:50.995329,54.092843,-166.31459,1470.0,85.31,1470.0,85.12
2017-06-03 07:17:51.494530,54.092854,-166.314572,1470.0,85.12,1470.0,85.12
2017-06-03 07:17:51.993731,54.092878,-166.31453,1470.0,85.12,1470.0,86.07
2017-06-03 07:17:52.492931,54.092888,-166.314512,1470.0,84.94,1470.0,85.88
2017-06-03 07:17:52.992132,54.092912,-166.314468,1470.0,86.07,1470.0,84.75
2017-06-03 07:17:53.491333,54.092922,-166.314451,1470.0,84.75,1470.0,84.75
2017-06-03 07:17:53.990534,54.092945,-166.31441,1470.0,84.94,1470.0,84.94
2017-06-03 07:17:54.489735,54.092955,-166.314393,1470.0,84.94,1470.0,84.94
2017-06-03 07:17:54.988935,54.09298,-166.314352,1470.0,85.12,1470.0,86.07
2017-06-03 07:17:55.488136,54.092989,-166.314335,1470.0,85.12,1470.0,86.25
2017-06-03 07:17:55.987337,54.093013,-166.314293,1470.0,85.12,1470.0,86.07
2017-06-03 07:17:56.486538,54.093024,-166.314276,1470.0,86.25,1470.0,84.94
2017-06-03 07:17:56.985739,54.09305,-166.314235,1470.0,84.94,1470.0,84.94
2017-06-03 07:17:57.484940,54.09306,-166.314219,1470.0,86.07,1470.0,86.44
2017-06-03 07:17:57.984140,54.093087,-166.314177,1470.0,86.25,1470.0,85.31
2017-06-03 07:17:58.498941,54.093098,-166.314159,1470.0,85.5,1470.0,85.31
2017-06-03 07:17:58.998144,54.093122,-166.31412,1470.0,85.5,1470.0,86.44
2017-06-03 07:17:59.497343,54.093132,-166.314103,1470.0,85.5,1470.0,85.5
2017-06-03 07:17:59.996546,54.093157,-166.314063,1470.0,86.82,1470.0,85.5
2017-06-03 07:18:00.495745,54.093167,-166.314046,1470.0,85.69,1470.0,85.5
2017-06-03 07:18:00.994947,54.09319,-166.314005,1470.0,85.69,1470.0,85.5
2017-06-03 07:18:01.494146,54.0932,-166.313987,1470.0,85.69,1470.0,85.5
2017-06-03 07:18:01.993349,54.093225,-166.313945,1470.0,86.63,1470.0,86.07
2017-06-03 07:18:02.492550,54.093236,-166.313928,1470.0,86.63,1470.0,85.31
2017-06-03 07:18:02.991751,54.093262,-166.313888,1470.0,85.31,1470.0,86.44
2017-06-03 07:18:03.490952,54.093273,-166.313871,1470.0,85.31,1470.0,85.31
2017-06-03 07:18:03.990152,54.093298,-166.313832,1470.0,85.5,1470.0,86.44
2017-06-03 07:18:04.489353,54.093309,-166.313815,1470.0,85.69,1470.0,86.82
2017-06-03 07:18:04.988552,54.093333,-166.313775,1470.0,85.88,1470.0,85.69
2017-06-03 07:18:05.487755,54.093343,-166.313758,1470.0,85.88,1470.0,85.69
2017-06-03 07:18:05.986954,54.093367,-166.313717,1470.0,85.88,1470.0,85.69
2017-06-03 07:18:06.486156,54.093377,-166.313699,1470.0,87.01,1470.0,85.69
2017-06-03 07:18:06.985355,54.093402,-166.313657,1470.0,87.19,1470.0,85.69
2017-06-03 07:18:07.484558,54.093411,-166.313641,1470.0,85.69,1470.0,86.82
2017-06-03 07:18:07.999359,54.093435,-166.3136,1470.0,85.69,1470.0,85.5
2017-06-03 07:18:08.498560,54.093447,-166.313583,1470.0,86.82,1470.0,85.31
2017-06-03 07:18:08.997761,54.093473,-166.313547,1470.0,85.31,1470.0,86.44
2017-06-03 07:18:09.496962,54.093485,-166.31353,1470.0,85.31,1470.0,85.5
2017-06-03 07:18:09.996162,54.093512,-166.313492,1470.0,85.5,1470.0,85.31
2017-06-03 07:18:10.495363,54.093522,-166.313475,1470.0,85.5,1470.0,86.44
2017-06-03 07:18:10.994564,54.093547,-166.313435,1470.0,85.69,1470.0,85.69
2017-06-03 07:18:11.493765,54.093557,-166.313417,1470.0,85.69,1470.0,85.69
2017-06-03 07:18:11.992966,54.093582,-166.313375,1470.0,85.69,1470.0,85.69
2017-06-03 07:18:12.492167,54.093592,-166.313358,1470.0,85.88,1470.0,85.69
2017-06-03 07:18:12.991367,54.093615,-166.313317,1470.0,85.69,1470.0,85.69
2017-06-03 07:18:13.490568,54.093626,-166.3133,1470.0,85.69,1470.0,86.82
2017-06-03 07:18:13.989769,54.093652,-166.31326,1470.0,85.69,1470.0,85.5
2017-06-03 07:18:14.488970,54.093662,-166.313244,1470.0,86.63,1470.0,86.63
2017-06-03 07:18:14.988171,54.093688,-166.313203,1470.0,85.5,1470.0,85.5
2017-06-03 07:18:15.487371,54.093699,-166.313188,1470.0,85.5,1470.0,85.5
2017-06-03 07:18:15.986572,54.093725,-166.313148,1470.0,86.44,1470.0,85.31
2017-06-03 07:18:16.485773,54.093736,-166.313132,1470.0,85.31,1470.0,85.31
2017-06-03 07:18:16.984974,54.093762,-166.313093,1470.0,85.31,1470.0,85.12
2017-06-03 07:18:17.484175,54.093772,-166.313078,1470.0,85.31,1470.0,85.12
2017-06-03 07:18:17.998976,54.093798,-166.31304,1470.0,85.12,1470.0,85.12
2017-06-03 07:18:18.498177,54.09381,-166.313022,1470.0,85.12,1470.0,84.94
2017-06-03 07:18:18.997379,54.093835,-166.312983,1470.0,85.12,1470.0,85.12
2017-06-03 07:18:19.496578,54.093845,-166.312966,1470.0,85.31,1470.0,86.07
2017-06-03 07:18:19.995781,54.09387,-166.312925,1470.0,85.31,1470.0,85.31
2017-06-03 07:18:20.494980,54.09388,-166.312908,1470.0,85.5,1470.0,86.63
2017-06-03 07:18:20.994183,54.093905,-166.312867,1470.0,85.69,1470.0,85.5
2017-06-03 07:18:21.493382,54.093916,-166.31285,1470.0,85.5,1470.0,85.5
2017-06-03 07:18:21.992584,54.093942,-166.31281,1470.0,85.5,1470.0,85.31
2017-06-03 07:18:22.491783,54.093953,-166.312794,1470.0,85.31,1470.0,85.5
2017-06-03 07:18:22.990986,54.09398,-166.312755,1470.0,85.12,1470.0,85.12
2017-06-03 07:18:23.490185,54.093991,-166.312739,1470.0,85.12,1470.0,85.12
2017-06-03 07:18:23.989388,54.094018,-166.3127,1470.0,85.31,1470.0,85.12
2017-06-03 07:18:24.488588,54.094029,-166.312684,1470.0,85.69,1470.0,85.5
2017-06-03 07:18:24.987789,54.094053,-166.312643,1470.0,85.69,1470.0,86.82
2017-06-03 07:18:25.486990,54.094063,-166.312627,1470.0,85.88,1470.0,85.69
2017-06-03 07:18:25.986189,54.094088,-166.312587,1470.0,85.69,1470.0,85.69
2017-06-03 07:18:26.485392,54.094099,-166.31257,1470.0,86.44,1470.0,85.31
2017-06-03 07:18:26.984591,54.094125,-166.31253,1470.0,85.12,1470.0,85.12
2017-06-03 07:18:27.483793,54.094135,-166.312515,1470.0,84.94,1470.0,85.69
2017-06-03 07:18:27.998594,54.094162,-166.312475,1470.0,86.07,1470.0,86.25
2017-06-03 07:18:28.497795,54.094172,-166.312458,1470.0,85.88,1470.0,84.94
2017-06-03 07:18:28.996996,54.094197,-166.312418,1470.0,85.31,1470.0,85.31
2017-06-03 07:18:29.496197,54.094207,-166.312401,1470.0,85.5,1470.0,86.82
2017-06-03 07:18:29.995398,54.094232,-166.31236,1470.0,85.69,1470.0,85.69
2017-06-03 07:18:30.494598,54.094242,-166.312342,1470.0,85.88,1470.0,87.38
2017-06-03 07:18:30.993799,54.094265,-166.3123,1470.0,85.88,1470.0,87.01
2017-06-03 07:18:31.493000,54.094276,-166.312283,1470.0,85.88,1470.0,87.01
2017-06-03 07:18:31.992201,54.094302,-166.312242,1470.0,85.69,1470.0,87.01
2017-06-03 07:18:32.491402,54.094312,-166.312225,1470.0,86.82,1470.0,85.69
2017-06-03 07:18:32.990602,54.094337,-166.312185,1470.0,85.5,1470.0,85.5
2017-06-03 07:18:33.489803,54.094347,-166.31217,1470.0,86.07,1470.0,85.5
2017-06-03 07:18:33.989004,54.094375,-166.31213,1470.0,85.5,1470.0,85.5
2017-06-03 07:18:34.488205,54.094386,-166.312114,1470.0,85.5,1470.0,85.5
2017-06-03 07:18:34.987406,54.094412,-166.312077,1470.0,85.5,1470.0,85.5
2017-06-03 07:18:35.486607,54.094422,-166.312062,1470.0,85.5,1470.0,85.5
2017-06-03 07:18:35.985807,54.094448,-166.312023,1470.0,85.5,1470.0,85.31
2017-06-03 07:18:36.485008,54.094458,-166.312007,1470.0,85.5,1470.0,85.31
2017-06-03 07:18:36.984209,54.094485,-166.311965,1470.0,85.5,1470.0,85.5
2017-06-03 07:18:37.499010,54.094495,-166.311947,1470.0,86.44,1470.0,85.69
2017-06-03 07:18:37.998211,54.094518,-166.311905,1470.0,85.88,1470.0,85.69
2017-06-03 07:18:38.497412,54.094528,-166.311887,1470.0,86.07,1470.0,85.88
2017-06-03 07:18:38.996614,54.094552,-166.311843,1470.0,86.07,1470.0,85.88
2017-06-03 07:18:39.495813,54.094562,-166.311825,1470.0,86.07,1470.0,85.88
2017-06-03 07:18:39.995016,54.094587,-166.311783,1470.0,85.88,1470.0,85.88
2017-06-03 07:18:40.494215,54.094598,-166.311766,1470.0,87.01,1470.0,85.69
2017-06-03 07:18:40.993418,54.094623,-166.311727,1470.0,86.82,1470.0,86.44
2017-06-03 07:18:41.492617,54.094635,-166.31171,1470.0,85.5,1470.0,85.5
2017-06-03 07:18:41.991819,54.094662,-166.311672,1470.0,85.5,1470.0,85.31
2017-06-03 07:18:42.491018,54.094673,-166.311656,1470.0,86.63,1470.0,85.31
2017-06-03 07:18:42.990221,54.094698,-166.31162,1470.0,85.5,1470.0,85.31
2017-06-03 07:18:43.489420,54.09471,-166.311603,1470.0,86.82,1470.0,85.5
2017-06-03 07:18:43.988623,54.094737,-166.311563,1470.0,85.69,1470.0,85.5
2017-06-03 07:18:44.487823,54.094747,-166.311546,1470.0,86.82,1470.0,85.5
2017-06-03 07:18:44.987024,54.094772,-166.311505,1470.0,85.5,1470.0,85.5
2017-06-03 07:18:45.486225,54.094781,-166.311488,1470.0,85.5,1470.0,85.88
2017-06-03 07:18:45.985426,54.094807,-166.311443,1470.0,85.5,1470.0,85.31
2017-06-03 07:18:46.484627,54.094816,-166.311426,1470.0,85.69,1470.0,86.44
2017-06-03 07:18:46.983826,54.09484,-166.311383,1470.0,85.5,1470.0,85.5
2017-06-03 07:18:47.498629,54.094851,-166.311365,1470.0,85.69,1470.0,87.38
2017-06-03 07:18:47.997828,54.094877,-166.311323,1470.0,85.69,1470.0,85.69
2017-06-03 07:18:48.497030,54.094887,-166.311307,1470.0,85.88,1470.0,85.69
2017-06-03 07:18:48.996229,54.094912,-166.311267,1470.0,86.63,1470.0,85.69
2017-06-03 07:18:49.495432,54.094923,-166.31125,1470.0,85.69,1470.0,85.5
2017-06-03 07:18:49.994633,54.09495,-166.31121,1470.0,85.5,1470.0,86.44
2017-06-03 07:18:50.493834,54.094961,-166.311194,1470.0,86.44,1470.0,85.31
2017-06-03 07:18:50.993034,54.094987,-166.311155,1470.0,85.5,1470.0,86.82
2017-06-03 07:18:51.492235,54.094998,-166.311139,1470.0,86.82,1470.0,85.5
2017-06-03 07:18:51.991436,54.095023,-166.3111,1470.0,85.69,1470.0,85.69
2017-06-03 07:18:52.490637,54.095034,-166.311083,1470.0,86.82,1470.0,85.69
2017-06-03 07:18:52.989838,54.095058,-166.311042,1470.0,85.69,1470.0,85.5
2017-06-03 07:18:53.489038,54.095069,-166.311025,1470.0,85.5,1470.0,85.5
2017-06-03 07:18:53.988239,54.095093,-166.310985,1470.0,86.44,1470.0,85.31
2017-06-03 07:18:54.487440,54.095104,-166.310969,1470.0,85.31,1470.0,85.31
2017-06-03 07:18:54.986641,54.09513,-166.310928,1470.0,85.31,1470.0,86.25
2017-06-03 07:18:55.485842,54.09514,-166.310912,1470.0,85.31,1470.0,85.31
2017-06-03 07:18:55.985043,54.095167,-166.31087,1470.0,85.5,1470.0,86.63
2017-06-03 07:18:56.484243,54.095177,-166.310853,1470.0,85.69,1470.0,85.69
2017-06-03 07:18:56.999044,54.095202,-166.310812,1470.0,85.88,1470.0,85.69
2017-06-03 07:18:57.498245,54.095213,-166.310794,1470.0,85.88,1470.0,85.88
2017-06-03 07:18:57.997446,54.095238,-166.310753,1470.0,85.88,1470.0,87.38
2017-06-03 07:18:58.496647,54.095249,-166.310736,1470.0,85.88,1470.0,85.88
2017-06-03 07:18:58.995850,54.095273,-166.310695,1470.0,85.88,1470.0,85.88
2017-06-03 07:18:59.495049,54.095285,-166.310678,1470.0,85.88,1470.0,87.01
2017-06-03 07:18:59.994251,54.095312,-166.310638,1470.0,85.88,1470.0,85.69
2017-06-03 07:19:00.493450,54.095323,-166.310621,1470.0,85.69,1470.0,85.69
2017-06-03 07:19:00.992653,54.095348,-166.310582,1470.0,85.69,1470.0,85.5
2017-06-03 07:19:01.491852,54.095359,-166.310565,1470.0,86.63,1470.0,85.5
2017-06-03 07:19:01.991055,54.095385,-166.310527,1470.0,86.44,1470.0,85.5
2017-06-03 07:19:02.490253,54.095396,-166.31051,1470.0,85.69,1470.0,86.44
2017-06-03 07:19:02.989456,54.095422,-166.310468,1470.0,85.88,1470.0,85.69
2017-06-03 07:19:03.488655,54.095431,-166.310452,1470.0,85.88,1470.0,85.88
2017-06-03 07:19:03.987858,54.095457,-166.31041,1470.0,86.25,1470.0,85.88
2017-06-03 07:19:04.487059,54.095466,-166.310394,1470.0,86.07,1470.0,86.07
2017-06-03 07:19:04.986259,54.09549,-166.310353,1470.0,86.25,1470.0,85.88
2017-06-03 07:19:05.485460,54.0955,-166.310337,1470.0,85.88,1470.0,85.88
2017-06-03 07:19:05.984661,54.095527,-166.310295,1470.0,85.88,1470.0,85.88
2017-06-03 07:19:06.483862,54.095537,-166.310279,1470.0,87.01,1470.0,85.69
2017-06-03 07:19:06.998661,54.095563,-166.310238,1470.0,86.25,1470.0,85.69
2017-06-03 07:19:07.497864,54.095575,-166.310222,1470.0,87.01,1470.0,85.69
2017-06-03 07:19:07.997063,54.095602,-166.310183,1470.0,85.88,1470.0,87.19
2017-06-03 07:19:08.496265,54.095613,-166.310167,1470.0,86.07,1470.0,85.88
2017-06-03 07:19:08.995464,54.095638,-166.310128,1470.0,86.25,1470.0,86.07
2017-06-03 07:19:09.494667,54.095649,-166.310111,1470.0,86.25,1470.0,86.07
2017-06-03 07:19:09.993868,54.095673,-166.310072,1470.0,86.25,1470.0,86.25
2017-06-03 07:19:10.493069,54.095684,-166.310054,1470.0,86.25,1470.0,86.25
2017-06-03 07:19:10.992270,54.095708,-166.310013,1470.0,86.25,1470.0,87.38
2017-06-03 07:19:11.491470,54.095719,-166.309996,1470.0,87.38,1470.0,87.19
2017-06-03 07:19:11.990671,54.095743,-166.309955,1470.0,86.07,1470.0,86.07
2017-06-03 07:19:12.489872,54.095754,-166.309938,1470.0,85.88,1470.0,85.88
2017-06-03 07:19:12.989073,54.095782,-166.309897,1470.0,85.88,1470.0,85.69
2017-06-03 07:19:13.488274,54.095791,-166.309881,1470.0,85.88,1470.0,85.88
2017-06-03 07:19:13.987474,54.095817,-166.30984,1470.0,86.07,1470.0,87.38
2017-06-03 07:19:14.486675,54.095827,-166.309824,1470.0,86.25,1470.0,86.07
2017-06-03 07:19:14.985876,54.095852,-166.309785,1470.0,87.19,1470.0,86.25
2017-06-03 07:19:15.485077,54.095861,-166.309769,1470.0,86.44,1470.0,86.44
2017-06-03 07:19:15.984278,54.095887,-166.309727,1470.0,86.44,1470.0,87.38
2017-06-03 07:19:16.499079,54.095898,-166.309709,1470.0,86.25,1470.0,86.07
2017-06-03 07:19:16.998280,54.095922,-166.309672,1470.0,86.07,1470.0,85.88
2017-06-03 07:19:17.497480,54.095933,-166.309654,1470.0,86.07,1470.0,85.88
2017-06-03 07:19:17.996681,54.095958,-166.309613,1470.0,86.07,1470.0,86.07
2017-06-03 07:19:18.495882,54.09597,-166.309596,1470.0,86.07,1470.0,86.82
2017-06-03 07:19:18.995083,54.095997,-166.309557,1470.0,86.07,1470.0,85.88
2017-06-03 07:19:19.494284,54.096008,-166.309539,1470.0,86.07,1470.0,85.88
2017-06-03 07:19:19.993486,54.096033,-166.309498,1470.0,86.82,1470.0,85.88
2017-06-03 07:19:20.492685,54.096044,-166.309481,1470.0,86.07,1470.0,85.88
2017-06-03 07:19:20.991888,54.09607,-166.309442,1470.0,86.07,1470.0,87.01
2017-06-03 07:19:21.491087,54.096081,-166.309424,1470.0,86.07,1470.0,87.38
2017-06-03 07:19:21.990290,54.096107,-166.309383,1470.0,87.38,1470.0,85.88
2017-06-03 07:19:22.489489,54.096117,-166.309367,1470.0,86.07,1470.0,85.88
2017-06-03 07:19:22.988691,54.096142,-166.309327,1470.0,86.07,1470.0,85.88
2017-06-03 07:19:23.487890,54.096152,-166.309309,1470.0,87.01,1470.0,85.88
2017-06-03 07:19:23.987093,54.096177,-166.309268,1470.0,86.07,1470.0,85.88
2017-06-03 07:19:24.486294,54.096187,-166.309251,1470.0,86.07,1470.0,85.88
2017-06-03 07:19:24.985495,54.096213,-166.30921,1470.0,85.88,1470.0,85.88
2017-06-03 07:19:25.484695,54.096223,-166.309194,1470.0,85.88,1470.0,86.07
2017-06-03 07:19:25.983896,54.096248,-166.309152,1470.0,85.88,1470.0,85.88
2017-06-03 07:19:26.498697,54.09626,-166.309134,1470.0,85.69,1470.0,86.82
2017-06-03 07:19:26.997896,54.096285,-166.309095,1470.0,86.82,1470.0,87.01
2017-06-03 07:19:27.497099,54.096296,-166.309078,1470.0,85.69,1470.0,85.69
2017-06-03 07:19:27.996298,54.096322,-166.309037,1470.0,85.69,1470.0,85.5
2017-06-03 07:19:28.495501,54.096333,-166.30902,1470.0,85.69,1470.0,86.63
2017-06-03 07:19:28.994699,54.096358,-166.30898,1470.0,85.69,1470.0,87.01
2017-06-03 07:19:29.493902,54.096369,-166.308963,1470.0,85.69,1470.0,85.5
2017-06-03 07:19:29.993103,54.096393,-166.308922,1470.0,85.5,1470.0,85.5
2017-06-03 07:19:30.492304,54.096404,-166.308904,1470.0,85.69,1470.0,85.5
2017-06-03 07:19:30.991505,54.096428,-166.308862,1470.0,85.69,1470.0,87.01
2017-06-03 07:19:31.490705,54.096438,-166.308844,1470.0,86.63,1470.0,85.69
2017-06-03 07:19:31.989906,54.096462,-166.308803,1470.0,85.88,1470.0,85.69
2017-06-03 07:19:32.489107,54.096472,-166.308786,1470.0,85.69,1470.0,85.69
2017-06-03 07:19:32.988308,54.096498,-166.308743,1470.0,85.69,1470.0,85.69
2017-06-03 07:19:33.487509,54.096508,-166.308727,1470.0,85.5,1470.0,85.5
2017-06-03 07:19:33.986710,54.096533,-166.308685,1470.0,85.5,1470.0,85.31
2017-06-03 07:19:34.485910,54.096544,-166.308668,1470.0,85.31,1470.0,86.44
2017-06-03 07:19:34.985111,54.09657,-166.308627,1470.0,86.63,1470.0,85.31
2017-06-03 07:19:35.484312,54.09658,-166.308611,1470.0,85.69,1470.0,85.5
2017-06-03 07:19:35.999113,54.096607,-166.30857,1470.0,85.88,1470.0,85.69
2017-06-03 07:19:36.498314,54.096617,-166.308552,1470.0,86.07,1470.0,86.82
2017-06-03 07:19:36.997515,54.096642,-166.30851,1470.0,85.88,1470.0,85.88
2017-06-03 07:19:37.496716,54.096652,-166.308492,1470.0,85.88,1470.0,85.88
2017-06-03 07:19:37.995916,54.096677,-166.30845,1470.0,85.69,1470.0,85.69
2017-06-03 07:19:38.495117,54.096687,-166.308432,1470.0,85.5,1470.0,85.5
2017-06-03 07:19:38.994318,54.09671,-166.30839,1470.0,85.5,1470.0,85.5
2017-06-03 07:19:39.493519,54.096721,-166.308374,1470.0,85.5,1470.0,85.31
2017-06-03 07:19:39.992720,54.096747,-166.308335,1470.0,85.31,1470.0,86.63
2017-06-03 07:19:40.491920,54.096758,-166.308319,1470.0,86.63,1470.0,85.31
2017-06-03 07:19:40.991123,54.096783,-166.30828,1470.0,85.31,1470.0,85.31
2017-06-03 07:19:41.490322,54.096794,-166.308263,1470.0,85.5,1470.0,85.31
2017-06-03 07:19:41.989525,54.09682,-166.308223,1470.0,86.44,1470.0,85.31
2017-06-03 07:19:42.488724,54.09683,-166.308206,1470.0,86.63,1470.0,85.5
2017-06-03 07:19:42.987926,54.096855,-166.308165,1470.0,85.5,1470.0,87.01
2017-06-03 07:19:43.487125,54.096865,-166.308148,1470.0,85.69,1470.0,85.5
2017-06-03 07:19:43.986328,54.09689,-166.308105,1470.0,85.69,1470.0,85.5
2017-06-03 07:19:44.485527,54.0969,-166.308088,1470.0,85.69,1470.0,85.69
2017-06-03 07:19:44.984730,54.096925,-166.308047,1470.0,85.69,1470.0,85.69
2017-06-03 07:19:45.483931,54.096935,-166.308031,1470.0,85.88,1470.0,86.63
2017-06-03 07:19:45.998730,54.096962,-166.307988,1470.0,85.5,1470.0,85.5
2017-06-03 07:19:46.497932,54.096973,-166.307971,1470.0,86.63,1470.0,85.31
2017-06-03 07:19:46.997131,54.097,-166.307932,1470.0,86.63,1470.0,86.25
2017-06-03 07:19:47.496334,54.097011,-166.307916,1470.0,85.31,1470.0,85.12
2017-06-03 07:19:47.995533,54.097038,-166.307878,1470.0,86.25,1470.0,85.12
2017-06-03 07:19:48.494736,54.09705,-166.307862,1470.0,85.31,1470.0,85.12
2017-06-03 07:19:48.993935,54.097077,-166.307825,1470.0,85.12,1470.0,85.12
2017-06-03 07:19:49.493137,54.097088,-166.307808,1470.0,85.12,1470.0,85.12
2017-06-03 07:19:49.992338,54.097113,-166.307768,1470.0,85.12,1470.0,86.44
2017-06-03 07:19:50.491539,54.097124,-166.307751,1470.0,85.12,1470.0,86.07
2017-06-03 07:19:50.990740,54.097148,-166.30771,1470.0,85.12,1470.0,85.12
2017-06-03 07:19:51.489941,54.097158,-166.307694,1470.0,85.31,1470.0,85.12
2017-06-03 07:19:51.989141,54.097182,-166.307652,1470.0,85.31,1470.0,85.31
2017-06-03 07:19:52.488342,54.097192,-166.307634,1470.0,85.5,1470.0,85.31
2017-06-03 07:19:52.987543,54.097217,-166.307592,1470.0,85.5,1470.0,86.44
2017-06-03 07:19:53.486744,54.097227,-166.307576,1470.0,85.5,1470.0,85.31
2017-06-03 07:19:53.985945,54.097253,-166.307535,1470.0,85.31,1470.0,86.07
2017-06-03 07:19:54.485146,54.097264,-166.30752,1470.0,85.31,1470.0,85.12
2017-06-03 07:19:54.984346,54.097292,-166.30748,1470.0,85.31,1470.0,85.12
2017-06-03 07:19:55.499147,54.097303,-166.307464,1470.0,85.31,1470.0,85.12
2017-06-03 07:19:55.998348,54.097328,-166.307425,1470.0,85.31,1470.0,85.12
2017-06-03 07:19:56.497549,54.09734,-166.307409,1470.0,85.31,1470.0,86.07
2017-06-03 07:19:56.996750,54.097367,-166.30737,1470.0,85.31,1470.0,85.31
2017-06-03 07:19:57.495951,54.097377,-166.307353,1470.0,85.31,1470.0,85.31
2017-06-03 07:19:57.995152,54.097402,-166.307313,1470.0,85.31,1470.0,86.25
2017-06-03 07:19:58.494352,54.097413,-166.307296,1470.0,85.31,1470.0,86.25
2017-06-03 07:19:58.993553,54.097438,-166.307255,1470.0,85.31,1470.0,85.12
2017-06-03 07:19:59.492754,54.097449,-166.307238,1470.0,85.31,1470.0,85.31
2017-06-03 07:19:59.991955,54.097473,-166.307198,1470.0,85.31,1470.0,86.44
2017-06-03 07:20:00.491156,54.097484,-166.307181,1470.0,85.31,1470.0,86.25
2017-06-03 07:20:00.990358,54.09751,-166.30714,1470.0,85.31,1470.0,86.63
2017-06-03 07:20:01.489557,54.09752,-166.307125,1470.0,85.31,1470.0,85.12
2017-06-03 07:20:01.988760,54.097545,-166.307085,1470.0,85.31,1470.0,85.12
2017-06-03 07:20:02.487959,54.097555,-166.307069,1470.0,85.31,1470.0,85.31
2017-06-03 07:20:02.987162,54.09758,-166.307028,1470.0,85.5,1470.0,85.31
2017-06-03 07:20:03.486361,54.09759,-166.307013,1470.0,85.5,1470.0,85.31
2017-06-03 07:20:03.985563,54.097617,-166.306973,1470.0,85.5,1470.0,85.5
2017-06-03 07:20:04.484762,54.097628,-166.306956,1470.0,85.5,1470.0,85.31
2017-06-03 07:20:04.983965,54.097655,-166.306915,1470.0,85.31,1470.0,85.31
2017-06-03 07:20:05.498764,54.097666,-166.306898,1470.0,85.5,1470.0,85.31
2017-06-03 07:20:05.997965,54.097692,-166.306858,1470.0,85.5,1470.0,86.63
2017-06-03 07:20:06.497168,54.097703,-166.306841,1470.0,85.69,1470.0,85.5
2017-06-03 07:20:06.996367,54.097728,-166.3068,1470.0,85.69,1470.0,85.69
2017-06-03 07:20:07.495569,54.097739,-166.306783,1470.0,85.69,1470.0,85.69
2017-06-03 07:20:07.994768,54.097765,-166.306742,1470.0,85.69,1470.0,85.5
2017-06-03 07:20:08.493971,54.097776,-166.306725,1470.0,86.63,1470.0,85.5
2017-06-03 07:20:08.993170,54.097802,-166.306685,1470.0,85.5,1470.0,85.31
2017-06-03 07:20:09.492373,54.097813,-166.306668,1470.0,85.5,1470.0,85.31
2017-06-03 07:20:09.991571,54.097838,-166.306628,1470.0,86.25,1470.0,85.31
2017-06-03 07:20:10.490774,54.097849,-166.306612,1470.0,86.44,1470.0,85.31
2017-06-03 07:20:10.989975,54.097875,-166.306572,1470.0,85.5,1470.0,85.31
2017-06-03 07:20:11.489176,54.097885,-166.306556,1470.0,85.5,1470.0,85.31
2017-06-03 07:20:11.988377,54.097912,-166.306515,1470.0,85.5,1470.0,85.5
2017-06-03 07:20:12.487577,54.097922,-166.306498,1470.0,85.5,1470.0,85.5
2017-06-03 07:20:12.986778,54.097948,-166.306457,1470.0,85.88,1470.0,85.69
2017-06-03 07:20:13.485979,54.097958,-166.30644,1470.0,85.88,1470.0,85.88
2017-06-03 07:20:13.985180,54.097983,-166.306398,1470.0,86.07,1470.0,86.07
2017-06-03 07:20:14.484381,54.097994,-166.306381,1470.0,86.07,1470.0,85.88
2017-06-03 07:20:14.999182,54.09802,-166.30634,1470.0,86.07,1470.0,85.88
2017-06-03 07:20:15.498383,54.098031,-166.306323,1470.0,86.07,1470.0,85.88
2017-06-03 07:20:15.997583,54.098057,-166.306283,1470.0,85.88,1470.0,85.88
2017-06-03 07:20:16.496784,54.098068,-166.306267,1470.0,85.88,1470.0,85.69
2017-06-03 07:20:16.995985,54.098095,-166.30623,1470.0,85.69,1470.0,85.5
2017-06-03 07:20:17.495186,54.098107,-166.306215,1470.0,85.69,1470.0,85.5
2017-06-03 07:20:17.994387,54.098135,-166.306178,1470.0,86.82,1470.0,85.5
2017-06-03 07:20:18.493587,54.098146,-166.306162,1470.0,85.69,1470.0,85.5
2017-06-03 07:20:18.992788,54.098173,-166.306125,1470.0,85.69,1470.0,85.5
2017-06-03 07:20:19.491989,54.098184,-166.306108,1470.0,86.82,1470.0,85.69
2017-06-03 07:20:19.991190,54.098208,-166.306068,1470.0,86.07,1470.0,85.88
2017-06-03 07:20:20.490391,54.098219,-166.30605,1470.0,86.25,1470.0,86.07
2017-06-03 07:20:20.989594,54.098243,-166.306007,1470.0,86.25,1470.0,86.44
2017-06-03 07:20:21.488792,54.098253,-166.305988,1470.0,86.25,1470.0,86.25
2017-06-03 07:20:21.987995,54.098277,-166.305945,1470.0,86.25,1470.0,86.25
2017-06-03 07:20:22.487194,54.098287,-166.305928,1470.0,86.25,1470.0,86.07
2017-06-03 07:20:22.986397,54.098313,-166.305887,1470.0,86.25,1470.0,87.38
2017-06-03 07:20:23.485596,54.098324,-166.305871,1470.0,86.07,1470.0,87.01
2017-06-03 07:20:23.984798,54.098352,-166.305832,1470.0,86.07,1470.0,85.88
2017-06-03 07:20:24.483997,54.098363,-166.305816,1470.0,85.88,1470.0,86.82
2017-06-03 07:20:24.998800,54.09839,-166.305778,1470.0,85.88,1470.0,85.88
2017-06-03 07:20:25.497999,54.098402,-166.305762,1470.0,85.88,1470.0,85.88
2017-06-03 07:20:25.997202,54.09843,-166.305725,1470.0,87.19,1470.0,85.88
2017-06-03 07:20:26.496403,54.09844,-166.305709,1470.0,86.07,1470.0,87.57
2017-06-03 07:20:26.995602,54.098465,-166.30567,1470.0,87.19,1470.0,86.07
2017-06-03 07:20:27.494804,54.098476,-166.305653,1470.0,86.07,1470.0,86.07
2017-06-03 07:20:27.994003,54.098502,-166.305612,1470.0,86.07,1470.0,87.19
2017-06-03 07:20:28.493206,54.098512,-166.305595,1470.0,86.07,1470.0,85.88
2017-06-03 07:20:28.992405,54.098537,-166.305555,1470.0,85.88,1470.0,87.01
2017-06-03 07:20:29.491608,54.098548,-166.305538,1470.0,85.88,1470.0,85.69
2017-06-03 07:20:29.990807,54.098573,-166.305498,1470.0,86.07,1470.0,85.69
2017-06-03 07:20:30.490009,54.098584,-166.305481,1470.0,85.88,1470.0,85.88
2017-06-03 07:20:30.989208,54.098608,-166.30544,1470.0,85.88,1470.0,87.19
2017-06-03 07:20:31.488411,54.098619,-166.305425,1470.0,86.07,1470.0,85.88
2017-06-03 07:20:31.987612,54.098645,-166.305385,1470.0,86.07,1470.0,86.07
2017-06-03 07:20:32.486813,54.098656,-166.305369,1470.0,86.25,1470.0,86.25
2017-06-03 07:20:32.986013,54.098683,-166.30533,1470.0,87.38,1470.0,87.38
2017-06-03 07:20:33.485214,54.098693,-166.305315,1470.0,86.44,1470.0,86.25
2017-06-03 07:20:33.984415,54.09872,-166.305277,1470.0,87.57,1470.0,86.25
2017-06-03 07:20:34.499216,54.098731,-166.305261,1470.0,86.44,1470.0,86.25
2017-06-03 07:20:34.998417,54.098758,-166.305223,1470.0,86.25,1470.0,87.19
2017-06-03 07:20:35.497618,54.09877,-166.305207,1470.0,86.25,1470.0,86.07
2017-06-03 07:20:35.996819,54.098798,-166.305168,1470.0,86.25,1470.0,86.25
2017-06-03 07:20:36.496019,54.098809,-166.305151,1470.0,86.25,1470.0,87.01
2017-06-03 07:20:36.995220,54.098833,-166.305112,1470.0,86.25,1470.0,86.25
2017-06-03 07:20:37.494421,54.098844,-166.305094,1470.0,86.44,1470.0,86.25
2017-06-03 07:20:37.993622,54.09887,-166.305053,1470.0,86.44,1470.0,86.44
2017-06-03 07:20:38.492823,54.098881,-166.305037,1470.0,86.44,1470.0,86.44
2017-06-03 07:20:38.992023,54.098907,-166.304997,1470.0,86.44,1470.0,86.44
2017-06-03 07:20:39.491224,54.098917,-166.304981,1470.0,87.57,1470.0,86.25
2017-06-03 07:20:39.990425,54.098943,-166.304942,1470.0,86.25,1470.0,86.25
2017-06-03 07:20:40.489626,54.098954,-166.304925,1470.0,86.44,1470.0,86.25
2017-06-03 07:20:40.988827,54.098978,-166.304885,1470.0,86.44,1470.0,86.44
2017-06-03 07:20:41.488028,54.098989,-166.304869,1470.0,86.44,1470.0,86.44
2017-06-03 07:20:41.987230,54.099015,-166.304828,1470.0,86.63,1470.0,86.44
2017-06-03 07:20:42.486429,54.099026,-166.304812,1470.0,86.44,1470.0,86.44
2017-06-03 07:20:42.985632,54.099052,-166.304773,1470.0,86.63,1470.0,86.44
2017-06-03 07:20:43.484831,54.099061,-166.304758,1470.0,86.63,1470.0,86.44
2017-06-03 07:20:43.984034,54.099087,-166.304717,1470.0,86.63,1470.0,86.44
2017-06-03 07:20:44.498833,54.099098,-166.3047,1470.0,87.76,1470.0,87.95
2017-06-03 07:20:44.998035,54.099123,-166.30466,1470.0,86.63,1470.0,86.44
2017-06-03 07:20:45.497234,54.099134,-166.304643,1470.0,86.63,1470.0,86.44
2017-06-03 07:20:45.996437,54.09916,-166.304603,1470.0,86.44,1470.0,86.44
2017-06-03 07:20:46.495638,54.099171,-166.304587,1470.0,86.63,1470.0,86.44
2017-06-03 07:20:46.994839,54.099197,-166.304548,1470.0,86.44,1470.0,86.25
2017-06-03 07:20:47.494040,54.099208,-166.304531,1470.0,86.25,1470.0,86.25
2017-06-03 07:20:47.993240,54.099235,-166.304492,1470.0,86.25,1470.0,86.07
2017-06-03 07:20:48.492441,54.099246,-166.304475,1470.0,86.07,1470.0,86.07
2017-06-03 07:20:48.991640,54.099272,-166.304433,1470.0,86.07,1470.0,86.07
2017-06-03 07:20:49.490843,54.099281,-166.304417,1470.0,87.01,1470.0,86.07
2017-06-03 07:20:49.990042,54.099307,-166.304377,1470.0,86.25,1470.0,86.25
2017-06-03 07:20:50.489244,54.099317,-166.30436,1470.0,86.25,1470.0,86.25
2017-06-03 07:20:50.988443,54.099343,-166.30432,1470.0,86.25,1470.0,87.38
2017-06-03 07:20:51.487646,54.099354,-166.304304,1470.0,87.38,1470.0,86.07
2017-06-03 07:20:51.986847,54.09938,-166.304262,1470.0,86.07,1470.0,85.88
2017-06-03 07:20:52.486048,54.099391,-166.304245,1470.0,85.88,1470.0,85.88
2017-06-03 07:20:52.985249,54.099417,-166.304203,1470.0,86.07,1470.0,85.88
2017-06-03 07:20:53.484449,54.099426,-166.304187,1470.0,86.07,1470.0,86.07
2017-06-03 07:20:53.999250,54.099452,-166.304145,1470.0,87.01,1470.0,86.07
2017-06-03 07:20:54.498451,54.099463,-166.304128,1470.0,86.25,1470.0,86.07
2017-06-03 07:20:54.997652,54.099488,-166.304088,1470.0,86.44,1470.0,86.63
2017-06-03 07:20:55.496853,54.099499,-166.304071,1470.0,87.38,1470.0,87.19
2017-06-03 07:20:55.996054,54.099525,-166.30403,1470.0,87.19,1470.0,86.07
2017-06-03 07:20:56.495255,54.099536,-166.304014,1470.0,86.25,1470.0,87.57
2017-06-03 07:20:56.994455,54.099562,-166.303975,1470.0,86.25,1470.0,86.07
2017-06-03 07:20:57.493656,54.099573,-166.303958,1470.0,86.07,1470.0,87.38
2017-06-03 07:20:57.992857,54.099598,-166.303918,1470.0,85.88,1470.0,85.88
2017-06-03 07:20:58.492058,54.099609,-166.303901,1470.0,85.88,1470.0,86.63
2017-06-03 07:20:58.991259,54.099635,-166.303862,1470.0,85.88,1470.0,85.88
2017-06-03 07:20:59.490459,54.099646,-166.303846,1470.0,86.07,1470.0,87.19
2017-06-03 07:20:59.989660,54.099672,-166.303808,1470.0,87.19,1470.0,85.88
2017-06-03 07:21:00.488861,54.099682,-166.303791,1470.0,86.25,1470.0,87.19
2017-06-03 07:21:00.988062,54.099708,-166.30375,1470.0,86.25,1470.0,86.25
2017-06-03 07:21:01.487263,54.099718,-166.303734,1470.0,86.44,1470.0,86.25
2017-06-03 07:21:01.986464,54.099743,-166.303692,1470.0,86.44,1470.0,86.63
2017-06-03 07:21:02.485664,54.099754,-166.303675,1470.0,86.44,1470.0,86.44
2017-06-03 07:21:02.984867,54.099778,-166.303633,1470.0,86.44,1470.0,87.38
2017-06-03 07:21:03.484066,54.099788,-166.303618,1470.0,86.44,1470.0,86.25
2017-06-03 07:21:03.998869,54.099815,-166.303578,1470.0,86.25,1470.0,86.07
2017-06-03 07:21:04.498068,54.099827,-166.303562,1470.0,86.25,1470.0,86.07
2017-06-03 07:21:04.997271,54.099855,-166.303523,1470.0,86.07,1470.0,85.88
2017-06-03 07:21:05.496469,54.099866,-166.303507,1470.0,86.07,1470.0,86.07
2017-06-03 07:21:05.995672,54.099892,-166.30347,1470.0,86.25,1470.0,86.07
2017-06-03 07:21:06.494871,54.099903,-166.303453,1470.0,86.25,1470.0,86.25
2017-06-03 07:21:06.994074,54.099928,-166.303412,1470.0,86.44,1470.0,86.25
2017-06-03 07:21:07.493275,54.099939,-166.303394,1470.0,86.63,1470.0,86.44
2017-06-03 07:21:07.992476,54.099963,-166.303353,1470.0,87.57,1470.0,87.95
2017-06-03 07:21:08.491676,54.099974,-166.303336,1470.0,86.63,1470.0,87.95
2017-06-03 07:21:08.990877,54.099998,-166.303293,1470.0,86.63,1470.0,86.44
2017-06-03 07:21:09.490078,54.100009,-166.303277,1470.0,86.63,1470.0,86.44
2017-06-03 07:21:09.989277,54.100035,-166.303235,1470.0,86.63,1470.0,86.44
2017-06-03 07:21:10.488480,54.100046,-166.303219,1470.0,86.44,1470.0,86.44
2017-06-03 07:21:10.987679,54.100073,-166.30318,1470.0,86.44,1470.0,86.44
2017-06-03 07:21:11.486881,54.100083,-166.303165,1470.0,86.44,1470.0,87.76
2017-06-03 07:21:11.986082,54.10011,-166.303125,1470.0,86.44,1470.0,86.25
2017-06-03 07:21:12.485283,54.100121,-166.30311,1470.0,87.38,1470.0,86.25
2017-06-03 07:21:12.984484,54.100148,-166.303072,1470.0,86.44,1470.0,86.44
2017-06-03 07:21:13.499285,54.100159,-166.303055,1470.0,86.44,1470.0,87.57
2017-06-03 07:21:13.998486,54.100185,-166.303017,1470.0,86.44,1470.0,87.38
2017-06-03 07:21:14.497686,54.100195,-166.303,1470.0,86.44,1470.0,86.44
2017-06-03 07:21:14.996887,54.10022,-166.30296,1470.0,86.25,1470.0,86.25
2017-06-03 07:21:15.496088,54.100231,-166.302943,1470.0,86.25,1470.0,86.44
2017-06-03 07:21:15.995289,54.100257,-166.302903,1470.0,86.25,1470.0,86.07
2017-06-03 07:21:16.494490,54.100268,-166.302886,1470.0,86.25,1470.0,86.82
2017-06-03 07:21:16.993690,54.100293,-166.302845,1470.0,86.44,1470.0,87.76
2017-06-03 07:21:17.492891,54.100304,-166.302827,1470.0,86.63,1470.0,86.44
2017-06-03 07:21:17.992092,54.100328,-166.302785,1470.0,86.63,1470.0,86.44
2017-06-03 07:21:18.491293,54.100339,-166.302768,1470.0,87.76,1470.0,87.57
2017-06-03 07:21:18.990494,54.100365,-166.302727,1470.0,86.63,1470.0,86.44
2017-06-03 07:21:19.489695,54.100375,-166.302711,1470.0,86.63,1470.0,87.76
2017-06-03 07:21:19.988895,54.100402,-166.30267,1470.0,86.44,1470.0,86.44
2017-06-03 07:21:20.488096,54.100412,-166.302654,1470.0,87.38,1470.0,86.25
2017-06-03 07:21:20.987297,54.100438,-166.302615,1470.0,86.25,1470.0,86.25
2017-06-03 07:21:21.486498,54.100449,-166.3026,1470.0,86.25,1470.0,86.07
2017-06-03 07:21:21.985699,54.100477,-166.30256,1470.0,85.88,1470.0,87.57
2017-06-03 07:21:22.484900,54.100488,-166.302544,1470.0,85.69,1470.0,87.19
2017-06-03 07:21:22.984102,54.100515,-166.302507,1470.0,85.69,1470.0,85.5
2017-06-03 07:21:23.498901,54.100525,-166.30249,1470.0,85.69,1470.0,87.19
2017-06-03 07:21:23.998104,54.10055,-166.30245,1470.0,85.88,1470.0,85.88
2017-06-03 07:21:24.497303,54.10056,-166.302432,1470.0,86.25,1470.0,86.07
2017-06-03 07:21:24.996506,54.100583,-166.30239,1470.0,86.44,1470.0,86.44
2017-06-03 07:21:25.495705,54.100593,-166.302372,1470.0,86.63,1470.0,86.63
2017-06-03 07:21:25.994907,54.100617,-166.302328,1470.0,86.63,1470.0,86.63
2017-06-03 07:21:26.494106,54.100627,-166.30231,1470.0,86.44,1470.0,86.44
2017-06-03 07:21:26.993309,54.100652,-166.302267,1470.0,86.44,1470.0,86.25
2017-06-03 07:21:27.492508,54.100663,-166.30225,1470.0,86.25,1470.0,86.07
2017-06-03 07:21:27.991711,54.100688,-166.30221,1470.0,86.25,1470.0,86.07
2017-06-03 07:21:28.490911,54.1007,-166.302194,1470.0,86.07,1470.0,86.07
2017-06-03 07:21:28.990112,54.100728,-166.302157,1470.0,87.38,1470.0,86.07
2017-06-03 07:21:29.489313,54.10074,-166.302142,1470.0,87.19,1470.0,86.07
2017-06-03 07:21:29.988514,54.100768,-166.302103,1470.0,86.25,1470.0,86.07
2017-06-03 07:21:30.487715,54.100779,-166.302088,1470.0,86.25,1470.0,86.07
2017-06-03 07:21:30.986914,54.100807,-166.30205,1470.0,86.25,1470.0,86.07
2017-06-03 07:21:31.486116,54.100817,-166.302034,1470.0,86.25,1470.0,87.38
2017-06-03 07:21:31.985315,54.100843,-166.301993,1470.0,86.25,1470.0,86.25
2017-06-03 07:21:32.484518,54.100853,-166.301977,1470.0,86.44,1470.0,86.25
2017-06-03 07:21:32.999319,54.100878,-166.301935,1470.0,86.44,1470.0,86.44
2017-06-03 07:21:33.498520,54.100888,-166.301917,1470.0,86.44,1470.0,87.76
2017-06-03 07:21:33.997721,54.100912,-166.301875,1470.0,86.44,1470.0,87.57
2017-06-03 07:21:34.496922,54.100922,-166.301857,1470.0,86.44,1470.0,86.25
2017-06-03 07:21:34.996122,54.100947,-166.301815,1470.0,86.25,1470.0,87.57
2017-06-03 07:21:35.495323,54.100958,-166.301798,1470.0,86.25,1470.0,86.07
2017-06-03 07:21:35.994524,54.100983,-166.301758,1470.0,87.19,1470.0,86.07
2017-06-03 07:21:36.493725,54.100995,-166.301742,1470.0,86.44,1470.0,87.38
2017-06-03 07:21:36.992926,54.101022,-166.301705,1470.0,86.25,1470.0,87.38
2017-06-03 07:21:37.492126,54.101033,-166.301689,1470.0,86.25,1470.0,86.25
2017-06-03 07:21:37.991327,54.10106,-166.301652,1470.0,86.44,1470.0,86.25
2017-06-03 07:21:38.490528,54.101071,-166.301635,1470.0,86.63,1470.0,86.44
2017-06-03 07:21:38.989729,54.101098,-166.301595,1470.0,86.63,1470.0,86.63
2017-06-03 07:21:39.488930,54.101108,-166.301579,1470.0,86.82,1470.0,87.57
2017-06-03 07:21:39.988131,54.101133,-166.301538,1470.0,86.82,1470.0,86.63
2017-06-03 07:21:40.487331,54.101144,-166.301521,1470.0,87.76,1470.0,86.63
2017-06-03 07:21:40.986532,54.10117,-166.30148,1470.0,86.63,1470.0,86.44
2017-06-03 07:21:41.485733,54.10118,-166.301464,1470.0,86.44,1470.0,86.25
2017-06-03 07:21:41.984934,54.101207,-166.301422,1470.0,87.19,1470.0,86.25
2017-06-03 07:21:42.484135,54.101217,-166.301406,1470.0,86.44,1470.0,86.44
2017-06-03 07:21:42.998938,54.101243,-166.301363,1470.0,86.82,1470.0,86.63
2017-06-03 07:21:43.498137,54.101254,-166.301346,1470.0,86.82,1470.0,86.63
2017-06-03 07:21:43.997339,54.101278,-166.301307,1470.0,86.82,1470.0,86.63
2017-06-03 07:21:44.496538,54.101289,-166.30129,1470.0,86.63,1470.0,86.63
2017-06-03 07:21:44.995741,54.101315,-166.30125,1470.0,86.63,1470.0,86.44
2017-06-03 07:21:45.494940,54.101326,-166.301234,1470.0,86.44,1470.0,86.44
2017-06-03 07:21:45.994143,54.101353,-166.301197,1470.0,86.44,1470.0,86.25
2017-06-03 07:21:46.493341,54.101364,-166.30118,1470.0,87.76,1470.0,86.44
2017-06-03 07:21:46.992544,54.10139,-166.30114,1470.0,86.63,1470.0,86.63
2017-06-03 07:21:47.491743,54.1014,-166.301124,1470.0,86.82,1470.0,87.95
2017-06-03 07:21:47.990946,54.101425,-166.301085,1470.0,86.82,1470.0,86.82
2017-06-03 07:21:48.490147,54.101436,-166.301069,1470.0,86.82,1470.0,86.82
2017-06-03 07:21:48.989347,54.101462,-166.301028,1470.0,86.82,1470.0,86.63
2017-06-03 07:21:49.488548,54.101472,-166.301012,1470.0,87.95,1470.0,86.63
2017-06-03 07:21:49.987749,54.101498,-166.300972,1470.0,86.63,1470.0,86.63
2017-06-03 07:21:50.486950,54.101509,-166.300955,1470.0,86.63,1470.0,87.76
2017-06-03 07:21:50.986151,54.101535,-166.300913,1470.0,86.63,1470.0,86.44
2017-06-03 07:21:51.485352,54.101546,-166.300898,1470.0,86.63,1470.0,86.44
2017-06-03 07:21:51.984550,54.101573,-166.300858,1470.0,86.63,1470.0,86.63
2017-06-03 07:21:52.499353,54.101585,-166.300842,1470.0,86.82,1470.0,86.82
2017-06-03 07:21:52.998552,54.101612,-166.300803,1470.0,87.01,1470.0,86.82
2017-06-03 07:21:53.497755,54.101623,-166.300786,1470.0,88.7,1470.0,87.01
2017-06-03 07:21:53.996956,54.101648,-166.300747,1470.0,87.19,1470.0,87.01
2017-06-03 07:21:54.496157,54.101659,-166.30073,1470.0,87.19,1470.0,88.14
2017-06-03 07:21:54.995358,54.101685,-166.300692,1470.0,87.19,1470.0,87.01
2017-06-03 07:21:55.494558,54.101696,-166.300675,1470.0,87.01,1470.0,87.01
2017-06-03 07:21:55.993759,54.101722,-166.300635,1470.0,86.82,1470.0,87.95
2017-06-03 07:21:56.492960,54.101732,-166.300619,1470.0,86.63,1470.0,86.63
2017-06-03 07:21:56.992161,54.101758,-166.30058,1470.0,86.63,1470.0,86.63
2017-06-03 07:21:57.491362,54.101769,-166.300565,1470.0,86.82,1470.0,87.95
2017-06-03 07:21:57.990562,54.101797,-166.300527,1470.0,86.63,1470.0,86.63
2017-06-03 07:21:58.489763,54.101807,-166.300511,1470.0,86.82,1470.0,87.95
2017-06-03 07:21:58.988964,54.101833,-166.300472,1470.0,87.01,1470.0,86.82
2017-06-03 07:21:59.488165,54.101843,-166.300456,1470.0,87.19,1470.0,87.01
2017-06-03 07:21:59.987366,54.101868,-166.300415,1470.0,87.19,1470.0,87.01
2017-06-03 07:22:00.486567,54.101879,-166.300399,1470.0,87.01,1470.0,88.32
2017-06-03 07:22:00.985767,54.101907,-166.300358,1470.0,86.82,1470.0,86.82
2017-06-03 07:22:01.484968,54.101917,-166.300343,1470.0,87.01,1470.0,86.82
2017-06-03 07:22:01.984169,54.101945,-166.300302,1470.0,87.01,1470.0,88.51
2017-06-03 07:22:02.498970,54.101956,-166.300285,1470.0,87.38,1470.0,87.19
2017-06-03 07:22:02.998173,54.101982,-166.300245,1470.0,87.57,1470.0,88.51
2017-06-03 07:22:03.497372,54.101993,-166.300228,1470.0,87.76,1470.0,87.57
2017-06-03 07:22:03.996574,54.10202,-166.300188,1470.0,87.76,1470.0,87.57
2017-06-03 07:22:04.495773,54.102031,-166.300172,1470.0,87.57,1470.0,87.38
2017-06-03 07:22:04.994976,54.102058,-166.300133,1470.0,87.38,1470.0,87.38
2017-06-03 07:22:05.494175,54.10207,-166.300117,1470.0,87.19,1470.0,88.51
2017-06-03 07:22:05.993378,54.102097,-166.300078,1470.0,87.19,1470.0,87.19
2017-06-03 07:22:06.492577,54.102107,-166.300063,1470.0,87.38,1470.0,87.95
2017-06-03 07:22:06.991779,54.102133,-166.300025,1470.0,87.38,1470.0,87.19
2017-06-03 07:22:07.490978,54.102144,-166.30001,1470.0,87.19,1470.0,87.19
2017-06-03 07:22:07.990181,54.10217,-166.299972,1470.0,87.19,1470.0,88.14
2017-06-03 07:22:08.489382,54.102181,-166.299955,1470.0,87.01,1470.0,87.01
2017-06-03 07:22:08.988583,54.102207,-166.299915,1470.0,87.01,1470.0,87.95
2017-06-03 07:22:09.487783,54.102217,-166.299899,1470.0,88.32,1470.0,86.82
2017-06-03 07:22:09.986984,54.102243,-166.299858,1470.0,87.19,1470.0,87.01
2017-06-03 07:22:10.486185,54.102254,-166.299841,1470.0,87.19,1470.0,87.19
2017-06-03 07:22:10.985386,54.102278,-166.2998,1470.0,87.38,1470.0,87.19
2017-06-03 07:22:11.484587,54.102288,-166.299784,1470.0,87.57,1470.0,87.38
2017-06-03 07:22:11.983788,54.102313,-166.29974,1470.0,87.57,1470.0,87.57
2017-06-03 07:22:12.498589,54.102325,-166.299723,1470.0,87.57,1470.0,87.38
2017-06-03 07:22:12.997787,54.102352,-166.299683,1470.0,87.57,1470.0,87.38
2017-06-03 07:22:13.496990,54.102363,-166.299667,1470.0,88.89,1470.0,87.19
2017-06-03 07:22:13.996191,54.10239,-166.299628,1470.0,87.38,1470.0,87.19
2017-06-03 07:22:14.495392,54.102401,-166.299612,1470.0,87.38,1470.0,87.38
2017-06-03 07:22:14.994593,54.102428,-166.299573,1470.0,87.38,1470.0,88.32
2017-06-03 07:22:15.493793,54.10244,-166.299556,1470.0,87.38,1470.0,87.19
2017-06-03 07:22:15.992994,54.102467,-166.299517,1470.0,87.38,1470.0,87.19
2017-06-03 07:22:16.492195,54.102477,-166.2995,1470.0,87.38,1470.0,88.51
2017-06-03 07:22:16.991396,54.102503,-166.29946,1470.0,87.19,1470.0,87.19
2017-06-03 07:22:17.490597,54.102514,-166.299444,1470.0,87.01,1470.0,87.01
2017-06-03 07:22:17.989798,54.10254,-166.299403,1470.0,87.01,1470.0,86.82
2017-06-03 07:22:18.488998,54.10255,-166.299387,1470.0,88.14,1470.0,88.14
2017-06-03 07:22:18.988199,54.102575,-166.299347,1470.0,87.01,1470.0,86.82
2017-06-03 07:22:19.487400,54.102585,-166.29933,1470.0,87.01,1470.0,86.82
2017-06-03 07:22:19.986601,54.10261,-166.299288,1470.0,87.01,1470.0,86.82
2017-06-03 07:22:20.485802,54.10262,-166.299271,1470.0,87.19,1470.0,86.82
2017-06-03 07:22:20.985003,54.102645,-166.29923,1470.0,87.38,1470.0,87.01
2017-06-03 07:22:21.484203,54.102655,-166.299214,1470.0,87.38,1470.0,88.7
2017-06-03 07:22:21.999004,54.10268,-166.29917,1470.0,87.38,1470.0,87.19
2017-06-03 07:22:22.498205,54.102691,-166.299153,1470.0,87.19,1470.0,87.19
2017-06-03 07:22:22.997406,54.102717,-166.299112,1470.0,87.19,1470.0,88.32
2017-06-03 07:22:23.496607,54.102728,-166.299096,1470.0,87.19,1470.0,87.01
2017-06-03 07:22:23.995810,54.102755,-166.299058,1470.0,87.19,1470.0,87.01
2017-06-03 07:22:24.495008,54.102766,-166.299041,1470.0,87.95,1470.0,87.01
2017-06-03 07:22:24.994211,54.102793,-166.299002,1470.0,87.19,1470.0,87.01
2017-06-03 07:22:25.493410,54.102805,-166.298985,1470.0,87.19,1470.0,87.19
2017-06-03 07:22:25.992613,54.102832,-166.298945,1470.0,87.38,1470.0,87.19
2017-06-03 07:22:26.491812,54.102842,-166.298928,1470.0,87.38,1470.0,87.19
2017-06-03 07:22:26.991014,54.102867,-166.298885,1470.0,87.38,1470.0,87.19
2017-06-03 07:22:27.490213,54.102877,-166.298869,1470.0,87.38,1470.0,88.51
2017-06-03 07:22:27.989416,54.102903,-166.298827,1470.0,87.19,1470.0,87.01
2017-06-03 07:22:28.488617,54.102914,-166.29881,1470.0,87.01,1470.0,87.01
2017-06-03 07:22:28.987818,54.10294,-166.29877,1470.0,87.01,1470.0,87.01
2017-06-03 07:22:29.487019,54.10295,-166.298754,1470.0,87.01,1470.0,86.82
2017-06-03 07:22:29.986219,54.102977,-166.298713,1470.0,87.01,1470.0,87.01
2017-06-03 07:22:30.485420,54.102987,-166.298698,1470.0,87.19,1470.0,88.14
2017-06-03 07:22:30.984621,54.103013,-166.29866,1470.0,87.38,1470.0,87.19
2017-06-03 07:22:31.483822,54.103024,-166.298645,1470.0,87.19,1470.0,88.14
2017-06-03 07:22:31.998621,54.103052,-166.298605,1470.0,87.19,1470.0,87.01
2017-06-03 07:22:32.497824,54.103063,-166.298589,1470.0,87.01,1470.0,88.14
2017-06-03 07:22:32.997023,54.103088,-166.29855,1470.0,87.01,1470.0,86.82
2017-06-03 07:22:33.496225,54.1031,-166.298534,1470.0,87.76,1470.0,86.82
2017-06-03 07:22:33.995426,54.103127,-166.298495,1470.0,87.01,1470.0,88.14
2017-06-03 07:22:34.494627,54.103138,-166.298478,1470.0,87.19,1470.0,87.01
2017-06-03 07:22:34.993828,54.103163,-166.298438,1470.0,88.32,1470.0,87.19
2017-06-03 07:22:35.493029,54.103174,-166.298421,1470.0,87.38,1470.0,87.19
2017-06-03 07:22:35.992229,54.103198,-166.29838,1470.0,87.38,1470.0,87.38
2017-06-03 07:22:36.491430,54.103209,-166.298363,1470.0,87.57,1470.0,88.32
2017-06-03 07:22:36.990631,54.103235,-166.29832,1470.0,87.38,1470.0,87.19
2017-06-03 07:22:37.489832,54.103245,-166.298304,1470.0,87.38,1470.0,87.19
2017-06-03 07:22:37.989033,54.103272,-166.298263,1470.0,87.19,1470.0,87.19
2017-06-03 07:22:38.488234,54.103283,-166.298247,1470.0,87.19,1470.0,87.19
2017-06-03 07:22:38.987434,54.10331,-166.298207,1470.0,87.19,1470.0,87.01
2017-06-03 07:22:39.486637,54.103321,-166.298192,1470.0,87.19,1470.0,87.01
2017-06-03 07:22:39.985836,54.10335,-166.298153,1470.0,88.32,1470.0,87.01
2017-06-03 07:22:40.485039,54.103361,-166.298139,1470.0,87.19,1470.0,87.01
2017-06-03 07:22:40.984238,54.10339,-166.2981,1470.0,88.51,1470.0,87.19
2017-06-03 07:22:41.499039,54.103401,-166.298084,1470.0,87.38,1470.0,87.38
2017-06-03 07:22:41.998240,54.103428,-166.298045,1470.0,87.57,1470.0,88.51
2017-06-03 07:22:42.497440,54.103439,-166.298028,1470.0,87.57,1470.0,87.57
2017-06-03 07:22:42.996641,54.103463,-166.297987,1470.0,87.76,1470.0,87.57
2017-06-03 07:22:43.495842,54.103474,-166.29797,1470.0,87.76,1470.0,87.57
2017-06-03 07:22:43.995043,54.1035,-166.29793,1470.0,87.57,1470.0,87.57
2017-06-03 07:22:44.494244,54.10351,-166.297913,1470.0,87.57,1470.0,87.38
2017-06-03 07:22:44.993446,54.103535,-166.297873,1470.0,87.38,1470.0,87.38
2017-06-03 07:22:45.492645,54.103546,-166.297857,1470.0,87.38,1470.0,87.19
2017-06-03 07:22:45.991848,54.103573,-166.297818,1470.0,87.19,1470.0,87.19
2017-06-03 07:22:46.491047,54.103585,-166.297802,1470.0,87.19,1470.0,87.19
2017-06-03 07:22:46.990250,54.103612,-166.297765,1470.0,87.38,1470.0,87.38
2017-06-03 07:22:47.489449,54.103623,-166.297748,1470.0,87.57,1470.0,87.38
2017-06-03 07:22:47.988651,54.103648,-166.297708,1470.0,87.76,1470.0,87.57
2017-06-03 07:22:48.487850,54.103659,-166.297692,1470.0,87.95,1470.0,87.76
2017-06-03 07:22:48.987053,54.103685,-166.297652,1470.0,87.95,1470.0,87.76
2017-06-03 07:22:49.486252,54.103696,-166.297636,1470.0,87.76,1470.0,87.76
2017-06-03 07:22:49.985455,54.103723,-166.297593,1470.0,87.76,1470.0,87.57
2017-06-03 07:22:50.484655,54.103734,-166.297578,1470.0,87.57,1470.0,87.95
2017-06-03 07:22:50.983856,54.103762,-166.297537,1470.0,87.57,1470.0,88.51
2017-06-03 07:22:51.498657,54.103773,-166.29752,1470.0,87.76,1470.0,87.76
2017-06-03 07:22:51.997856,54.103798,-166.297482,1470.0,87.95,1470.0,87.95
2017-06-03 07:22:52.497059,54.10381,-166.297465,1470.0,88.14,1470.0,87.95
2017-06-03 07:22:52.996258,54.103837,-166.297427,1470.0,88.14,1470.0,88.32
2017-06-03 07:22:53.495461,54.103848,-166.29741,1470.0,87.76,1470.0,87.76
2017-06-03 07:22:53.994661,54.103875,-166.297372,1470.0,87.76,1470.0,88.7
2017-06-03 07:22:54.493862,54.103886,-166.297355,1470.0,88.7,1470.0,87.38
2017-06-03 07:22:54.993063,54.103913,-166.297317,1470.0,87.38,1470.0,87.38
2017-06-03 07:22:55.492264,54.103924,-166.297301,1470.0,88.51,1470.0,88.7
2017-06-03 07:22:55.991465,54.10395,-166.297263,1470.0,88.7,1470.0,88.7
2017-06-03 07:22:56.490665,54.103961,-166.297247,1470.0,87.76,1470.0,87.57
2017-06-03 07:22:56.989866,54.103988,-166.297207,1470.0,87.76,1470.0,87.76
2017-06-03 07:22:57.489067,54.103998,-166.29719,1470.0,87.76,1470.0,87.76
2017-06-03 07:22:57.988268,54.104023,-166.297148,1470.0,87.76,1470.0,87.76
2017-06-03 07:22:58.487469,54.104034,-166.297131,1470.0,87.76,1470.0,87.76
2017-06-03 07:22:58.986670,54.104058,-166.29709,1470.0,87.95,1470.0,87.95
2017-06-03 07:22:59.485872,54.104068,-166.297074,1470.0,87.95,1470.0,87.95
2017-06-03 07:22:59.985071,54.104095,-166.297033,1470.0,87.95,1470.0,87.95
2017-06-03 07:23:00.484274,54.104106,-166.297018,1470.0,87.95,1470.0,89.26
2017-06-03 07:23:00.999073,54.104133,-166.296977,1470.0,89.08,1470.0,87.76
2017-06-03 07:23:01.498274,54.104145,-166.296961,1470.0,89.08,1470.0,89.08
2017-06-03 07:23:01.997475,54.104173,-166.296923,1470.0,87.95,1470.0,87.76
2017-06-03 07:23:02.496675,54.104185,-166.296907,1470.0,87.95,1470.0,88.7
2017-06-03 07:23:02.995876,54.104212,-166.296868,1470.0,87.76,1470.0,87.76
2017-06-03 07:23:03.495077,54.104223,-166.296851,1470.0,87.57,1470.0,88.7
2017-06-03 07:23:03.994278,54.10425,-166.296812,1470.0,87.76,1470.0,87.57
2017-06-03 07:23:04.493479,54.104261,-166.296795,1470.0,88.89,1470.0,87.76
2017-06-03 07:23:04.992682,54.104287,-166.296755,1470.0,87.95,1470.0,87.95
2017-06-03 07:23:05.491880,54.104296,-166.296739,1470.0,87.95,1470.0,89.08
2017-06-03 07:23:05.991083,54.104322,-166.296697,1470.0,87.95,1470.0,87.95
2017-06-03 07:23:06.490282,54.104332,-166.29668,1470.0,87.95,1470.0,87.76
2017-06-03 07:23:06.989485,54.104358,-166.29664,1470.0,89.08,1470.0,88.89
2017-06-03 07:23:07.488684,54.104369,-166.296625,1470.0,88.7,1470.0,87.57
2017-06-03 07:23:07.987886,54.104397,-166.296587,1470.0,87.57,1470.0,88.7
2017-06-03 07:23:08.487085,54.104407,-166.296571,1470.0,87.57,1470.0,87.57
2017-06-03 07:23:08.986288,54.104433,-166.296532,1470.0,87.57,1470.0,87.38
2017-06-03 07:23:09.485487,54.104444,-166.296517,1470.0,87.57,1470.0,87.57
2017-06-03 07:23:09.984690,54.104472,-166.296478,1470.0,87.76,1470.0,87.57
2017-06-03 07:23:10.483891,54.104482,-166.296462,1470.0,87.76,1470.0,87.76
2017-06-03 07:23:10.998692,54.10451,-166.29642,1470.0,87.95,1470.0,87.76
2017-06-03 07:23:11.497892,54.10452,-166.296403,1470.0,87.95,1470.0,89.08
2017-06-03 07:23:11.997091,54.104545,-166.296363,1470.0,87.95,1470.0,89.08
2017-06-03 07:23:12.496294,54.104556,-166.296346,1470.0,87.95,1470.0,88.89
2017-06-03 07:23:12.995493,54.104582,-166.296307,1470.0,87.76,1470.0,87.76
2017-06-03 07:23:13.494696,54.104593,-166.29629,1470.0,87.57,1470.0,87.95
2017-06-03 07:23:13.993895,54.10462,-166.29625,1470.0,87.57,1470.0,87.38
2017-06-03 07:23:14.493097,54.104631,-166.296234,1470.0,87.38,1470.0,87.38
2017-06-03 07:23:14.992296,54.104657,-166.296195,1470.0,87.38,1470.0,87.38
2017-06-03 07:23:15.491499,54.104667,-166.296179,1470.0,87.57,1470.0,87.38
2017-06-03 07:23:15.990700,54.104693,-166.296138,1470.0,87.57,1470.0,88.14
2017-06-03 07:23:16.489901,54.104704,-166.296122,1470.0,87.57,1470.0,88.14
2017-06-03 07:23:16.989101,54.104732,-166.296083,1470.0,88.7,1470.0,87.57
2017-06-03 07:23:17.488302,54.104742,-166.296067,1470.0,87.76,1470.0,87.57
2017-06-03 07:23:17.987503,54.104768,-166.296027,1470.0,87.76,1470.0,87.57
2017-06-03 07:23:18.486704,54.104779,-166.29601,1470.0,87.57,1470.0,87.57
2017-06-03 07:23:18.985905,54.104805,-166.29597,1470.0,88.51,1470.0,87.57
2017-06-03 07:23:19.485106,54.104816,-166.295954,1470.0,87.76,1470.0,87.57
2017-06-03 07:23:19.984306,54.104843,-166.295913,1470.0,87.76,1470.0,87.57
2017-06-03 07:23:20.499107,54.104854,-166.295897,1470.0,87.57,1470.0,88.51
2017-06-03 07:23:20.998308,54.10488,-166.295858,1470.0,88.51,1470.0,87.38
2017-06-03 07:23:21.497509,54.104891,-166.295841,1470.0,87.57,1470.0,87.38
2017-06-03 07:23:21.996710,54.104917,-166.295802,1470.0,88.51,1470.0,87.38
2017-06-03 07:23:22.495911,54.104928,-166.295785,1470.0,87.57,1470.0,87.38
2017-06-03 07:23:22.995111,54.104953,-166.295745,1470.0,87.57,1470.0,87.38
2017-06-03 07:23:23.494312,54.104964,-166.295729,1470.0,87.38,1470.0,87.38
2017-06-03 07:23:23.993513,54.10499,-166.29569,1470.0,88.32,1470.0,87.38
2017-06-03 07:23:24.492714,54.105001,-166.295674,1470.0,88.51,1470.0,87.38
2017-06-03 07:23:24.991917,54.105027,-166.295633,1470.0,88.32,1470.0,87.38
2017-06-03 07:23:25.491116,54.105037,-166.295617,1470.0,87.57,1470.0,87.38
2017-06-03 07:23:25.990318,54.105063,-166.295575,1470.0,87.57,1470.0,88.7
2017-06-03 07:23:26.489517,54.105074,-166.295559,1470.0,87.76,1470.0,87.57
2017-06-03 07:23:26.988720,54.1051,-166.295518,1470.0,87.76,1470.0,87.57
2017-06-03 07:23:27.487919,54.10511,-166.295502,1470.0,87.76,1470.0,88.51
2017-06-03 07:23:27.987122,54.105137,-166.295462,1470.0,87.76,1470.0,87.76
2017-06-03 07:23:28.486320,54.105148,-166.295445,1470.0,87.76,1470.0,87.76
2017-06-03 07:23:28.985523,54.105175,-166.295405,1470.0,87.76,1470.0,87.57
2017-06-03 07:23:29.484722,54.105185,-166.295389,1470.0,87.76,1470.0,87.57
2017-06-03 07:23:29.983925,54.105212,-166.295348,1470.0,87.76,1470.0,89.08
2017-06-03 07:23:30.498726,54.105223,-166.295332,1470.0,87.95,1470.0,87.76
2017-06-03 07:23:30.997927,54.10525,-166.295293,1470.0,89.08,1470.0,87.76
2017-06-03 07:23:31.497128,54.105261,-166.295276,1470.0,88.89,1470.0,87.76
2017-06-03 07:23:31.996328,54.105287,-166.295237,1470.0,87.95,1470.0,87.76
2017-06-03 07:23:32.495529,54.105298,-166.29522,1470.0,89.08,1470.0,87.76
2017-06-03 07:23:32.994728,54.105323,-166.29518,1470.0,87.95,1470.0,87.76
2017-06-03 07:23:33.493931,54.105334,-166.295164,1470.0,87.95,1470.0,88.89
2017-06-03 07:23:33.993130,54.10536,-166.295125,1470.0,87.95,1470.0,87.95
2017-06-03 07:23:34.492332,54.10537,-166.295109,1470.0,88.14,1470.0,88.7
2017-06-03 07:23:34.991531,54.105395,-166.295068,1470.0,87.95,1470.0,87.95
2017-06-03 07:23:35.490734,54.105406,-166.295052,1470.0,87.95,1470.0,88.89
2017-06-03 07:23:35.989935,54.105433,-166.295012,1470.0,89.08,1470.0,89.26
2017-06-03 07:23:36.489136,54.105444,-166.294995,1470.0,87.95,1470.0,87.95
2017-06-03 07:23:36.988337,54.10547,-166.294955,1470.0,88.14,1470.0,88.14
2017-06-03 07:23:37.487537,54.10548,-166.294939,1470.0,88.32,1470.0,89.64
2017-06-03 07:23:37.986738,54.105507,-166.294897,1470.0,88.51,1470.0,88.32
2017-06-03 07:23:38.485939,54.105517,-166.294881,1470.0,88.51,1470.0,88.89
2017-06-03 07:23:38.985140,54.105543,-166.29484,1470.0,88.7,1470.0,88.51
2017-06-03 07:23:39.484341,54.105554,-166.294824,1470.0,88.51,1470.0,88.51
2017-06-03 07:23:39.999142,54.105582,-166.294783,1470.0,88.51,1470.0,88.51
2017-06-03 07:23:40.498343,54.105593,-166.294766,1470.0,88.51,1470.0,88.32
2017-06-03 07:23:40.997543,54.10562,-166.294727,1470.0,88.7,1470.0,88.32
2017-06-03 07:23:41.496744,54.105631,-166.29471,1470.0,88.32,1470.0,88.32
2017-06-03 07:23:41.995945,54.105657,-166.29467,1470.0,88.32,1470.0,88.14
2017-06-03 07:23:42.495146,54.105668,-166.294654,1470.0,89.26,1470.0,88.51
2017-06-03 07:23:42.994347,54.105695,-166.294615,1470.0,88.14,1470.0,87.95
2017-06-03 07:23:43.493547,54.105706,-166.294599,1470.0,89.26,1470.0,87.95
2017-06-03 07:23:43.992748,54.105732,-166.29456,1470.0,89.26,1470.0,88.14
2017-06-03 07:23:44.491949,54.105742,-166.294544,1470.0,88.14,1470.0,88.14
2017-06-03 07:23:44.991150,54.105768,-166.294505,1470.0,88.32,1470.0,88.14
2017-06-03 07:23:45.490351,54.105779,-166.29449,1470.0,88.32,1470.0,88.32
2017-06-03 07:23:45.989553,54.105807,-166.29445,1470.0,88.51,1470.0,89.08
2017-06-03 07:23:46.488752,54.105817,-166.294434,1470.0,88.32,1470.0,89.45
2017-06-03 07:23:46.987955,54.105843,-166.294393,1470.0,88.32,1470.0,89.64
2017-06-03 07:23:47.487154,54.105854,-166.294378,1470.0,88.32,1470.0,88.32
2017-06-03 07:23:47.986357,54.105882,-166.294337,1470.0,88.32,1470.0,88.32
2017-06-03 07:23:48.485556,54.105892,-166.294322,1470.0,88.51,1470.0,88.51
2017-06-03 07:23:48.984758,54.105918,-166.294282,1470.0,89.83,1470.0,88.51
2017-06-03 07:23:49.483957,54.105929,-166.294266,1470.0,90.02,1470.0,88.51
2017-06-03 07:23:49.998760,54.105957,-166.294225,1470.0,88.51,1470.0,88.51
2017-06-03 07:23:50.497961,54.105968,-166.294208,1470.0,88.32,1470.0,88.32
2017-06-03 07:23:50.997162,54.105995,-166.294168,1470.0,88.14,1470.0,88.14
2017-06-03 07:23:51.496363,54.106006,-166.294152,1470.0,89.08,1470.0,87.95
2017-06-03 07:23:51.995564,54.106033,-166.294113,1470.0,89.08,1470.0,87.95
2017-06-03 07:23:52.494764,54.106044,-166.294097,1470.0,88.14,1470.0,89.45
2017-06-03 07:23:52.993965,54.10607,-166.294058,1470.0,89.45,1470.0,88.14
2017-06-03 07:23:53.493166,54.106081,-166.294041,1470.0,88.51,1470.0,89.64
2017-06-03 07:23:53.992365,54.106107,-166.294002,1470.0,89.45,1470.0,88.32
2017-06-03 07:23:54.491568,54.106117,-166.293985,1470.0,88.32,1470.0,88.14
2017-06-03 07:23:54.990767,54.106143,-166.293945,1470.0,88.14,1470.0,89.26
2017-06-03 07:23:55.489969,54.106154,-166.293929,1470.0,89.08,1470.0,87.95
2017-06-03 07:23:55.989170,54.10618,-166.293888,1470.0,88.14,1470.0,87.95
2017-06-03 07:23:56.488371,54.106191,-166.293871,1470.0,88.14,1470.0,89.45
2017-06-03 07:23:56.987572,54.106217,-166.29383,1470.0,88.32,1470.0,88.14
2017-06-03 07:23:57.486773,54.106227,-166.293814,1470.0,88.51,1470.0,88.32
2017-06-03 07:23:57.985973,54.106253,-166.293773,1470.0,88.51,1470.0,88.32
2017-06-03 07:23:58.485174,54.106263,-166.293758,1470.0,88.51,1470.0,88.51
2017-06-03 07:23:58.984375,54.10629,-166.293717,1470.0,89.83,1470.0,88.32
2017-06-03 07:23:59.499176,54.106301,-166.2937,1470.0,88.51,1470.0,89.64
2017-06-03 07:23:59.998377,54.106327,-166.29366,1470.0,88.32,1470.0,89.26
2017-06-03 07:24:00.497578,54.106338,-166.293644,1470.0,88.32,1470.0,88.32
2017-06-03 07:24:00.996778,54.106365,-166.293605,1470.0,88.14,1470.0,88.14
2017-06-03 07:24:01.495979,54.106376,-166.293589,1470.0,88.14,1470.0,88.14
2017-06-03 07:24:01.995180,54.106403,-166.29355,1470.0,88.14,1470.0,88.14
2017-06-03 07:24:02.494381,54.106414,-166.293534,1470.0,88.32,1470.0,88.14
2017-06-03 07:24:02.993582,54.106438,-166.293493,1470.0,89.08,1470.0,88.14
2017-06-03 07:24:03.492783,54.106449,-166.293477,1470.0,89.64,1470.0,88.32
2017-06-03 07:24:03.991983,54.106475,-166.293437,1470.0,88.51,1470.0,88.32
2017-06-03 07:24:04.491184,54.106486,-166.293419,1470.0,89.45,1470.0,88.32
2017-06-03 07:24:04.990385,54.106512,-166.293377,1470.0,88.32,1470.0,88.32
2017-06-03 07:24:05.489586,54.106522,-166.293361,1470.0,88.32,1470.0,88.14
2017-06-03 07:24:05.988787,54.106548,-166.29332,1470.0,88.14,1470.0,88.14
2017-06-03 07:24:06.487988,54.106559,-166.293304,1470.0,88.14,1470.0,88.89
2017-06-03 07:24:06.987190,54.106587,-166.293263,1470.0,88.32,1470.0,88.14
2017-06-03 07:24:07.486389,54.106597,-166.293248,1470.0,88.32,1470.0,88.14
2017-06-03 07:24:07.985592,54.106625,-166.293208,1470.0,88.51,1470.0,88.32
2017-06-03 07:24:08.484791,54.106635,-166.293193,1470.0,88.51,1470.0,88.32
2017-06-03 07:24:08.983994,54.106662,-166.293152,1470.0,88.51,1470.0,89.45
2017-06-03 07:24:09.498793,54.106673,-166.293135,1470.0,88.32,1470.0,88.14
2017-06-03 07:24:09.997995,54.1067,-166.293097,1470.0,88.14,1470.0,89.45
2017-06-03 07:24:10.497194,54.106711,-166.293081,1470.0,88.14,1470.0,87.95
2017-06-03 07:24:10.996397,54.106737,-166.293043,1470.0,89.26,1470.0,88.14
2017-06-03 07:24:11.495598,54.106748,-166.293027,1470.0,88.32,1470.0,88.14
2017-06-03 07:24:11.994799,54.106773,-166.292987,1470.0,89.64,1470.0,88.32
2017-06-03 07:24:12.493999,54.106784,-166.292969,1470.0,88.51,1470.0,89.64
2017-06-03 07:24:12.993200,54.106808,-166.292927,1470.0,88.51,1470.0,88.32
2017-06-03 07:24:13.492401,54.106819,-166.292909,1470.0,88.32,1470.0,88.32
2017-06-03 07:24:13.991602,54.106843,-166.292867,1470.0,88.32,1470.0,88.32
2017-06-03 07:24:14.490803,54.106854,-166.29285,1470.0,88.32,1470.0,89.45
2017-06-03 07:24:14.990002,54.106882,-166.292808,1470.0,88.32,1470.0,89.45
2017-06-03 07:24:15.489204,54.106892,-166.292793,1470.0,88.51,1470.0,88.32
2017-06-03 07:24:15.988405,54.10692,-166.292753,1470.0,88.7,1470.0,88.51
2017-06-03 07:24:16.487606,54.106932,-166.292738,1470.0,88.51,1470.0,89.64
2017-06-03 07:24:16.986807,54.10696,-166.2927,1470.0,89.83,1470.0,89.83
2017-06-03 07:24:17.486008,54.106971,-166.292685,1470.0,88.14,1470.0,88.14
2017-06-03 07:24:17.985209,54.107,-166.292647,1470.0,88.14,1470.0,89.26
2017-06-03 07:24:18.484409,54.107011,-166.292632,1470.0,87.95,1470.0,88.51
2017-06-03 07:24:18.999210,54.10704,-166.292592,1470.0,89.08,1470.0,88.89
2017-06-03 07:24:19.498411,54.107051,-166.292574,1470.0,89.45,1470.0,88.14
2017-06-03 07:24:19.997612,54.107077,-166.292533,1470.0,88.32,1470.0,88.32
2017-06-03 07:24:20.496813,54.107087,-166.292516,1470.0,88.7,1470.0,88.51
2017-06-03 07:24:20.996014,54.107112,-166.292477,1470.0,88.89,1470.0,88.51
2017-06-03 07:24:21.495214,54.107123,-166.292459,1470.0,88.7,1470.0,90.39
2017-06-03 07:24:21.994415,54.107148,-166.292417,1470.0,88.7,1470.0,88.7
2017-06-03 07:24:22.493616,54.107159,-166.292399,1470.0,88.51,1470.0,89.45
2017-06-03 07:24:22.992817,54.107185,-166.292358,1470.0,88.51,1470.0,88.51
2017-06-03 07:24:23.492018,54.107196,-166.292342,1470.0,88.51,1470.0,88.51
2017-06-03 07:24:23.991219,54.107223,-166.292303,1470.0,88.51,1470.0,88.51
2017-06-03 07:24:24.490419,54.107235,-166.292288,1470.0,88.7,1470.0,88.51
2017-06-03 07:24:24.989620,54.107263,-166.292252,1470.0,88.7,1470.0,90.2
2017-06-03 07:24:25.488821,54.107274,-166.292237,1470.0,88.7,1470.0,88.51
2017-06-03 07:24:25.988022,54.107302,-166.292198,1470.0,88.7,1470.0,88.7
2017-06-03 07:24:26.487223,54.107313,-166.292182,1470.0,88.51,1470.0,88.51
2017-06-03 07:24:26.986425,54.107342,-166.292143,1470.0,88.51,1470.0,89.83
2017-06-03 07:24:27.485624,54.107352,-166.292128,1470.0,88.51,1470.0,88.51
2017-06-03 07:24:27.984827,54.107378,-166.292088,1470.0,88.7,1470.0,89.08
2017-06-03 07:24:28.484026,54.107388,-166.292073,1470.0,88.89,1470.0,88.89
2017-06-03 07:24:28.998829,54.107415,-166.292032,1470.0,90.02,1470.0,88.89
2017-06-03 07:24:29.498028,54.107426,-166.292015,1470.0,89.08,1470.0,88.89
2017-06-03 07:24:29.997231,54.107453,-166.291975,1470.0,89.08,1470.0,88.89
2017-06-03 07:24:30.496429,54.107464,-166.291958,1470.0,88.89,1470.0,90.02
2017-06-03 07:24:30.995632,54.10749,-166.291918,1470.0,88.89,1470.0,88.7
2017-06-03 07:24:31.494831,54.107501,-166.291901,1470.0,88.89,1470.0,88.7
2017-06-03 07:24:31.994034,54.107527,-166.291862,1470.0,88.89,1470.0,88.7
2017-06-03 07:24:32.493235,54.107538,-166.291846,1470.0,88.89,1470.0,89.64
2017-06-03 07:24:32.992435,54.107565,-166.291807,1470.0,88.89,1470.0,88.89
2017-06-03 07:24:33.491636,54.107576,-166.291792,1470.0,88.89,1470.0,89.83
2017-06-03 07:24:33.990837,54.107603,-166.291753,1470.0,88.89,1470.0,89.26
2017-06-03 07:24:34.490038,54.107615,-166.291737,1470.0,88.89,1470.0,88.7
2017-06-03 07:24:34.989239,54.107643,-166.291698,1470.0,88.7,1470.0,88.51
2017-06-03 07:24:35.488440,54.107654,-166.291682,1470.0,88.7,1470.0,89.83
2017-06-03 07:24:35.987638,54.10768,-166.291642,1470.0,88.7,1470.0,88.51
2017-06-03 07:24:36.486841,54.10769,-166.291625,1470.0,88.7,1470.0,88.7
2017-06-03 07:24:36.986042,54.107715,-166.291585,1470.0,89.64,1470.0,88.51
2017-06-03 07:24:37.485243,54.107725,-166.29157,1470.0,88.7,1470.0,89.83
2017-06-03 07:24:37.984444,54.107752,-166.29153,1470.0,89.45,1470.0,88.32
2017-06-03 07:24:38.499245,54.107763,-166.291513,1470.0,88.32,1470.0,88.32
2017-06-03 07:24:38.998446,54.107788,-166.291473,1470.0,89.26,1470.0,88.14
2017-06-03 07:24:39.497646,54.1078,-166.291456,1470.0,88.14,1470.0,88.14
2017-06-03 07:24:39.996847,54.107827,-166.291417,1470.0,89.08,1470.0,88.14
2017-06-03 07:24:40.496048,54.107838,-166.291399,1470.0,88.51,1470.0,88.32
2017-06-03 07:24:40.995249,54.107863,-166.291358,1470.0,88.51,1470.0,89.83
2017-06-03 07:24:41.494452,54.107874,-166.291341,1470.0,88.7,1470.0,88.51
2017-06-03 07:24:41.993650,54.1079,-166.2913,1470.0,88.7,1470.0,88.7
2017-06-03 07:24:42.492851,54.107911,-166.291283,1470.0,88.51,1470.0,88.51
2017-06-03 07:24:42.992052,54.107938,-166.291242,1470.0,88.32,1470.0,88.32
2017-06-03 07:24:43.491253,54.107949,-166.291226,1470.0,89.26,1470.0,89.45
2017-06-03 07:24:43.990454,54.107977,-166.291187,1470.0,88.14,1470.0,87.95
2017-06-03 07:24:44.489655,54.107988,-166.291171,1470.0,87.95,1470.0,87.76
2017-06-03 07:24:44.988855,54.108015,-166.291133,1470.0,87.95,1470.0,87.76
2017-06-03 07:24:45.488056,54.108025,-166.291118,1470.0,89.08,1470.0,87.76
2017-06-03 07:24:45.987257,54.108052,-166.291077,1470.0,87.95,1470.0,87.76
2017-06-03 07:24:46.486458,54.108061,-166.291061,1470.0,87.95,1470.0,87.76
2017-06-03 07:24:46.985661,54.108087,-166.29102,1470.0,87.95,1470.0,87.76
2017-06-03 07:24:47.484859,54.108096,-166.291004,1470.0,87.95,1470.0,87.76
2017-06-03 07:24:47.984062,54.108122,-166.290963,1470.0,87.95,1470.0,87.76
2017-06-03 07:24:48.498861,54.108133,-166.290946,1470.0,87.76,1470.0,87.76
2017-06-03 07:24:48.998064,54.108158,-166.290905,1470.0,87.76,1470.0,87.76
2017-06-03 07:24:49.497263,54.108169,-166.290888,1470.0,89.26,1470.0,87.76
2017-06-03 07:24:49.996466,54.108195,-166.290847,1470.0,87.95,1470.0,88.89
2017-06-03 07:24:50.495665,54.108206,-166.290829,1470.0,88.14,1470.0,87.95
2017-06-03 07:24:50.994867,54.108232,-166.290788,1470.0,88.14,1470.0,88.14
2017-06-03 07:24:51.494066,54.108243,-166.290771,1470.0,88.14,1470.0,88.14
2017-06-03 07:24:51.993269,54.108268,-166.29073,1470.0,88.32,1470.0,88.14
2017-06-03 07:24:52.492470,54.108279,-166.290714,1470.0,88.14,1470.0,88.14
2017-06-03 07:24:52.991671,54.108307,-166.290673,1470.0,88.14,1470.0,88.14
2017-06-03 07:24:53.490871,54.108317,-166.290658,1470.0,87.95,1470.0,87.76
2017-06-03 07:24:53.990072,54.108345,-166.290618,1470.0,87.95,1470.0,87.76
2017-06-03 07:24:54.489273,54.108356,-166.290602,1470.0,87.76,1470.0,87.76
2017-06-03 07:24:54.988474,54.108382,-166.290562,1470.0,87.95,1470.0,88.89
2017-06-03 07:24:55.487675,54.108391,-166.290546,1470.0,87.95,1470.0,88.89
2017-06-03 07:24:55.986876,54.108417,-166.290505,1470.0,87.95,1470.0,87.95
2017-06-03 07:24:56.486076,54.108427,-166.290488,1470.0,88.14,1470.0,87.95
2017-06-03 07:24:56.985275,54.108452,-166.290447,1470.0,88.14,1470.0,87.95
2017-06-03 07:24:57.484478,54.108461,-166.290431,1470.0,89.64,1470.0,87.95
2017-06-03 07:24:57.999279,54.108487,-166.290388,1470.0,88.14,1470.0,87.95
2017-06-03 07:24:58.498480,54.108498,-166.290371,1470.0,88.14,1470.0,87.95
2017-06-03 07:24:58.997681,54.108523,-166.29033,1470.0,88.14,1470.0,87.95
2017-06-03 07:24:59.496881,54.108534,-166.290313,1470.0,88.14,1470.0,87.95
2017-06-03 07:24:59.996082,54.10856,-166.290272,1470.0,88.14,1470.0,88.14
2017-06-03 07:25:00.495283,54.108571,-166.290255,1470.0,89.45,1470.0,88.14
2017-06-03 07:25:00.994484,54.108597,-166.290217,1470.0,88.32,1470.0,89.26
2017-06-03 07:25:01.493685,54.108608,-166.2902,1470.0,88.14,1470.0,87.95
2017-06-03 07:25:01.992886,54.108635,-166.290162,1470.0,87.95,1470.0,87.76
2017-06-03 07:25:02.492088,54.108646,-166.290145,1470.0,88.32,1470.0,87.95
2017-06-03 07:25:02.991287,54.108673,-166.290105,1470.0,88.14,1470.0,88.89
2017-06-03 07:25:03.490488,54.108683,-166.290089,1470.0,88.32,1470.0,88.14
2017-06-03 07:25:03.989689,54.108708,-166.290048,1470.0,88.51,1470.0,88.32
2017-06-03 07:25:04.488890,54.108719,-166.290031,1470.0,88.7,1470.0,89.64
2017-06-03 07:25:04.988091,54.108745,-166.289988,1470.0,88.51,1470.0,88.51
2017-06-03 07:25:05.487291,54.108755,-166.289972,1470.0,88.51,1470.0,88.32
2017-06-03 07:25:05.986492,54.108782,-166.28993,1470.0,88.32,1470.0,88.32
2017-06-03 07:25:06.485693,54.108791,-166.289915,1470.0,88.32,1470.0,89.26
2017-06-03 07:25:06.984894,54.108817,-166.289875,1470.0,88.51,1470.0,89.83
2017-06-03 07:25:07.484095,54.108827,-166.28986,1470.0,88.51,1470.0,88.32
2017-06-03 07:25:07.998898,54.108855,-166.28982,1470.0,88.51,1470.0,88.32
2017-06-03 07:25:08.498096,54.108866,-166.289804,1470.0,89.64,1470.0,88.32
2017-06-03 07:25:08.997299,54.108893,-166.289767,1470.0,88.51,1470.0,88.51
2017-06-03 07:25:09.496498,54.108904,-166.28975,1470.0,88.51,1470.0,89.64
2017-06-03 07:25:09.995701,54.10893,-166.28971,1470.0,88.7,1470.0,88.51
2017-06-03 07:25:10.494900,54.108941,-166.289694,1470.0,88.89,1470.0,88.7
2017-06-03 07:25:10.994102,54.108968,-166.289655,1470.0,88.7,1470.0,88.7
2017-06-03 07:25:11.493301,54.108979,-166.289639,1470.0,88.7,1470.0,89.64
2017-06-03 07:25:11.992504,54.109005,-166.2896,1470.0,88.7,1470.0,88.7
2017-06-03 07:25:12.491705,54.109016,-166.289584,1470.0,88.7,1470.0,88.7
2017-06-03 07:25:12.990906,54.109043,-166.289543,1470.0,88.89,1470.0,89.64
2017-06-03 07:25:13.490107,54.109054,-166.289528,1470.0,88.89,1470.0,90.2
2017-06-03 07:25:13.989307,54.10908,-166.289488,1470.0,89.08,1470.0,88.89
2017-06-03 07:25:14.488508,54.109091,-166.289472,1470.0,89.26,1470.0,89.08
2017-06-03 07:25:14.987709,54.109118,-166.289433,1470.0,89.08,1470.0,90.39
2017-06-03 07:25:15.486910,54.109128,-166.289418,1470.0,89.08,1470.0,88.89
2017-06-03 07:25:15.986111,54.109155,-166.289378,1470.0,88.89,1470.0,90.39
2017-06-03 07:25:16.485312,54.109166,-166.289363,1470.0,88.89,1470.0,88.7
2017-06-03 07:25:16.984512,54.109195,-166.289323,1470.0,88.89,1470.0,88.7
2017-06-03 07:25:17.499313,54.109206,-166.289307,1470.0,88.89,1470.0,88.7
2017-06-03 07:25:17.998514,54.109233,-166.28927,1470.0,88.89,1470.0,88.89
2017-06-03 07:25:18.497715,54.109244,-166.289253,1470.0,89.08,1470.0,90.2
2017-06-03 07:25:18.996916,54.10927,-166.289213,1470.0,89.26,1470.0,89.08
2017-06-03 07:25:19.496117,54.109281,-166.289197,1470.0,89.26,1470.0,89.08
2017-06-03 07:25:19.995317,54.109308,-166.289158,1470.0,89.26,1470.0,89.08
2017-06-03 07:25:20.494518,54.109319,-166.289141,1470.0,89.08,1470.0,90.39
2017-06-03 07:25:20.993719,54.109345,-166.2891,1470.0,89.08,1470.0,89.08
2017-06-03 07:25:21.492920,54.109356,-166.289084,1470.0,89.08,1470.0,89.08
2017-06-03 07:25:21.992121,54.109383,-166.289043,1470.0,89.26,1470.0,89.08
2017-06-03 07:25:22.491322,54.109394,-166.289027,1470.0,89.26,1470.0,89.26
2017-06-03 07:25:22.990522,54.10942,-166.288988,1470.0,89.26,1470.0,89.26
2017-06-03 07:25:23.489725,54.109431,-166.288972,1470.0,89.26,1470.0,90.2
2017-06-03 07:25:23.988924,54.109458,-166.288932,1470.0,89.26,1470.0,89.08
2017-06-03 07:25:24.488127,54.109469,-166.288916,1470.0,89.08,1470.0,89.08
2017-06-03 07:25:24.987326,54.109497,-166.288877,1470.0,89.08,1470.0,89.83
2017-06-03 07:25:25.486526,54.109507,-166.288861,1470.0,89.08,1470.0,89.08
2017-06-03 07:25:25.985727,54.109535,-166.28882,1470.0,89.26,1470.0,89.83
2017-06-03 07:25:26.484928,54.109545,-166.288805,1470.0,89.08,1470.0,89.08
2017-06-03 07:25:26.984129,54.109572,-166.288765,1470.0,89.26,1470.0,89.08
2017-06-03 07:25:27.498930,54.109583,-166.288748,1470.0,89.26,1470.0,89.26
2017-06-03 07:25:27.998133,54.10961,-166.288707,1470.0,89.45,1470.0,90.39
2017-06-03 07:25:28.497332,54.109621,-166.28869,1470.0,89.45,1470.0,89.45
2017-06-03 07:25:28.996534,54.109647,-166.28865,1470.0,89.45,1470.0,89.45
2017-06-03 07:25:29.495733,54.109657,-166.288633,1470.0,89.45,1470.0,89.45
2017-06-03 07:25:29.994936,54.109682,-166.288593,1470.0,89.45,1470.0,90.39
2017-06-03 07:25:30.494135,54.109692,-166.288577,1470.0,89.45,1470.0,89.26
2017-06-03 07:25:30.993338,54.109718,-166.288537,1470.0,89.26,1470.0,90.02
2017-06-03 07:25:31.492537,54.109729,-166.288521,1470.0,89.26,1470.0,89.08
2017-06-03 07:25:31.991739,54.109755,-166.28848,1470.0,89.08,1470.0,88.89
2017-06-03 07:25:32.490938,54.109766,-166.288464,1470.0,89.08,1470.0,88.89
2017-06-03 07:25:32.990141,54.109793,-166.288423,1470.0,89.08,1470.0,88.89
2017-06-03 07:25:33.489342,54.109803,-166.288408,1470.0,89.08,1470.0,89.08
2017-06-03 07:25:33.988543,54.109828,-166.288368,1470.0,89.26,1470.0,89.08
2017-06-03 07:25:34.487743,54.109839,-166.288351,1470.0,89.45,1470.0,89.45
2017-06-03 07:25:34.986944,54.109865,-166.288308,1470.0,89.64,1470.0,89.45
2017-06-03 07:25:35.486145,54.109875,-166.288292,1470.0,89.64,1470.0,89.45
2017-06-03 07:25:35.985346,54.109902,-166.288248,1470.0,90.58,1470.0,89.45
2017-06-03 07:25:36.484547,54.109912,-166.288232,1470.0,89.45,1470.0,89.45
2017-06-03 07:25:36.999346,54.109938,-166.28819,1470.0,89.64,1470.0,89.45
2017-06-03 07:25:37.498549,54.10995,-166.288173,1470.0,89.64,1470.0,89.45
2017-06-03 07:25:37.997749,54.109977,-166.288133,1470.0,89.64,1470.0,89.64
2017-06-03 07:25:38.496950,54.109987,-166.288117,1470.0,89.45,1470.0,90.77
2017-06-03 07:25:38.996151,54.110013,-166.288077,1470.0,89.26,1470.0,89.26
2017-06-03 07:25:39.495352,54.110024,-166.288061,1470.0,90.02,1470.0,89.08
2017-06-03 07:25:39.994553,54.110052,-166.288022,1470.0,89.08,1470.0,89.08
2017-06-03 07:25:40.493753,54.110063,-166.288006,1470.0,89.08,1470.0,90.2
2017-06-03 07:25:40.992954,54.11009,-166.287967,1470.0,90.39,1470.0,89.08
2017-06-03 07:25:41.492155,54.1101,-166.287951,1470.0,89.08,1470.0,90.02
2017-06-03 07:25:41.991356,54.110127,-166.28791,1470.0,90.2,1470.0,89.08
2017-06-03 07:25:42.490557,54.110137,-166.287893,1470.0,89.26,1470.0,89.26
2017-06-03 07:25:42.989758,54.110162,-166.287852,1470.0,89.45,1470.0,89.26
2017-06-03 07:25:43.488960,54.110171,-166.287835,1470.0,89.64,1470.0,89.45
2017-06-03 07:25:43.988159,54.110197,-166.28779,1470.0,89.64,1470.0,89.64
2017-06-03 07:25:44.487362,54.110206,-166.287774,1470.0,89.83,1470.0,89.64
2017-06-03 07:25:44.986561,54.110232,-166.287732,1470.0,89.64,1470.0,89.64
2017-06-03 07:25:45.485764,54.110242,-166.287716,1470.0,89.64,1470.0,90.58
2017-06-03 07:25:45.984962,54.11027,-166.287673,1470.0,89.64,1470.0,89.45
2017-06-03 07:25:46.484163,54.11028,-166.287659,1470.0,89.45,1470.0,90.96
2017-06-03 07:25:46.998964,54.110308,-166.28762,1470.0,89.45,1470.0,89.45
2017-06-03 07:25:47.498165,54.11032,-166.287604,1470.0,89.45,1470.0,89.26
2017-06-03 07:25:47.997366,54.110348,-166.287565,1470.0,89.45,1470.0,89.26
2017-06-03 07:25:48.496567,54.11036,-166.287549,1470.0,89.45,1470.0,89.26
2017-06-03 07:25:48.995770,54.110388,-166.287512,1470.0,89.26,1470.0,90.58
2017-06-03 07:25:49.494968,54.110399,-166.287495,1470.0,89.26,1470.0,89.26
2017-06-03 07:25:49.994171,54.110425,-166.287455,1470.0,89.45,1470.0,90.58
2017-06-03 07:25:50.493370,54.110435,-166.287438,1470.0,89.45,1470.0,90.2
2017-06-03 07:25:50.992573,54.11046,-166.287397,1470.0,89.45,1470.0,89.45
2017-06-03 07:25:51.491772,54.11047,-166.28738,1470.0,89.45,1470.0,89.45
2017-06-03 07:25:51.990974,54.110495,-166.287337,1470.0,89.45,1470.0,89.45
2017-06-03 07:25:52.490173,54.110505,-166.287319,1470.0,89.64,1470.0,89.45
2017-06-03 07:25:52.989376,54.11053,-166.287277,1470.0,89.64,1470.0,89.45
2017-06-03 07:25:53.488575,54.11054,-166.287261,1470.0,89.64,1470.0,89.64
2017-06-03 07:25:53.987778,54.110567,-166.28722,1470.0,89.64,1470.0,89.45
2017-06-03 07:25:54.486979,54.110578,-166.287204,1470.0,89.64,1470.0,90.96
2017-06-03 07:25:54.986179,54.110607,-166.287163,1470.0,89.64,1470.0,89.45
2017-06-03 07:25:55.485380,54.110618,-166.287148,1470.0,90.39,1470.0,89.45
2017-06-03 07:25:55.984581,54.110647,-166.287108,1470.0,89.64,1470.0,90.77
2017-06-03 07:25:56.483782,54.110657,-166.287093,1470.0,90.77,1470.0,89.64
2017-06-03 07:25:56.998581,54.110685,-166.287053,1470.0,90.96,1470.0,89.83
2017-06-03 07:25:57.497784,54.110696,-166.287036,1470.0,90.96,1470.0,89.83
2017-06-03 07:25:57.996983,54.110723,-166.286995,1470.0,89.83,1470.0,91.15
2017-06-03 07:25:58.496185,54.110734,-166.286978,1470.0,89.83,1470.0,89.64
2017-06-03 07:25:58.995386,54.11076,-166.286937,1470.0,89.64,1470.0,89.45
2017-06-03 07:25:59.494587,54.110771,-166.28692,1470.0,89.45,1470.0,90.77
2017-06-03 07:25:59.993788,54.110798,-166.286878,1470.0,89.45,1470.0,89.26
2017-06-03 07:26:00.492989,54.110809,-166.286862,1470.0,89.64,1470.0,90.96
2017-06-03 07:26:00.992189,54.110835,-166.286822,1470.0,89.64,1470.0,89.45
2017-06-03 07:26:01.491390,54.110845,-166.286806,1470.0,89.64,1470.0,90.58
2017-06-03 07:26:01.990591,54.110872,-166.286765,1470.0,89.83,1470.0,89.64
2017-06-03 07:26:02.489792,54.110882,-166.286748,1470.0,89.83,1470.0,89.64
2017-06-03 07:26:02.988993,54.110908,-166.286707,1470.0,89.83,1470.0,89.64
2017-06-03 07:26:03.488195,54.110918,-166.286691,1470.0,91.15,1470.0,89.64
2017-06-03 07:26:03.987394,54.110945,-166.286648,1470.0,89.83,1470.0,89.64
2017-06-03 07:26:04.486597,54.110955,-166.286633,1470.0,89.83,1470.0,89.64
2017-06-03 07:26:04.985796,54.110982,-166.286592,1470.0,90.77,1470.0,89.64
2017-06-03 07:26:05.484999,54.110992,-166.286577,1470.0,89.83,1470.0,89.64
2017-06-03 07:26:05.984198,54.11102,-166.286537,1470.0,89.64,1470.0,89.64
2017-06-03 07:26:06.498999,54.111032,-166.28652,1470.0,89.83,1470.0,89.64
2017-06-03 07:26:06.998199,54.11106,-166.286482,1470.0,89.83,1470.0,89.64
2017-06-03 07:26:07.497400,54.111071,-166.286465,1470.0,90.02,1470.0,89.83
2017-06-03 07:26:07.996601,54.111098,-166.286425,1470.0,90.02,1470.0,89.83
2017-06-03 07:26:08.495802,54.111109,-166.286407,1470.0,91.33,1470.0,91.52
2017-06-03 07:26:08.995005,54.111135,-166.286365,1470.0,90.96,1470.0,90.02
2017-06-03 07:26:09.494204,54.111146,-166.286348,1470.0,90.2,1470.0,90.02
2017-06-03 07:26:09.993406,54.111173,-166.286307,1470.0,91.33,1470.0,90.02
2017-06-03 07:26:10.492605,54.111184,-166.28629,1470.0,90.2,1470.0,90.02
2017-06-03 07:26:10.991808,54.111208,-166.28625,1470.0,90.2,1470.0,90.02
2017-06-03 07:26:11.491007,54.111219,-166.286234,1470.0,90.2,1470.0,90.2
2017-06-03 07:26:11.990210,54.111245,-166.286195,1470.0,91.15,1470.0,90.02
2017-06-03 07:26:12.489408,54.111256,-166.286179,1470.0,90.02,1470.0,89.83
2017-06-03 07:26:12.988611,54.111283,-166.28614,1470.0,90.96,1470.0,89.64
2017-06-03 07:26:13.487810,54.111294,-166.286125,1470.0,89.45,1470.0,89.45
2017-06-03 07:26:13.987013,54.111322,-166.286085,1470.0,89.45,1470.0,89.45
2017-06-03 07:26:14.486214,54.111332,-166.28607,1470.0,89.64,1470.0,89.64
2017-06-03 07:26:14.985415,54.111358,-166.28603,1470.0,89.83,1470.0,90.77
2017-06-03 07:26:15.484615,54.111368,-166.286014,1470.0,90.02,1470.0,90.02
2017-06-03 07:26:15.983816,54.111395,-166.285972,1470.0,90.2,1470.0,90.2
2017-06-03 07:26:16.498617,54.111405,-166.285954,1470.0,90.39,1470.0,90.96
2017-06-03 07:26:16.997816,54.11143,-166.285913,1470.0,90.2,1470.0,91.33
2017-06-03 07:26:17.497019,54.111441,-166.285896,1470.0,90.02,1470.0,90.02
2017-06-03 07:26:17.996218,54.111467,-166.285855,1470.0,90.02,1470.0,90.77
2017-06-03 07:26:18.495420,54.111478,-166.285839,1470.0,91.33,1470.0,89.83
2017-06-03 07:26:18.994619,54.111505,-166.2858,1470.0,89.83,1470.0,89.83
2017-06-03 07:26:19.493822,54.111517,-166.285784,1470.0,89.83,1470.0,89.64
2017-06-03 07:26:19.993023,54.111545,-166.285747,1470.0,90.96,1470.0,90.58
2017-06-03 07:26:20.492224,54.111557,-166.285731,1470.0,89.64,1470.0,90.77
2017-06-03 07:26:20.991425,54.111587,-166.285692,1470.0,90.02,1470.0,90.2
2017-06-03 07:26:21.490625,54.111597,-166.285676,1470.0,90.96,1470.0,89.64
2017-06-03 07:26:21.989826,54.111625,-166.285635,1470.0,89.83,1470.0,90.96
2017-06-03 07:26:22.489027,54.111635,-166.285619,1470.0,89.83,1470.0,89.83
2017-06-03 07:26:22.988228,54.11166,-166.285575,1470.0,89.83,1470.0,90.02
2017-06-03 07:26:23.487429,54.111671,-166.285559,1470.0,89.64,1470.0,89.45
2017-06-03 07:26:23.986629,54.111698,-166.285518,1470.0,89.45,1470.0,89.26
2017-06-03 07:26:24.485832,54.111709,-166.285502,1470.0,89.26,1470.0,89.26
2017-06-03 07:26:24.985031,54.111737,-166.28546,1470.0,89.45,1470.0,89.26
2017-06-03 07:26:25.484234,54.111747,-166.285444,1470.0,89.45,1470.0,89.45
2017-06-03 07:26:25.999033,54.111773,-166.285403,1470.0,89.83,1470.0,89.64
2017-06-03 07:26:26.498234,54.111784,-166.285386,1470.0,89.83,1470.0,89.83
2017-06-03 07:26:26.997435,54.111808,-166.285345,1470.0,89.83,1470.0,90.2
2017-06-03 07:26:27.496635,54.11182,-166.285328,1470.0,89.64,1470.0,89.64
2017-06-03 07:26:27.995836,54.111847,-166.285288,1470.0,89.45,1470.0,89.45
2017-06-03 07:26:28.495037,54.111858,-166.285272,1470.0,89.26,1470.0,90.2
2017-06-03 07:26:28.994240,54.111887,-166.285233,1470.0,89.08,1470.0,89.08
2017-06-03 07:26:29.493439,54.111898,-166.285218,1470.0,89.08,1470.0,90.02
2017-06-03 07:26:29.992641,54.111927,-166.285178,1470.0,89.08,1470.0,89.08
2017-06-03 07:26:30.491840,54.111937,-166.285162,1470.0,89.45,1470.0,89.26
2017-06-03 07:26:30.991043,54.111963,-166.285122,1470.0,89.64,1470.0,89.64
2017-06-03 07:26:31.490242,54.111974,-166.285105,1470.0,90.96,1470.0,90.77
2017-06-03 07:26:31.989445,54.112,-166.285063,1470.0,89.83,1470.0,89.83
2017-06-03 07:26:32.488644,54.112011,-166.285046,1470.0,89.83,1470.0,89.64
2017-06-03 07:26:32.987846,54.112037,-166.285005,1470.0,89.45,1470.0,89.45
2017-06-03 07:26:33.487045,54.112047,-166.284989,1470.0,89.26,1470.0,89.26
2017-06-03 07:26:33.986248,54.112075,-166.284947,1470.0,89.26,1470.0,89.08
2017-06-03 07:26:34.485449,54.112085,-166.284931,1470.0,89.26,1470.0,89.26
2017-06-03 07:26:34.984650,54.112112,-166.28489,1470.0,89.26,1470.0,89.26
2017-06-03 07:26:35.483850,54.112122,-166.284875,1470.0,89.26,1470.0,89.26
2017-06-03 07:26:35.998652,54.11215,-166.284835,1470.0,89.45,1470.0,89.26
2017-06-03 07:26:36.497852,54.112161,-166.284819,1470.0,89.45,1470.0,89.26
2017-06-03 07:26:36.997053,54.112188,-166.28478,1470.0,89.26,1470.0,89.64
2017-06-03 07:26:37.496254,54.1122,-166.284764,1470.0,90.39,1470.0,89.08
2017-06-03 07:26:37.995453,54.112227,-166.284725,1470.0,89.26,1470.0,89.08
2017-06-03 07:26:38.494656,54.112238,-166.284709,1470.0,89.08,1470.0,89.08
2017-06-03 07:26:38.939615,54.112263,-166.284671,1470.0,89.26,1470.0,178.83
2017-06-03 07:26:39.493057,54.112275,-166.284652,1470.0,90.58,1470.0,89.45
2017-06-03 07:26:39.992258,54.112302,-166.284612,1470.0,89.64,1470.0,89.45
2017-06-03 07:26:40.491459,54.112313,-166.284595,1470.0,89.64,1470.0,90.58
2017-06-03 07:26:40.990660,54.11234,-166.284553,1470.0,89.64,1470.0,89.64
2017-06-03 07:26:41.489861,54.11235,-166.284538,1470.0,89.64,1470.0,89.45
2017-06-03 07:26:41.989061,54.112377,-166.284497,1470.0,89.45,1470.0,89.45
2017-06-03 07:26:42.488262,54.112387,-166.284481,1470.0,89.64,1470.0,89.45
2017-06-03 07:26:42.987463,54.112413,-166.284438,1470.0,89.64,1470.0,89.45
2017-06-03 07:26:43.486664,54.112424,-166.284423,1470.0,90.96,1470.0,89.45
2017-06-03 07:26:43.985865,54.112452,-166.284382,1470.0,89.45,1470.0,89.64
2017-06-03 07:26:44.485065,54.112462,-166.284367,1470.0,89.45,1470.0,89.45
2017-06-03 07:26:44.984266,54.11249,-166.284327,1470.0,89.45,1470.0,90.39
2017-06-03 07:26:45.499067,54.112501,-166.28431,1470.0,89.64,1470.0,89.45
2017-06-03 07:26:45.998268,54.112528,-166.28427,1470.0,89.64,1470.0,89.45
2017-06-03 07:26:46.497469,54.112539,-166.284253,1470.0,89.64,1470.0,89.64
2017-06-03 07:26:46.996670,54.112565,-166.284212,1470.0,89.64,1470.0,89.64
2017-06-03 07:26:47.495871,54.112576,-166.284195,1470.0,89.83,1470.0,89.64
2017-06-03 07:26:47.995071,54.112602,-166.284155,1470.0,89.83,1470.0,90.96
2017-06-03 07:26:48.494272,54.112612,-166.284138,1470.0,89.83,1470.0,89.83
2017-06-03 07:26:48.993473,54.112637,-166.284097,1470.0,90.02,1470.0,89.83
2017-06-03 07:26:49.492674,54.112648,-166.28408,1470.0,89.83,1470.0,90.02
2017-06-03 07:26:49.991877,54.112673,-166.28404,1470.0,89.83,1470.0,89.64
2017-06-03 07:26:50.491076,54.112684,-166.284024,1470.0,89.64,1470.0,89.45
2017-06-03 07:26:50.990278,54.112712,-166.283985,1470.0,89.45,1470.0,89.45
2017-06-03 07:26:51.489477,54.112723,-166.28397,1470.0,89.64,1470.0,89.45
2017-06-03 07:26:51.988680,54.112752,-166.283932,1470.0,89.45,1470.0,89.45
2017-06-03 07:26:52.487879,54.112762,-166.283917,1470.0,89.45,1470.0,89.45
2017-06-03 07:26:52.987082,54.11279,-166.283877,1470.0,89.64,1470.0,89.64
2017-06-03 07:26:53.486280,54.112801,-166.283861,1470.0,89.64,1470.0,89.64
2017-06-03 07:26:53.985483,54.112828,-166.283818,1470.0,89.83,1470.0,89.64
2017-06-03 07:26:54.484684,54.112838,-166.283802,1470.0,89.83,1470.0,91.15
2017-06-03 07:26:54.983885,54.112865,-166.283758,1470.0,90.02,1470.0,90.02
2017-06-03 07:26:55.498686,54.112876,-166.28374,1470.0,90.02,1470.0,91.33
2017-06-03 07:26:55.997887,54.112902,-166.283698,1470.0,90.02,1470.0,91.52
2017-06-03 07:26:56.497087,54.112913,-166.283681,1470.0,90.02,1470.0,91.15
2017-06-03 07:26:56.996288,54.11294,-166.283642,1470.0,90.02,1470.0,89.83
2017-06-03 07:26:57.495489,54.112951,-166.283625,1470.0,89.83,1470.0,89.64
2017-06-03 07:26:57.994690,54.112978,-166.283587,1470.0,90.96,1470.0,89.64
2017-06-03 07:26:58.493891,54.11299,-166.283571,1470.0,89.83,1470.0,89.64
2017-06-03 07:26:58.993090,54.11302,-166.283533,1470.0,90.96,1470.0,89.64
2017-06-03 07:26:59.492292,54.113031,-166.283517,1470.0,90.58,1470.0,89.64
2017-06-03 07:26:59.991493,54.11306,-166.283477,1470.0,89.83,1470.0,89.64
2017-06-03 07:27:00.490694,54.113071,-166.28346,1470.0,89.83,1470.0,89.64
2017-06-03 07:27:00.989895,54.113097,-166.28342,1470.0,90.02,1470.0,89.83
2017-06-03 07:27:01.489096,54.113106,-166.283404,1470.0,90.02,1470.0,90.02
2017-06-03 07:27:01.988297,54.113132,-166.28336,1470.0,90.02,1470.0,90.02
2017-06-03 07:27:02.487497,54.113142,-166.283344,1470.0,89.83,1470.0,89.83
2017-06-03 07:27:02.986698,54.113168,-166.2833,1470.0,89.83,1470.0,89.64
2017-06-03 07:27:03.485899,54.113179,-166.283284,1470.0,91.15,1470.0,89.45
2017-06-03 07:27:03.985100,54.113207,-166.283243,1470.0,90.96,1470.0,89.45
2017-06-03 07:27:04.484301,54.113217,-166.283228,1470.0,89.64,1470.0,90.77
2017-06-03 07:27:04.999102,54.113243,-166.283187,1470.0,89.64,1470.0,90.02
2017-06-03 07:27:05.498302,54.113255,-166.28317,1470.0,89.83,1470.0,89.64
2017-06-03 07:27:05.997503,54.113283,-166.28313,1470.0,89.83,1470.0,89.64
2017-06-03 07:27:06.496704,54.113294,-166.283114,1470.0,89.83,1470.0,89.64
2017-06-03 07:27:06.995905,54.113322,-166.283073,1470.0,89.83,1470.0,89.64
2017-06-03 07:27:07.495106,54.113332,-166.283057,1470.0,89.83,1470.0,89.83
2017-06-03 07:27:07.994307,54.11336,-166.283017,1470.0,89.83,1470.0,89.83
2017-06-03 07:27:08.493507,54.11337,-166.282999,1470.0,90.02,1470.0,89.83
2017-06-03 07:27:08.992708,54.113395,-166.282958,1470.0,90.02,1470.0,89.83
2017-06-03 07:27:09.491909,54.113406,-166.282942,1470.0,90.02,1470.0,90.02
2017-06-03 07:27:09.991110,54.113432,-166.282902,1470.0,90.02,1470.0,89.83
2017-06-03 07:27:10.490311,54.113443,-166.282884,1470.0,90.02,1470.0,89.83
2017-06-03 07:27:10.989513,54.113472,-166.282842,1470.0,89.83,1470.0,90.96
2017-06-03 07:27:11.488712,54.113482,-166.282826,1470.0,89.83,1470.0,89.64
2017-06-03 07:27:11.987915,54.11351,-166.282785,1470.0,89.83,1470.0,90.58
2017-06-03 07:27:12.487114,54.11352,-166.282769,1470.0,89.83,1470.0,90.77
2017-06-03 07:27:12.986317,54.113547,-166.282728,1470.0,89.83,1470.0,89.83
2017-06-03 07:27:13.485516,54.113557,-166.282713,1470.0,89.83,1470.0,90.77
2017-06-03 07:27:13.984718,54.113583,-166.282672,1470.0,89.83,1470.0,89.83
2017-06-03 07:27:14.483917,54.113594,-166.282656,1470.0,90.96,1470.0,89.64
2017-06-03 07:27:14.998720,54.113622,-166.282613,1470.0,90.96,1470.0,89.64
2017-06-03 07:27:15.497921,54.113632,-166.282596,1470.0,89.64,1470.0,89.64
2017-06-03 07:27:15.997122,54.113657,-166.282557,1470.0,89.64,1470.0,89.64
2017-06-03 07:27:16.496323,54.113668,-166.28254,1470.0,89.64,1470.0,91.15
2017-06-03 07:27:16.995523,54.113695,-166.282498,1470.0,89.83,1470.0,89.64
2017-06-03 07:27:17.494724,54.113705,-166.282482,1470.0,89.83,1470.0,91.33
2017-06-03 07:27:17.993925,54.113732,-166.282442,1470.0,89.83,1470.0,89.83
2017-06-03 07:27:18.493126,54.113743,-166.282425,1470.0,90.02,1470.0,89.83
2017-06-03 07:27:18.992327,54.11377,-166.282385,1470.0,90.02,1470.0,90.02
2017-06-03 07:27:19.491528,54.113781,-166.282369,1470.0,90.02,1470.0,90.77
2017-06-03 07:27:19.990728,54.113808,-166.282328,1470.0,90.02,1470.0,90.2
2017-06-03 07:27:20.489929,54.113819,-166.282311,1470.0,90.2,1470.0,91.15
2017-06-03 07:27:20.989130,54.113847,-166.28227,1470.0,90.39,1470.0,90.2
2017-06-03 07:27:21.488331,54.113857,-166.282255,1470.0,90.2,1470.0,90.2
2017-06-03 07:27:21.987532,54.113883,-166.282215,1470.0,90.2,1470.0,90.02
2017-06-03 07:27:22.486732,54.113894,-166.2822,1470.0,90.02,1470.0,89.83
2017-06-03 07:27:22.985933,54.113922,-166.282158,1470.0,89.83,1470.0,90.77
2017-06-03 07:27:23.485134,54.113932,-166.282144,1470.0,90.77,1470.0,89.64
2017-06-03 07:27:23.984335,54.11396,-166.282105,1470.0,89.64,1470.0,89.64
2017-06-03 07:27:24.499136,54.113971,-166.282089,1470.0,89.83,1470.0,89.64
2017-06-03 07:27:24.998337,54.113998,-166.28205,1470.0,89.83,1470.0,89.83
2017-06-03 07:27:25.497540,54.114009,-166.282033,1470.0,90.96,1470.0,89.83
2017-06-03 07:27:25.996738,54.114035,-166.281993,1470.0,90.02,1470.0,90.96
2017-06-03 07:27:26.495939,54.114046,-166.281976,1470.0,91.52,1470.0,90.02
2017-06-03 07:27:26.995140,54.114072,-166.281935,1470.0,90.2,1470.0,90.2
2017-06-03 07:27:27.494341,54.114082,-166.281919,1470.0,90.2,1470.0,90.2
2017-06-03 07:27:27.993542,54.11411,-166.281877,1470.0,90.2,1470.0,90.2
2017-06-03 07:27:28.492743,54.114121,-166.28186,1470.0,90.2,1470.0,90.2
2017-06-03 07:27:28.991943,54.114147,-166.28182,1470.0,90.2,1470.0,91.52
2017-06-03 07:27:29.491144,54.114157,-166.281804,1470.0,90.39,1470.0,90.2
2017-06-03 07:27:29.990345,54.114183,-166.281763,1470.0,91.52,1470.0,90.2
2017-06-03 07:27:30.489546,54.114194,-166.281747,1470.0,90.58,1470.0,91.52
2017-06-03 07:27:30.988749,54.114222,-166.281707,1470.0,91.15,1470.0,90.2
2017-06-03 07:27:31.487947,54.114232,-166.281691,1470.0,90.2,1470.0,90.2
2017-06-03 07:27:31.987150,54.11426,-166.28165,1470.0,90.02,1470.0,90.02
2017-06-03 07:27:32.486349,54.114271,-166.281635,1470.0,90.77,1470.0,89.83
2017-06-03 07:27:32.985552,54.1143,-166.281595,1470.0,90.02,1470.0,91.15
2017-06-03 07:27:33.484751,54.11431,-166.281579,1470.0,90.02,1470.0,91.33
2017-06-03 07:27:33.983953,54.114337,-166.281537,1470.0,90.2,1470.0,90.2
2017-06-03 07:27:34.498753,54.114348,-166.28152,1470.0,90.39,1470.0,90.39
2017-06-03 07:27:34.997955,54.114373,-166.28148,1470.0,90.58,1470.0,90.58
2017-06-03 07:27:35.497154,54.114383,-166.281463,1470.0,90.77,1470.0,90.39
2017-06-03 07:27:35.996357,54.114407,-166.281422,1470.0,90.58,1470.0,90.39
2017-06-03 07:27:36.495558,54.114417,-166.281405,1470.0,90.39,1470.0,90.39
2017-06-03 07:27:36.994759,54.114442,-166.281365,1470.0,90.39,1470.0,91.33
2017-06-03 07:27:37.493959,54.114453,-166.281348,1470.0,90.39,1470.0,90.2
2017-06-03 07:27:37.993160,54.11448,-166.281307,1470.0,91.33,1470.0,90.02
2017-06-03 07:27:38.492361,54.114492,-166.281291,1470.0,90.2,1470.0,90.02
2017-06-03 07:27:38.991562,54.11452,-166.281252,1470.0,90.02,1470.0,91.52
2017-06-03 07:27:39.490763,54.114531,-166.281236,1470.0,91.15,1470.0,90.02
2017-06-03 07:27:39.989964,54.114558,-166.281197,1470.0,90.2,1470.0,90.2
2017-06-03 07:27:40.489164,54.114569,-166.28118,1470.0,90.39,1470.0,90.2
2017-06-03 07:27:40.988363,54.114595,-166.281138,1470.0,90.58,1470.0,91.71
2017-06-03 07:27:41.487566,54.114605,-166.281122,1470.0,90.58,1470.0,90.58
2017-06-03 07:27:41.986767,54.11463,-166.281078,1470.0,90.77,1470.0,92.09
2017-06-03 07:27:42.485968,54.11464,-166.281062,1470.0,90.77,1470.0,90.77
2017-06-03 07:27:42.985168,54.114667,-166.281018,1470.0,90.77,1470.0,90.58
2017-06-03 07:27:43.484369,54.114677,-166.281003,1470.0,90.77,1470.0,90.58
2017-06-03 07:27:43.999170,54.114705,-166.280962,1470.0,90.58,1470.0,91.9
2017-06-03 07:27:44.498371,54.114716,-166.280945,1470.0,90.58,1470.0,90.39
2017-06-03 07:27:44.997572,54.114743,-166.280907,1470.0,91.52,1470.0,90.39
2017-06-03 07:27:45.496775,54.114756,-166.28089,1470.0,90.39,1470.0,90.2
2017-06-03 07:27:45.995974,54.114785,-166.28085,1470.0,90.58,1470.0,91.71
2017-06-03 07:27:46.495176,54.114796,-166.280834,1470.0,90.39,1470.0,90.39
2017-06-03 07:27:46.994375,54.114822,-166.280797,1470.0,90.39,1470.0,92.09
2017-06-03 07:27:47.493578,54.114832,-166.280781,1470.0,91.71,1470.0,90.39
2017-06-03 07:27:47.992777,54.114858,-166.280742,1470.0,90.58,1470.0,90.58
2017-06-03 07:27:48.491978,54.114869,-166.280725,1470.0,90.58,1470.0,91.71
2017-06-03 07:27:48.991179,54.114895,-166.280685,1470.0,90.58,1470.0,90.39
2017-06-03 07:27:49.490379,54.114905,-166.280669,1470.0,90.39,1470.0,90.39
2017-06-03 07:27:49.989580,54.11493,-166.280627,1470.0,90.39,1470.0,90.39
2017-06-03 07:27:50.488781,54.11494,-166.280611,1470.0,90.39,1470.0,90.39
2017-06-03 07:27:50.987984,54.114967,-166.28057,1470.0,90.58,1470.0,90.58
2017-06-03 07:27:51.487183,54.114977,-166.280555,1470.0,91.71,1470.0,90.58
2017-06-03 07:27:51.986385,54.115003,-166.280513,1470.0,90.77,1470.0,90.77
2017-06-03 07:27:52.485584,54.115013,-166.280498,1470.0,90.77,1470.0,91.71
2017-06-03 07:27:52.984787,54.11504,-166.280457,1470.0,90.96,1470.0,90.58
2017-06-03 07:27:53.483986,54.115051,-166.280442,1470.0,90.58,1470.0,90.58
2017-06-03 07:27:53.998789,54.11508,-166.280402,1470.0,90.58,1470.0,90.58
2017-06-03 07:27:54.497988,54.115091,-166.280384,1470.0,90.58,1470.0,90.58
2017-06-03 07:27:54.997190,54.115118,-166.280343,1470.0,90.58,1470.0,92.09
2017-06-03 07:27:55.496389,54.115129,-166.280326,1470.0,90.58,1470.0,91.52
2017-06-03 07:27:55.995592,54.115155,-166.280287,1470.0,90.58,1470.0,90.39
2017-06-03 07:27:56.494793,54.115166,-166.28027,1470.0,90.58,1470.0,90.39
2017-06-03 07:27:56.993994,54.115192,-166.280228,1470.0,90.58,1470.0,91.33
2017-06-03 07:27:57.493195,54.115201,-166.280212,1470.0,90.58,1470.0,90.58
2017-06-03 07:27:57.992395,54.115227,-166.28017,1470.0,90.58,1470.0,90.58
2017-06-03 07:27:58.491596,54.115237,-166.280154,1470.0,90.58,1470.0,90.39
2017-06-03 07:27:58.990797,54.115263,-166.280113,1470.0,90.58,1470.0,90.39
2017-06-03 07:27:59.489998,54.115274,-166.280097,1470.0,90.39,1470.0,90.96
2017-06-03 07:27:59.989199,54.115302,-166.280057,1470.0,90.39,1470.0,91.52
2017-06-03 07:28:00.488400,54.115313,-166.28004,1470.0,90.39,1470.0,91.52
2017-06-03 07:28:00.987600,54.11534,-166.28,1470.0,90.39,1470.0,91.52
2017-06-03 07:28:01.486801,54.115351,-166.279985,1470.0,90.58,1470.0,90.39
2017-06-03 07:28:01.986002,54.115378,-166.279945,1470.0,90.58,1470.0,90.58
2017-06-03 07:28:02.485203,54.115389,-166.279929,1470.0,90.58,1470.0,91.9
2017-06-03 07:28:02.984404,54.115417,-166.279887,1470.0,90.58,1470.0,90.58
2017-06-03 07:28:03.499205,54.115428,-166.279869,1470.0,92.09,1470.0,91.52
2017-06-03 07:28:03.998405,54.115453,-166.279828,1470.0,90.58,1470.0,91.15
2017-06-03 07:28:04.497606,54.115464,-166.279812,1470.0,90.77,1470.0,90.58
2017-06-03 07:28:04.996807,54.115492,-166.279772,1470.0,90.77,1470.0,90.58
2017-06-03 07:28:05.496008,54.115502,-166.279755,1470.0,90.77,1470.0,90.58
2017-06-03 07:28:05.995209,54.11553,-166.279712,1470.0,90.77,1470.0,90.58
2017-06-03 07:28:06.494410,54.115541,-166.279696,1470.0,91.52,1470.0,92.09
2017-06-03 07:28:06.993610,54.115568,-166.279657,1470.0,90.58,1470.0,91.71
2017-06-03 07:28:07.492813,54.11558,-166.279641,1470.0,91.71,1470.0,90.39
2017-06-03 07:28:07.992012,54.115608,-166.2796,1470.0,90.58,1470.0,91.52
2017-06-03 07:28:08.491215,54.115619,-166.279584,1470.0,90.39,1470.0,90.2
2017-06-03 07:28:08.990414,54.115647,-166.279545,1470.0,90.39,1470.0,90.2
2017-06-03 07:28:09.489614,54.115658,-166.279529,1470.0,91.15,1470.0,90.2
2017-06-03 07:28:09.988815,54.115687,-166.279488,1470.0,90.39,1470.0,90.2
2017-06-03 07:28:10.488016,54.115697,-166.279473,1470.0,90.39,1470.0,90.2
2017-06-03 07:28:10.987217,54.115723,-166.279432,1470.0,90.2,1470.0,90.2
2017-06-03 07:28:11.486418,54.115733,-166.279416,1470.0,90.2,1470.0,90.2
2017-06-03 07:28:11.985620,54.11576,-166.279375,1470.0,90.2,1470.0,91.33
2017-06-03 07:28:12.484819,54.11577,-166.27936,1470.0,90.39,1470.0,90.2
2017-06-03 07:28:12.984022,54.115797,-166.279318,1470.0,91.9,1470.0,90.2
2017-06-03 07:28:13.498821,54.115808,-166.279301,1470.0,90.39,1470.0,90.96
2017-06-03 07:28:13.998024,54.115833,-166.279258,1470.0,90.39,1470.0,90.39
2017-06-03 07:28:14.497223,54.115844,-166.279241,1470.0,90.58,1470.0,91.33
2017-06-03 07:28:14.996426,54.115872,-166.2792,1470.0,90.77,1470.0,90.58
2017-06-03 07:28:15.495625,54.115882,-166.279184,1470.0,90.77,1470.0,90.77
2017-06-03 07:28:15.994827,54.11591,-166.279143,1470.0,90.77,1470.0,90.77
2017-06-03 07:28:16.494028,54.115922,-166.279127,1470.0,90.77,1470.0,92.09
2017-06-03 07:28:16.993229,54.11595,-166.279087,1470.0,90.58,1470.0,90.58
2017-06-03 07:28:17.492430,54.115961,-166.27907,1470.0,90.39,1470.0,91.33
2017-06-03 07:28:17.991631,54.115988,-166.279032,1470.0,90.2,1470.0,90.2
2017-06-03 07:28:18.490831,54.116,-166.279015,1470.0,90.2,1470.0,90.02
2017-06-03 07:28:18.990032,54.11603,-166.278975,1470.0,90.2,1470.0,90.02
2017-06-03 07:28:19.489233,54.11604,-166.27896,1470.0,90.2,1470.0,90.02
2017-06-03 07:28:19.988434,54.116067,-166.27892,1470.0,90.2,1470.0,90.2
2017-06-03 07:28:20.487635,54.116077,-166.278904,1470.0,90.2,1470.0,90.2
2017-06-03 07:28:20.986835,54.116103,-166.27886,1470.0,90.39,1470.0,90.2
2017-06-03 07:28:21.486036,54.116113,-166.278844,1470.0,90.39,1470.0,91.71
2017-06-03 07:28:21.985237,54.116138,-166.278802,1470.0,90.39,1470.0,90.39
2017-06-03 07:28:22.484438,54.116148,-166.278785,1470.0,90.39,1470.0,90.2
2017-06-03 07:28:22.999239,54.116175,-166.278742,1470.0,90.2,1470.0,90.2
2017-06-03 07:28:23.498440,54.116187,-166.278725,1470.0,90.2,1470.0,91.71
2017-06-03 07:28:23.997641,54.116215,-166.278685,1470.0,90.2,1470.0,90.2
2017-06-03 07:28:24.496841,54.116226,-166.278669,1470.0,90.39,1470.0,90.2
2017-06-03 07:28:24.996042,54.116253,-166.27863,1470.0,90.39,1470.0,91.71
2017-06-03 07:28:25.495243,54.116265,-166.278614,1470.0,90.39,1470.0,90.39
2017-06-03 07:28:25.994444,54.116293,-166.278577,1470.0,90.39,1470.0,91.52
2017-06-03 07:28:26.493645,54.116305,-166.27856,1470.0,90.2,1470.0,91.52
2017-06-03 07:28:26.992846,54.116333,-166.27852,1470.0,90.2,1470.0,90.02
2017-06-03 07:28:27.492048,54.116345,-166.278504,1470.0,90.2,1470.0,90.02
2017-06-03 07:28:27.991247,54.116373,-166.278463,1470.0,90.2,1470.0,90.2
2017-06-03 07:28:28.490450,54.116383,-166.278447,1470.0,90.39,1470.0,90.39
2017-06-03 07:28:28.989649,54.116408,-166.278407,1470.0,91.52,1470.0,91.9
2017-06-03 07:28:29.488852,54.116418,-166.27839,1470.0,91.33,1470.0,90.39
2017-06-03 07:28:29.988050,54.116443,-166.278348,1470.0,90.39,1470.0,91.15
2017-06-03 07:28:30.487251,54.116453,-166.278331,1470.0,90.2,1470.0,90.2
2017-06-03 07:28:30.986452,54.116478,-166.278288,1470.0,90.2,1470.0,90.02
2017-06-03 07:28:31.485653,54.116488,-166.278273,1470.0,90.02,1470.0,90.02
2017-06-03 07:28:31.984854,54.116515,-166.278233,1470.0,90.02,1470.0,91.33
2017-06-03 07:28:32.484055,54.116525,-166.278218,1470.0,90.2,1470.0,90.02
2017-06-03 07:28:32.998857,54.116553,-166.278178,1470.0,91.33,1470.0,90.02
2017-06-03 07:28:33.498056,54.116565,-166.278162,1470.0,90.2,1470.0,90.02
2017-06-03 07:28:33.997259,54.116592,-166.278125,1470.0,91.15,1470.0,90.02
2017-06-03 07:28:34.496458,54.116603,-166.278109,1470.0,90.2,1470.0,90.02
2017-06-03 07:28:34.995661,54.116632,-166.278068,1470.0,90.02,1470.0,91.15
2017-06-03 07:28:35.494860,54.116643,-166.278052,1470.0,90.2,1470.0,90.02
2017-06-03 07:28:35.994062,54.116672,-166.27801,1470.0,90.2,1470.0,90.2
2017-06-03 07:28:36.493261,54.116682,-166.277993,1470.0,90.39,1470.0,91.52
2017-06-03 07:28:36.992464,54.116707,-166.277952,1470.0,90.39,1470.0,90.39
2017-06-03 07:28:37.491665,54.116716,-166.277935,1470.0,90.58,1470.0,90.58
2017-06-03 07:28:37.990866,54.116742,-166.277892,1470.0,90.58,1470.0,90.39
2017-06-03 07:28:38.490067,54.116752,-166.277874,1470.0,90.58,1470.0,90.39
2017-06-03 07:28:38.989267,54.116778,-166.277832,1470.0,90.39,1470.0,90.2
2017-06-03 07:28:39.488468,54.116789,-166.277817,1470.0,90.2,1470.0,90.96
2017-06-03 07:28:39.987669,54.116817,-166.277777,1470.0,90.2,1470.0,91.15
2017-06-03 07:28:40.486870,54.116827,-166.277761,1470.0,90.2,1470.0,91.33
2017-06-03 07:28:40.986071,54.116855,-166.27772,1470.0,90.2,1470.0,90.2
2017-06-03 07:28:41.485271,54.116865,-166.277705,1470.0,91.52,1470.0,91.52
2017-06-03 07:28:41.984472,54.116892,-166.277663,1470.0,90.39,1470.0,90.39
2017-06-03 07:28:42.499273,54.116903,-166.277646,1470.0,90.39,1470.0,91.33
2017-06-03 07:28:42.998474,54.11693,-166.277607,1470.0,90.39,1470.0,91.52
2017-06-03 07:28:43.497675,54.116941,-166.27759,1470.0,90.39,1470.0,91.33
2017-06-03 07:28:43.996876,54.116967,-166.27755,1470.0,90.39,1470.0,90.2
2017-06-03 07:28:44.496077,54.116977,-166.277533,1470.0,90.2,1470.0,90.2
2017-06-03 07:28:44.995277,54.117003,-166.27749,1470.0,90.2,1470.0,90.2
2017-06-03 07:28:45.494478,54.117014,-166.277474,1470.0,90.39,1470.0,90.2
2017-06-03 07:28:45.993679,54.11704,-166.277432,1470.0,90.2,1470.0,90.2
2017-06-03 07:28:46.492880,54.11705,-166.277415,1470.0,90.2,1470.0,90.2
2017-06-03 07:28:46.992081,54.117075,-166.277375,1470.0,90.2,1470.0,90.2
2017-06-03 07:28:47.491283,54.117086,-166.277359,1470.0,90.2,1470.0,90.96
2017-06-03 07:28:47.990482,54.117113,-166.277318,1470.0,90.2,1470.0,90.2
2017-06-03 07:28:48.489685,54.117124,-166.277302,1470.0,90.2,1470.0,90.2
2017-06-03 07:28:48.988884,54.11715,-166.277262,1470.0,90.2,1470.0,90.2
2017-06-03 07:28:49.488087,54.11716,-166.277247,1470.0,90.2,1470.0,90.2
2017-06-03 07:28:49.987286,54.117188,-166.277208,1470.0,90.39,1470.0,90.2
2017-06-03 07:28:50.486488,54.117199,-166.277193,1470.0,90.39,1470.0,90.2
2017-06-03 07:28:50.985687,54.117227,-166.277152,1470.0,90.39,1470.0,90.2
2017-06-03 07:28:51.484888,54.117237,-166.277137,1470.0,90.58,1470.0,91.33
2017-06-03 07:28:51.984089,54.117263,-166.277097,1470.0,90.58,1470.0,90.39
2017-06-03 07:28:52.498890,54.117274,-166.277079,1470.0,90.58,1470.0,90.39
2017-06-03 07:28:52.998093,54.117302,-166.277037,1470.0,90.39,1470.0,91.52
2017-06-03 07:28:53.497292,54.117312,-166.27702,1470.0,90.39,1470.0,90.2
2017-06-03 07:28:53.996494,54.117338,-166.276978,1470.0,90.2,1470.0,90.96
2017-06-03 07:28:54.495693,54.117349,-166.276961,1470.0,90.2,1470.0,90.96
2017-06-03 07:28:54.994896,54.117377,-166.27692,1470.0,90.39,1470.0,90.2
2017-06-03 07:28:55.494095,54.117387,-166.276904,1470.0,90.58,1470.0,90.39
2017-06-03 07:28:55.993298,54.117415,-166.276862,1470.0,90.58,1470.0,90.58
2017-06-03 07:28:56.492496,54.117426,-166.276845,1470.0,90.77,1470.0,90.77
2017-06-03 07:28:56.991699,54.117452,-166.276803,1470.0,90.96,1470.0,90.77
2017-06-03 07:28:57.490898,54.117462,-166.276786,1470.0,90.96,1470.0,90.77
2017-06-03 07:28:57.990101,54.11749,-166.276742,1470.0,92.46,1470.0,90.96
2017-06-03 07:28:58.489302,54.1175,-166.276725,1470.0,91.15,1470.0,90.96
2017-06-03 07:28:58.988503,54.117527,-166.276682,1470.0,90.96,1470.0,90.96
2017-06-03 07:28:59.487703,54.117538,-166.276666,1470.0,90.77,1470.0,91.9
2017-06-03 07:28:59.986904,54.117567,-166.276623,1470.0,90.58,1470.0,91.9
2017-06-03 07:29:00.486105,54.117578,-166.276608,1470.0,90.39,1470.0,91.52
2017-06-03 07:29:00.985306,54.117608,-166.276567,1470.0,90.39,1470.0,90.2
2017-06-03 07:29:01.484507,54.117619,-166.276552,1470.0,90.39,1470.0,90.39
2017-06-03 07:29:01.999306,54.117647,-166.276512,1470.0,90.58,1470.0,90.39
