ping_time,latitude,longitude,38kHz_sound_speed_m_s,38kHz_basic,120kHz_sound_speed_m_s,120kHz_basic
2017-06-03 08:57:10.494598,54.31052,-165.943515,1470.0,297.75,1470.0,297.56
2017-06-03 08:57:11.495802,54.310526,-165.943504,1470.0,298.31,1470.0,298.12
2017-06-03 08:57:11.995003,54.310552,-165.943458,1470.0,298.5,1470.0,298.5
2017-06-03 08:57:12.494202,54.31056,-165.943443,1470.0,299.06,1470.0,298.69
2017-06-03 08:57:12.993404,54.310584,-165.943397,1470.0,299.06,1470.0,298.87
2017-06-03 08:57:13.492603,54.310593,-165.943382,1470.0,299.25,1470.0,299.25
2017-06-03 08:57:13.991806,54.310619,-165.943333,1470.0,299.44,1470.0,299.44
2017-06-03 08:57:14.491005,54.310627,-165.943317,1470.0,3.46,1470.0,3.46
2017-06-03 08:57:14.990208,54.310651,-165.943271,1470.0,3.46,1470.0,3.46
2017-06-03 08:57:15.489407,54.31066,-165.943256,1470.0,3.46,1470.0,3.46
2017-06-03 08:57:15.988609,54.310686,-165.943209,1470.0,3.46,1470.0,3.46
2017-06-03 08:57:16.487810,54.310694,-165.943194,1470.0,3.46,1470.0,3.46
2017-06-03 08:57:16.991810,54.310719,-165.943149,1470.0,3.46,1470.0,3.46
2017-06-03 08:57:17.491013,54.310728,-165.943134,1470.0,3.46,1470.0,3.46
2017-06-03 08:57:17.990211,54.310753,-165.943091,1470.0,3.46,1470.0,3.46
2017-06-03 08:57:18.489414,54.310761,-165.943076,1470.0,3.46,1470.0,265.38
2017-06-03 08:57:18.988613,54.310788,-165.943031,1470.0,3.46,1470.0,3.46
2017-06-03 08:57:19.487816,54.310796,-165.943016,1470.0,3.46,1470.0,3.46
2017-06-03 08:57:19.987015,54.310821,-165.942972,1470.0,3.46,1470.0,3.46
2017-06-03 08:57:20.486217,54.31083,-165.942958,1470.0,3.46,1470.0,3.46
2017-06-03 08:57:20.985418,54.310856,-165.942914,1470.0,3.46,1470.0,3.46
2017-06-03 08:57:21.484619,54.310864,-165.942899,1470.0,3.46,1470.0,3.46
2017-06-03 08:57:21.983820,54.310889,-165.942852,1470.0,3.46,1470.0,3.46
2017-06-03 08:57:22.498621,54.310898,-165.942836,1470.0,3.46,1470.0,3.46
2017-06-03 08:57:22.997822,54.310923,-165.942789,1470.0,3.46,1470.0,3.46
2017-06-03 08:57:23.497023,54.310931,-165.942773,1470.0,3.46,1470.0,3.46
2017-06-03 08:57:23.996223,54.310955,-165.942723,1470.0,3.46,1470.0,3.46
2017-06-03 08:57:24.495424,54.310963,-165.942707,1470.0,3.46,1470.0,3.46
2017-06-03 08:57:24.994625,54.310988,-165.942661,1470.0,3.46,1470.0,3.46
2017-06-03 08:57:25.493826,54.310996,-165.942646,1470.0,3.46,1470.0,3.46
2017-06-03 08:57:25.993027,54.311023,-165.942599,1470.0,3.46,1470.0,3.46
2017-06-03 08:57:26.492228,54.311032,-165.942585,1470.0,3.46,1470.0,3.46
2017-06-03 08:57:26.991428,54.311059,-165.942542,1470.0,3.46,1470.0,3.46
2017-06-03 08:57:27.490629,54.311068,-165.942528,1470.0,3.46,1470.0,3.46
2017-06-03 08:57:27.989830,54.311096,-165.942484,1470.0,3.46,1470.0,3.46
2017-06-03 08:57:28.489031,54.311104,-165.942469,1470.0,3.46,1470.0,3.46
2017-06-03 08:57:28.988232,54.311129,-165.942426,1470.0,3.46,1470.0,3.46
2017-06-03 08:57:29.487432,54.311138,-165.942411,1470.0,3.46,1470.0,266.7
2017-06-03 08:57:29.986633,54.311164,-165.942364,1470.0,3.46,1470.0,3.46
2017-06-03 08:57:30.485834,54.311173,-165.942349,1470.0,3.46,1470.0,3.46
2017-06-03 08:57:30.985037,54.311198,-165.942302,1470.0,3.46,1470.0,3.46
2017-06-03 08:57:31.484236,54.311206,-165.942288,1470.0,3.46,1470.0,3.46
2017-06-03 08:57:31.999039,54.311232,-165.942241,1470.0,3.46,1470.0,3.46
2017-06-03 08:57:32.498238,54.31124,-165.942227,1470.0,3.46,1470.0,3.46
2017-06-03 08:57:32.997440,54.311266,-165.942184,1470.0,3.46,1470.0,268.58
2017-06-03 08:57:33.496639,54.311275,-165.942169,1470.0,3.46,1470.0,3.46
2017-06-03 08:57:33.995840,54.311302,-165.942124,1470.0,3.46,1470.0,3.46
2017-06-03 08:57:34.495041,54.311311,-165.94211,1470.0,3.46,1470.0,3.46
2017-06-03 08:57:34.994242,54.311338,-165.942066,1470.0,3.46,1470.0,3.46
2017-06-03 08:57:35.493443,54.311346,-165.942051,1470.0,3.46,1470.0,3.46
2017-06-03 08:57:35.992643,54.311373,-165.942007,1470.0,3.46,1470.0,3.46
2017-06-03 08:57:36.491846,54.311381,-165.941993,1470.0,3.46,1470.0,3.46
2017-06-03 08:57:36.991045,54.311408,-165.941947,1470.0,3.46,1470.0,3.46
2017-06-03 08:57:37.490248,54.311416,-165.941933,1470.0,3.46,1470.0,3.46
2017-06-03 08:57:37.989447,54.311443,-165.941887,1470.0,3.46,1470.0,3.46
2017-06-03 08:57:38.488649,54.311451,-165.941872,1470.0,3.46,1470.0,3.46
2017-06-03 08:57:38.987848,54.311476,-165.941824,1470.0,3.46,1470.0,3.46
2017-06-03 08:57:39.487051,54.311484,-165.941809,1470.0,3.46,1470.0,3.46
2017-06-03 08:57:39.986250,54.311509,-165.941761,1470.0,3.46,1470.0,3.46
2017-06-03 08:57:40.485453,54.311518,-165.941746,1470.0,3.46,1470.0,3.46
2017-06-03 08:57:40.984652,54.311543,-165.941701,1470.0,3.46,1470.0,3.46
2017-06-03 08:57:41.483854,54.311552,-165.941686,1470.0,3.46,1470.0,3.46
2017-06-03 08:57:41.998655,54.31158,-165.941641,1470.0,3.46,1470.0,3.46
2017-06-03 08:57:42.497856,54.311589,-165.941627,1470.0,3.46,1470.0,3.46
2017-06-03 08:57:42.997057,54.311616,-165.941585,1470.0,3.46,1470.0,3.46
2017-06-03 08:57:43.496258,54.311625,-165.941571,1470.0,3.46,1470.0,3.46
2017-06-03 08:57:43.995459,54.311652,-165.941526,1470.0,3.46,1470.0,3.46
2017-06-03 08:57:44.494659,54.31166,-165.941512,1470.0,3.46,1470.0,3.46
2017-06-03 08:57:44.993860,54.311684,-165.941469,1470.0,3.46,1470.0,3.46
2017-06-03 08:57:45.493061,54.311693,-165.941454,1470.0,3.46,1470.0,3.46
2017-06-03 08:57:45.992262,54.311718,-165.941411,1470.0,3.46,1470.0,228.13
2017-06-03 08:57:46.491463,54.311726,-165.941396,1470.0,3.46,1470.0,3.46
2017-06-03 08:57:46.990664,54.311753,-165.941352,1470.0,3.46,1470.0,3.46
2017-06-03 08:57:47.489864,54.311761,-165.941337,1470.0,3.46,1470.0,3.46
2017-06-03 08:57:47.989065,54.311786,-165.941291,1470.0,3.46,1470.0,3.46
2017-06-03 08:57:48.488266,54.311795,-165.941276,1470.0,3.46,1470.0,4.97
2017-06-03 08:57:48.987467,54.311821,-165.941232,1470.0,3.46,1470.0,3.46
2017-06-03 08:57:49.486668,54.31183,-165.941218,1470.0,3.46,1470.0,3.46
2017-06-03 08:57:49.985868,54.311858,-165.941174,1470.0,3.46,1470.0,3.46
2017-06-03 08:57:50.485069,54.311867,-165.94116,1470.0,3.46,1470.0,3.46
2017-06-03 08:57:50.984270,54.311894,-165.941119,1470.0,3.46,1470.0,3.46
2017-06-03 08:57:51.499071,54.311904,-165.941103,1470.0,3.46,1470.0,3.46
2017-06-03 08:57:51.998274,54.311932,-165.941061,1470.0,3.46,1470.0,3.46
2017-06-03 08:57:52.497473,54.31194,-165.941047,1470.0,3.46,1470.0,3.46
2017-06-03 08:57:52.996675,54.311966,-165.941004,1470.0,3.46,1470.0,3.46
2017-06-03 08:57:53.495874,54.311975,-165.940989,1470.0,3.46,1470.0,3.46
2017-06-03 08:57:53.995077,54.312002,-165.940943,1470.0,3.46,1470.0,3.46
2017-06-03 08:57:54.494276,54.31201,-165.940928,1470.0,3.46,1470.0,3.46
2017-06-03 08:57:54.993477,54.312036,-165.940885,1470.0,3.46,1470.0,3.46
2017-06-03 08:57:55.492678,54.312045,-165.940871,1470.0,3.46,1470.0,3.46
2017-06-03 08:57:55.991879,54.312071,-165.940826,1470.0,3.46,1470.0,204.23
2017-06-03 08:57:56.491081,54.31208,-165.940811,1470.0,3.46,1470.0,3.46
2017-06-03 08:57:56.990280,54.312108,-165.940769,1470.0,3.46,1470.0,3.46
2017-06-03 08:57:57.489483,54.312116,-165.940755,1470.0,3.46,1470.0,3.46
2017-06-03 08:57:57.988682,54.312143,-165.940712,1470.0,3.46,1470.0,3.46
2017-06-03 08:57:58.487885,54.312151,-165.940698,1470.0,3.46,1470.0,3.46
2017-06-03 08:57:58.987083,54.312178,-165.940654,1470.0,3.46,1470.0,3.46
2017-06-03 08:57:59.486286,54.312187,-165.94064,1470.0,3.46,1470.0,291.16
2017-06-03 08:57:59.985485,54.312214,-165.940597,1470.0,3.46,1470.0,3.46
2017-06-03 08:58:00.484688,54.312223,-165.940583,1470.0,3.46,1470.0,3.46
2017-06-03 08:58:00.983887,54.31225,-165.940542,1470.0,3.46,1470.0,3.46
2017-06-03 08:58:01.498690,54.31226,-165.940526,1470.0,3.46,1470.0,3.46
2017-06-03 08:58:01.997890,54.312287,-165.940483,1470.0,3.46,1470.0,3.46
2017-06-03 08:58:02.497091,54.312295,-165.940468,1470.0,3.46,1470.0,3.46
2017-06-03 08:58:02.996292,54.312319,-165.940424,1470.0,3.46,1470.0,3.46
2017-06-03 08:58:03.495493,54.312328,-165.940408,1470.0,3.46,1470.0,3.46
2017-06-03 08:58:03.994694,54.312354,-165.940359,1470.0,3.46,1470.0,3.46
2017-06-03 08:58:04.493895,54.312362,-165.940344,1470.0,3.46,1470.0,3.46
2017-06-03 08:58:04.993095,54.312388,-165.940299,1470.0,3.46,1470.0,3.46
2017-06-03 08:58:05.492296,54.312397,-165.940284,1470.0,3.46,1470.0,3.46
2017-06-03 08:58:05.991497,54.312424,-165.940239,1470.0,3.46,1470.0,3.46
2017-06-03 08:58:06.490698,54.312433,-165.940224,1470.0,3.46,1470.0,3.46
2017-06-03 08:58:06.989899,54.312461,-165.940181,1470.0,3.46,1470.0,3.46
2017-06-03 08:58:07.489100,54.31247,-165.940166,1470.0,3.46,1470.0,3.46
2017-06-03 08:58:07.988300,54.312498,-165.940124,1470.0,3.46,1470.0,3.46
2017-06-03 08:58:08.487501,54.312506,-165.940109,1470.0,3.46,1470.0,3.46
2017-06-03 08:58:08.986702,54.312533,-165.940066,1470.0,3.46,1470.0,3.46
2017-06-03 08:58:09.485903,54.312541,-165.940051,1470.0,3.46,1470.0,3.46
2017-06-03 08:58:09.985104,54.312568,-165.940006,1470.0,3.46,1470.0,3.46
2017-06-03 08:58:10.484304,54.312576,-165.939991,1470.0,3.46,1470.0,3.46
2017-06-03 08:58:10.999105,54.312603,-165.939946,1470.0,3.46,1470.0,3.46
2017-06-03 08:58:11.498306,54.312612,-165.939932,1470.0,3.46,1470.0,3.46
2017-06-03 08:58:11.997509,54.312637,-165.939889,1470.0,3.46,1470.0,3.46
2017-06-03 08:58:12.496708,54.312645,-165.939875,1470.0,3.46,1470.0,3.46
2017-06-03 08:58:12.995911,54.312671,-165.939831,1470.0,3.46,1470.0,3.46
2017-06-03 08:58:13.495110,54.31268,-165.939816,1470.0,3.46,1470.0,3.46
2017-06-03 08:58:13.994312,54.312707,-165.939769,1470.0,3.46,1470.0,3.46
2017-06-03 08:58:14.493511,54.312715,-165.939755,1470.0,3.46,1470.0,3.46
2017-06-03 08:58:14.992714,54.312739,-165.939712,1470.0,3.46,1470.0,3.46
2017-06-03 08:58:15.491913,54.312748,-165.939698,1470.0,3.46,1470.0,3.46
2017-06-03 08:58:15.991114,54.312774,-165.939652,1470.0,3.46,1470.0,3.46
2017-06-03 08:58:16.490314,54.312783,-165.939638,1470.0,3.46,1470.0,3.46
2017-06-03 08:58:16.989515,54.312811,-165.939595,1470.0,3.46,1470.0,3.46
2017-06-03 08:58:17.488718,54.31282,-165.939581,1470.0,3.46,1470.0,3.46
2017-06-03 08:58:17.987917,54.312848,-165.939536,1470.0,3.46,1470.0,3.46
2017-06-03 08:58:18.487120,54.312856,-165.939521,1470.0,3.46,1470.0,3.46
2017-06-03 08:58:18.986319,54.312881,-165.939477,1470.0,3.46,1470.0,3.46
2017-06-03 08:58:19.485521,54.312889,-165.939462,1470.0,3.46,1470.0,3.46
2017-06-03 08:58:19.984720,54.312914,-165.939416,1470.0,3.46,1470.0,3.46
2017-06-03 08:58:20.483923,54.312923,-165.939401,1470.0,3.46,1470.0,3.46
2017-06-03 08:58:20.998722,54.312948,-165.939352,1470.0,3.46,1470.0,3.46
2017-06-03 08:58:21.497925,54.312956,-165.939337,1470.0,3.46,1470.0,3.46
2017-06-03 08:58:21.997126,54.312982,-165.939289,1470.0,3.46,1470.0,3.46
2017-06-03 08:58:22.496326,54.31299,-165.939275,1470.0,3.46,1470.0,3.46
2017-06-03 08:58:22.995527,54.313016,-165.939231,1470.0,3.46,1470.0,3.46
2017-06-03 08:58:23.494728,54.313025,-165.939216,1470.0,3.46,1470.0,3.46
2017-06-03 08:58:23.993929,54.313051,-165.939171,1470.0,3.46,1470.0,3.46
2017-06-03 08:58:24.493130,54.313059,-165.939156,1470.0,3.46,1470.0,3.46
2017-06-03 08:58:24.992331,54.313084,-165.939111,1470.0,3.46,1470.0,3.46
2017-06-03 08:58:25.491531,54.313093,-165.939096,1470.0,3.46,1470.0,3.46
2017-06-03 08:58:25.990732,54.313119,-165.939049,1470.0,3.46,1470.0,3.46
2017-06-03 08:58:26.489933,54.313128,-165.939034,1470.0,3.46,1470.0,3.46
2017-06-03 08:58:26.989134,54.313153,-165.938987,1470.0,3.46,1470.0,3.46
2017-06-03 08:58:27.488335,54.313161,-165.938973,1470.0,3.46,1470.0,3.46
2017-06-03 08:58:27.987535,54.313186,-165.938929,1470.0,3.46,1470.0,3.46
2017-06-03 08:58:28.486736,54.313195,-165.938914,1470.0,3.46,1470.0,3.46
2017-06-03 08:58:28.985937,54.313221,-165.938869,1470.0,3.46,1470.0,3.46
2017-06-03 08:58:29.485138,54.313229,-165.938854,1470.0,3.46,1470.0,3.46
2017-06-03 08:58:29.984339,54.313254,-165.938811,1470.0,3.46,1470.0,3.46
2017-06-03 08:58:30.499140,54.313263,-165.938795,1470.0,3.46,1470.0,3.46
2017-06-03 08:58:30.998341,54.313288,-165.938751,1470.0,3.46,1470.0,3.46
2017-06-03 08:58:31.497541,54.313296,-165.938735,1470.0,3.46,1470.0,3.46
2017-06-03 08:58:31.996742,54.313322,-165.938688,1470.0,3.46,1470.0,3.46
2017-06-03 08:58:32.495943,54.31333,-165.938673,1470.0,3.46,1470.0,3.46
2017-06-03 08:58:32.995146,54.313354,-165.938627,1470.0,3.46,1470.0,3.46
2017-06-03 08:58:33.494345,54.313363,-165.938612,1470.0,3.46,1470.0,3.46
2017-06-03 08:58:33.993547,54.31339,-165.938564,1470.0,3.46,1470.0,3.46
2017-06-03 08:58:34.492746,54.313398,-165.93855,1470.0,3.46,1470.0,3.46
2017-06-03 08:58:34.991949,54.313423,-165.938506,1470.0,3.46,1470.0,3.46
2017-06-03 08:58:35.491148,54.313431,-165.938491,1470.0,3.46,1470.0,3.46
2017-06-03 08:58:35.990351,54.313458,-165.938446,1470.0,3.46,1470.0,3.46
2017-06-03 08:58:36.489550,54.313467,-165.938431,1470.0,3.46,1470.0,3.46
2017-06-03 08:58:36.988750,54.313494,-165.938387,1470.0,3.46,1470.0,3.46
2017-06-03 08:58:37.487951,54.313503,-165.938373,1470.0,3.46,1470.0,3.46
2017-06-03 08:58:37.987152,54.313531,-165.93833,1470.0,3.46,1470.0,3.46
2017-06-03 08:58:38.486355,54.31354,-165.938316,1470.0,3.46,1470.0,3.46
2017-06-03 08:58:38.985554,54.313566,-165.938271,1470.0,3.46,1470.0,3.46
2017-06-03 08:58:39.484756,54.313574,-165.938256,1470.0,3.46,1470.0,3.46
2017-06-03 08:58:39.983955,54.313598,-165.938211,1470.0,3.46,1470.0,3.46
2017-06-03 08:58:40.498758,54.313606,-165.938194,1470.0,3.46,1470.0,3.46
2017-06-03 08:58:40.997957,54.31363,-165.938149,1470.0,3.46,1470.0,3.46
2017-06-03 08:58:41.497160,54.313638,-165.938134,1470.0,3.46,1470.0,3.46
2017-06-03 08:58:41.996359,54.313664,-165.938086,1470.0,3.46,1470.0,3.46
2017-06-03 08:58:42.495562,54.313672,-165.938072,1470.0,3.46,1470.0,3.46
2017-06-03 08:58:42.994762,54.313698,-165.938029,1470.0,3.46,1470.0,3.46
2017-06-03 08:58:43.493963,54.313706,-165.938014,1470.0,3.46,1470.0,3.46
2017-06-03 08:58:43.993164,54.313733,-165.937968,1470.0,3.46,1470.0,3.46
2017-06-03 08:58:44.492365,54.313742,-165.937953,1470.0,3.46,1470.0,3.46
2017-06-03 08:58:44.991566,54.313769,-165.93791,1470.0,3.46,1470.0,3.46
2017-06-03 08:58:45.490767,54.313778,-165.937896,1470.0,3.46,1470.0,3.46
2017-06-03 08:58:45.989967,54.313804,-165.937852,1470.0,3.46,1470.0,3.46
2017-06-03 08:58:46.489168,54.313813,-165.937838,1470.0,3.46,1470.0,3.46
2017-06-03 08:58:46.988369,54.313838,-165.937792,1470.0,3.46,1470.0,3.46
2017-06-03 08:58:47.487570,54.313846,-165.937777,1470.0,3.46,1470.0,3.46
2017-06-03 08:58:47.986771,54.313873,-165.937731,1470.0,3.46,1470.0,3.46
2017-06-03 08:58:48.485971,54.313881,-165.937716,1470.0,3.46,1470.0,3.46
2017-06-03 08:58:48.985172,54.313908,-165.937669,1470.0,3.46,1470.0,3.46
2017-06-03 08:58:49.484373,54.313916,-165.937654,1470.0,3.46,1470.0,3.46
2017-06-03 08:58:49.999174,54.313942,-165.937608,1470.0,3.46,1470.0,3.46
2017-06-03 08:58:50.498375,54.31395,-165.937593,1470.0,3.46,1470.0,3.46
2017-06-03 08:58:50.997576,54.313976,-165.937549,1470.0,3.46,1470.0,3.46
2017-06-03 08:58:51.496777,54.313984,-165.937534,1470.0,3.46,1470.0,3.46
2017-06-03 08:58:51.995977,54.31401,-165.937489,1470.0,3.46,1470.0,3.46
2017-06-03 08:58:52.495178,54.314019,-165.937475,1470.0,3.46,1470.0,3.46
2017-06-03 08:58:52.994381,54.314044,-165.937432,1470.0,3.46,1470.0,3.46
2017-06-03 08:58:53.493580,54.314053,-165.937418,1470.0,3.46,1470.0,3.46
2017-06-03 08:58:53.992783,54.314082,-165.937373,1470.0,3.46,1470.0,3.46
2017-06-03 08:58:54.491982,54.31409,-165.937359,1470.0,3.46,1470.0,3.46
2017-06-03 08:58:54.991184,54.314116,-165.937317,1470.0,3.46,1470.0,3.46
2017-06-03 08:58:55.490383,54.314124,-165.937303,1470.0,3.46,1470.0,3.46
2017-06-03 08:58:55.989586,54.314149,-165.937259,1470.0,3.46,1470.0,3.46
2017-06-03 08:58:56.488785,54.314158,-165.937244,1470.0,3.46,1470.0,3.46
2017-06-03 08:58:56.987988,54.314184,-165.937199,1470.0,3.46,1470.0,3.46
2017-06-03 08:58:57.487186,54.314193,-165.937184,1470.0,3.46,1470.0,3.46
2017-06-03 08:58:57.986387,54.314218,-165.937139,1470.0,3.46,1470.0,3.46
2017-06-03 08:58:58.485590,54.314226,-165.937124,1470.0,3.46,1470.0,3.46
2017-06-03 08:58:58.984789,54.314253,-165.937077,1470.0,3.46,1470.0,3.46
2017-06-03 08:58:59.483992,54.314261,-165.937063,1470.0,3.46,1470.0,3.46
2017-06-03 08:58:59.998791,54.314288,-165.937018,1470.0,3.46,1470.0,3.46
2017-06-03 08:59:00.497993,54.314298,-165.937003,1470.0,3.46,1470.0,3.46
2017-06-03 08:59:00.997192,54.314326,-165.93696,1470.0,3.46,1470.0,3.46
2017-06-03 08:59:01.496395,54.314335,-165.936946,1470.0,3.46,1470.0,3.46
2017-06-03 08:59:01.995594,54.314363,-165.936903,1470.0,3.46,1470.0,3.46
2017-06-03 08:59:02.494797,54.314372,-165.936889,1470.0,3.46,1470.0,3.46
2017-06-03 08:59:02.993996,54.314398,-165.936847,1470.0,3.46,1470.0,3.46
2017-06-03 08:59:03.493198,54.314406,-165.936833,1470.0,3.46,1470.0,268.77
2017-06-03 08:59:03.992399,54.314433,-165.936789,1470.0,3.46,1470.0,3.46
2017-06-03 08:59:04.491600,54.314442,-165.936774,1470.0,3.46,1470.0,3.46
2017-06-03 08:59:04.990801,54.314469,-165.936731,1470.0,3.46,1470.0,3.46
2017-06-03 08:59:05.490002,54.314478,-165.936716,1470.0,3.46,1470.0,3.46
2017-06-03 08:59:05.989202,54.314504,-165.936672,1470.0,3.46,1470.0,3.46
2017-06-03 08:59:06.488403,54.314513,-165.936658,1470.0,3.46,1470.0,3.46
2017-06-03 08:59:06.987604,54.314538,-165.936612,1470.0,3.46,1470.0,3.46
2017-06-03 08:59:07.486805,54.314546,-165.936598,1470.0,3.46,1470.0,11.74
2017-06-03 08:59:07.986006,54.314573,-165.936552,1470.0,3.46,1470.0,3.46
2017-06-03 08:59:08.485207,54.314581,-165.936538,1470.0,3.46,1470.0,3.46
2017-06-03 08:59:08.984407,54.314607,-165.936494,1470.0,3.46,1470.0,3.46
2017-06-03 08:59:09.499208,54.314616,-165.936478,1470.0,3.46,1470.0,3.46
2017-06-03 08:59:09.998409,54.314643,-165.936433,1470.0,3.46,1470.0,3.46
2017-06-03 08:59:10.497610,54.314652,-165.936418,1470.0,3.46,1470.0,3.46
2017-06-03 08:59:10.996811,54.314678,-165.936375,1470.0,3.46,1470.0,3.46
2017-06-03 08:59:11.496012,54.314687,-165.936361,1470.0,3.46,1470.0,3.46
2017-06-03 08:59:11.995213,54.314715,-165.936314,1470.0,3.46,1470.0,223.23
2017-06-03 08:59:12.494413,54.314724,-165.9363,1470.0,3.46,1470.0,3.46
2017-06-03 08:59:12.993616,54.314751,-165.936259,1470.0,3.46,1470.0,229.63
2017-06-03 08:59:13.492815,54.31476,-165.936244,1470.0,3.46,1470.0,3.46
2017-06-03 08:59:13.992018,54.314786,-165.936201,1470.0,3.46,1470.0,3.46
2017-06-03 08:59:14.491217,54.314794,-165.936186,1470.0,3.46,1470.0,3.46
2017-06-03 08:59:14.990419,54.314819,-165.936141,1470.0,3.46,1470.0,3.46
2017-06-03 08:59:15.489618,54.314828,-165.936126,1470.0,3.46,1470.0,3.46
2017-06-03 08:59:15.988821,54.314854,-165.936081,1470.0,3.46,1470.0,3.46
2017-06-03 08:59:16.488020,54.314863,-165.936066,1470.0,3.46,1470.0,3.46
2017-06-03 08:59:16.987223,54.314888,-165.936021,1470.0,3.46,1470.0,3.46
2017-06-03 08:59:17.486422,54.314896,-165.936006,1470.0,3.46,1470.0,3.46
2017-06-03 08:59:17.985624,54.314923,-165.935959,1470.0,3.46,1470.0,3.46
2017-06-03 08:59:18.484825,54.314931,-165.935945,1470.0,3.46,1470.0,3.46
2017-06-03 08:59:18.984026,54.314957,-165.935902,1470.0,3.46,1470.0,3.46
2017-06-03 08:59:19.498827,54.314966,-165.935886,1470.0,3.46,1470.0,3.46
2017-06-03 08:59:19.998026,54.314993,-165.935841,1470.0,3.46,1470.0,3.46
2017-06-03 08:59:20.497229,54.315002,-165.935826,1470.0,3.46,1470.0,3.46
2017-06-03 08:59:20.996428,54.315028,-165.935782,1470.0,3.46,1470.0,3.46
2017-06-03 08:59:21.495630,54.315036,-165.935767,1470.0,3.46,1470.0,3.46
2017-06-03 08:59:21.994829,54.315063,-165.935721,1470.0,3.46,1470.0,3.46
2017-06-03 08:59:22.494032,54.315072,-165.935706,1470.0,3.46,1470.0,3.46
2017-06-03 08:59:22.993231,54.315096,-165.935662,1470.0,3.46,1470.0,3.46
2017-06-03 08:59:23.492434,54.315104,-165.935647,1470.0,3.46,1470.0,3.46
2017-06-03 08:59:23.991634,54.315129,-165.935601,1470.0,3.46,1470.0,3.46
2017-06-03 08:59:24.490835,54.315138,-165.935586,1470.0,3.46,1470.0,3.46
2017-06-03 08:59:24.990036,54.315163,-165.935539,1470.0,3.46,1470.0,3.46
2017-06-03 08:59:25.489237,54.315171,-165.935524,1470.0,3.46,1470.0,3.46
2017-06-03 08:59:25.988438,54.315196,-165.935476,1470.0,3.46,1470.0,3.46
2017-06-03 08:59:26.487638,54.315205,-165.935461,1470.0,3.46,1470.0,3.46
2017-06-03 08:59:26.986839,54.315231,-165.935414,1470.0,3.46,1470.0,285.33
2017-06-03 08:59:27.486040,54.31524,-165.935399,1470.0,3.46,1470.0,3.46
2017-06-03 08:59:27.985241,54.315266,-165.935352,1470.0,3.46,1470.0,3.46
2017-06-03 08:59:28.484442,54.315274,-165.935338,1470.0,3.46,1470.0,183.91
2017-06-03 08:59:28.999243,54.315301,-165.935292,1470.0,3.46,1470.0,3.46
2017-06-03 08:59:29.498444,54.31531,-165.935277,1470.0,3.46,1470.0,3.46
2017-06-03 08:59:29.997644,54.315337,-165.935231,1470.0,3.46,1470.0,3.46
2017-06-03 08:59:30.496845,54.315345,-165.935217,1470.0,3.46,1470.0,3.46
2017-06-03 08:59:30.996046,54.315371,-165.935175,1470.0,3.46,1470.0,3.46
2017-06-03 08:59:31.495247,54.315379,-165.935161,1470.0,3.46,1470.0,3.46
2017-06-03 08:59:31.994448,54.315405,-165.935116,1470.0,3.46,1470.0,3.46
2017-06-03 08:59:32.493649,54.315414,-165.935102,1470.0,3.46,1470.0,3.46
2017-06-03 08:59:32.992849,54.315439,-165.935059,1470.0,3.46,1470.0,3.46
2017-06-03 08:59:33.492050,54.315448,-165.935044,1470.0,3.46,1470.0,3.46
2017-06-03 08:59:33.991253,54.315473,-165.934997,1470.0,3.46,1470.0,3.46
2017-06-03 08:59:34.490452,54.315481,-165.934982,1470.0,3.46,1470.0,213.64
2017-06-03 08:59:34.989655,54.315505,-165.934936,1470.0,3.46,1470.0,3.46
2017-06-03 08:59:35.488853,54.315513,-165.93492,1470.0,3.46,1470.0,246.75
2017-06-03 08:59:35.988056,54.315538,-165.934873,1470.0,3.46,1470.0,3.46
2017-06-03 08:59:36.487255,54.315547,-165.934858,1470.0,3.46,1470.0,3.46
2017-06-03 08:59:36.986458,54.315574,-165.934814,1470.0,3.46,1470.0,3.46
2017-06-03 08:59:37.485657,54.315583,-165.934799,1470.0,3.46,1470.0,3.46
2017-06-03 08:59:37.984859,54.315611,-165.934756,1470.0,3.46,1470.0,3.46
2017-06-03 08:59:38.484060,54.31562,-165.934741,1470.0,3.46,1470.0,3.46
2017-06-03 08:59:38.998859,54.315649,-165.934697,1470.0,3.46,1470.0,3.46
2017-06-03 08:59:39.498062,54.315658,-165.934683,1470.0,3.46,1470.0,3.46
2017-06-03 08:59:39.997261,54.315687,-165.934638,1470.0,3.46,1470.0,3.46
2017-06-03 08:59:40.496464,54.315695,-165.934623,1470.0,3.46,1470.0,3.46
2017-06-03 08:59:40.995663,54.315721,-165.93458,1470.0,3.46,1470.0,3.46
2017-06-03 08:59:41.494865,54.31573,-165.934566,1470.0,3.46,1470.0,3.46
2017-06-03 08:59:41.994064,54.315756,-165.934521,1470.0,3.46,1470.0,3.46
2017-06-03 08:59:42.493267,54.315764,-165.934506,1470.0,3.46,1470.0,3.46
2017-06-03 08:59:42.992466,54.315789,-165.934461,1470.0,3.46,1470.0,3.46
2017-06-03 08:59:43.491669,54.315797,-165.934446,1470.0,3.46,1470.0,3.46
2017-06-03 08:59:43.990870,54.315821,-165.934401,1470.0,3.46,1470.0,3.46
2017-06-03 08:59:44.490070,54.315829,-165.934386,1470.0,3.46,1470.0,3.46
2017-06-03 08:59:44.989271,54.315854,-165.934342,1470.0,3.46,1470.0,3.46
2017-06-03 08:59:45.488472,54.315863,-165.934328,1470.0,3.46,1470.0,3.46
2017-06-03 08:59:45.987673,54.315889,-165.934284,1470.0,3.46,1470.0,3.46
2017-06-03 08:59:46.486874,54.315898,-165.934269,1470.0,3.46,1470.0,3.46
2017-06-03 08:59:46.986074,54.315924,-165.934224,1470.0,3.46,1470.0,3.46
2017-06-03 08:59:47.485275,54.315933,-165.934209,1470.0,3.46,1470.0,3.46
2017-06-03 08:59:47.984476,54.315958,-165.934164,1470.0,3.46,1470.0,189.93
2017-06-03 08:59:48.499277,54.315967,-165.934148,1470.0,3.46,1470.0,3.46
2017-06-03 08:59:48.998478,54.315995,-165.934104,1470.0,3.46,1470.0,253.34
2017-06-03 08:59:49.497679,54.316004,-165.93409,1470.0,3.46,1470.0,3.46
2017-06-03 08:59:49.996880,54.316032,-165.934046,1470.0,3.46,1470.0,3.46
2017-06-03 08:59:50.496080,54.316041,-165.934031,1470.0,3.46,1470.0,3.46
2017-06-03 08:59:50.995281,54.316068,-165.933987,1470.0,3.46,1470.0,3.46
2017-06-03 08:59:51.494482,54.316076,-165.933972,1470.0,3.46,1470.0,3.46
2017-06-03 08:59:51.993683,54.316103,-165.933924,1470.0,3.46,1470.0,3.46
2017-06-03 08:59:52.492884,54.316112,-165.933909,1470.0,3.46,1470.0,3.46
2017-06-03 08:59:52.992085,54.316136,-165.933864,1470.0,3.46,1470.0,230.01
2017-06-03 08:59:53.491285,54.316145,-165.933849,1470.0,3.46,1470.0,3.46
2017-06-03 08:59:53.990486,54.316173,-165.933806,1470.0,3.46,1470.0,3.46
2017-06-03 08:59:54.489687,54.316181,-165.933791,1470.0,3.46,1470.0,3.46
2017-06-03 08:59:54.988890,54.316208,-165.933749,1470.0,3.46,1470.0,3.46
2017-06-03 08:59:55.488089,54.316216,-165.933735,1470.0,3.46,1470.0,3.46
2017-06-03 08:59:55.987291,54.316243,-165.933692,1470.0,3.46,1470.0,3.46
2017-06-03 08:59:56.486490,54.316251,-165.933678,1470.0,3.46,1470.0,3.46
2017-06-03 08:59:56.985693,54.316276,-165.933632,1470.0,3.46,1470.0,3.46
2017-06-03 08:59:57.484892,54.316284,-165.933617,1470.0,3.46,1470.0,3.46
2017-06-03 08:59:57.984095,54.316309,-165.933571,1470.0,3.46,1470.0,3.46
2017-06-03 08:59:58.498894,54.316318,-165.933555,1470.0,3.46,1470.0,3.46
2017-06-03 08:59:58.998095,54.316343,-165.933512,1470.0,3.46,1470.0,3.46
2017-06-03 08:59:59.497297,54.316351,-165.933498,1470.0,3.46,1470.0,3.46
2017-06-03 08:59:59.996496,54.316378,-165.933453,1470.0,3.46,1470.0,3.46
2017-06-03 09:00:00.495699,54.316387,-165.933438,1470.0,3.46,1470.0,3.46
2017-06-03 09:00:00.994898,54.316414,-165.933394,1470.0,3.46,1470.0,3.46
2017-06-03 09:00:01.494101,54.316423,-165.933379,1470.0,3.46,1470.0,3.46
2017-06-03 09:00:01.993299,54.31645,-165.933334,1470.0,3.46,1470.0,3.46
2017-06-03 09:00:02.492502,54.316459,-165.93332,1470.0,3.46,1470.0,3.46
2017-06-03 09:00:02.991701,54.316484,-165.933276,1470.0,3.46,1470.0,3.46
2017-06-03 09:00:03.490904,54.316493,-165.933261,1470.0,3.46,1470.0,3.46
2017-06-03 09:00:03.990105,54.316519,-165.933216,1470.0,3.46,1470.0,3.46
2017-06-03 09:00:04.489305,54.316528,-165.933201,1470.0,3.46,1470.0,3.46
2017-06-03 09:00:04.988506,54.316554,-165.933156,1470.0,3.46,1470.0,3.46
2017-06-03 09:00:05.487707,54.316563,-165.933141,1470.0,3.46,1470.0,3.46
2017-06-03 09:00:05.986908,54.316589,-165.933096,1470.0,3.46,1470.0,3.46
2017-06-03 09:00:06.486109,54.316598,-165.933081,1470.0,3.46,1470.0,3.46
2017-06-03 09:00:06.985310,54.316623,-165.933039,1470.0,3.46,1470.0,3.46
2017-06-03 09:00:07.484510,54.316631,-165.933024,1470.0,3.46,1470.0,3.46
2017-06-03 09:00:07.999311,54.316658,-165.932979,1470.0,3.46,1470.0,3.46
2017-06-03 09:00:08.498512,54.316667,-165.932965,1470.0,3.46,1470.0,3.46
2017-06-03 09:00:08.997713,54.316693,-165.932922,1470.0,3.46,1470.0,3.46
2017-06-03 09:00:09.496914,54.316701,-165.932907,1470.0,3.46,1470.0,3.46
2017-06-03 09:00:09.996115,54.316727,-165.932861,1470.0,3.46,1470.0,3.46
2017-06-03 09:00:10.495316,54.316735,-165.932846,1470.0,3.46,1470.0,3.46
2017-06-03 09:00:10.994516,54.316759,-165.932801,1470.0,3.46,1470.0,3.46
2017-06-03 09:00:11.493717,54.316768,-165.932786,1470.0,3.46,1470.0,282.69
2017-06-03 09:00:11.992918,54.316793,-165.932741,1470.0,3.46,1470.0,3.46
2017-06-03 09:00:12.492119,54.316802,-165.932726,1470.0,3.46,1470.0,3.46
2017-06-03 09:00:12.991320,54.316829,-165.932681,1470.0,3.46,1470.0,3.46
2017-06-03 09:00:13.490520,54.316838,-165.932666,1470.0,3.46,1470.0,3.46
2017-06-03 09:00:13.989721,54.316864,-165.932622,1470.0,3.46,1470.0,3.46
2017-06-03 09:00:14.488922,54.316873,-165.932608,1470.0,3.46,1470.0,3.46
2017-06-03 09:00:14.988125,54.316899,-165.932562,1470.0,3.46,1470.0,3.46
2017-06-03 09:00:15.487324,54.316908,-165.932548,1470.0,3.46,1470.0,3.46
2017-06-03 09:00:15.986526,54.316936,-165.932504,1470.0,3.46,1470.0,3.46
2017-06-03 09:00:16.485725,54.316945,-165.93249,1470.0,3.46,1470.0,3.46
2017-06-03 09:00:16.984928,54.316971,-165.932447,1470.0,3.46,1470.0,3.46
2017-06-03 09:00:17.484127,54.31698,-165.932433,1470.0,3.46,1470.0,3.46
2017-06-03 09:00:17.998928,54.317007,-165.932388,1470.0,3.46,1470.0,3.46
2017-06-03 09:00:18.498129,54.317015,-165.932373,1470.0,3.46,1470.0,3.46
2017-06-03 09:00:18.997330,54.317041,-165.932329,1470.0,3.46,1470.0,3.46
2017-06-03 09:00:19.496531,54.31705,-165.932314,1470.0,3.46,1470.0,3.46
2017-06-03 09:00:19.995731,54.317077,-165.932268,1470.0,3.46,1470.0,3.46
2017-06-03 09:00:20.494934,54.317085,-165.932253,1470.0,3.46,1470.0,3.46
2017-06-03 09:00:20.994133,54.317111,-165.93221,1470.0,3.46,1470.0,3.46
2017-06-03 09:00:21.493336,54.31712,-165.932196,1470.0,3.46,1470.0,3.46
2017-06-03 09:00:21.992535,54.317146,-165.932151,1470.0,3.46,1470.0,3.46
2017-06-03 09:00:22.491737,54.317154,-165.932136,1470.0,3.46,1470.0,3.46
2017-06-03 09:00:22.990936,54.317179,-165.932089,1470.0,3.46,1470.0,3.46
2017-06-03 09:00:23.490139,54.317188,-165.932075,1470.0,3.46,1470.0,3.46
2017-06-03 09:00:23.989338,54.317216,-165.932032,1470.0,3.46,1470.0,3.46
2017-06-03 09:00:24.488541,54.317225,-165.932018,1470.0,3.46,1470.0,3.46
2017-06-03 09:00:24.987740,54.317253,-165.931975,1470.0,3.46,1470.0,3.46
2017-06-03 09:00:25.486942,54.317262,-165.931962,1470.0,3.46,1470.0,3.46
2017-06-03 09:00:25.986143,54.317289,-165.93192,1470.0,3.46,1470.0,3.46
2017-06-03 09:00:26.485344,54.317298,-165.931906,1470.0,3.46,1470.0,3.46
2017-06-03 09:00:26.984545,54.317324,-165.931862,1470.0,3.46,1470.0,3.46
2017-06-03 09:00:27.499346,54.317333,-165.931846,1470.0,3.46,1470.0,3.46
2017-06-03 09:00:27.998547,54.317359,-165.931801,1470.0,3.46,1470.0,3.46
2017-06-03 09:00:28.497747,54.317367,-165.931786,1470.0,3.46,1470.0,3.46
2017-06-03 09:00:28.996948,54.317391,-165.931741,1470.0,3.46,1470.0,3.46
2017-06-03 09:00:29.496149,54.3174,-165.931726,1470.0,3.46,1470.0,290.03
2017-06-03 09:00:29.995350,54.317426,-165.931681,1470.0,3.46,1470.0,3.46
2017-06-03 09:00:30.494551,54.317435,-165.931666,1470.0,3.46,1470.0,3.46
2017-06-03 09:00:30.993752,54.317463,-165.931624,1470.0,3.46,1470.0,3.46
2017-06-03 09:00:31.492952,54.317472,-165.93161,1470.0,3.46,1470.0,3.46
2017-06-03 09:00:31.992153,54.317499,-165.931567,1470.0,3.46,1470.0,271.03
2017-06-03 09:00:32.491354,54.317508,-165.931553,1470.0,3.46,1470.0,3.46
2017-06-03 09:00:32.990555,54.317534,-165.931512,1470.0,3.46,1470.0,3.46
2017-06-03 09:00:33.489756,54.317543,-165.931498,1470.0,3.46,1470.0,3.46
2017-06-03 09:00:33.988956,54.317571,-165.931455,1470.0,3.46,1470.0,3.46
2017-06-03 09:00:34.488157,54.31758,-165.931441,1470.0,3.46,1470.0,3.46
2017-06-03 09:00:34.987360,54.317608,-165.931399,1470.0,3.46,1470.0,275.73
2017-06-03 09:00:35.486559,54.317616,-165.931384,1470.0,3.46,1470.0,3.46
2017-06-03 09:00:35.985762,54.317641,-165.931339,1470.0,3.46,1470.0,3.46
2017-06-03 09:00:36.484961,54.317649,-165.931324,1470.0,3.46,1470.0,3.46
2017-06-03 09:00:36.984163,54.317672,-165.931279,1470.0,3.46,1470.0,3.46
2017-06-03 09:00:37.498962,54.317681,-165.931262,1470.0,3.46,1470.0,3.46
2017-06-03 09:00:37.998165,54.317707,-165.931214,1470.0,3.46,1470.0,3.46
2017-06-03 09:00:38.497364,54.317715,-165.9312,1470.0,3.46,1470.0,3.46
2017-06-03 09:00:38.996565,54.317741,-165.931156,1470.0,3.46,1470.0,220.98
2017-06-03 09:00:39.495766,54.31775,-165.931141,1470.0,3.46,1470.0,3.46
2017-06-03 09:00:39.994967,54.317778,-165.931097,1470.0,3.46,1470.0,3.46
2017-06-03 09:00:40.494169,54.317787,-165.931083,1470.0,3.46,1470.0,3.46
2017-06-03 09:00:40.993368,54.317814,-165.931039,1470.0,3.46,1470.0,3.46
2017-06-03 09:00:41.492571,54.317823,-165.931025,1470.0,3.46,1470.0,3.46
2017-06-03 09:00:41.991770,54.317849,-165.930984,1470.0,3.46,1470.0,3.46
2017-06-03 09:00:42.490973,54.317858,-165.930969,1470.0,3.46,1470.0,3.46
2017-06-03 09:00:42.990171,54.317886,-165.930926,1470.0,3.46,1470.0,3.46
2017-06-03 09:00:43.489374,54.317894,-165.930911,1470.0,3.46,1470.0,3.46
2017-06-03 09:00:43.988573,54.317919,-165.930867,1470.0,3.46,1470.0,3.46
2017-06-03 09:00:44.487776,54.317928,-165.930853,1470.0,3.46,1470.0,3.46
2017-06-03 09:00:44.986975,54.317953,-165.930807,1470.0,3.46,1470.0,3.46
2017-06-03 09:00:45.486177,54.317961,-165.930792,1470.0,3.46,1470.0,3.46
2017-06-03 09:00:45.985378,54.317985,-165.930746,1470.0,3.46,1470.0,3.46
2017-06-03 09:00:46.484579,54.317993,-165.930731,1470.0,3.46,1470.0,3.46
2017-06-03 09:00:46.983780,54.318017,-165.930685,1470.0,3.46,1470.0,3.46
2017-06-03 09:00:47.498581,54.318026,-165.930669,1470.0,3.46,1470.0,3.46
2017-06-03 09:00:47.997782,54.318052,-165.930621,1470.0,3.46,1470.0,3.46
2017-06-03 09:00:48.496983,54.31806,-165.930606,1470.0,3.46,1470.0,3.46
2017-06-03 09:00:48.996183,54.318086,-165.930562,1470.0,3.46,1470.0,3.46
2017-06-03 09:00:49.495384,54.318095,-165.930548,1470.0,3.46,1470.0,3.46
2017-06-03 09:00:49.994585,54.318122,-165.930503,1470.0,3.46,1470.0,3.46
2017-06-03 09:00:50.493786,54.318131,-165.930489,1470.0,3.46,1470.0,3.46
2017-06-03 09:00:50.992987,54.318159,-165.930447,1470.0,3.46,1470.0,3.46
2017-06-03 09:00:51.492188,54.318168,-165.930433,1470.0,3.46,1470.0,3.46
2017-06-03 09:00:51.991388,54.318194,-165.930389,1470.0,3.46,1470.0,3.46
2017-06-03 09:00:52.490589,54.318203,-165.930374,1470.0,3.46,1470.0,3.46
2017-06-03 09:00:52.989790,54.318228,-165.930329,1470.0,3.46,1470.0,3.46
2017-06-03 09:00:53.488991,54.318236,-165.930314,1470.0,3.46,1470.0,3.46
2017-06-03 09:00:53.988192,54.318261,-165.930267,1470.0,3.46,1470.0,3.46
2017-06-03 09:00:54.487392,54.31827,-165.930253,1470.0,3.46,1470.0,3.46
2017-06-03 09:00:54.986593,54.318296,-165.930209,1470.0,3.46,1470.0,3.46
2017-06-03 09:00:55.485794,54.318304,-165.930194,1470.0,3.46,1470.0,3.46
2017-06-03 09:00:55.984997,54.318328,-165.930149,1470.0,3.46,1470.0,3.46
2017-06-03 09:00:56.484196,54.318336,-165.930134,1470.0,3.46,1470.0,3.46
2017-06-03 09:00:56.998999,54.318361,-165.930089,1470.0,3.46,1470.0,3.46
2017-06-03 09:00:57.498198,54.318369,-165.930074,1470.0,3.46,1470.0,3.46
2017-06-03 09:00:57.997400,54.318395,-165.930028,1470.0,3.46,1470.0,3.46
2017-06-03 09:00:58.496599,54.318404,-165.930013,1470.0,3.46,1470.0,3.46
2017-06-03 09:00:58.995802,54.318429,-165.929969,1470.0,3.46,1470.0,3.46
2017-06-03 09:00:59.495001,54.318438,-165.929954,1470.0,3.46,1470.0,3.46
2017-06-03 09:00:59.994202,54.318465,-165.929909,1470.0,3.46,1470.0,3.46
2017-06-03 09:01:00.493404,54.318474,-165.929895,1470.0,3.46,1470.0,3.46
2017-06-03 09:01:00.992603,54.318499,-165.929852,1470.0,3.46,1470.0,3.46
2017-06-03 09:01:01.491806,54.318508,-165.929838,1470.0,3.46,1470.0,3.46
2017-06-03 09:01:01.991005,54.318536,-165.929795,1470.0,3.46,1470.0,3.46
2017-06-03 09:01:02.490208,54.318545,-165.929781,1470.0,3.46,1470.0,3.46
2017-06-03 09:01:02.989407,54.318573,-165.929739,1470.0,3.46,1470.0,3.46
2017-06-03 09:01:03.488609,54.318581,-165.929724,1470.0,3.46,1470.0,3.46
2017-06-03 09:01:03.987808,54.318606,-165.929679,1470.0,3.46,1470.0,3.46
2017-06-03 09:01:04.487011,54.318614,-165.929664,1470.0,3.46,1470.0,3.46
2017-06-03 09:01:04.986210,54.318639,-165.929621,1470.0,3.46,1470.0,3.46
2017-06-03 09:01:05.485413,54.318648,-165.929606,1470.0,3.46,1470.0,3.46
2017-06-03 09:01:05.984613,54.318674,-165.929562,1470.0,3.46,1470.0,3.46
2017-06-03 09:01:06.483814,54.318683,-165.929548,1470.0,3.46,1470.0,3.46
2017-06-03 09:01:06.998615,54.318708,-165.929504,1470.0,3.46,1470.0,3.46
2017-06-03 09:01:07.497816,54.318717,-165.92949,1470.0,3.46,1470.0,3.46
2017-06-03 09:01:07.997017,54.318745,-165.929446,1470.0,3.46,1470.0,3.46
2017-06-03 09:01:08.496218,54.318754,-165.929432,1470.0,3.46,1470.0,3.46
2017-06-03 09:01:08.995419,54.318779,-165.929389,1470.0,3.46,1470.0,3.46
2017-06-03 09:01:09.494619,54.318788,-165.929375,1470.0,3.46,1470.0,3.46
2017-06-03 09:01:09.993820,54.318814,-165.929332,1470.0,3.46,1470.0,3.46
2017-06-03 09:01:10.493021,54.318823,-165.929318,1470.0,3.46,1470.0,3.46
2017-06-03 09:01:10.992222,54.318849,-165.929274,1470.0,3.46,1470.0,3.46
2017-06-03 09:01:11.491423,54.318858,-165.929259,1470.0,3.46,1470.0,3.46
2017-06-03 09:01:11.990623,54.318884,-165.929214,1470.0,3.46,1470.0,3.46
2017-06-03 09:01:12.489824,54.318893,-165.929199,1470.0,3.46,1470.0,3.46
2017-06-03 09:01:12.989025,54.318919,-165.929154,1470.0,3.46,1470.0,3.46
2017-06-03 09:01:13.488226,54.318928,-165.929139,1470.0,3.46,1470.0,3.46
2017-06-03 09:01:13.987427,54.318956,-165.929096,1470.0,3.46,1470.0,3.46
2017-06-03 09:01:14.486628,54.318964,-165.929081,1470.0,3.46,1470.0,3.46
2017-06-03 09:01:14.985828,54.31899,-165.929037,1470.0,3.46,1470.0,3.46
2017-06-03 09:01:15.485029,54.318999,-165.929022,1470.0,3.46,1470.0,3.46
2017-06-03 09:01:15.984230,54.319024,-165.928976,1470.0,3.46,1470.0,3.46
2017-06-03 09:01:16.499031,54.319033,-165.928959,1470.0,3.46,1470.0,3.46
2017-06-03 09:01:16.998234,54.319058,-165.928914,1470.0,3.46,1470.0,3.46
2017-06-03 09:01:17.497433,54.319066,-165.928899,1470.0,3.46,1470.0,3.46
2017-06-03 09:01:17.996635,54.319092,-165.928853,1470.0,3.46,1470.0,3.46
2017-06-03 09:01:18.495834,54.3191,-165.928838,1470.0,3.46,1470.0,3.46
2017-06-03 09:01:18.995037,54.319126,-165.928795,1470.0,3.46,1470.0,3.46
2017-06-03 09:01:19.494236,54.319135,-165.928781,1470.0,3.46,1470.0,3.46
2017-06-03 09:01:19.993439,54.319161,-165.928739,1470.0,3.46,1470.0,3.46
2017-06-03 09:01:20.492638,54.31917,-165.928724,1470.0,3.46,1470.0,3.46
2017-06-03 09:01:20.991838,54.319196,-165.928681,1470.0,3.46,1470.0,3.46
2017-06-03 09:01:21.491041,54.319205,-165.928666,1470.0,3.46,1470.0,3.46
2017-06-03 09:01:21.990240,54.319231,-165.928624,1470.0,3.46,1470.0,3.46
2017-06-03 09:01:22.489443,54.31924,-165.928609,1470.0,3.46,1470.0,3.46
2017-06-03 09:01:22.988642,54.319266,-165.928564,1470.0,3.46,1470.0,3.46
2017-06-03 09:01:23.487844,54.319275,-165.928549,1470.0,3.46,1470.0,3.46
2017-06-03 09:01:23.987043,54.319301,-165.928502,1470.0,3.46,1470.0,3.46
2017-06-03 09:01:24.486246,54.319309,-165.928487,1470.0,3.46,1470.0,3.46
2017-06-03 09:01:24.985445,54.319334,-165.928442,1470.0,3.46,1470.0,3.46
2017-06-03 09:01:25.484648,54.319342,-165.928427,1470.0,3.46,1470.0,3.46
2017-06-03 09:01:25.983849,54.319369,-165.928381,1470.0,3.46,1470.0,3.46
2017-06-03 09:01:26.498650,54.319379,-165.928365,1470.0,3.46,1470.0,3.46
2017-06-03 09:01:26.997850,54.319404,-165.928321,1470.0,3.46,1470.0,3.46
2017-06-03 09:01:27.497051,54.319413,-165.928306,1470.0,3.46,1470.0,3.46
2017-06-03 09:01:27.996252,54.319442,-165.928261,1470.0,3.46,1470.0,3.46
2017-06-03 09:01:28.495453,54.31945,-165.928247,1470.0,3.46,1470.0,3.46
2017-06-03 09:01:28.994654,54.319476,-165.928204,1470.0,3.46,1470.0,3.46
2017-06-03 09:01:29.493855,54.319484,-165.928189,1470.0,3.46,1470.0,3.46
2017-06-03 09:01:29.993055,54.319509,-165.928144,1470.0,3.46,1470.0,3.46
2017-06-03 09:01:30.492256,54.319518,-165.928129,1470.0,3.46,1470.0,3.46
2017-06-03 09:01:30.991457,54.319544,-165.928086,1470.0,3.46,1470.0,3.46
2017-06-03 09:01:31.490658,54.319553,-165.928071,1470.0,3.46,1470.0,3.46
2017-06-03 09:01:31.989859,54.319578,-165.928027,1470.0,3.46,1470.0,3.46
2017-06-03 09:01:32.489059,54.319586,-165.928013,1470.0,3.46,1470.0,3.46
2017-06-03 09:01:32.988260,54.319611,-165.92797,1470.0,3.46,1470.0,232.64
2017-06-03 09:01:33.487461,54.31962,-165.927956,1470.0,3.46,1470.0,3.46
2017-06-03 09:01:33.986662,54.319648,-165.927914,1470.0,3.46,1470.0,3.46
2017-06-03 09:01:34.485863,54.319656,-165.9279,1470.0,3.46,1470.0,3.46
2017-06-03 09:01:34.985064,54.319682,-165.927857,1470.0,3.46,1470.0,3.46
2017-06-03 09:01:35.484264,54.31969,-165.927842,1470.0,3.46,1470.0,3.46
2017-06-03 09:01:35.999065,54.319717,-165.927796,1470.0,3.46,1470.0,3.46
2017-06-03 09:01:36.498266,54.319725,-165.927782,1470.0,3.46,1470.0,3.46
2017-06-03 09:01:36.997469,54.319751,-165.927739,1470.0,3.46,1470.0,3.46
2017-06-03 09:01:37.496668,54.31976,-165.927724,1470.0,3.46,1470.0,3.46
2017-06-03 09:01:37.995871,54.319788,-165.927678,1470.0,3.46,1470.0,3.46
2017-06-03 09:01:38.495070,54.319797,-165.927663,1470.0,3.46,1470.0,3.46
2017-06-03 09:01:38.994272,54.319824,-165.92762,1470.0,3.46,1470.0,3.46
2017-06-03 09:01:39.493471,54.319833,-165.927606,1470.0,3.46,1470.0,3.46
2017-06-03 09:01:39.992674,54.319861,-165.927562,1470.0,3.46,1470.0,3.46
2017-06-03 09:01:40.491873,54.31987,-165.927548,1470.0,3.46,1470.0,3.46
2017-06-03 09:01:40.991076,54.319898,-165.927504,1470.0,3.46,1470.0,3.46
2017-06-03 09:01:41.490274,54.319906,-165.927489,1470.0,3.46,1470.0,3.46
2017-06-03 09:01:41.989477,54.319933,-165.927446,1470.0,3.46,1470.0,3.46
2017-06-03 09:01:42.488678,54.319941,-165.927431,1470.0,3.46,1470.0,3.46
2017-06-03 09:01:42.987877,54.319968,-165.927387,1470.0,3.46,1470.0,3.46
2017-06-03 09:01:43.487080,54.319976,-165.927373,1470.0,3.46,1470.0,3.46
2017-06-03 09:01:43.986279,54.320001,-165.927329,1470.0,3.46,1470.0,3.46
2017-06-03 09:01:44.485481,54.320009,-165.927315,1470.0,3.46,1470.0,3.46
2017-06-03 09:01:44.984680,54.320034,-165.927272,1470.0,3.46,1470.0,3.46
2017-06-03 09:01:45.483883,54.320042,-165.927258,1470.0,3.46,1470.0,3.46
2017-06-03 09:01:45.998682,54.320069,-165.927213,1470.0,3.46,1470.0,3.46
2017-06-03 09:01:46.497885,54.320077,-165.927198,1470.0,3.46,1470.0,3.46
2017-06-03 09:01:46.997086,54.320103,-165.927155,1470.0,3.46,1470.0,285.33
2017-06-03 09:01:47.496286,54.320111,-165.927141,1470.0,3.46,1470.0,3.46
2017-06-03 09:01:47.995487,54.320138,-165.927094,1470.0,3.46,1470.0,3.46
2017-06-03 09:01:48.494688,54.320147,-165.92708,1470.0,3.46,1470.0,3.46
2017-06-03 09:01:48.993889,54.320171,-165.927036,1470.0,3.46,1470.0,3.46
2017-06-03 09:01:49.493090,54.32018,-165.927021,1470.0,3.46,1470.0,3.46
2017-06-03 09:01:49.992290,54.320208,-165.926976,1470.0,3.46,1470.0,3.46
2017-06-03 09:01:50.491491,54.320216,-165.926961,1470.0,3.46,1470.0,3.46
2017-06-03 09:01:50.990692,54.320243,-165.926917,1470.0,3.46,1470.0,3.46
2017-06-03 09:01:51.489893,54.320252,-165.926903,1470.0,3.46,1470.0,3.46
2017-06-03 09:01:51.989094,54.320279,-165.926859,1470.0,3.46,1470.0,3.46
2017-06-03 09:01:52.488295,54.320288,-165.926844,1470.0,3.46,1470.0,3.46
2017-06-03 09:01:52.987495,54.320313,-165.926801,1470.0,3.46,1470.0,3.46
2017-06-03 09:01:53.486696,54.320321,-165.926786,1470.0,3.46,1470.0,3.46
2017-06-03 09:01:53.985897,54.320348,-165.926741,1470.0,3.46,1470.0,3.46
2017-06-03 09:01:54.485098,54.320356,-165.926726,1470.0,3.46,1470.0,3.46
2017-06-03 09:01:54.984299,54.320381,-165.926682,1470.0,3.46,1470.0,5.53
2017-06-03 09:01:55.499100,54.32039,-165.926666,1470.0,3.46,1470.0,3.46
2017-06-03 09:01:55.998301,54.320415,-165.926623,1470.0,3.46,1470.0,3.46
2017-06-03 09:01:56.497501,54.320423,-165.926608,1470.0,3.46,1470.0,3.46
2017-06-03 09:01:56.996704,54.320448,-165.926565,1470.0,3.46,1470.0,3.46
2017-06-03 09:01:57.495903,54.320456,-165.926551,1470.0,3.46,1470.0,3.46
2017-06-03 09:01:57.995106,54.320483,-165.926504,1470.0,3.46,1470.0,3.46
2017-06-03 09:01:58.494305,54.320492,-165.92649,1470.0,3.46,1470.0,189.18
2017-06-03 09:01:58.993507,54.320518,-165.926449,1470.0,3.46,1470.0,3.46
2017-06-03 09:01:59.492706,54.320526,-165.926434,1470.0,3.46,1470.0,3.46
2017-06-03 09:01:59.991909,54.320553,-165.926391,1470.0,3.46,1470.0,3.46
2017-06-03 09:02:00.491108,54.320561,-165.926376,1470.0,3.46,1470.0,3.46
2017-06-03 09:02:00.990311,54.320588,-165.926331,1470.0,3.46,1470.0,3.46
2017-06-03 09:02:01.489510,54.320596,-165.926316,1470.0,3.46,1470.0,3.46
2017-06-03 09:02:01.988712,54.320623,-165.926271,1470.0,3.46,1470.0,3.46
2017-06-03 09:02:02.487913,54.320631,-165.926256,1470.0,3.46,1470.0,3.46
2017-06-03 09:02:02.987114,54.320656,-165.926212,1470.0,3.46,1470.0,3.46
2017-06-03 09:02:03.486315,54.320665,-165.926198,1470.0,3.46,1470.0,3.46
2017-06-03 09:02:03.985514,54.320691,-165.926154,1470.0,3.46,1470.0,3.46
2017-06-03 09:02:04.484716,54.320699,-165.92614,1470.0,3.46,1470.0,3.46
2017-06-03 09:02:04.983915,54.320725,-165.926097,1470.0,3.46,1470.0,3.46
2017-06-03 09:02:05.498718,54.320734,-165.926081,1470.0,3.46,1470.0,3.46
2017-06-03 09:02:05.997917,54.32076,-165.926036,1470.0,3.46,1470.0,3.46
2017-06-03 09:02:06.497120,54.320769,-165.926021,1470.0,3.46,1470.0,295.3
2017-06-03 09:02:06.996319,54.320794,-165.925977,1470.0,3.46,1470.0,3.46
2017-06-03 09:02:07.495522,54.320803,-165.925963,1470.0,3.46,1470.0,3.46
2017-06-03 09:02:07.994722,54.320828,-165.925919,1470.0,3.46,1470.0,3.46
2017-06-03 09:02:08.493923,54.320836,-165.925904,1470.0,3.46,1470.0,3.46
2017-06-03 09:02:08.993124,54.320861,-165.925861,1470.0,3.46,1470.0,3.46
2017-06-03 09:02:09.492325,54.32087,-165.925846,1470.0,3.46,1470.0,3.46
2017-06-03 09:02:09.991526,54.320896,-165.925801,1470.0,3.46,1470.0,3.46
2017-06-03 09:02:10.490726,54.320905,-165.925786,1470.0,3.46,1470.0,230.76
2017-06-03 09:02:10.989927,54.320933,-165.925744,1470.0,3.46,1470.0,3.46
2017-06-03 09:02:11.489128,54.320942,-165.925729,1470.0,3.46,1470.0,3.46
2017-06-03 09:02:11.988329,54.320969,-165.925686,1470.0,3.46,1470.0,3.46
2017-06-03 09:02:12.487530,54.320978,-165.925671,1470.0,3.46,1470.0,3.46
2017-06-03 09:02:12.986731,54.321003,-165.925627,1470.0,3.46,1470.0,3.46
2017-06-03 09:02:13.485931,54.321011,-165.925613,1470.0,3.46,1470.0,3.46
2017-06-03 09:02:13.985132,54.321038,-165.92557,1470.0,3.46,1470.0,3.46
2017-06-03 09:02:14.484333,54.321046,-165.925556,1470.0,3.46,1470.0,3.46
2017-06-03 09:02:14.999134,54.321073,-165.925512,1470.0,3.46,1470.0,3.46
2017-06-03 09:02:15.498335,54.321081,-165.925498,1470.0,3.46,1470.0,297.37
2017-06-03 09:02:15.997536,54.321107,-165.925453,1470.0,3.46,1470.0,3.46
2017-06-03 09:02:16.496737,54.321115,-165.925438,1470.0,3.46,1470.0,3.46
2017-06-03 09:02:16.995939,54.321141,-165.925394,1470.0,3.46,1470.0,3.46
2017-06-03 09:02:17.495138,54.321149,-165.925379,1470.0,3.46,1470.0,3.46
2017-06-03 09:02:17.994341,54.321174,-165.925336,1470.0,3.46,1470.0,3.46
2017-06-03 09:02:18.493540,54.321183,-165.925321,1470.0,3.46,1470.0,3.46
2017-06-03 09:02:18.992743,54.321209,-165.925277,1470.0,3.46,1470.0,3.46
2017-06-03 09:02:19.491941,54.321218,-165.925263,1470.0,3.46,1470.0,3.46
2017-06-03 09:02:19.991144,54.321244,-165.925217,1470.0,3.46,1470.0,3.46
2017-06-03 09:02:20.490343,54.321253,-165.925203,1470.0,3.46,1470.0,3.46
2017-06-03 09:02:20.989546,54.321278,-165.925159,1470.0,3.46,1470.0,3.46
2017-06-03 09:02:21.488745,54.321286,-165.925144,1470.0,3.46,1470.0,3.46
2017-06-03 09:02:21.987947,54.321313,-165.925099,1470.0,3.46,1470.0,3.46
2017-06-03 09:02:22.487148,54.321321,-165.925084,1470.0,3.46,1470.0,3.46
2017-06-03 09:02:22.986349,54.321348,-165.925039,1470.0,3.46,1470.0,3.46
2017-06-03 09:02:23.485550,54.321356,-165.925024,1470.0,3.46,1470.0,3.46
2017-06-03 09:02:23.984751,54.321383,-165.924979,1470.0,3.46,1470.0,3.46
2017-06-03 09:02:24.483952,54.321391,-165.924964,1470.0,3.46,1470.0,3.46
2017-06-03 09:02:24.998751,54.321416,-165.924919,1470.0,3.46,1470.0,3.46
2017-06-03 09:02:25.497953,54.321424,-165.924903,1470.0,3.46,1470.0,3.46
2017-06-03 09:02:25.997152,54.321449,-165.924854,1470.0,3.46,1470.0,3.46
2017-06-03 09:02:26.496355,54.321457,-165.92484,1470.0,3.46,1470.0,3.46
2017-06-03 09:02:26.995554,54.321483,-165.924796,1470.0,3.46,1470.0,3.46
2017-06-03 09:02:27.494757,54.321491,-165.924781,1470.0,3.46,1470.0,3.46
2017-06-03 09:02:27.993958,54.321518,-165.924736,1470.0,3.46,1470.0,3.46
2017-06-03 09:02:28.493158,54.321527,-165.924722,1470.0,3.46,1470.0,3.46
2017-06-03 09:02:28.992359,54.321553,-165.924679,1470.0,3.46,1470.0,3.46
2017-06-03 09:02:29.491560,54.321561,-165.924664,1470.0,3.46,1470.0,3.46
2017-06-03 09:02:29.990761,54.321586,-165.924619,1470.0,3.46,1470.0,3.46
2017-06-03 09:02:30.489962,54.321595,-165.924604,1470.0,3.46,1470.0,3.46
2017-06-03 09:02:30.989162,54.321621,-165.924559,1470.0,3.46,1470.0,3.46
2017-06-03 09:02:31.488363,54.321629,-165.924544,1470.0,3.46,1470.0,3.46
2017-06-03 09:02:31.987564,54.321654,-165.924499,1470.0,3.46,1470.0,3.46
2017-06-03 09:02:32.486765,54.321663,-165.924484,1470.0,3.46,1470.0,3.46
2017-06-03 09:02:32.985966,54.321687,-165.924439,1470.0,3.46,1470.0,3.46
2017-06-03 09:02:33.485167,54.321696,-165.924424,1470.0,3.46,1470.0,3.46
2017-06-03 09:02:33.984367,54.321724,-165.924377,1470.0,3.46,1470.0,248.26
2017-06-03 09:02:34.499168,54.321734,-165.924362,1470.0,3.46,1470.0,3.46
2017-06-03 09:02:34.998369,54.321759,-165.924319,1470.0,3.46,1470.0,3.46
2017-06-03 09:02:35.497570,54.321768,-165.924304,1470.0,3.46,1470.0,3.46
2017-06-03 09:02:35.996771,54.321793,-165.924259,1470.0,3.46,1470.0,3.46
2017-06-03 09:02:36.495972,54.321801,-165.924244,1470.0,3.46,1470.0,3.46
2017-06-03 09:02:36.995173,54.321826,-165.924197,1470.0,3.46,1470.0,3.46
2017-06-03 09:02:37.494373,54.321835,-165.924183,1470.0,3.46,1470.0,3.46
2017-06-03 09:02:37.993574,54.321863,-165.924137,1470.0,3.46,1470.0,3.46
2017-06-03 09:02:38.492775,54.321871,-165.924123,1470.0,3.46,1470.0,3.46
2017-06-03 09:02:38.991978,54.321898,-165.924077,1470.0,3.46,1470.0,3.46
2017-06-03 09:02:39.491177,54.321906,-165.924063,1470.0,3.46,1470.0,3.46
2017-06-03 09:02:39.990379,54.321931,-165.924019,1470.0,3.46,1470.0,3.46
2017-06-03 09:02:40.489578,54.32194,-165.924004,1470.0,3.46,1470.0,3.46
2017-06-03 09:02:40.988781,54.321966,-165.923959,1470.0,3.46,1470.0,3.46
2017-06-03 09:02:41.487980,54.321975,-165.923944,1470.0,3.46,1470.0,3.46
2017-06-03 09:02:41.987183,54.322001,-165.923897,1470.0,3.46,1470.0,3.46
2017-06-03 09:02:42.486382,54.322009,-165.923883,1470.0,3.46,1470.0,3.46
2017-06-03 09:02:42.985584,54.322032,-165.923839,1470.0,3.46,1470.0,3.46
2017-06-03 09:02:43.484785,54.322041,-165.923824,1470.0,3.46,1470.0,3.46
2017-06-03 09:02:43.983986,54.322068,-165.923777,1470.0,7.41,1470.0,3.46
2017-06-03 09:02:44.498787,54.322077,-165.923761,1470.0,4.22,1470.0,3.46
2017-06-03 09:02:44.997986,54.322103,-165.923716,1470.0,3.46,1470.0,287.4
2017-06-03 09:02:45.497189,54.322111,-165.923701,1470.0,3.46,1470.0,3.46
2017-06-03 09:02:45.996387,54.322137,-165.923654,1470.0,3.46,1470.0,3.46
2017-06-03 09:02:46.495590,54.322145,-165.92364,1470.0,3.46,1470.0,3.46
2017-06-03 09:02:46.994789,54.322169,-165.923596,1470.0,3.46,1470.0,3.46
2017-06-03 09:02:47.493992,54.322178,-165.923581,1470.0,3.46,1470.0,3.46
2017-06-03 09:02:47.993193,54.322203,-165.923536,1470.0,3.46,1470.0,3.46
2017-06-03 09:02:48.492393,54.322211,-165.923521,1470.0,3.46,1470.0,3.46
2017-06-03 09:02:48.991594,54.322238,-165.923476,1470.0,3.46,1470.0,3.46
2017-06-03 09:02:49.490795,54.322246,-165.923461,1470.0,3.46,1470.0,3.46
2017-06-03 09:02:49.989996,54.322273,-165.923417,1470.0,3.46,1470.0,3.46
2017-06-03 09:02:50.489197,54.322281,-165.923403,1470.0,3.46,1470.0,3.46
2017-06-03 09:02:50.988398,54.322308,-165.923359,1470.0,3.46,1470.0,3.46
2017-06-03 09:02:51.487598,54.322316,-165.923344,1470.0,3.46,1470.0,3.46
2017-06-03 09:02:51.986799,54.322341,-165.923299,1470.0,3.46,1470.0,3.46
2017-06-03 09:02:52.486000,54.322349,-165.923284,1470.0,3.46,1470.0,3.46
2017-06-03 09:02:52.985201,54.322374,-165.92324,1470.0,3.46,1470.0,3.46
2017-06-03 09:02:53.484402,54.322382,-165.923225,1470.0,3.46,1470.0,3.46
2017-06-03 09:02:53.999203,54.322409,-165.923176,1470.0,3.46,1470.0,3.46
2017-06-03 09:02:54.498404,54.322417,-165.923162,1470.0,3.46,1470.0,3.46
2017-06-03 09:02:54.997604,54.322444,-165.923119,1470.0,3.46,1470.0,3.46
2017-06-03 09:02:55.496805,54.322453,-165.923104,1470.0,3.46,1470.0,3.46
2017-06-03 09:02:55.996006,54.322482,-165.923059,1470.0,3.46,1470.0,3.46
2017-06-03 09:02:56.495207,54.32249,-165.923045,1470.0,3.46,1470.0,3.46
2017-06-03 09:02:56.994408,54.322514,-165.923002,1470.0,3.46,1470.0,3.46
2017-06-03 09:02:57.493608,54.322523,-165.922988,1470.0,3.46,1470.0,3.46
2017-06-03 09:02:57.992809,54.322549,-165.922942,1470.0,3.46,1470.0,3.46
2017-06-03 09:02:58.492010,54.322558,-165.922928,1470.0,3.46,1470.0,3.46
2017-06-03 09:02:58.991213,54.322583,-165.922882,1470.0,3.46,1470.0,3.46
2017-06-03 09:02:59.490412,54.322591,-165.922868,1470.0,3.46,1470.0,3.46
2017-06-03 09:02:59.989614,54.322618,-165.922822,1470.0,3.46,1470.0,3.46
2017-06-03 09:03:00.488813,54.322626,-165.922808,1470.0,3.46,1470.0,3.46
2017-06-03 09:03:00.988016,54.322653,-165.922765,1470.0,3.46,1470.0,3.46
2017-06-03 09:03:01.487215,54.322661,-165.922751,1470.0,3.46,1470.0,3.46
2017-06-03 09:03:01.986418,54.322688,-165.922709,1470.0,3.46,1470.0,3.46
2017-06-03 09:03:02.485617,54.322696,-165.922695,1470.0,3.46,1470.0,3.46
2017-06-03 09:03:02.984819,54.322723,-165.922653,1470.0,3.46,1470.0,3.46
2017-06-03 09:03:03.484018,54.322732,-165.922639,1470.0,3.46,1470.0,3.46
2017-06-03 09:03:03.998819,54.322759,-165.922593,1470.0,3.46,1470.0,3.46
2017-06-03 09:03:04.498022,54.322767,-165.922578,1470.0,3.46,1470.0,3.46
2017-06-03 09:03:04.997221,54.322793,-165.922534,1470.0,3.46,1470.0,3.46
2017-06-03 09:03:05.496424,54.322801,-165.922519,1470.0,3.46,1470.0,3.46
2017-06-03 09:03:05.995623,54.322828,-165.922476,1470.0,3.46,1470.0,198.77
2017-06-03 09:03:06.494825,54.322836,-165.922461,1470.0,3.46,1470.0,3.46
2017-06-03 09:03:06.994024,54.322863,-165.922416,1470.0,3.46,1470.0,3.46
2017-06-03 09:03:07.493227,54.322871,-165.922401,1470.0,3.46,1470.0,3.46
2017-06-03 09:03:07.992426,54.322898,-165.922356,1470.0,3.46,1470.0,3.46
2017-06-03 09:03:08.491629,54.322907,-165.922341,1470.0,3.46,1470.0,282.5
2017-06-03 09:03:08.990829,54.322934,-165.922297,1470.0,3.46,1470.0,3.46
2017-06-03 09:03:09.490030,54.322943,-165.922283,1470.0,3.46,1470.0,207.8
2017-06-03 09:03:09.989231,54.322971,-165.922239,1470.0,3.46,1470.0,3.46
2017-06-03 09:03:10.488432,54.32298,-165.922224,1470.0,3.46,1470.0,3.46
2017-06-03 09:03:10.987633,54.323006,-165.922179,1470.0,3.46,1470.0,3.46
2017-06-03 09:03:11.486834,54.323015,-165.922165,1470.0,3.46,1470.0,160.76
2017-06-03 09:03:11.986034,54.323043,-165.922122,1470.0,3.46,1470.0,3.46
2017-06-03 09:03:12.485235,54.323051,-165.922108,1470.0,3.46,1470.0,3.46
2017-06-03 09:03:12.984436,54.323077,-165.922067,1470.0,3.46,1470.0,3.46
2017-06-03 09:03:13.499237,54.323086,-165.922051,1470.0,3.46,1470.0,3.46
2017-06-03 09:03:13.998438,54.323112,-165.922006,1470.0,3.46,1470.0,3.46
2017-06-03 09:03:14.497639,54.32312,-165.921991,1470.0,3.46,1470.0,3.46
2017-06-03 09:03:14.996840,54.323146,-165.921947,1470.0,3.46,1470.0,3.46
2017-06-03 09:03:15.496040,54.323154,-165.921933,1470.0,3.46,1470.0,3.46
2017-06-03 09:03:15.995241,54.323178,-165.921887,1470.0,3.46,1470.0,3.46
2017-06-03 09:03:16.494442,54.323186,-165.921873,1470.0,3.46,1470.0,3.46
2017-06-03 09:03:16.993643,54.323211,-165.921827,1470.0,3.46,1470.0,3.46
2017-06-03 09:03:17.492844,54.32322,-165.921813,1470.0,3.46,1470.0,3.46
2017-06-03 09:03:17.992044,54.323246,-165.921767,1470.0,3.46,1470.0,3.46
2017-06-03 09:03:18.491245,54.323255,-165.921753,1470.0,3.46,1470.0,3.46
2017-06-03 09:03:18.990448,54.323284,-165.921709,1470.0,3.46,1470.0,3.46
2017-06-03 09:03:19.489647,54.323293,-165.921694,1470.0,3.46,1470.0,3.46
2017-06-03 09:03:19.988850,54.323319,-165.921651,1470.0,3.46,1470.0,3.46
2017-06-03 09:03:20.488049,54.323328,-165.921636,1470.0,3.46,1470.0,3.46
2017-06-03 09:03:20.987251,54.323352,-165.921592,1470.0,3.46,1470.0,3.46
2017-06-03 09:03:21.486450,54.32336,-165.921577,1470.0,3.46,1470.0,3.46
2017-06-03 09:03:21.985653,54.323386,-165.921529,1470.0,3.46,1470.0,3.46
2017-06-03 09:03:22.484852,54.323395,-165.921514,1470.0,3.46,1470.0,3.46
2017-06-03 09:03:22.984055,54.323421,-165.921469,1470.0,3.46,1470.0,167.73
2017-06-03 09:03:23.498854,54.32343,-165.921453,1470.0,3.46,1470.0,3.46
2017-06-03 09:03:23.998055,54.323455,-165.921408,1470.0,3.46,1470.0,3.46
2017-06-03 09:03:24.497257,54.323463,-165.921393,1470.0,3.46,1470.0,3.46
2017-06-03 09:03:24.996456,54.323488,-165.92135,1470.0,3.46,1470.0,3.46
2017-06-03 09:03:25.495659,54.323496,-165.921336,1470.0,3.46,1470.0,3.46
2017-06-03 09:03:25.994858,54.323523,-165.921291,1470.0,3.46,1470.0,3.46
2017-06-03 09:03:26.494061,54.323531,-165.921276,1470.0,3.46,1470.0,3.46
2017-06-03 09:03:26.993259,54.323556,-165.921232,1470.0,3.46,1470.0,3.46
2017-06-03 09:03:27.492462,54.323565,-165.921218,1470.0,3.46,1470.0,3.46
2017-06-03 09:03:27.991661,54.323591,-165.921174,1470.0,3.46,1470.0,3.46
2017-06-03 09:03:28.490864,54.323599,-165.921159,1470.0,3.46,1470.0,3.46
2017-06-03 09:03:28.990063,54.323624,-165.921114,1470.0,3.46,1470.0,3.46
2017-06-03 09:03:29.489265,54.323633,-165.921099,1470.0,3.46,1470.0,3.46
2017-06-03 09:03:29.988466,54.323659,-165.921056,1470.0,3.46,1470.0,3.46
2017-06-03 09:03:30.487667,54.323668,-165.921041,1470.0,3.46,1470.0,3.46
2017-06-03 09:03:30.986868,54.323694,-165.920998,1470.0,3.46,1470.0,3.46
2017-06-03 09:03:31.486069,54.323702,-165.920984,1470.0,3.46,1470.0,3.46
2017-06-03 09:03:31.985270,54.323729,-165.920939,1470.0,3.46,1470.0,3.46
2017-06-03 09:03:32.484470,54.323738,-165.920925,1470.0,3.46,1470.0,3.46
2017-06-03 09:03:32.999271,54.323764,-165.920882,1470.0,3.46,1470.0,3.46
2017-06-03 09:03:33.498472,54.323773,-165.920868,1470.0,3.46,1470.0,3.46
2017-06-03 09:03:33.997673,54.3238,-165.920824,1470.0,3.46,1470.0,231.32
2017-06-03 09:03:34.496874,54.323809,-165.92081,1470.0,3.46,1470.0,3.46
2017-06-03 09:03:34.996075,54.323834,-165.920767,1470.0,3.46,1470.0,3.46
2017-06-03 09:03:35.495275,54.323843,-165.920753,1470.0,3.46,1470.0,3.46
2017-06-03 09:03:35.994476,54.323869,-165.920709,1470.0,3.46,1470.0,3.46
2017-06-03 09:03:36.493677,54.323878,-165.920694,1470.0,3.46,1470.0,3.46
2017-06-03 09:03:36.992878,54.323903,-165.920651,1470.0,3.46,1470.0,3.46
2017-06-03 09:03:37.492079,54.323911,-165.920636,1470.0,3.46,1470.0,3.46
2017-06-03 09:03:37.991280,54.323938,-165.920592,1470.0,3.46,1470.0,164.72
2017-06-03 09:03:38.490480,54.323947,-165.920578,1470.0,3.46,1470.0,3.46
2017-06-03 09:03:38.989683,54.323974,-165.920535,1470.0,3.46,1470.0,3.46
2017-06-03 09:03:39.488882,54.323983,-165.920521,1470.0,3.46,1470.0,3.46
2017-06-03 09:03:39.988085,54.324009,-165.920479,1470.0,3.46,1470.0,3.46
2017-06-03 09:03:40.487284,54.324018,-165.920465,1470.0,3.46,1470.0,3.46
2017-06-03 09:03:40.986486,54.324042,-165.920423,1470.0,3.46,1470.0,3.46
2017-06-03 09:03:41.485685,54.324051,-165.920409,1470.0,3.46,1470.0,3.46
2017-06-03 09:03:41.984888,54.324078,-165.920364,1470.0,3.46,1470.0,3.46
2017-06-03 09:03:42.484087,54.324086,-165.92035,1470.0,3.46,1470.0,3.46
2017-06-03 09:03:42.998890,54.324113,-165.920305,1470.0,3.46,1470.0,3.46
2017-06-03 09:03:43.498089,54.324121,-165.920291,1470.0,3.46,1470.0,3.46
2017-06-03 09:03:43.997290,54.324148,-165.920249,1470.0,3.46,1470.0,3.46
2017-06-03 09:03:44.496492,54.324156,-165.920235,1470.0,3.46,1470.0,3.46
2017-06-03 09:03:44.995691,54.324181,-165.920192,1470.0,3.46,1470.0,3.46
2017-06-03 09:03:45.494894,54.32419,-165.920178,1470.0,3.46,1470.0,203.29
2017-06-03 09:03:45.994093,54.324216,-165.920134,1470.0,3.46,1470.0,3.46
2017-06-03 09:03:46.493296,54.324224,-165.920119,1470.0,3.46,1470.0,3.46
2017-06-03 09:03:46.992495,54.324249,-165.920072,1470.0,3.46,1470.0,3.46
2017-06-03 09:03:47.491697,54.324258,-165.920058,1470.0,3.46,1470.0,3.46
2017-06-03 09:03:47.990896,54.324284,-165.920014,1470.0,3.46,1470.0,3.46
2017-06-03 09:03:48.490099,54.324293,-165.919999,1470.0,3.46,1470.0,3.46
2017-06-03 09:03:48.989298,54.324318,-165.919952,1470.0,3.46,1470.0,3.46
2017-06-03 09:03:49.488501,54.324327,-165.919938,1470.0,3.46,1470.0,3.46
2017-06-03 09:03:49.987701,54.324354,-165.919894,1470.0,3.46,1470.0,3.46
2017-06-03 09:03:50.486902,54.324363,-165.91988,1470.0,3.46,1470.0,3.46
2017-06-03 09:03:50.986103,54.324389,-165.919838,1470.0,3.46,1470.0,240.17
2017-06-03 09:03:51.485304,54.324398,-165.919825,1470.0,3.46,1470.0,3.46
2017-06-03 09:03:51.984505,54.324426,-165.919782,1470.0,3.46,1470.0,3.46
2017-06-03 09:03:52.499306,54.324435,-165.919767,1470.0,3.46,1470.0,3.46
2017-06-03 09:03:52.998507,54.324461,-165.919725,1470.0,3.46,1470.0,3.46
2017-06-03 09:03:53.497707,54.324469,-165.919711,1470.0,3.46,1470.0,3.46
2017-06-03 09:03:53.996908,54.324494,-165.919669,1470.0,3.46,1470.0,3.46
2017-06-03 09:03:54.496109,54.324502,-165.919654,1470.0,3.46,1470.0,3.46
2017-06-03 09:03:54.995310,54.324526,-165.919609,1470.0,3.46,1470.0,3.46
2017-06-03 09:03:55.494511,54.324534,-165.919594,1470.0,3.46,1470.0,3.46
2017-06-03 09:03:55.993711,54.324559,-165.919547,1470.0,3.46,1470.0,3.46
2017-06-03 09:03:56.492912,54.324568,-165.919533,1470.0,3.46,1470.0,3.46
2017-06-03 09:03:56.992113,54.324593,-165.919489,1470.0,3.46,1470.0,3.46
2017-06-03 09:03:57.491314,54.324601,-165.919474,1470.0,3.46,1470.0,3.46
2017-06-03 09:03:57.990515,54.324628,-165.919431,1470.0,3.46,1470.0,3.46
2017-06-03 09:03:58.489716,54.324637,-165.919416,1470.0,3.46,1470.0,3.46
2017-06-03 09:03:58.988916,54.324664,-165.919374,1470.0,3.46,1470.0,3.46
2017-06-03 09:03:59.488117,54.324673,-165.91936,1470.0,3.46,1470.0,3.46
2017-06-03 09:03:59.987320,54.324701,-165.919319,1470.0,3.46,1470.0,3.46
2017-06-03 09:04:00.486519,54.324709,-165.919305,1470.0,3.46,1470.0,3.46
2017-06-03 09:04:00.985722,54.324735,-165.919263,1470.0,3.46,1470.0,3.46
2017-06-03 09:04:01.484921,54.324744,-165.919249,1470.0,3.46,1470.0,3.46
2017-06-03 09:04:01.984123,54.324771,-165.919204,1470.0,3.46,1470.0,3.46
2017-06-03 09:04:02.498922,54.32478,-165.919188,1470.0,3.46,1470.0,3.46
2017-06-03 09:04:02.998125,54.324804,-165.919145,1470.0,3.46,1470.0,3.46
2017-06-03 09:04:03.497324,54.324813,-165.919131,1470.0,3.46,1470.0,3.46
2017-06-03 09:04:03.996527,54.324839,-165.919086,1470.0,3.46,1470.0,3.46
2017-06-03 09:04:04.495728,54.324847,-165.919071,1470.0,3.46,1470.0,3.46
2017-06-03 09:04:04.994926,54.324871,-165.919027,1470.0,3.46,1470.0,3.46
2017-06-03 09:04:05.494129,54.324879,-165.919013,1470.0,3.46,1470.0,3.46
2017-06-03 09:04:05.993328,54.324904,-165.918969,1470.0,3.46,1470.0,3.46
2017-06-03 09:04:06.492531,54.324913,-165.918954,1470.0,3.46,1470.0,3.46
2017-06-03 09:04:06.991730,54.324939,-165.918911,1470.0,3.46,1470.0,3.46
2017-06-03 09:04:07.490932,54.324948,-165.918896,1470.0,3.46,1470.0,3.46
2017-06-03 09:04:07.990131,54.324976,-165.918854,1470.0,3.46,1470.0,3.46
2017-06-03 09:04:08.489334,54.324985,-165.91884,1470.0,3.46,1470.0,3.46
2017-06-03 09:04:08.988533,54.325011,-165.918799,1470.0,3.46,1470.0,3.46
2017-06-03 09:04:09.487736,54.32502,-165.918784,1470.0,3.46,1470.0,3.46
2017-06-03 09:04:09.986937,54.325046,-165.918741,1470.0,3.46,1470.0,3.46
2017-06-03 09:04:10.486137,54.325054,-165.918726,1470.0,3.46,1470.0,3.46
2017-06-03 09:04:10.985338,54.32508,-165.918682,1470.0,3.46,1470.0,3.46
2017-06-03 09:04:11.484539,54.325089,-165.918667,1470.0,3.46,1470.0,3.46
2017-06-03 09:04:11.999340,54.325115,-165.918619,1470.0,3.46,1470.0,3.46
2017-06-03 09:04:12.498541,54.325124,-165.918605,1470.0,3.46,1470.0,3.46
2017-06-03 09:04:12.997742,54.325149,-165.918562,1470.0,3.46,1470.0,3.46
2017-06-03 09:04:13.496943,54.325158,-165.918548,1470.0,3.46,1470.0,3.46
2017-06-03 09:04:13.996143,54.325184,-165.918503,1470.0,3.46,1470.0,3.46
2017-06-03 09:04:14.495344,54.325192,-165.918488,1470.0,3.46,1470.0,3.46
2017-06-03 09:04:14.994545,54.325216,-165.918445,1470.0,3.46,1470.0,3.46
2017-06-03 09:04:15.493746,54.325224,-165.918431,1470.0,3.46,1470.0,3.46
2017-06-03 09:04:15.992947,54.325249,-165.918387,1470.0,3.46,1470.0,3.46
2017-06-03 09:04:16.492147,54.325258,-165.918373,1470.0,3.46,1470.0,3.46
2017-06-03 09:04:16.991348,54.325283,-165.918329,1470.0,3.46,1470.0,3.46
2017-06-03 09:04:17.490549,54.325292,-165.918314,1470.0,3.46,1470.0,3.46
2017-06-03 09:04:17.989750,54.325319,-165.918271,1470.0,3.46,1470.0,3.46
2017-06-03 09:04:18.488951,54.325328,-165.918256,1470.0,3.46,1470.0,3.46
2017-06-03 09:04:18.988152,54.325354,-165.918214,1470.0,3.46,1470.0,3.46
2017-06-03 09:04:19.487352,54.325363,-165.9182,1470.0,3.46,1470.0,177.7
2017-06-03 09:04:19.986553,54.325391,-165.918159,1470.0,3.46,1470.0,3.46
2017-06-03 09:04:20.485754,54.325399,-165.918145,1470.0,3.46,1470.0,3.46
2017-06-03 09:04:20.984957,54.325424,-165.918102,1470.0,3.46,1470.0,3.46
2017-06-03 09:04:21.484156,54.325432,-165.918087,1470.0,3.46,1470.0,3.46
2017-06-03 09:04:21.998959,54.325459,-165.918039,1470.0,3.46,1470.0,3.46
2017-06-03 09:04:22.498158,54.325467,-165.918025,1470.0,3.46,1470.0,3.46
2017-06-03 09:04:22.997360,54.325493,-165.917982,1470.0,3.46,1470.0,3.46
2017-06-03 09:04:23.496559,54.325501,-165.917968,1470.0,3.46,1470.0,3.46
2017-06-03 09:04:23.995762,54.325528,-165.917925,1470.0,3.46,1470.0,3.46
2017-06-03 09:04:24.494961,54.325536,-165.917911,1470.0,3.46,1470.0,3.46
2017-06-03 09:04:24.994164,54.325563,-165.917867,1470.0,3.46,1470.0,3.46
2017-06-03 09:04:25.493364,54.325571,-165.917853,1470.0,3.46,1470.0,3.46
2017-06-03 09:04:25.992565,54.325596,-165.917809,1470.0,3.46,1470.0,3.46
2017-06-03 09:04:26.491766,54.325604,-165.917794,1470.0,3.46,1470.0,3.46
2017-06-03 09:04:26.990965,54.325629,-165.917749,1470.0,3.46,1470.0,3.46
2017-06-03 09:04:27.490168,54.325638,-165.917734,1470.0,3.46,1470.0,3.46
2017-06-03 09:04:27.989367,54.325663,-165.917689,1470.0,3.46,1470.0,3.46
2017-06-03 09:04:28.488569,54.325671,-165.917674,1470.0,3.46,1470.0,3.46
2017-06-03 09:04:28.987768,54.325696,-165.917629,1470.0,3.46,1470.0,228.13
2017-06-03 09:04:29.486971,54.325705,-165.917614,1470.0,3.46,1470.0,3.46
2017-06-03 09:04:29.986172,54.325731,-165.917569,1470.0,3.46,1470.0,3.46
2017-06-03 09:04:30.485373,54.325739,-165.917555,1470.0,3.46,1470.0,3.46
2017-06-03 09:04:30.984573,54.325765,-165.917512,1470.0,3.46,1470.0,3.46
2017-06-03 09:04:31.483774,54.325774,-165.917497,1470.0,3.46,1470.0,3.46
2017-06-03 09:04:31.998575,54.3258,-165.917449,1470.0,3.46,1470.0,3.46
2017-06-03 09:04:32.497776,54.325808,-165.917434,1470.0,3.46,1470.0,3.46
2017-06-03 09:04:32.996977,54.325833,-165.917389,1470.0,3.46,1470.0,3.46
2017-06-03 09:04:33.496178,54.325841,-165.917374,1470.0,3.46,1470.0,3.46
2017-06-03 09:04:33.995378,54.325868,-165.917329,1470.0,3.46,1470.0,3.46
2017-06-03 09:04:34.494579,54.325876,-165.917314,1470.0,3.46,1470.0,293.79
2017-06-03 09:04:34.993780,54.325901,-165.917271,1470.0,3.46,1470.0,3.46
2017-06-03 09:04:35.492981,54.325909,-165.917256,1470.0,3.46,1470.0,3.46
2017-06-03 09:04:35.992182,54.325934,-165.917212,1470.0,3.46,1470.0,3.46
2017-06-03 09:04:36.491383,54.325943,-165.917198,1470.0,3.46,1470.0,3.46
2017-06-03 09:04:36.990583,54.325969,-165.917154,1470.0,3.46,1470.0,3.46
2017-06-03 09:04:37.489784,54.325978,-165.917139,1470.0,3.46,1470.0,3.46
2017-06-03 09:04:37.988985,54.326004,-165.917094,1470.0,3.46,1470.0,3.46
2017-06-03 09:04:38.488186,54.326013,-165.91708,1470.0,3.46,1470.0,3.46
2017-06-03 09:04:38.987387,54.326037,-165.917037,1470.0,3.46,1470.0,3.46
2017-06-03 09:04:39.486588,54.326045,-165.917022,1470.0,3.46,1470.0,3.46
2017-06-03 09:04:39.985788,54.326071,-165.916977,1470.0,3.46,1470.0,3.46
2017-06-03 09:04:40.484989,54.326079,-165.916962,1470.0,3.46,1470.0,3.46
2017-06-03 09:04:40.984192,54.326104,-165.916917,1470.0,3.46,1470.0,3.46
2017-06-03 09:04:41.498991,54.326113,-165.916901,1470.0,3.46,1470.0,3.46
2017-06-03 09:04:41.998194,54.326139,-165.916857,1470.0,3.46,1470.0,3.46
2017-06-03 09:04:42.497393,54.326148,-165.916843,1470.0,3.46,1470.0,3.46
2017-06-03 09:04:42.996595,54.326174,-165.916798,1470.0,3.46,1470.0,3.46
2017-06-03 09:04:43.495794,54.326183,-165.916783,1470.0,3.46,1470.0,3.46
2017-06-03 09:04:43.994997,54.32621,-165.916738,1470.0,3.46,1470.0,3.46
2017-06-03 09:04:44.494196,54.326219,-165.916724,1470.0,3.46,1470.0,3.46
2017-06-03 09:04:44.993399,54.326246,-165.916682,1470.0,3.46,1470.0,3.46
2017-06-03 09:04:45.492598,54.326255,-165.916668,1470.0,3.46,1470.0,3.46
2017-06-03 09:04:45.991800,54.326281,-165.916625,1470.0,3.46,1470.0,3.46
2017-06-03 09:04:46.491001,54.32629,-165.916611,1470.0,3.46,1470.0,3.46
2017-06-03 09:04:46.990202,54.326316,-165.916569,1470.0,3.46,1470.0,3.46
2017-06-03 09:04:47.489403,54.326325,-165.916555,1470.0,3.46,1470.0,3.46
2017-06-03 09:04:47.988602,54.326351,-165.916514,1470.0,3.46,1470.0,202.35
2017-06-03 09:04:48.487804,54.326359,-165.9165,1470.0,3.46,1470.0,3.46
2017-06-03 09:04:48.987003,54.326384,-165.916458,1470.0,3.46,1470.0,3.46
2017-06-03 09:04:49.486206,54.326392,-165.916444,1470.0,3.46,1470.0,3.46
2017-06-03 09:04:49.985405,54.326418,-165.916399,1470.0,3.46,1470.0,3.46
2017-06-03 09:04:50.484608,54.326426,-165.916384,1470.0,3.46,1470.0,3.46
2017-06-03 09:04:50.983807,54.32645,-165.91634,1470.0,3.46,1470.0,3.46
2017-06-03 09:04:51.498610,54.326459,-165.916324,1470.0,3.46,1470.0,3.46
2017-06-03 09:04:51.997810,54.326485,-165.916279,1470.0,3.46,1470.0,3.46
2017-06-03 09:04:52.497011,54.326494,-165.916265,1470.0,3.46,1470.0,3.46
2017-06-03 09:04:52.996212,54.326519,-165.916224,1470.0,3.46,1470.0,3.46
2017-06-03 09:04:53.495413,54.326528,-165.916209,1470.0,3.46,1470.0,233.77
2017-06-03 09:04:53.994614,54.326554,-165.916166,1470.0,3.46,1470.0,3.46
2017-06-03 09:04:54.493814,54.326564,-165.916151,1470.0,3.46,1470.0,3.46
2017-06-03 09:04:54.993015,54.326592,-165.916107,1470.0,3.46,1470.0,3.46
2017-06-03 09:04:55.492216,54.326601,-165.916093,1470.0,3.46,1470.0,3.46
2017-06-03 09:04:55.991417,54.326628,-165.916047,1470.0,3.46,1470.0,3.46
2017-06-03 09:04:56.490618,54.326636,-165.916033,1470.0,3.46,1470.0,3.46
2017-06-03 09:04:56.989819,54.326661,-165.915987,1470.0,3.46,1470.0,3.46
2017-06-03 09:04:57.489019,54.32667,-165.915973,1470.0,3.46,1470.0,3.46
2017-06-03 09:04:57.988220,54.326696,-165.915927,1470.0,3.46,1470.0,3.46
2017-06-03 09:04:58.487421,54.326704,-165.915913,1470.0,3.46,1470.0,3.46
2017-06-03 09:04:58.986622,54.32673,-165.91587,1470.0,3.46,1470.0,3.46
2017-06-03 09:04:59.485823,54.326739,-165.915856,1470.0,3.46,1470.0,3.46
2017-06-03 09:04:59.985023,54.326766,-165.915812,1470.0,3.46,1470.0,3.46
2017-06-03 09:05:00.484224,54.326774,-165.915798,1470.0,3.46,1470.0,3.46
2017-06-03 09:05:00.999027,54.326801,-165.915755,1470.0,3.46,1470.0,3.46
2017-06-03 09:05:01.498226,54.326809,-165.915741,1470.0,3.46,1470.0,3.46
2017-06-03 09:05:01.997429,54.326835,-165.915696,1470.0,3.46,1470.0,3.46
2017-06-03 09:05:02.496628,54.326843,-165.915681,1470.0,3.46,1470.0,3.46
2017-06-03 09:05:02.995831,54.326866,-165.915637,1470.0,3.46,1470.0,3.46
2017-06-03 09:05:03.495029,54.326874,-165.915623,1470.0,3.46,1470.0,3.46
2017-06-03 09:05:03.994232,54.326898,-165.915577,1470.0,3.46,1470.0,3.46
2017-06-03 09:05:04.493431,54.326906,-165.915563,1470.0,3.46,1470.0,3.46
2017-06-03 09:05:04.992634,54.326931,-165.915517,1470.0,3.46,1470.0,3.46
2017-06-03 09:05:05.491833,54.32694,-165.915503,1470.0,3.46,1470.0,3.46
2017-06-03 09:05:05.991035,54.326966,-165.915459,1470.0,3.46,1470.0,3.46
2017-06-03 09:05:06.490236,54.326975,-165.915445,1470.0,3.46,1470.0,3.46
2017-06-03 09:05:06.989437,54.327003,-165.915402,1470.0,3.46,1470.0,3.46
2017-06-03 09:05:07.488638,54.327011,-165.915388,1470.0,3.46,1470.0,3.46
2017-06-03 09:05:07.987839,54.327038,-165.915342,1470.0,3.46,1470.0,3.46
2017-06-03 09:05:08.487040,54.327046,-165.915328,1470.0,3.46,1470.0,3.46
2017-06-03 09:05:08.986238,54.327072,-165.915284,1470.0,3.46,1470.0,3.46
2017-06-03 09:05:09.485441,54.327081,-165.915269,1470.0,3.46,1470.0,3.46
2017-06-03 09:05:09.984640,54.327108,-165.915222,1470.0,3.46,1470.0,3.46
2017-06-03 09:05:10.483843,54.327116,-165.915208,1470.0,3.46,1470.0,3.46
2017-06-03 09:05:10.998642,54.327141,-165.915162,1470.0,3.46,1470.0,3.46
2017-06-03 09:05:11.497845,54.327149,-165.915147,1470.0,3.46,1470.0,3.46
2017-06-03 09:05:11.997046,54.327174,-165.915101,1470.0,3.46,1470.0,3.46
2017-06-03 09:05:12.496246,54.327183,-165.915086,1470.0,3.46,1470.0,3.46
2017-06-03 09:05:12.995447,54.327209,-165.915042,1470.0,3.46,1470.0,3.46
2017-06-03 09:05:13.494648,54.327218,-165.915028,1470.0,3.46,1470.0,3.46
2017-06-03 09:05:13.993849,54.327244,-165.914984,1470.0,3.46,1470.0,3.46
2017-06-03 09:05:14.493050,54.327253,-165.914969,1470.0,3.46,1470.0,3.46
2017-06-03 09:05:14.992250,54.327278,-165.914926,1470.0,3.46,1470.0,3.46
2017-06-03 09:05:15.491451,54.327286,-165.914911,1470.0,3.46,1470.0,3.46
2017-06-03 09:05:15.990652,54.327313,-165.914866,1470.0,3.46,1470.0,3.46
2017-06-03 09:05:16.489853,54.327321,-165.914851,1470.0,3.46,1470.0,3.46
2017-06-03 09:05:16.989054,54.327346,-165.914806,1470.0,3.46,1470.0,3.46
2017-06-03 09:05:17.488255,54.327354,-165.914791,1470.0,3.46,1470.0,3.46
2017-06-03 09:05:17.987455,54.327379,-165.914746,1470.0,3.46,1470.0,3.46
2017-06-03 09:05:18.486656,54.327388,-165.914731,1470.0,3.46,1470.0,3.46
2017-06-03 09:05:18.985857,54.327412,-165.914687,1470.0,3.46,1470.0,3.46
2017-06-03 09:05:19.485058,54.327421,-165.914672,1470.0,3.46,1470.0,3.46
2017-06-03 09:05:19.984259,54.327448,-165.914626,1470.0,3.46,1470.0,3.46
2017-06-03 09:05:20.499060,54.327457,-165.91461,1470.0,3.46,1470.0,3.46
2017-06-03 09:05:20.998262,54.327481,-165.914566,1470.0,3.46,1470.0,3.46
2017-06-03 09:05:21.497461,54.32749,-165.914551,1470.0,3.46,1470.0,3.46
2017-06-03 09:05:21.996664,54.327518,-165.914507,1470.0,3.46,1470.0,3.46
2017-06-03 09:05:22.495863,54.327526,-165.914493,1470.0,3.46,1470.0,3.46
2017-06-03 09:05:22.995066,54.327553,-165.914449,1470.0,3.46,1470.0,3.46
2017-06-03 09:05:23.494265,54.327561,-165.914434,1470.0,3.46,1470.0,3.46
2017-06-03 09:05:23.993467,54.327586,-165.914391,1470.0,3.46,1470.0,3.46
2017-06-03 09:05:24.492666,54.327594,-165.914376,1470.0,3.46,1470.0,3.46
2017-06-03 09:05:24.991869,54.327619,-165.914332,1470.0,3.46,1470.0,3.46
2017-06-03 09:05:25.491068,54.327628,-165.914318,1470.0,3.46,1470.0,3.46
2017-06-03 09:05:25.990271,54.327654,-165.914274,1470.0,3.46,1470.0,3.46
2017-06-03 09:05:26.489471,54.327663,-165.914259,1470.0,3.46,1470.0,3.46
2017-06-03 09:05:26.988672,54.327689,-165.914216,1470.0,3.46,1470.0,3.46
2017-06-03 09:05:27.487873,54.327698,-165.914201,1470.0,10.24,1470.0,3.46
2017-06-03 09:05:27.987074,54.327724,-165.914159,1470.0,7.04,1470.0,7.6
2017-06-03 09:05:28.486275,54.327733,-165.914145,1470.0,3.65,1470.0,3.46
2017-06-03 09:05:28.985476,54.327757,-165.914102,1470.0,3.46,1470.0,3.46
2017-06-03 09:05:29.484676,54.327766,-165.914087,1470.0,3.46,1470.0,3.46
2017-06-03 09:05:29.983875,54.327793,-165.914042,1470.0,3.46,1470.0,3.46
2017-06-03 09:05:30.498678,54.327802,-165.914026,1470.0,3.46,1470.0,3.46
2017-06-03 09:05:30.997877,54.327828,-165.913982,1470.0,3.46,1470.0,3.46
2017-06-03 09:05:31.497080,54.327836,-165.913968,1470.0,3.46,1470.0,3.46
2017-06-03 09:05:31.996281,54.327861,-165.913922,1470.0,3.46,1470.0,3.46
2017-06-03 09:05:32.495481,54.32787,-165.913908,1470.0,3.46,1470.0,3.46
2017-06-03 09:05:32.994682,54.327896,-165.913862,1470.0,3.46,1470.0,3.46
2017-06-03 09:05:33.493883,54.327905,-165.913848,1470.0,3.46,1470.0,3.46
2017-06-03 09:05:33.993084,54.327931,-165.913802,1470.0,3.46,1470.0,3.46
2017-06-03 09:05:34.492285,54.327939,-165.913787,1470.0,3.46,1470.0,3.46
2017-06-03 09:05:34.991486,54.327963,-165.913741,1470.0,3.46,1470.0,3.46
2017-06-03 09:05:35.490686,54.327971,-165.913726,1470.0,3.46,1470.0,3.46
2017-06-03 09:05:35.989887,54.327998,-165.913679,1470.0,3.46,1470.0,3.46
2017-06-03 09:05:36.489088,54.328006,-165.913665,1470.0,3.46,1470.0,3.46
2017-06-03 09:05:36.988289,54.328032,-165.913622,1470.0,3.46,1470.0,3.46
2017-06-03 09:05:37.487490,54.328041,-165.913608,1470.0,3.46,1470.0,3.46
2017-06-03 09:05:37.986691,54.328068,-165.913564,1470.0,3.46,1470.0,3.46
2017-06-03 09:05:38.485891,54.328076,-165.91355,1470.0,3.46,1470.0,3.46
2017-06-03 09:05:38.985092,54.3281,-165.913507,1470.0,3.46,1470.0,3.46
2017-06-03 09:05:39.484293,54.328109,-165.913492,1470.0,3.46,1470.0,3.46
2017-06-03 09:05:39.999094,54.328138,-165.913446,1470.0,3.46,1470.0,3.46
2017-06-03 09:05:40.498295,54.328147,-165.913432,1470.0,3.46,1470.0,3.46
2017-06-03 09:05:40.997496,54.328173,-165.913389,1470.0,3.46,1470.0,3.46
2017-06-03 09:05:41.496696,54.328181,-165.913374,1470.0,3.46,1470.0,3.46
2017-06-03 09:05:41.995897,54.328206,-165.913327,1470.0,3.46,1470.0,3.46
2017-06-03 09:05:42.495098,54.328214,-165.913313,1470.0,3.46,1470.0,3.46
2017-06-03 09:05:42.994301,54.328239,-165.913267,1470.0,3.46,1470.0,3.46
2017-06-03 09:05:43.493500,54.328248,-165.913253,1470.0,3.46,1470.0,3.46
2017-06-03 09:05:43.992702,54.328273,-165.913207,1470.0,3.46,1470.0,3.46
2017-06-03 09:05:44.491901,54.328281,-165.913193,1470.0,3.46,1470.0,3.46
2017-06-03 09:05:44.991104,54.328308,-165.913149,1470.0,3.46,1470.0,3.46
2017-06-03 09:05:45.490303,54.328316,-165.913134,1470.0,3.46,1470.0,3.46
2017-06-03 09:05:45.989506,54.328343,-165.913091,1470.0,3.46,1470.0,3.46
2017-06-03 09:05:46.488705,54.328351,-165.913076,1470.0,3.46,1470.0,3.46
2017-06-03 09:05:46.987907,54.328377,-165.913033,1470.0,3.46,1470.0,3.46
2017-06-03 09:05:47.487108,54.328386,-165.913019,1470.0,3.46,1470.0,3.46
2017-06-03 09:05:47.986309,54.328413,-165.912972,1470.0,3.46,1470.0,3.46
2017-06-03 09:05:48.485510,54.328421,-165.912958,1470.0,3.46,1470.0,3.46
2017-06-03 09:05:48.984711,54.328445,-165.912915,1470.0,3.46,1470.0,3.46
2017-06-03 09:05:49.483912,54.328454,-165.9129,1470.0,3.46,1470.0,3.46
2017-06-03 09:05:49.998711,54.328482,-165.912851,1470.0,3.46,1470.0,294.73
2017-06-03 09:05:50.497913,54.32849,-165.912837,1470.0,3.46,1470.0,3.46
2017-06-03 09:05:50.997112,54.328516,-165.912794,1470.0,3.46,1470.0,3.46
2017-06-03 09:05:51.496315,54.328525,-165.912779,1470.0,3.46,1470.0,3.46
2017-06-03 09:05:51.995516,54.328551,-165.912736,1470.0,3.46,1470.0,3.46
2017-06-03 09:05:52.494717,54.32856,-165.912721,1470.0,3.46,1470.0,3.46
2017-06-03 09:05:52.993917,54.328586,-165.912676,1470.0,3.46,1470.0,3.46
2017-06-03 09:05:53.493118,54.328595,-165.912661,1470.0,3.46,1470.0,3.46
2017-06-03 09:05:53.992319,54.328623,-165.912616,1470.0,3.46,1470.0,3.46
2017-06-03 09:05:54.491520,54.328631,-165.912601,1470.0,3.46,1470.0,3.46
2017-06-03 09:05:54.990721,54.328656,-165.912557,1470.0,3.46,1470.0,3.46
2017-06-03 09:05:55.489922,54.328664,-165.912543,1470.0,3.46,1470.0,3.46
2017-06-03 09:05:55.989122,54.328689,-165.912497,1470.0,9.67,1470.0,9.48
2017-06-03 09:05:56.488323,54.328698,-165.912482,1470.0,3.46,1470.0,3.46
2017-06-03 09:05:56.987524,54.328723,-165.912434,1470.0,3.46,1470.0,3.46
2017-06-03 09:05:57.486725,54.328731,-165.912419,1470.0,3.46,1470.0,3.46
2017-06-03 09:05:57.985926,54.328758,-165.912372,1470.0,3.46,1470.0,3.46
2017-06-03 09:05:58.485126,54.328766,-165.912357,1470.0,3.46,1470.0,3.46
2017-06-03 09:05:58.984327,54.328789,-165.912312,1470.0,3.46,1470.0,3.46
2017-06-03 09:05:59.499128,54.328798,-165.912295,1470.0,3.46,1470.0,3.46
2017-06-03 09:05:59.998329,54.328824,-165.912248,1470.0,3.46,1470.0,3.46
2017-06-03 09:06:00.497530,54.328831,-165.912232,1470.0,3.46,1470.0,3.46
2017-06-03 09:06:00.996731,54.328855,-165.912186,1470.0,3.46,1470.0,3.46
2017-06-03 09:06:01.495932,54.328863,-165.912171,1470.0,3.46,1470.0,3.46
2017-06-03 09:06:01.995132,54.328889,-165.912124,1470.0,3.46,1470.0,3.46
2017-06-03 09:06:02.494333,54.328898,-165.912109,1470.0,3.46,1470.0,186.54
2017-06-03 09:06:02.993536,54.328924,-165.912064,1470.0,3.46,1470.0,3.46
2017-06-03 09:06:03.492735,54.328933,-165.912049,1470.0,3.46,1470.0,3.46
2017-06-03 09:06:03.991938,54.328959,-165.912006,1470.0,3.46,1470.0,3.46
2017-06-03 09:06:04.491137,54.328968,-165.911991,1470.0,3.46,1470.0,3.46
2017-06-03 09:06:04.990339,54.328994,-165.911947,1470.0,3.46,1470.0,3.46
2017-06-03 09:06:05.489538,54.329003,-165.911933,1470.0,3.46,1470.0,3.46
2017-06-03 09:06:05.988741,54.329028,-165.911887,1470.0,3.46,1470.0,3.46
2017-06-03 09:06:06.487940,54.329036,-165.911873,1470.0,3.46,1470.0,3.46
2017-06-03 09:06:06.987143,54.32906,-165.91183,1470.0,3.46,1470.0,3.46
2017-06-03 09:06:07.486341,54.329069,-165.911816,1470.0,3.46,1470.0,3.46
2017-06-03 09:06:07.985544,54.329096,-165.911771,1470.0,3.46,1470.0,3.46
2017-06-03 09:06:08.484745,54.329104,-165.911756,1470.0,3.46,1470.0,3.46
2017-06-03 09:06:08.983946,54.32913,-165.911713,1470.0,3.46,1470.0,3.46
2017-06-03 09:06:09.498747,54.329139,-165.911697,1470.0,3.46,1470.0,3.46
2017-06-03 09:06:09.997946,54.329165,-165.911651,1470.0,3.46,1470.0,3.46
2017-06-03 09:06:10.497149,54.329173,-165.911636,1470.0,3.46,1470.0,3.46
2017-06-03 09:06:10.996347,54.329198,-165.911591,1470.0,3.46,1470.0,3.46
2017-06-03 09:06:11.495550,54.329206,-165.911576,1470.0,3.46,1470.0,3.46
2017-06-03 09:06:11.994749,54.329233,-165.911529,1470.0,3.46,1470.0,3.46
2017-06-03 09:06:12.493952,54.329242,-165.911514,1470.0,3.46,1470.0,3.46
2017-06-03 09:06:12.993153,54.329269,-165.911469,1470.0,3.46,1470.0,3.46
2017-06-03 09:06:13.492353,54.329278,-165.911454,1470.0,3.46,1470.0,3.46
2017-06-03 09:06:13.991554,54.329304,-165.911409,1470.0,3.46,1470.0,3.46
2017-06-03 09:06:14.490755,54.329313,-165.911394,1470.0,3.46,1470.0,3.46
2017-06-03 09:06:14.989956,54.329339,-165.91135,1470.0,3.46,1470.0,3.46
2017-06-03 09:06:15.489157,54.329347,-165.911335,1470.0,3.46,1470.0,3.46
2017-06-03 09:06:15.988358,54.329373,-165.911289,1470.0,3.46,1470.0,3.46
2017-06-03 09:06:16.487558,54.329381,-165.911275,1470.0,3.46,1470.0,3.46
2017-06-03 09:06:16.986759,54.329407,-165.911232,1470.0,3.46,1470.0,3.46
2017-06-03 09:06:17.485962,54.329416,-165.911217,1470.0,3.46,1470.0,3.46
2017-06-03 09:06:17.985161,54.329443,-165.911171,1470.0,3.46,1470.0,3.46
2017-06-03 09:06:18.484364,54.329451,-165.911156,1470.0,3.46,1470.0,3.46
2017-06-03 09:06:18.999163,54.329478,-165.911112,1470.0,3.46,1470.0,3.46
2017-06-03 09:06:19.498363,54.329486,-165.911098,1470.0,3.46,1470.0,3.46
2017-06-03 09:06:19.997564,54.329511,-165.911052,1470.0,3.46,1470.0,3.46
2017-06-03 09:06:20.496765,54.329519,-165.911037,1470.0,3.46,1470.0,3.46
2017-06-03 09:06:20.995966,54.329544,-165.910991,1470.0,3.46,1470.0,3.46
2017-06-03 09:06:21.495167,54.329553,-165.910976,1470.0,3.46,1470.0,3.46
2017-06-03 09:06:21.994368,54.329578,-165.910929,1470.0,3.46,1470.0,3.46
2017-06-03 09:06:22.493568,54.329586,-165.910914,1470.0,3.46,1470.0,3.46
2017-06-03 09:06:22.992771,54.329613,-165.910867,1470.0,3.46,1470.0,3.46
2017-06-03 09:06:23.491970,54.329621,-165.910853,1470.0,3.46,1470.0,3.46
2017-06-03 09:06:23.991173,54.329648,-165.910807,1470.0,3.46,1470.0,3.46
2017-06-03 09:06:24.490372,54.329657,-165.910793,1470.0,3.46,1470.0,3.46
2017-06-03 09:06:24.989574,54.329684,-165.910747,1470.0,3.46,1470.0,3.46
2017-06-03 09:06:25.488773,54.329693,-165.910733,1470.0,3.46,1470.0,3.46
2017-06-03 09:06:25.987976,54.329719,-165.910687,1470.0,3.46,1470.0,3.46
2017-06-03 09:06:26.487175,54.329728,-165.910673,1470.0,3.46,1470.0,3.46
2017-06-03 09:06:26.986378,54.329754,-165.910629,1470.0,3.46,1470.0,3.46
2017-06-03 09:06:27.485577,54.329762,-165.910614,1470.0,3.46,1470.0,3.46
2017-06-03 09:06:27.984779,54.329788,-165.910567,1470.0,3.46,1470.0,3.46
2017-06-03 09:06:28.483980,54.329796,-165.910553,1470.0,3.46,1470.0,3.46
2017-06-03 09:06:28.998779,54.329823,-165.910507,1470.0,3.46,1470.0,3.46
2017-06-03 09:06:29.497982,54.329831,-165.910492,1470.0,3.46,1470.0,3.46
2017-06-03 09:06:29.997181,54.329858,-165.910446,1470.0,3.46,1470.0,3.46
2017-06-03 09:06:30.496384,54.329867,-165.910431,1470.0,3.46,1470.0,3.46
2017-06-03 09:06:30.995583,54.329891,-165.910387,1470.0,3.46,1470.0,3.46
2017-06-03 09:06:31.494785,54.3299,-165.910373,1470.0,3.46,1470.0,3.46
2017-06-03 09:06:31.993984,54.329926,-165.910329,1470.0,3.46,1470.0,3.46
2017-06-03 09:06:32.493187,54.329935,-165.910315,1470.0,3.46,1470.0,3.46
2017-06-03 09:06:32.992386,54.329961,-165.910271,1470.0,3.46,1470.0,3.46
2017-06-03 09:06:33.491589,54.32997,-165.910256,1470.0,3.46,1470.0,3.46
2017-06-03 09:06:33.990789,54.329996,-165.910212,1470.0,3.46,1470.0,3.46
2017-06-03 09:06:34.489990,54.330005,-165.910198,1470.0,3.46,1470.0,3.46
2017-06-03 09:06:34.989191,54.330032,-165.910155,1470.0,3.46,1470.0,3.46
2017-06-03 09:06:35.488392,54.330041,-165.910141,1470.0,3.46,1470.0,3.46
2017-06-03 09:06:35.987593,54.330068,-165.910097,1470.0,6.85,1470.0,6.29
2017-06-03 09:06:36.486794,54.330076,-165.910083,1470.0,3.46,1470.0,3.46
2017-06-03 09:06:36.985994,54.330102,-165.910039,1470.0,3.46,1470.0,3.46
2017-06-03 09:06:37.485195,54.330111,-165.910023,1470.0,3.46,1470.0,3.46
2017-06-03 09:06:37.984396,54.330138,-165.909974,1470.0,3.46,1470.0,3.46
2017-06-03 09:06:38.499197,54.330147,-165.909958,1470.0,3.46,1470.0,3.46
2017-06-03 09:06:38.998398,54.330173,-165.909914,1470.0,3.46,1470.0,3.46
2017-06-03 09:06:39.497599,54.330181,-165.909899,1470.0,3.46,1470.0,3.46
2017-06-03 09:06:39.996799,54.330208,-165.909856,1470.0,3.46,1470.0,3.46
2017-06-03 09:06:40.496000,54.330217,-165.909841,1470.0,3.46,1470.0,3.46
2017-06-03 09:06:40.995201,54.330244,-165.909797,1470.0,3.46,1470.0,3.46
2017-06-03 09:06:41.494402,54.330253,-165.909783,1470.0,3.46,1470.0,3.46
2017-06-03 09:06:41.993603,54.330281,-165.90974,1470.0,3.46,1470.0,3.46
2017-06-03 09:06:42.492804,54.33029,-165.909726,1470.0,3.46,1470.0,3.46
2017-06-03 09:06:42.992006,54.330316,-165.909684,1470.0,3.46,1470.0,3.46
2017-06-03 09:06:43.491205,54.330325,-165.909669,1470.0,3.46,1470.0,3.46
2017-06-03 09:06:43.990408,54.330351,-165.909626,1470.0,3.46,1470.0,3.46
2017-06-03 09:06:44.489607,54.33036,-165.909611,1470.0,3.46,1470.0,3.46
2017-06-03 09:06:44.988810,54.330387,-165.909568,1470.0,3.46,1470.0,3.46
2017-06-03 09:06:45.488008,54.330396,-165.909555,1470.0,3.46,1470.0,3.46
2017-06-03 09:06:45.987211,54.330423,-165.909512,1470.0,3.46,1470.0,3.46
2017-06-03 09:06:46.486410,54.330431,-165.909498,1470.0,9.11,1470.0,3.46
2017-06-03 09:06:46.985613,54.330457,-165.909455,1470.0,3.46,1470.0,3.46
2017-06-03 09:06:47.484812,54.330465,-165.909441,1470.0,3.46,1470.0,3.46
2017-06-03 09:06:47.984015,54.330492,-165.909395,1470.0,3.46,1470.0,3.46
2017-06-03 09:06:48.498816,54.330502,-165.909379,1470.0,3.46,1470.0,3.46
2017-06-03 09:06:48.998016,54.330529,-165.909336,1470.0,3.46,1470.0,3.46
2017-06-03 09:06:49.497217,54.330538,-165.909321,1470.0,3.46,1470.0,3.46
2017-06-03 09:06:49.996416,54.330566,-165.909277,1470.0,3.46,1470.0,3.46
2017-06-03 09:06:50.495619,54.330575,-165.909263,1470.0,3.46,1470.0,3.46
2017-06-03 09:06:50.994818,54.330601,-165.909219,1470.0,3.46,1470.0,3.46
2017-06-03 09:06:51.494020,54.33061,-165.909204,1470.0,3.46,1470.0,3.46
2017-06-03 09:06:51.993219,54.330636,-165.909159,1470.0,3.46,1470.0,3.46
2017-06-03 09:06:52.492422,54.330645,-165.909144,1470.0,3.46,1470.0,3.46
2017-06-03 09:06:52.991621,54.330671,-165.909101,1470.0,3.46,1470.0,3.46
2017-06-03 09:06:53.490824,54.33068,-165.909086,1470.0,3.46,1470.0,3.46
2017-06-03 09:06:53.990025,54.330706,-165.909041,1470.0,3.46,1470.0,3.46
2017-06-03 09:06:54.489225,54.330714,-165.909027,1470.0,3.46,1470.0,3.46
2017-06-03 09:06:54.988426,54.33074,-165.908985,1470.0,3.46,1470.0,3.46
2017-06-03 09:06:55.487627,54.330749,-165.90897,1470.0,3.46,1470.0,3.46
2017-06-03 09:06:55.986828,54.330776,-165.908924,1470.0,3.46,1470.0,3.46
2017-06-03 09:06:56.486029,54.330784,-165.90891,1470.0,3.46,1470.0,3.46
2017-06-03 09:06:56.985229,54.330809,-165.908867,1470.0,3.46,1470.0,10.61
2017-06-03 09:06:57.484430,54.330817,-165.908852,1470.0,3.46,1470.0,3.46
2017-06-03 09:06:57.999231,54.330843,-165.908806,1470.0,3.46,1470.0,3.46
2017-06-03 09:06:58.498432,54.330851,-165.908791,1470.0,3.46,1470.0,3.46
2017-06-03 09:06:58.997633,54.330878,-165.908746,1470.0,3.46,1470.0,3.46
2017-06-03 09:06:59.496834,54.330886,-165.908731,1470.0,3.46,1470.0,3.46
2017-06-03 09:06:59.996035,54.330913,-165.908686,1470.0,3.46,1470.0,3.46
2017-06-03 09:07:00.495235,54.330921,-165.908671,1470.0,3.46,1470.0,3.46
2017-06-03 09:07:00.994436,54.330946,-165.908627,1470.0,3.46,1470.0,3.46
2017-06-03 09:07:01.493637,54.330954,-165.908612,1470.0,3.46,1470.0,3.46
2017-06-03 09:07:01.992838,54.330979,-165.908566,1470.0,3.46,1470.0,3.46
2017-06-03 09:07:02.492039,54.330988,-165.908551,1470.0,3.46,1470.0,3.46
2017-06-03 09:07:02.991240,54.331014,-165.908504,1470.0,3.46,1470.0,3.46
2017-06-03 09:07:03.490440,54.331023,-165.908489,1470.0,3.46,1470.0,3.46
2017-06-03 09:07:03.989641,54.331048,-165.908444,1470.0,3.46,1470.0,3.46
2017-06-03 09:07:04.488842,54.331056,-165.908429,1470.0,3.46,1470.0,3.46
2017-06-03 09:07:04.988045,54.33108,-165.908385,1470.0,3.46,1470.0,3.46
2017-06-03 09:07:05.487244,54.331089,-165.90837,1470.0,3.46,1470.0,3.46
2017-06-03 09:07:05.986446,54.331114,-165.908321,1470.0,3.46,1470.0,3.46
2017-06-03 09:07:06.485645,54.331123,-165.908306,1470.0,9.86,1470.0,3.46
2017-06-03 09:07:06.984848,54.331147,-165.90826,1470.0,3.46,1470.0,3.46
2017-06-03 09:07:07.484047,54.331155,-165.908245,1470.0,3.46,1470.0,3.46
2017-06-03 09:07:07.998850,54.331182,-165.908198,1470.0,3.46,1470.0,7.23
2017-06-03 09:07:08.498051,54.33119,-165.908183,1470.0,3.46,1470.0,3.46
2017-06-03 09:07:08.997252,54.331214,-165.908139,1470.0,3.46,1470.0,3.46
2017-06-03 09:07:09.496452,54.331223,-165.908124,1470.0,3.46,1470.0,3.46
2017-06-03 09:07:09.995653,54.331248,-165.908077,1470.0,3.46,1470.0,3.46
2017-06-03 09:07:10.494854,54.331256,-165.908063,1470.0,3.46,1470.0,3.46
2017-06-03 09:07:10.994053,54.331283,-165.908017,1470.0,3.46,1470.0,3.46
2017-06-03 09:07:11.493256,54.331291,-165.908003,1470.0,3.46,1470.0,264.25
2017-06-03 09:07:11.992455,54.331316,-165.907959,1470.0,3.46,1470.0,3.46
2017-06-03 09:07:12.491657,54.331325,-165.907944,1470.0,3.46,1470.0,3.46
2017-06-03 09:07:12.990856,54.331351,-165.907901,1470.0,3.46,1470.0,3.46
2017-06-03 09:07:13.490059,54.331359,-165.907886,1470.0,3.46,1470.0,3.46
2017-06-03 09:07:13.989260,54.331384,-165.907841,1470.0,3.46,1470.0,3.46
2017-06-03 09:07:14.488461,54.331393,-165.907826,1470.0,3.46,1470.0,3.46
2017-06-03 09:07:14.987661,54.331419,-165.907782,1470.0,3.46,1470.0,3.46
2017-06-03 09:07:15.486862,54.331427,-165.907767,1470.0,3.46,1470.0,3.46
2017-06-03 09:07:15.986063,54.331454,-165.907721,1470.0,3.46,1470.0,3.46
2017-06-03 09:07:16.485264,54.331463,-165.907706,1470.0,3.46,1470.0,3.46
2017-06-03 09:07:16.984465,54.331487,-165.907663,1470.0,3.46,1470.0,3.46
2017-06-03 09:07:17.499266,54.331496,-165.907647,1470.0,3.46,1470.0,3.46
2017-06-03 09:07:17.998466,54.331523,-165.907601,1470.0,3.46,1470.0,3.46
2017-06-03 09:07:18.497667,54.331532,-165.907587,1470.0,10.24,1470.0,3.46
2017-06-03 09:07:18.996868,54.331558,-165.907544,1470.0,3.46,1470.0,3.46
2017-06-03 09:07:19.496069,54.331566,-165.907529,1470.0,3.46,1470.0,3.46
2017-06-03 09:07:19.995270,54.331593,-165.907486,1470.0,3.46,1470.0,3.46
2017-06-03 09:07:20.494471,54.331601,-165.907471,1470.0,3.46,1470.0,3.46
2017-06-03 09:07:20.993671,54.331628,-165.907429,1470.0,3.46,1470.0,3.46
2017-06-03 09:07:21.492872,54.331636,-165.907414,1470.0,3.46,1470.0,3.46
2017-06-03 09:07:21.992073,54.331663,-165.907369,1470.0,3.46,1470.0,281.0
2017-06-03 09:07:22.491274,54.331671,-165.907355,1470.0,3.46,1470.0,3.46
2017-06-03 09:07:22.990475,54.331695,-165.907312,1470.0,3.46,1470.0,3.46
2017-06-03 09:07:23.489676,54.331704,-165.907297,1470.0,3.46,1470.0,3.46
2017-06-03 09:07:23.988876,54.331731,-165.907252,1470.0,3.46,1470.0,3.46
2017-06-03 09:07:24.488077,54.33174,-165.907238,1470.0,3.46,1470.0,3.46
2017-06-03 09:07:24.987280,54.331768,-165.907195,1470.0,3.46,1470.0,3.46
2017-06-03 09:07:25.486479,54.331776,-165.907181,1470.0,3.46,1470.0,3.46
2017-06-03 09:07:25.985682,54.331801,-165.907137,1470.0,3.46,1470.0,3.46
2017-06-03 09:07:26.484880,54.331809,-165.907123,1470.0,3.46,1470.0,3.46
2017-06-03 09:07:26.984083,54.331835,-165.90708,1470.0,3.46,1470.0,3.46
2017-06-03 09:07:27.498882,54.331845,-165.907064,1470.0,3.46,1470.0,3.46
2017-06-03 09:07:27.998085,54.331871,-165.907019,1470.0,14.38,1470.0,3.46
2017-06-03 09:07:28.497284,54.33188,-165.907004,1470.0,3.46,1470.0,3.46
2017-06-03 09:07:28.996487,54.331906,-165.906961,1470.0,3.46,1470.0,3.46
2017-06-03 09:07:29.495686,54.331915,-165.906946,1470.0,3.46,1470.0,3.46
2017-06-03 09:07:29.994888,54.331943,-165.906902,1470.0,3.46,1470.0,3.46
2017-06-03 09:07:30.494089,54.331952,-165.906888,1470.0,3.46,1470.0,3.46
2017-06-03 09:07:30.993290,54.331979,-165.906845,1470.0,3.46,1470.0,3.46
2017-06-03 09:07:31.492491,54.331988,-165.906832,1470.0,3.46,1470.0,3.46
2017-06-03 09:07:31.991690,54.332016,-165.90679,1470.0,3.46,1470.0,3.46
2017-06-03 09:07:32.490892,54.332024,-165.906777,1470.0,3.46,1470.0,3.46
2017-06-03 09:07:32.990091,54.33205,-165.906737,1470.0,3.46,1470.0,3.46
2017-06-03 09:07:33.489294,54.332059,-165.906722,1470.0,3.46,1470.0,3.46
2017-06-03 09:07:33.988493,54.332086,-165.906677,1470.0,3.46,1470.0,3.46
2017-06-03 09:07:34.487696,54.332094,-165.906663,1470.0,3.46,1470.0,3.46
2017-06-03 09:07:34.986897,54.332119,-165.906619,1470.0,3.46,1470.0,3.46
2017-06-03 09:07:35.486097,54.332127,-165.906603,1470.0,3.46,1470.0,3.46
2017-06-03 09:07:35.985298,54.332153,-165.906556,1470.0,3.46,1470.0,3.46
2017-06-03 09:07:36.484499,54.332161,-165.906541,1470.0,3.46,1470.0,3.46
2017-06-03 09:07:36.999300,54.332188,-165.906496,1470.0,3.46,1470.0,3.46
2017-06-03 09:07:37.498501,54.332197,-165.906481,1470.0,3.46,1470.0,3.46
2017-06-03 09:07:37.997702,54.332224,-165.906437,1470.0,3.46,1470.0,3.46
2017-06-03 09:07:38.496902,54.332233,-165.906423,1470.0,3.46,1470.0,3.46
2017-06-03 09:07:38.996103,54.332261,-165.906382,1470.0,3.46,1470.0,3.46
2017-06-03 09:07:39.495304,54.33227,-165.906368,1470.0,3.46,1470.0,3.46
2017-06-03 09:07:39.994505,54.332298,-165.906325,1470.0,3.46,1470.0,3.46
2017-06-03 09:07:40.493706,54.332306,-165.906311,1470.0,3.46,1470.0,3.46
2017-06-03 09:07:40.992907,54.332333,-165.906267,1470.0,3.46,1470.0,3.46
2017-06-03 09:07:41.492107,54.332341,-165.906253,1470.0,3.46,1470.0,3.46
2017-06-03 09:07:41.991308,54.332368,-165.906207,1470.0,3.46,1470.0,3.46
2017-06-03 09:07:42.490509,54.332376,-165.906193,1470.0,3.46,1470.0,3.46
2017-06-03 09:07:42.989710,54.3324,-165.90615,1470.0,3.46,1470.0,3.46
2017-06-03 09:07:43.488911,54.332409,-165.906136,1470.0,3.46,1470.0,3.46
2017-06-03 09:07:43.988111,54.332434,-165.906091,1470.0,3.46,1470.0,3.46
2017-06-03 09:07:44.487312,54.332443,-165.906076,1470.0,3.46,1470.0,3.46
2017-06-03 09:07:44.986515,54.332469,-165.906033,1470.0,3.46,1470.0,3.46
2017-06-03 09:07:45.485714,54.332477,-165.906019,1470.0,3.46,1470.0,3.46
2017-06-03 09:07:45.984917,54.332505,-165.905975,1470.0,3.46,1470.0,3.46
2017-06-03 09:07:46.484116,54.332514,-165.905961,1470.0,3.46,1470.0,3.46
2017-06-03 09:07:46.998919,54.332539,-165.905916,1470.0,3.46,1470.0,3.46
2017-06-03 09:07:47.498117,54.332548,-165.905901,1470.0,3.46,1470.0,3.46
2017-06-03 09:07:47.997320,54.332573,-165.905856,1470.0,3.46,1470.0,3.46
2017-06-03 09:07:48.496519,54.332581,-165.905841,1470.0,3.46,1470.0,3.46
2017-06-03 09:07:48.995722,54.332606,-165.905796,1470.0,3.46,1470.0,3.46
2017-06-03 09:07:49.494921,54.332615,-165.905781,1470.0,3.46,1470.0,3.46
2017-06-03 09:07:49.994123,54.332641,-165.905737,1470.0,3.46,1470.0,3.46
2017-06-03 09:07:50.493324,54.33265,-165.905723,1470.0,3.46,1470.0,3.46
2017-06-03 09:07:50.992525,54.332678,-165.90568,1470.0,3.46,1470.0,3.46
2017-06-03 09:07:51.491726,54.332686,-165.905666,1470.0,3.46,1470.0,3.46
2017-06-03 09:07:51.990927,54.332711,-165.905622,1470.0,3.46,1470.0,3.46
2017-06-03 09:07:52.490128,54.332719,-165.905607,1470.0,3.46,1470.0,3.46
2017-06-03 09:07:52.989326,54.332742,-165.905562,1470.0,3.46,1470.0,3.46
2017-06-03 09:07:53.488529,54.33275,-165.905547,1470.0,3.46,1470.0,3.46
2017-06-03 09:07:53.987728,54.332774,-165.905498,1470.0,3.46,1470.0,3.46
2017-06-03 09:07:54.486931,54.332783,-165.905483,1470.0,3.46,1470.0,3.46
2017-06-03 09:07:54.986130,54.332807,-165.905439,1470.0,3.46,1470.0,3.46
2017-06-03 09:07:55.485332,54.332815,-165.905424,1470.0,3.46,1470.0,157.94
2017-06-03 09:07:55.984533,54.332842,-165.905377,1470.0,3.46,1470.0,3.46
2017-06-03 09:07:56.499334,54.332851,-165.905361,1470.0,3.46,1470.0,3.46
2017-06-03 09:07:56.998535,54.332878,-165.905316,1470.0,3.46,1470.0,3.46
2017-06-03 09:07:57.497736,54.332886,-165.905301,1470.0,3.46,1470.0,3.46
2017-06-03 09:07:57.996937,54.332911,-165.905257,1470.0,3.46,1470.0,3.46
2017-06-03 09:07:58.496138,54.33292,-165.905243,1470.0,3.46,1470.0,3.46
2017-06-03 09:07:58.995338,54.332946,-165.905199,1470.0,3.46,1470.0,3.46
2017-06-03 09:07:59.494539,54.332955,-165.905185,1470.0,3.46,1470.0,3.46
2017-06-03 09:07:59.993740,54.332981,-165.905142,1470.0,3.46,1470.0,3.46
2017-06-03 09:08:00.492941,54.33299,-165.905128,1470.0,3.46,1470.0,3.46
2017-06-03 09:08:00.992142,54.333016,-165.905082,1470.0,3.46,1470.0,3.46
2017-06-03 09:08:01.491343,54.333024,-165.905068,1470.0,3.46,1470.0,3.46
2017-06-03 09:08:01.990543,54.333049,-165.905024,1470.0,3.46,1470.0,3.46
2017-06-03 09:08:02.489744,54.333058,-165.90501,1470.0,3.46,1470.0,3.46
2017-06-03 09:08:02.988945,54.333082,-165.904967,1470.0,3.46,1470.0,3.46
2017-06-03 09:08:03.488146,54.33309,-165.904952,1470.0,3.46,1470.0,3.46
2017-06-03 09:08:03.987347,54.333116,-165.904904,1470.0,3.46,1470.0,3.46
2017-06-03 09:08:04.486547,54.333124,-165.904889,1470.0,3.46,1470.0,3.46
2017-06-03 09:08:04.985750,54.333147,-165.904845,1470.0,3.46,1470.0,3.46
2017-06-03 09:08:05.484949,54.333155,-165.904831,1470.0,3.46,1470.0,3.46
2017-06-03 09:08:05.984152,54.333182,-165.904787,1470.0,3.46,1470.0,3.46
2017-06-03 09:08:06.498951,54.333192,-165.904771,1470.0,3.46,1470.0,3.46
2017-06-03 09:08:06.998154,54.333219,-165.904727,1470.0,3.46,1470.0,3.46
2017-06-03 09:08:07.497353,54.333228,-165.904713,1470.0,3.46,1470.0,3.46
2017-06-03 09:08:07.996555,54.333256,-165.904672,1470.0,3.46,1470.0,3.46
2017-06-03 09:08:08.495754,54.333265,-165.904658,1470.0,3.46,1470.0,3.46
2017-06-03 09:08:08.994957,54.333293,-165.904617,1470.0,3.46,1470.0,3.46
2017-06-03 09:08:09.494156,54.333301,-165.904603,1470.0,18.89,1470.0,3.46
2017-06-03 09:08:09.993359,54.333328,-165.90456,1470.0,17.95,1470.0,3.46
2017-06-03 09:08:10.492559,54.333336,-165.904546,1470.0,5.72,1470.0,3.46
2017-06-03 09:08:10.991760,54.333361,-165.904502,1470.0,16.63,1470.0,22.84
2017-06-03 09:08:11.490961,54.333369,-165.904487,1470.0,3.46,1470.0,3.84
2017-06-03 09:08:11.990162,54.333394,-165.904441,1470.0,3.84,1470.0,3.84
2017-06-03 09:08:12.489363,54.333403,-165.904426,1470.0,3.65,1470.0,3.65
2017-06-03 09:08:12.988564,54.333427,-165.904382,1470.0,3.46,1470.0,4.03
2017-06-03 09:08:13.487764,54.333436,-165.904367,1470.0,3.46,1470.0,3.46
2017-06-03 09:08:13.986963,54.333463,-165.904322,1470.0,3.46,1470.0,3.46
2017-06-03 09:08:14.486166,54.333471,-165.904309,1470.0,3.46,1470.0,3.46
2017-06-03 09:08:14.985365,54.333497,-165.904268,1470.0,4.59,1470.0,3.84
2017-06-03 09:08:15.484568,54.333506,-165.904255,1470.0,4.22,1470.0,3.65
2017-06-03 09:08:15.999369,54.333534,-165.904212,1470.0,3.46,1470.0,3.65
2017-06-03 09:08:16.498569,54.333544,-165.904198,1470.0,8.54,1470.0,7.98
2017-06-03 09:08:16.997770,54.333572,-165.904157,1470.0,9.67,1470.0,8.17
2017-06-03 09:08:17.496971,54.333581,-165.904143,1470.0,8.92,1470.0,10.99
2017-06-03 09:08:17.996172,54.333608,-165.9041,1470.0,10.99,1470.0,11.37
2017-06-03 09:08:18.495373,54.333616,-165.904086,1470.0,12.87,1470.0,3.46
2017-06-03 09:08:18.994574,54.333641,-165.904041,1470.0,3.46,1470.0,3.46
2017-06-03 09:08:19.493774,54.333649,-165.904026,1470.0,3.46,1470.0,3.46
2017-06-03 09:08:19.992975,54.333673,-165.903979,1470.0,3.46,1470.0,3.46
2017-06-03 09:08:20.492176,54.333681,-165.903964,1470.0,3.46,1470.0,3.46
2017-06-03 09:08:20.991377,54.333707,-165.903919,1470.0,3.46,1470.0,3.46
2017-06-03 09:08:21.490578,54.333716,-165.903904,1470.0,3.46,1470.0,3.46
2017-06-03 09:08:21.989779,54.333743,-165.903859,1470.0,3.46,1470.0,3.46
2017-06-03 09:08:22.488979,54.333751,-165.903845,1470.0,3.46,1470.0,8.92
2017-06-03 09:08:22.988180,54.333778,-165.903803,1470.0,3.46,1470.0,3.46
2017-06-03 09:08:23.487381,54.333787,-165.903789,1470.0,3.46,1470.0,3.46
2017-06-03 09:08:23.986582,54.333814,-165.903746,1470.0,3.46,1470.0,3.46
2017-06-03 09:08:24.485783,54.333823,-165.903731,1470.0,3.46,1470.0,3.46
2017-06-03 09:08:24.984983,54.333847,-165.903687,1470.0,3.46,1470.0,3.46
2017-06-03 09:08:25.484184,54.333855,-165.903673,1470.0,11.37,1470.0,11.18
2017-06-03 09:08:25.998987,54.333881,-165.903627,1470.0,3.46,1470.0,3.46
2017-06-03 09:08:26.498186,54.33389,-165.903613,1470.0,3.46,1470.0,3.46
2017-06-03 09:08:26.997389,54.333916,-165.903569,1470.0,3.46,1470.0,3.46
2017-06-03 09:08:27.496588,54.333925,-165.903555,1470.0,3.46,1470.0,3.46
2017-06-03 09:08:27.995790,54.333951,-165.903512,1470.0,3.46,1470.0,3.46
2017-06-03 09:08:28.494989,54.333959,-165.903498,1470.0,3.46,1470.0,3.46
2017-06-03 09:08:28.994192,54.333984,-165.903452,1470.0,3.46,1470.0,3.46
2017-06-03 09:08:29.493391,54.333993,-165.903438,1470.0,3.46,1470.0,3.46
2017-06-03 09:08:29.992594,54.334018,-165.903392,1470.0,3.46,1470.0,3.46
2017-06-03 09:08:30.491795,54.334026,-165.903377,1470.0,3.46,1470.0,3.46
2017-06-03 09:08:30.990995,54.33405,-165.903331,1470.0,3.46,1470.0,3.46
2017-06-03 09:08:31.490196,54.334058,-165.903316,1470.0,3.46,1470.0,272.91
2017-06-03 09:08:31.989397,54.334084,-165.903269,1470.0,3.46,1470.0,3.46
2017-06-03 09:08:32.488598,54.334093,-165.903254,1470.0,3.46,1470.0,3.46
2017-06-03 09:08:32.987799,54.334119,-165.90321,1470.0,3.46,1470.0,3.46
2017-06-03 09:08:33.487000,54.334127,-165.903196,1470.0,3.46,1470.0,3.46
2017-06-03 09:08:33.986200,54.334155,-165.903155,1470.0,3.46,1470.0,3.46
2017-06-03 09:08:34.485401,54.334164,-165.903141,1470.0,3.46,1470.0,3.46
2017-06-03 09:08:34.984600,54.334192,-165.9031,1470.0,3.46,1470.0,3.46
2017-06-03 09:08:35.483803,54.334201,-165.903086,1470.0,3.46,1470.0,3.46
2017-06-03 09:08:35.998604,54.334229,-165.903044,1470.0,3.46,1470.0,3.46
2017-06-03 09:08:36.497805,54.334238,-165.903029,1470.0,3.46,1470.0,3.46
2017-06-03 09:08:36.997005,54.334263,-165.902986,1470.0,3.46,1470.0,3.46
2017-06-03 09:08:37.496206,54.334271,-165.902971,1470.0,3.46,1470.0,3.46
2017-06-03 09:08:37.995407,54.334296,-165.902926,1470.0,3.46,1470.0,3.46
2017-06-03 09:08:38.494608,54.334304,-165.902911,1470.0,3.46,1470.0,3.46
2017-06-03 09:08:38.993809,54.334329,-165.902867,1470.0,3.46,1470.0,3.46
2017-06-03 09:08:39.493010,54.334338,-165.902853,1470.0,3.46,1470.0,3.46
2017-06-03 09:08:39.992210,54.334363,-165.90281,1470.0,3.46,1470.0,3.46
2017-06-03 09:08:40.491411,54.334371,-165.902796,1470.0,3.46,1470.0,3.46
2017-06-03 09:08:40.990612,54.334398,-165.902753,1470.0,3.46,1470.0,3.46
2017-06-03 09:08:41.489815,54.334408,-165.90274,1470.0,3.46,1470.0,3.46
2017-06-03 09:08:41.989014,54.334436,-165.902697,1470.0,3.46,1470.0,3.46
2017-06-03 09:08:42.488214,54.334445,-165.902684,1470.0,3.46,1470.0,3.46
2017-06-03 09:08:42.987415,54.334472,-165.902643,1470.0,3.46,1470.0,239.6
2017-06-03 09:08:43.486616,54.33448,-165.902629,1470.0,8.36,1470.0,3.46
2017-06-03 09:08:43.985817,54.334507,-165.902587,1470.0,3.46,1470.0,3.46
2017-06-03 09:08:44.485018,54.334516,-165.902573,1470.0,3.46,1470.0,3.46
2017-06-03 09:08:44.984219,54.334543,-165.90253,1470.0,3.46,1470.0,3.46
2017-06-03 09:08:45.499020,54.334553,-165.902514,1470.0,3.46,1470.0,3.46
2017-06-03 09:08:45.998220,54.334579,-165.902471,1470.0,3.46,1470.0,3.46
2017-06-03 09:08:46.497421,54.334588,-165.902456,1470.0,3.46,1470.0,3.46
2017-06-03 09:08:46.996624,54.334616,-165.902414,1470.0,3.46,1470.0,174.69
2017-06-03 09:08:47.495823,54.334625,-165.9024,1470.0,3.46,1470.0,3.46
2017-06-03 09:08:47.995026,54.334653,-165.902359,1470.0,3.46,1470.0,3.46
2017-06-03 09:08:48.494225,54.334661,-165.902345,1470.0,3.46,1470.0,3.46
2017-06-03 09:08:48.993427,54.334688,-165.902302,1470.0,3.46,1470.0,3.46
2017-06-03 09:08:49.492626,54.334697,-165.902288,1470.0,3.46,1470.0,3.46
2017-06-03 09:08:49.991829,54.334724,-165.902244,1470.0,3.46,1470.0,3.46
2017-06-03 09:08:50.491028,54.334733,-165.90223,1470.0,3.46,1470.0,3.46
2017-06-03 09:08:50.990231,54.334759,-165.902187,1470.0,3.46,1470.0,3.46
2017-06-03 09:08:51.489431,54.334767,-165.902172,1470.0,3.46,1470.0,3.46
2017-06-03 09:08:51.988632,54.334793,-165.902126,1470.0,3.46,1470.0,3.46
2017-06-03 09:08:52.487833,54.334801,-165.902111,1470.0,3.46,1470.0,3.46
2017-06-03 09:08:52.987034,54.334825,-165.902067,1470.0,3.46,1470.0,219.28
2017-06-03 09:08:53.486235,54.334834,-165.902052,1470.0,3.46,1470.0,3.46
2017-06-03 09:08:53.985435,54.33486,-165.902007,1470.0,3.46,1470.0,3.46
2017-06-03 09:08:54.484636,54.334869,-165.901992,1470.0,3.46,1470.0,3.46
2017-06-03 09:08:54.983837,54.334895,-165.901947,1470.0,3.46,1470.0,3.46
2017-06-03 09:08:55.498638,54.334905,-165.901931,1470.0,3.46,1470.0,3.46
2017-06-03 09:08:55.997839,54.334933,-165.901889,1470.0,3.46,1470.0,3.46
2017-06-03 09:08:56.497040,54.334941,-165.901874,1470.0,3.46,1470.0,3.46
2017-06-03 09:08:56.996241,54.334966,-165.901831,1470.0,3.46,1470.0,3.46
2017-06-03 09:08:57.495441,54.334975,-165.901816,1470.0,3.46,1470.0,3.46
2017-06-03 09:08:57.994642,54.335001,-165.901771,1470.0,3.46,1470.0,3.46
2017-06-03 09:08:58.493843,54.335009,-165.901756,1470.0,3.46,1470.0,7.23
2017-06-03 09:08:58.993044,54.335034,-165.901709,1470.0,3.46,1470.0,3.46
2017-06-03 09:08:59.492245,54.335043,-165.901694,1470.0,3.46,1470.0,3.46
2017-06-03 09:08:59.991446,54.335068,-165.901651,1470.0,3.46,1470.0,3.46
2017-06-03 09:09:00.490646,54.335076,-165.901636,1470.0,3.46,1470.0,3.46
2017-06-03 09:09:00.989847,54.335102,-165.901592,1470.0,3.46,1470.0,3.46
2017-06-03 09:09:01.489050,54.335111,-165.901578,1470.0,3.46,1470.0,3.46
2017-06-03 09:09:01.988249,54.335139,-165.901534,1470.0,3.46,1470.0,3.46
2017-06-03 09:09:02.487452,54.335148,-165.90152,1470.0,3.46,1470.0,3.46
2017-06-03 09:09:02.986650,54.335175,-165.901477,1470.0,3.46,1470.0,3.46
2017-06-03 09:09:03.485851,54.335184,-165.901463,1470.0,3.46,1470.0,3.46
2017-06-03 09:09:03.985052,54.335211,-165.901419,1470.0,3.46,1470.0,3.46
2017-06-03 09:09:04.484253,54.33522,-165.901405,1470.0,3.46,1470.0,3.46
2017-06-03 09:09:04.999054,54.335248,-165.901362,1470.0,3.46,1470.0,3.46
2017-06-03 09:09:05.498255,54.335256,-165.901348,1470.0,3.46,1470.0,3.46
2017-06-03 09:09:05.997456,54.335281,-165.901304,1470.0,3.46,1470.0,3.46
2017-06-03 09:09:06.496656,54.335289,-165.901289,1470.0,3.46,1470.0,3.46
2017-06-03 09:09:06.995859,54.335314,-165.901246,1470.0,3.46,1470.0,3.46
2017-06-03 09:09:07.495058,54.335323,-165.901231,1470.0,3.46,1470.0,3.46
2017-06-03 09:09:07.994261,54.335348,-165.901186,1470.0,3.46,1470.0,3.46
2017-06-03 09:09:08.493460,54.335356,-165.901171,1470.0,3.46,1470.0,3.46
2017-06-03 09:09:08.992662,54.33538,-165.901128,1470.0,3.46,1470.0,3.46
2017-06-03 09:09:09.491861,54.335389,-165.901114,1470.0,3.46,1470.0,3.46
2017-06-03 09:09:09.991064,54.335416,-165.901067,1470.0,3.46,1470.0,3.46
2017-06-03 09:09:10.490263,54.335425,-165.901053,1470.0,3.46,1470.0,3.46
2017-06-03 09:09:10.989466,54.335452,-165.90101,1470.0,3.46,1470.0,3.46
2017-06-03 09:09:11.488665,54.335461,-165.900996,1470.0,3.46,1470.0,3.46
2017-06-03 09:09:11.987867,54.335488,-165.900951,1470.0,3.46,1470.0,151.17
2017-06-03 09:09:12.487068,54.335496,-165.900936,1470.0,3.46,1470.0,3.46
2017-06-03 09:09:12.986269,54.335522,-165.90089,1470.0,3.46,1470.0,3.46
2017-06-03 09:09:13.485470,54.33553,-165.900876,1470.0,3.46,1470.0,3.46
2017-06-03 09:09:13.984671,54.335557,-165.90083,1470.0,3.46,1470.0,3.46
2017-06-03 09:09:14.483871,54.335565,-165.900816,1470.0,3.46,1470.0,3.46
2017-06-03 09:09:14.998671,54.335593,-165.900769,1470.0,3.46,1470.0,3.46
2017-06-03 09:09:15.497873,54.335601,-165.900754,1470.0,3.46,1470.0,3.46
2017-06-03 09:09:15.997072,54.335628,-165.900711,1470.0,3.46,1470.0,3.46
2017-06-03 09:09:16.496275,54.335636,-165.900696,1470.0,3.46,1470.0,3.46
2017-06-03 09:09:16.995476,54.335663,-165.900654,1470.0,3.46,1470.0,3.46
2017-06-03 09:09:17.494677,54.335671,-165.90064,1470.0,3.46,1470.0,3.46
2017-06-03 09:09:17.993877,54.335698,-165.900597,1470.0,3.46,1470.0,3.46
2017-06-03 09:09:18.493078,54.335706,-165.900583,1470.0,3.46,1470.0,3.46
2017-06-03 09:09:18.992279,54.335731,-165.900539,1470.0,3.46,1470.0,3.46
2017-06-03 09:09:19.491480,54.335739,-165.900524,1470.0,3.46,1470.0,3.46
2017-06-03 09:09:19.990681,54.335764,-165.900477,1470.0,3.46,1470.0,3.46
2017-06-03 09:09:20.489882,54.335773,-165.900462,1470.0,3.46,1470.0,266.51
2017-06-03 09:09:20.989082,54.335797,-165.900417,1470.0,3.46,1470.0,3.46
2017-06-03 09:09:21.488283,54.335806,-165.900402,1470.0,3.46,1470.0,223.05
2017-06-03 09:09:21.987484,54.335833,-165.900356,1470.0,3.46,1470.0,3.46
2017-06-03 09:09:22.486687,54.335841,-165.900342,1470.0,3.46,1470.0,3.46
2017-06-03 09:09:22.985886,54.335868,-165.9003,1470.0,3.46,1470.0,3.46
2017-06-03 09:09:23.485088,54.335877,-165.900286,1470.0,3.46,1470.0,3.46
2017-06-03 09:09:23.984287,54.335905,-165.900243,1470.0,3.46,1470.0,3.46
2017-06-03 09:09:24.499088,54.335915,-165.900228,1470.0,3.46,1470.0,3.46
2017-06-03 09:09:24.998289,54.335944,-165.900185,1470.0,3.46,1470.0,3.46
2017-06-03 09:09:25.497490,54.335953,-165.900171,1470.0,3.46,1470.0,3.46
2017-06-03 09:09:25.996691,54.335981,-165.900129,1470.0,3.46,1470.0,3.46
2017-06-03 09:09:26.495892,54.33599,-165.900114,1470.0,3.46,1470.0,3.46
2017-06-03 09:09:26.995094,54.336016,-165.900071,1470.0,3.46,1470.0,3.46
2017-06-03 09:09:27.494293,54.336025,-165.900056,1470.0,3.46,1470.0,3.46
2017-06-03 09:09:27.993496,54.336051,-165.900012,1470.0,3.46,1470.0,9.67
2017-06-03 09:09:28.492695,54.336059,-165.899998,1470.0,3.46,1470.0,3.46
2017-06-03 09:09:28.991898,54.336084,-165.899955,1470.0,3.46,1470.0,276.48
2017-06-03 09:09:29.491096,54.336092,-165.899941,1470.0,3.46,1470.0,3.46
2017-06-03 09:09:29.990299,54.336118,-165.899896,1470.0,3.46,1470.0,3.46
2017-06-03 09:09:30.489498,54.336126,-165.899881,1470.0,3.46,1470.0,3.46
2017-06-03 09:09:30.988701,54.336152,-165.899838,1470.0,3.46,1470.0,3.46
2017-06-03 09:09:31.487900,54.336161,-165.899824,1470.0,3.46,1470.0,3.46
2017-06-03 09:09:31.987103,54.336188,-165.899782,1470.0,3.46,1470.0,3.46
2017-06-03 09:09:32.486303,54.336198,-165.899768,1470.0,3.46,1470.0,3.46
2017-06-03 09:09:32.985504,54.336227,-165.899725,1470.0,3.46,1470.0,3.46
2017-06-03 09:09:33.484705,54.336236,-165.899711,1470.0,3.46,1470.0,3.46
2017-06-03 09:09:33.983906,54.336263,-165.899668,1470.0,3.46,1470.0,3.46
2017-06-03 09:09:34.498707,54.336273,-165.899653,1470.0,3.46,1470.0,3.46
2017-06-03 09:09:34.997906,54.336299,-165.899609,1470.0,3.46,1470.0,3.46
2017-06-03 09:09:35.497108,54.336308,-165.899594,1470.0,3.46,1470.0,3.46
2017-06-03 09:09:35.996307,54.336334,-165.899547,1470.0,3.46,1470.0,3.46
2017-06-03 09:09:36.495510,54.336343,-165.899533,1470.0,3.46,1470.0,3.46
2017-06-03 09:09:36.994709,54.336371,-165.899489,1470.0,3.46,1470.0,3.46
2017-06-03 09:09:37.493912,54.33638,-165.899475,1470.0,3.46,1470.0,3.46
2017-06-03 09:09:37.993113,54.336406,-165.899432,1470.0,3.46,1470.0,3.46
2017-06-03 09:09:38.492313,54.336415,-165.899419,1470.0,3.46,1470.0,3.46
2017-06-03 09:09:38.991514,54.336442,-165.899378,1470.0,3.46,1470.0,3.46
2017-06-03 09:09:39.490715,54.336451,-165.899364,1470.0,3.46,1470.0,3.46
2017-06-03 09:09:39.989916,54.336478,-165.899319,1470.0,3.46,1470.0,3.46
2017-06-03 09:09:40.489117,54.336486,-165.899305,1470.0,3.46,1470.0,3.46
2017-06-03 09:09:40.988317,54.336512,-165.899263,1470.0,3.46,1470.0,197.64
2017-06-03 09:09:41.487518,54.33652,-165.899249,1470.0,3.46,1470.0,3.46
2017-06-03 09:09:41.986719,54.336547,-165.899205,1470.0,3.46,1470.0,3.46
2017-06-03 09:09:42.485920,54.336555,-165.899191,1470.0,3.46,1470.0,3.46
2017-06-03 09:09:42.985121,54.336582,-165.899145,1470.0,3.46,1470.0,3.46
2017-06-03 09:09:43.484324,54.336591,-165.899131,1470.0,3.46,1470.0,3.46
2017-06-03 09:09:43.999123,54.336619,-165.899086,1470.0,3.46,1470.0,3.46
2017-06-03 09:09:44.498323,54.336628,-165.899071,1470.0,3.46,1470.0,3.46
2017-06-03 09:09:44.997524,54.336654,-165.899027,1470.0,3.46,1470.0,3.46
2017-06-03 09:09:45.496725,54.336663,-165.899013,1470.0,3.46,1470.0,3.46
2017-06-03 09:09:45.995926,54.336691,-165.898969,1470.0,3.46,1470.0,3.46
2017-06-03 09:09:46.495127,54.3367,-165.898954,1470.0,3.46,1470.0,3.46
2017-06-03 09:09:46.994328,54.336726,-165.898911,1470.0,3.46,1470.0,3.46
2017-06-03 09:09:47.493528,54.336735,-165.898896,1470.0,3.46,1470.0,3.46
2017-06-03 09:09:47.992731,54.336761,-165.898852,1470.0,3.46,1470.0,3.46
2017-06-03 09:09:48.491930,54.336769,-165.898838,1470.0,3.46,1470.0,3.46
2017-06-03 09:09:48.991133,54.336795,-165.898795,1470.0,3.46,1470.0,3.46
2017-06-03 09:09:49.490332,54.336804,-165.898781,1470.0,3.46,1470.0,3.46
2017-06-03 09:09:49.989534,54.336829,-165.898736,1470.0,3.46,1470.0,3.46
2017-06-03 09:09:50.488733,54.336838,-165.898721,1470.0,3.46,1470.0,3.46
2017-06-03 09:09:50.987936,54.336864,-165.898678,1470.0,3.46,1470.0,3.46
2017-06-03 09:09:51.487135,54.336872,-165.898664,1470.0,3.46,1470.0,3.46
2017-06-03 09:09:51.986338,54.336899,-165.898622,1470.0,3.46,1470.0,287.4
2017-06-03 09:09:52.485538,54.336907,-165.898607,1470.0,3.46,1470.0,3.46
2017-06-03 09:09:52.984739,54.336934,-165.898562,1470.0,3.46,1470.0,3.46
2017-06-03 09:09:53.483940,54.336942,-165.898548,1470.0,3.46,1470.0,3.46
2017-06-03 09:09:53.998741,54.336969,-165.898502,1470.0,3.46,1470.0,3.46
2017-06-03 09:09:54.497942,54.336978,-165.898488,1470.0,3.46,1470.0,3.46
2017-06-03 09:09:54.997141,54.337006,-165.898444,1470.0,3.46,1470.0,3.46
2017-06-03 09:09:55.496344,54.337015,-165.89843,1470.0,3.46,1470.0,3.46
2017-06-03 09:09:55.995543,54.337043,-165.898387,1470.0,3.46,1470.0,3.46
2017-06-03 09:09:56.494745,54.337051,-165.898373,1470.0,3.46,1470.0,3.46
2017-06-03 09:09:56.993944,54.337078,-165.898329,1470.0,3.46,1470.0,3.46
2017-06-03 09:09:57.493147,54.337087,-165.898315,1470.0,3.46,1470.0,3.46
2017-06-03 09:09:57.992348,54.337116,-165.898272,1470.0,3.46,1470.0,3.46
2017-06-03 09:09:58.491549,54.337125,-165.898258,1470.0,3.46,1470.0,3.46
2017-06-03 09:09:58.990749,54.337151,-165.898217,1470.0,3.46,1470.0,3.46
2017-06-03 09:09:59.489950,54.33716,-165.898203,1470.0,3.46,1470.0,3.46
2017-06-03 09:09:59.989151,54.337186,-165.898157,1470.0,3.46,1470.0,3.46
2017-06-03 09:10:00.488352,54.337194,-165.898142,1470.0,3.46,1470.0,3.46
2017-06-03 09:10:00.987553,54.337217,-165.898097,1470.0,3.46,1470.0,3.46
2017-06-03 09:10:01.486753,54.337225,-165.898082,1470.0,3.46,1470.0,3.46
2017-06-03 09:10:01.985954,54.33725,-165.898036,1470.0,3.46,1470.0,3.46
2017-06-03 09:10:02.485155,54.337259,-165.898021,1470.0,3.46,1470.0,3.46
2017-06-03 09:10:02.984356,54.337285,-165.897975,1470.0,3.46,1470.0,3.46
2017-06-03 09:10:03.499157,54.337295,-165.89796,1470.0,3.46,1470.0,3.46
2017-06-03 09:10:03.998358,54.337324,-165.897917,1470.0,3.46,1470.0,3.46
2017-06-03 09:10:04.497559,54.337333,-165.897904,1470.0,3.46,1470.0,228.13
2017-06-03 09:10:04.996759,54.337361,-165.897864,1470.0,3.46,1470.0,3.46
2017-06-03 09:10:05.495960,54.33737,-165.89785,1470.0,3.46,1470.0,3.46
2017-06-03 09:10:05.995161,54.337398,-165.897809,1470.0,3.46,1470.0,3.46
2017-06-03 09:10:06.494362,54.337407,-165.897794,1470.0,3.46,1470.0,3.46
2017-06-03 09:10:06.993563,54.337434,-165.897751,1470.0,3.46,1470.0,3.46
2017-06-03 09:10:07.492764,54.337443,-165.897736,1470.0,3.46,1470.0,3.46
2017-06-03 09:10:07.991964,54.337469,-165.897692,1470.0,3.46,1470.0,3.46
2017-06-03 09:10:08.491165,54.337478,-165.897678,1470.0,3.46,1470.0,3.46
2017-06-03 09:10:08.990368,54.337502,-165.897634,1470.0,3.46,1470.0,3.46
2017-06-03 09:10:09.489567,54.33751,-165.897619,1470.0,3.46,1470.0,3.46
2017-06-03 09:10:09.988770,54.337536,-165.897572,1470.0,3.46,1470.0,207.8
2017-06-03 09:10:10.487968,54.337544,-165.897558,1470.0,3.46,1470.0,3.46
2017-06-03 09:10:10.987171,54.33757,-165.897515,1470.0,3.46,1470.0,3.46
2017-06-03 09:10:11.486370,54.337579,-165.897501,1470.0,3.46,1470.0,3.46
2017-06-03 09:10:11.985573,54.337605,-165.897457,1470.0,3.46,1470.0,3.46
2017-06-03 09:10:12.484772,54.337614,-165.897443,1470.0,3.46,1470.0,3.46
2017-06-03 09:10:12.983974,54.337642,-165.8974,1470.0,3.46,1470.0,3.46
2017-06-03 09:10:13.498775,54.337652,-165.897385,1470.0,3.46,1470.0,3.46
2017-06-03 09:10:13.997976,54.337679,-165.897344,1470.0,3.46,1470.0,3.46
2017-06-03 09:10:14.497177,54.337688,-165.89733,1470.0,3.46,1470.0,3.46
2017-06-03 09:10:14.996378,54.337716,-165.897287,1470.0,3.46,1470.0,3.46
2017-06-03 09:10:15.495579,54.337725,-165.897273,1470.0,3.46,1470.0,3.46
2017-06-03 09:10:15.994778,54.337753,-165.89723,1470.0,3.46,1470.0,3.46
2017-06-03 09:10:16.493980,54.337761,-165.897216,1470.0,3.46,1470.0,3.46
2017-06-03 09:10:16.993179,54.337786,-165.897172,1470.0,3.46,1470.0,3.46
2017-06-03 09:10:17.492382,54.337795,-165.897158,1470.0,3.46,1470.0,3.46
2017-06-03 09:10:17.991583,54.337821,-165.897114,1470.0,3.46,1470.0,3.46
2017-06-03 09:10:18.490784,54.337829,-165.897099,1470.0,3.46,1470.0,3.46
2017-06-03 09:10:18.989985,54.337854,-165.897055,1470.0,3.46,1470.0,3.46
2017-06-03 09:10:19.489185,54.337862,-165.897041,1470.0,3.46,1470.0,3.46
2017-06-03 09:10:19.988386,54.337889,-165.896996,1470.0,3.46,1470.0,3.46
2017-06-03 09:10:20.487587,54.337898,-165.896981,1470.0,3.46,1470.0,3.46
2017-06-03 09:10:20.986788,54.337925,-165.896938,1470.0,3.46,1470.0,3.46
2017-06-03 09:10:21.485989,54.337934,-165.896924,1470.0,3.46,1470.0,3.46
2017-06-03 09:10:21.985189,54.33796,-165.896879,1470.0,3.46,1470.0,3.46
2017-06-03 09:10:22.484390,54.337969,-165.896864,1470.0,3.46,1470.0,3.46
2017-06-03 09:10:22.999191,54.337996,-165.896819,1470.0,3.46,1470.0,3.46
2017-06-03 09:10:23.498392,54.338005,-165.896804,1470.0,3.46,1470.0,3.46
2017-06-03 09:10:23.997593,54.338033,-165.896761,1470.0,3.46,1470.0,3.46
2017-06-03 09:10:24.496794,54.338042,-165.896746,1470.0,3.46,1470.0,3.46
2017-06-03 09:10:24.995995,54.338069,-165.896704,1470.0,3.46,1470.0,3.46
2017-06-03 09:10:25.495195,54.338078,-165.896689,1470.0,3.46,1470.0,3.46
2017-06-03 09:10:25.994396,54.338104,-165.896646,1470.0,3.46,1470.0,3.46
2017-06-03 09:10:26.493597,54.338113,-165.896631,1470.0,3.46,1470.0,3.46
2017-06-03 09:10:26.992798,54.338139,-165.896588,1470.0,3.46,1470.0,3.46
2017-06-03 09:10:27.491999,54.338147,-165.896574,1470.0,3.46,1470.0,3.46
2017-06-03 09:10:27.991199,54.338174,-165.896531,1470.0,3.46,1470.0,3.46
2017-06-03 09:10:28.490400,54.338183,-165.896516,1470.0,3.46,1470.0,3.46
2017-06-03 09:10:28.989603,54.338207,-165.896472,1470.0,3.46,1470.0,3.46
2017-06-03 09:10:29.488802,54.338215,-165.896457,1470.0,3.46,1470.0,3.46
2017-06-03 09:10:29.988005,54.33824,-165.896412,1470.0,3.46,1470.0,3.46
2017-06-03 09:10:30.487204,54.338249,-165.896397,1470.0,3.46,1470.0,3.46
2017-06-03 09:10:30.986406,54.338274,-165.896352,1470.0,3.46,1470.0,3.46
2017-06-03 09:10:31.485605,54.338282,-165.896338,1470.0,3.46,1470.0,3.46
2017-06-03 09:10:31.984808,54.33831,-165.896294,1470.0,3.46,1470.0,3.46
2017-06-03 09:10:32.484007,54.338319,-165.896279,1470.0,3.46,1470.0,13.44
2017-06-03 09:10:32.998810,54.338349,-165.896235,1470.0,3.46,1470.0,3.46
2017-06-03 09:10:33.498009,54.338358,-165.896221,1470.0,3.46,1470.0,3.46
2017-06-03 09:10:33.997211,54.338386,-165.896179,1470.0,3.46,1470.0,3.46
2017-06-03 09:10:34.496412,54.338395,-165.896164,1470.0,3.46,1470.0,3.46
2017-06-03 09:10:34.995613,54.338421,-165.896121,1470.0,3.46,1470.0,3.46
2017-06-03 09:10:35.494814,54.338429,-165.896105,1470.0,3.46,1470.0,3.46
2017-06-03 09:10:35.994015,54.338453,-165.896058,1470.0,3.46,1470.0,3.46
2017-06-03 09:10:36.493216,54.338461,-165.896042,1470.0,3.46,1470.0,3.46
2017-06-03 09:10:36.992414,54.338487,-165.895997,1470.0,3.46,1470.0,3.46
2017-06-03 09:10:37.491617,54.338496,-165.895982,1470.0,3.46,1470.0,3.46
2017-06-03 09:10:37.990816,54.338523,-165.895936,1470.0,3.46,1470.0,3.46
2017-06-03 09:10:38.490019,54.338531,-165.895921,1470.0,3.46,1470.0,3.46
2017-06-03 09:10:38.989220,54.338555,-165.895878,1470.0,3.46,1470.0,3.46
2017-06-03 09:10:39.488420,54.338564,-165.895864,1470.0,3.46,1470.0,3.46
2017-06-03 09:10:39.987621,54.338589,-165.895819,1470.0,3.46,1470.0,3.46
2017-06-03 09:10:40.486822,54.338597,-165.895804,1470.0,3.46,1470.0,3.46
2017-06-03 09:10:40.986023,54.338624,-165.89576,1470.0,3.46,1470.0,3.46
2017-06-03 09:10:41.485224,54.338632,-165.895746,1470.0,3.46,1470.0,3.46
2017-06-03 09:10:41.984425,54.338659,-165.895702,1470.0,3.46,1470.0,3.46
2017-06-03 09:10:42.499226,54.338668,-165.895686,1470.0,3.46,1470.0,3.46
2017-06-03 09:10:42.998426,54.338694,-165.895644,1470.0,3.46,1470.0,3.46
2017-06-03 09:10:43.497627,54.338703,-165.895629,1470.0,3.46,1470.0,260.49
2017-06-03 09:10:43.996828,54.338731,-165.895586,1470.0,3.46,1470.0,3.46
2017-06-03 09:10:44.496029,54.33874,-165.895571,1470.0,3.46,1470.0,3.46
2017-06-03 09:10:44.995230,54.338766,-165.895526,1470.0,3.46,1470.0,3.46
2017-06-03 09:10:45.494431,54.338774,-165.895511,1470.0,3.46,1470.0,3.46
2017-06-03 09:10:45.993631,54.338799,-165.895467,1470.0,3.46,1470.0,3.46
2017-06-03 09:10:46.492832,54.338808,-165.895452,1470.0,3.46,1470.0,3.46
2017-06-03 09:10:46.992033,54.338834,-165.895406,1470.0,3.46,1470.0,3.46
2017-06-03 09:10:47.491234,54.338843,-165.895391,1470.0,3.46,1470.0,3.46
2017-06-03 09:10:47.990435,54.338871,-165.895346,1470.0,3.46,1470.0,3.46
2017-06-03 09:10:48.489635,54.33888,-165.895332,1470.0,3.46,1470.0,6.1
2017-06-03 09:10:48.988838,54.338907,-165.895292,1470.0,3.46,1470.0,3.46
2017-06-03 09:10:49.488037,54.338915,-165.895278,1470.0,3.46,1470.0,3.46
2017-06-03 09:10:49.987240,54.338942,-165.895235,1470.0,3.46,1470.0,3.46
2017-06-03 09:10:50.486439,54.33895,-165.895221,1470.0,3.46,1470.0,3.46
2017-06-03 09:10:50.985641,54.338975,-165.895175,1470.0,3.46,1470.0,3.46
2017-06-03 09:10:51.484840,54.338984,-165.895161,1470.0,3.46,1470.0,3.46
2017-06-03 09:10:51.984043,54.33901,-165.895115,1470.0,3.46,1470.0,3.46
2017-06-03 09:10:52.498842,54.33902,-165.8951,1470.0,3.46,1470.0,3.46
2017-06-03 09:10:52.998045,54.339046,-165.895057,1470.0,3.46,1470.0,3.46
2017-06-03 09:10:53.497244,54.339055,-165.895043,1470.0,3.46,1470.0,3.46
2017-06-03 09:10:53.996447,54.339083,-165.894999,1470.0,3.46,1470.0,3.46
2017-06-03 09:10:54.495647,54.339092,-165.894985,1470.0,3.46,1470.0,3.46
2017-06-03 09:10:54.994848,54.339119,-165.894942,1470.0,3.46,1470.0,3.46
2017-06-03 09:10:55.494049,54.339128,-165.894928,1470.0,3.46,1470.0,3.46
2017-06-03 09:10:55.993250,54.339156,-165.894887,1470.0,3.46,1470.0,3.46
2017-06-03 09:10:56.492451,54.339164,-165.894873,1470.0,3.46,1470.0,3.46
2017-06-03 09:10:56.991652,54.33919,-165.89483,1470.0,3.46,1470.0,3.46
2017-06-03 09:10:57.490852,54.339199,-165.894815,1470.0,3.46,1470.0,3.46
2017-06-03 09:10:57.990051,54.339226,-165.894769,1470.0,3.46,1470.0,3.46
2017-06-03 09:10:58.489254,54.339235,-165.894755,1470.0,3.46,1470.0,227.56
2017-06-03 09:10:58.988453,54.339262,-165.894712,1470.0,3.46,1470.0,3.46
2017-06-03 09:10:59.487656,54.339271,-165.894698,1470.0,3.46,1470.0,3.46
2017-06-03 09:10:59.986856,54.339298,-165.894655,1470.0,3.46,1470.0,3.46
2017-06-03 09:11:00.486057,54.339307,-165.894641,1470.0,3.46,1470.0,3.46
2017-06-03 09:11:00.985258,54.339334,-165.894598,1470.0,3.46,1470.0,3.46
2017-06-03 09:11:01.484459,54.339342,-165.894584,1470.0,3.46,1470.0,3.46
2017-06-03 09:11:01.999260,54.339371,-165.89454,1470.0,3.46,1470.0,3.46
2017-06-03 09:11:02.498461,54.33938,-165.894526,1470.0,3.46,1470.0,3.46
2017-06-03 09:11:02.997662,54.339406,-165.894484,1470.0,3.46,1470.0,3.46
2017-06-03 09:11:03.496862,54.339415,-165.89447,1470.0,3.46,1470.0,3.46
2017-06-03 09:11:03.996063,54.339443,-165.894427,1470.0,3.46,1470.0,3.46
2017-06-03 09:11:04.495264,54.339451,-165.894413,1470.0,3.46,1470.0,3.46
2017-06-03 09:11:04.994465,54.339478,-165.89437,1470.0,3.46,1470.0,3.46
2017-06-03 09:11:05.493666,54.339487,-165.894356,1470.0,3.46,1470.0,3.46
2017-06-03 09:11:05.992867,54.339514,-165.894312,1470.0,3.46,1470.0,3.46
2017-06-03 09:11:06.492067,54.339523,-165.894298,1470.0,3.46,1470.0,3.46
2017-06-03 09:11:06.991268,54.339549,-165.894255,1470.0,3.46,1470.0,3.46
2017-06-03 09:11:07.490469,54.339557,-165.89424,1470.0,3.46,1470.0,3.46
2017-06-03 09:11:07.989670,54.339583,-165.894194,1470.0,3.46,1470.0,3.46
2017-06-03 09:11:08.488871,54.339591,-165.894179,1470.0,3.46,1470.0,3.46
2017-06-03 09:11:08.988073,54.339617,-165.894135,1470.0,3.46,1470.0,3.46
2017-06-03 09:11:09.487272,54.339626,-165.894121,1470.0,3.46,1470.0,3.46
2017-06-03 09:11:09.986475,54.339654,-165.894076,1470.0,3.46,1470.0,3.46
2017-06-03 09:11:10.485674,54.339663,-165.894062,1470.0,3.46,1470.0,3.46
2017-06-03 09:11:10.984877,54.33969,-165.894022,1470.0,3.46,1470.0,3.46
2017-06-03 09:11:11.484076,54.339699,-165.894008,1470.0,3.46,1470.0,3.46
2017-06-03 09:11:11.998878,54.339726,-165.893965,1470.0,3.46,1470.0,3.46
2017-06-03 09:11:12.498077,54.339735,-165.893951,1470.0,3.46,1470.0,3.46
2017-06-03 09:11:12.997280,54.339763,-165.893907,1470.0,3.46,1470.0,3.46
2017-06-03 09:11:13.496479,54.339771,-165.893893,1470.0,3.46,1470.0,3.46
2017-06-03 09:11:13.995682,54.339798,-165.89385,1470.0,3.46,1470.0,3.46
2017-06-03 09:11:14.494883,54.339806,-165.893836,1470.0,3.46,1470.0,3.46
2017-06-03 09:11:14.994083,54.339832,-165.893792,1470.0,3.46,1470.0,3.46
2017-06-03 09:11:15.493284,54.339841,-165.893777,1470.0,3.46,1470.0,3.46
2017-06-03 09:11:15.992485,54.339868,-165.893732,1470.0,3.46,1470.0,3.46
2017-06-03 09:11:16.491686,54.339876,-165.893718,1470.0,3.46,1470.0,3.46
2017-06-03 09:11:16.990887,54.339902,-165.893677,1470.0,3.46,1470.0,3.46
2017-06-03 09:11:17.490088,54.339911,-165.893662,1470.0,3.46,1470.0,3.46
2017-06-03 09:11:17.989288,54.339939,-165.893617,1470.0,3.46,1470.0,3.46
2017-06-03 09:11:18.488489,54.339948,-165.893603,1470.0,3.46,1470.0,3.46
2017-06-03 09:11:18.987688,54.339975,-165.893562,1470.0,3.46,1470.0,3.46
2017-06-03 09:11:19.486891,54.339984,-165.893548,1470.0,3.46,1470.0,3.46
2017-06-03 09:11:19.986092,54.340012,-165.893507,1470.0,3.46,1470.0,3.46
2017-06-03 09:11:20.485292,54.34002,-165.893493,1470.0,3.46,1470.0,3.46
2017-06-03 09:11:20.984493,54.340047,-165.893452,1470.0,3.46,1470.0,3.46
2017-06-03 09:11:21.499294,54.340056,-165.893436,1470.0,3.46,1470.0,3.46
2017-06-03 09:11:21.998495,54.340083,-165.893394,1470.0,3.46,1470.0,3.46
2017-06-03 09:11:22.497696,54.340091,-165.893379,1470.0,3.46,1470.0,3.46
2017-06-03 09:11:22.996897,54.340118,-165.893334,1470.0,3.46,1470.0,3.46
2017-06-03 09:11:23.496098,54.340126,-165.893319,1470.0,3.46,1470.0,3.46
2017-06-03 09:11:23.995298,54.340153,-165.893274,1470.0,3.46,1470.0,3.46
2017-06-03 09:11:24.494499,54.340161,-165.89326,1470.0,3.46,1470.0,3.46
2017-06-03 09:11:24.993700,54.340188,-165.893219,1470.0,3.46,1470.0,3.46
2017-06-03 09:11:25.492903,54.340197,-165.893205,1470.0,3.46,1470.0,3.46
2017-06-03 09:11:25.992102,54.340226,-165.893162,1470.0,3.46,1470.0,3.46
2017-06-03 09:11:26.491302,54.340235,-165.893148,1470.0,3.46,1470.0,3.46
2017-06-03 09:11:26.990503,54.340262,-165.893107,1470.0,3.46,1470.0,3.46
2017-06-03 09:11:27.489704,54.340271,-165.893093,1470.0,3.46,1470.0,3.46
2017-06-03 09:11:27.988905,54.340298,-165.893049,1470.0,3.46,1470.0,3.46
2017-06-03 09:11:28.488106,54.340306,-165.893035,1470.0,3.46,1470.0,3.46
2017-06-03 09:11:28.987307,54.340332,-165.892992,1470.0,3.46,1470.0,3.46
2017-06-03 09:11:29.486507,54.34034,-165.892978,1470.0,3.46,1470.0,3.46
2017-06-03 09:11:29.985708,54.340367,-165.892935,1470.0,3.46,1470.0,3.46
2017-06-03 09:11:30.484909,54.340376,-165.892921,1470.0,3.46,1470.0,3.46
2017-06-03 09:11:30.984112,54.340403,-165.892878,1470.0,3.46,1470.0,3.46
2017-06-03 09:11:31.498911,54.340413,-165.892863,1470.0,3.46,1470.0,3.46
2017-06-03 09:11:31.998114,54.340438,-165.892819,1470.0,3.46,1470.0,242.43
2017-06-03 09:11:32.497313,54.340447,-165.892804,1470.0,3.46,1470.0,3.46
2017-06-03 09:11:32.996515,54.340474,-165.892761,1470.0,3.46,1470.0,3.46
2017-06-03 09:11:33.495714,54.340483,-165.892746,1470.0,3.46,1470.0,3.46
2017-06-03 09:11:33.994917,54.340511,-165.892704,1470.0,3.46,1470.0,3.46
2017-06-03 09:11:34.494118,54.34052,-165.89269,1470.0,3.46,1470.0,3.46
2017-06-03 09:11:34.993319,54.340547,-165.89265,1470.0,3.46,1470.0,242.99
2017-06-03 09:11:35.492519,54.340556,-165.892636,1470.0,3.46,1470.0,3.46
2017-06-03 09:11:35.991720,54.340583,-165.892592,1470.0,3.46,1470.0,3.46
2017-06-03 09:11:36.490921,54.340591,-165.892578,1470.0,3.46,1470.0,3.46
2017-06-03 09:11:36.990122,54.340615,-165.892535,1470.0,3.46,1470.0,3.46
2017-06-03 09:11:37.489323,54.340624,-165.892521,1470.0,3.46,1470.0,3.46
2017-06-03 09:11:37.988523,54.340651,-165.892476,1470.0,3.46,1470.0,3.46
2017-06-03 09:11:38.487724,54.340659,-165.892461,1470.0,3.46,1470.0,3.46
2017-06-03 09:11:38.986925,54.340685,-165.892418,1470.0,3.46,1470.0,3.46
2017-06-03 09:11:39.486126,54.340694,-165.892404,1470.0,3.46,1470.0,3.46
2017-06-03 09:11:39.985327,54.34072,-165.89236,1470.0,3.46,1470.0,3.46
2017-06-03 09:11:40.484528,54.340729,-165.892346,1470.0,3.46,1470.0,3.46
2017-06-03 09:11:40.999329,54.340758,-165.892302,1470.0,3.46,1470.0,3.46
2017-06-03 09:11:41.498529,54.340767,-165.892288,1470.0,3.46,1470.0,3.46
2017-06-03 09:11:41.997730,54.340794,-165.892247,1470.0,3.46,1470.0,3.46
2017-06-03 09:11:42.496931,54.340803,-165.892233,1470.0,3.46,1470.0,3.46
2017-06-03 09:11:42.996132,54.340829,-165.89219,1470.0,3.46,1470.0,3.46
2017-06-03 09:11:43.495333,54.340838,-165.892176,1470.0,3.46,1470.0,3.46
2017-06-03 09:11:43.994534,54.340864,-165.892132,1470.0,3.46,1470.0,3.46
2017-06-03 09:11:44.493734,54.340873,-165.892118,1470.0,3.46,1470.0,178.64
2017-06-03 09:11:44.992935,54.340899,-165.892075,1470.0,3.46,1470.0,3.46
2017-06-03 09:11:45.492138,54.340907,-165.892061,1470.0,3.46,1470.0,3.46
2017-06-03 09:11:45.991337,54.340934,-165.892017,1470.0,3.46,1470.0,3.46
2017-06-03 09:11:46.490540,54.340943,-165.892003,1470.0,3.46,1470.0,3.46
2017-06-03 09:11:46.989738,54.34097,-165.891962,1470.0,3.46,1470.0,3.46
2017-06-03 09:11:47.488939,54.340979,-165.891948,1470.0,3.46,1470.0,3.46
2017-06-03 09:11:47.988140,54.341005,-165.891904,1470.0,3.46,1470.0,3.46
2017-06-03 09:11:48.487341,54.341014,-165.891889,1470.0,3.46,1470.0,3.46
2017-06-03 09:11:48.986542,54.34104,-165.891847,1470.0,3.46,1470.0,3.46
2017-06-03 09:11:49.485743,54.341049,-165.891833,1470.0,3.46,1470.0,3.46
2017-06-03 09:11:49.984943,54.341077,-165.89179,1470.0,3.46,1470.0,3.46
2017-06-03 09:11:50.484144,54.341086,-165.891776,1470.0,3.46,1470.0,3.46
2017-06-03 09:11:50.998947,54.341114,-165.891732,1470.0,3.46,1470.0,3.46
2017-06-03 09:11:51.498146,54.341123,-165.891718,1470.0,3.46,1470.0,3.46
2017-06-03 09:11:51.997349,54.341149,-165.891674,1470.0,3.46,1470.0,3.46
2017-06-03 09:11:52.496548,54.341158,-165.891659,1470.0,3.46,1470.0,174.5
2017-06-03 09:11:52.995750,54.341183,-165.891614,1470.0,3.46,1470.0,3.46
2017-06-03 09:11:53.494949,54.341191,-165.891599,1470.0,3.46,1470.0,3.46
2017-06-03 09:11:53.994152,54.341216,-165.891554,1470.0,3.46,1470.0,3.46
2017-06-03 09:11:54.493351,54.341224,-165.891539,1470.0,3.46,1470.0,3.46
2017-06-03 09:11:54.992554,54.34125,-165.891495,1470.0,3.46,1470.0,3.46
2017-06-03 09:11:55.491753,54.341259,-165.891481,1470.0,3.46,1470.0,3.46
2017-06-03 09:11:55.990955,54.341286,-165.891437,1470.0,3.46,1470.0,3.46
2017-06-03 09:11:56.490156,54.341295,-165.891424,1470.0,3.46,1470.0,3.46
2017-06-03 09:11:56.989357,54.341322,-165.891385,1470.0,3.46,1470.0,3.46
2017-06-03 09:11:57.488558,54.341331,-165.891372,1470.0,3.46,1470.0,3.46
2017-06-03 09:11:57.987759,54.341358,-165.891331,1470.0,3.46,1470.0,3.46
2017-06-03 09:11:58.486959,54.341367,-165.891318,1470.0,3.46,1470.0,3.46
2017-06-03 09:11:58.986160,54.341394,-165.891277,1470.0,3.46,1470.0,193.69
2017-06-03 09:11:59.485361,54.341402,-165.891263,1470.0,3.46,1470.0,3.46
2017-06-03 09:11:59.984562,54.341429,-165.891219,1470.0,21.71,1470.0,3.46
2017-06-03 09:12:00.499363,54.341438,-165.891203,1470.0,3.46,1470.0,3.46
2017-06-03 09:12:00.998564,54.341463,-165.891157,1470.0,3.46,1470.0,3.46
2017-06-03 09:12:01.497765,54.341471,-165.891143,1470.0,3.46,1470.0,3.46
2017-06-03 09:12:01.996965,54.341498,-165.891097,1470.0,3.46,1470.0,3.46
2017-06-03 09:12:02.496166,54.341506,-165.891083,1470.0,3.46,1470.0,3.46
2017-06-03 09:12:02.995367,54.341533,-165.89104,1470.0,3.46,1470.0,3.46
2017-06-03 09:12:03.494568,54.341542,-165.891027,1470.0,3.46,1470.0,3.46
2017-06-03 09:12:03.993769,54.341571,-165.890985,1470.0,3.46,1470.0,3.46
2017-06-03 09:12:04.492970,54.34158,-165.890972,1470.0,3.46,1470.0,3.46
2017-06-03 09:12:04.992170,54.341607,-165.890933,1470.0,3.46,1470.0,3.46
2017-06-03 09:12:05.491373,54.341616,-165.890919,1470.0,3.46,1470.0,3.46
2017-06-03 09:12:05.990572,54.341644,-165.890876,1470.0,3.46,1470.0,3.46
2017-06-03 09:12:06.489775,54.341653,-165.890862,1470.0,3.46,1470.0,3.46
2017-06-03 09:12:06.988974,54.341679,-165.89082,1470.0,3.46,1470.0,3.46
2017-06-03 09:12:07.488176,54.341687,-165.890806,1470.0,3.46,1470.0,3.46
2017-06-03 09:12:07.987375,54.341712,-165.890762,1470.0,3.46,1470.0,3.46
2017-06-03 09:12:08.486576,54.34172,-165.890747,1470.0,3.46,1470.0,3.46
2017-06-03 09:12:08.985777,54.341744,-165.890702,1470.0,3.46,1470.0,3.46
2017-06-03 09:12:09.484978,54.341752,-165.890687,1470.0,3.46,1470.0,3.46
2017-06-03 09:12:09.984179,54.341777,-165.890642,1470.0,3.46,1470.0,3.46
2017-06-03 09:12:10.498980,54.341786,-165.890626,1470.0,3.46,1470.0,3.46
2017-06-03 09:12:10.998182,54.341813,-165.890581,1470.0,3.46,1470.0,3.46
2017-06-03 09:12:11.497381,54.341821,-165.890566,1470.0,3.46,1470.0,3.46
2017-06-03 09:12:11.996584,54.341848,-165.890522,1470.0,3.46,1470.0,3.46
2017-06-03 09:12:12.495783,54.341856,-165.890508,1470.0,3.46,1470.0,3.46
2017-06-03 09:12:12.994986,54.341883,-165.890465,1470.0,3.46,1470.0,3.46
2017-06-03 09:12:13.494184,54.341892,-165.890451,1470.0,3.46,1470.0,3.46
2017-06-03 09:12:13.993387,54.341919,-165.890409,1470.0,3.46,1470.0,3.46
2017-06-03 09:12:14.492586,54.341928,-165.890395,1470.0,3.46,1470.0,3.46
2017-06-03 09:12:14.991789,54.341954,-165.890352,1470.0,3.46,1470.0,3.46
2017-06-03 09:12:15.490988,54.341962,-165.890337,1470.0,3.46,1470.0,3.46
2017-06-03 09:12:15.990191,54.341989,-165.890292,1470.0,3.46,1470.0,3.46
2017-06-03 09:12:16.489391,54.341998,-165.890278,1470.0,3.46,1470.0,3.46
2017-06-03 09:12:16.988592,54.342022,-165.890235,1470.0,3.46,1470.0,3.46
2017-06-03 09:12:17.487793,54.34203,-165.890221,1470.0,3.46,1470.0,3.46
2017-06-03 09:12:17.986994,54.342055,-165.890175,1470.0,3.46,1470.0,3.46
2017-06-03 09:12:18.486195,54.342063,-165.890161,1470.0,3.46,1470.0,3.46
2017-06-03 09:12:18.985395,54.342087,-165.890115,1470.0,3.46,1470.0,3.46
2017-06-03 09:12:19.484596,54.342095,-165.890101,1470.0,3.46,1470.0,3.46
2017-06-03 09:12:19.983797,54.342122,-165.890057,1470.0,3.46,1470.0,3.46
2017-06-03 09:12:20.498598,54.342132,-165.890041,1470.0,3.46,1470.0,3.46
2017-06-03 09:12:20.997797,54.342159,-165.889999,1470.0,3.46,1470.0,3.46
2017-06-03 09:12:21.497000,54.342168,-165.889985,1470.0,3.46,1470.0,3.46
2017-06-03 09:12:21.996201,54.342196,-165.889944,1470.0,3.46,1470.0,3.46
2017-06-03 09:12:22.495401,54.342205,-165.88993,1470.0,3.46,1470.0,3.46
2017-06-03 09:12:22.994602,54.342233,-165.889887,1470.0,3.46,1470.0,3.46
2017-06-03 09:12:23.493803,54.342241,-165.889873,1470.0,3.46,1470.0,3.46
2017-06-03 09:12:23.993004,54.342268,-165.88983,1470.0,3.46,1470.0,3.46
2017-06-03 09:12:24.492205,54.342276,-165.889816,1470.0,3.46,1470.0,3.46
2017-06-03 09:12:24.991405,54.342302,-165.889773,1470.0,3.46,1470.0,3.46
2017-06-03 09:12:25.490606,54.342311,-165.889759,1470.0,3.46,1470.0,3.46
2017-06-03 09:12:25.989807,54.342338,-165.889714,1470.0,3.46,1470.0,3.46
2017-06-03 09:12:26.489010,54.342346,-165.8897,1470.0,3.46,1470.0,3.46
2017-06-03 09:12:26.988209,54.342373,-165.889658,1470.0,3.46,1470.0,3.46
2017-06-03 09:12:27.487411,54.342382,-165.889645,1470.0,3.46,1470.0,3.46
2017-06-03 09:12:27.986610,54.34241,-165.889603,1470.0,3.46,1470.0,3.46
2017-06-03 09:12:28.485813,54.342419,-165.88959,1470.0,3.46,1470.0,3.46
2017-06-03 09:12:28.985012,54.342447,-165.889548,1470.0,3.46,1470.0,3.46
2017-06-03 09:12:29.484213,54.342455,-165.889534,1470.0,3.46,1470.0,3.46
2017-06-03 09:12:29.999014,54.342483,-165.889489,1470.0,3.46,1470.0,3.46
2017-06-03 09:12:30.498215,54.342492,-165.889475,1470.0,3.46,1470.0,3.46
2017-06-03 09:12:30.997417,54.342519,-165.889434,1470.0,3.46,1470.0,3.46
2017-06-03 09:12:31.496616,54.342528,-165.88942,1470.0,3.46,1470.0,3.46
2017-06-03 09:12:31.995819,54.342556,-165.889379,1470.0,3.46,1470.0,3.46
2017-06-03 09:12:32.495018,54.342565,-165.889365,1470.0,3.46,1470.0,3.46
2017-06-03 09:12:32.994221,54.342591,-165.889324,1470.0,3.46,1470.0,3.46
2017-06-03 09:12:33.493420,54.3426,-165.88931,1470.0,3.46,1470.0,274.04
2017-06-03 09:12:33.992622,54.342628,-165.889267,1470.0,3.46,1470.0,3.46
2017-06-03 09:12:34.491821,54.342636,-165.889253,1470.0,3.46,1470.0,3.46
2017-06-03 09:12:34.991024,54.342662,-165.889212,1470.0,3.46,1470.0,3.46
2017-06-03 09:12:35.490223,54.342671,-165.889198,1470.0,3.46,1470.0,3.46
2017-06-03 09:12:35.989426,54.342698,-165.889154,1470.0,3.46,1470.0,3.46
2017-06-03 09:12:36.488626,54.342707,-165.889139,1470.0,3.46,1470.0,3.46
2017-06-03 09:12:36.987827,54.342735,-165.889097,1470.0,3.46,1470.0,3.46
2017-06-03 09:12:37.487028,54.342744,-165.889083,1470.0,3.46,1470.0,3.46
2017-06-03 09:12:37.986229,54.342772,-165.889042,1470.0,3.46,1470.0,3.46
2017-06-03 09:12:38.485430,54.342781,-165.889028,1470.0,3.46,1470.0,3.46
2017-06-03 09:12:38.984631,54.342808,-165.888987,1470.0,3.46,1470.0,3.46
2017-06-03 09:12:39.483831,54.342817,-165.888973,1470.0,3.46,1470.0,3.46
2017-06-03 09:12:39.998631,54.342846,-165.888929,1470.0,3.46,1470.0,3.46
2017-06-03 09:12:40.497833,54.342855,-165.888915,1470.0,3.46,1470.0,3.46
2017-06-03 09:12:40.997032,54.342881,-165.888872,1470.0,3.46,1470.0,3.46
2017-06-03 09:12:41.496235,54.34289,-165.888858,1470.0,3.46,1470.0,3.46
2017-06-03 09:12:41.995436,54.342916,-165.888814,1470.0,3.46,1470.0,3.46
2017-06-03 09:12:42.494637,54.342924,-165.8888,1470.0,3.46,1470.0,3.46
2017-06-03 09:12:42.993837,54.34295,-165.888757,1470.0,3.46,1470.0,3.46
2017-06-03 09:12:43.493038,54.342959,-165.888743,1470.0,3.46,1470.0,3.46
2017-06-03 09:12:43.992239,54.342986,-165.888699,1470.0,3.46,1470.0,3.46
2017-06-03 09:12:44.491440,54.342994,-165.888685,1470.0,3.46,1470.0,3.46
2017-06-03 09:12:44.990641,54.34302,-165.888643,1470.0,3.46,1470.0,3.46
2017-06-03 09:12:45.489841,54.343029,-165.888629,1470.0,3.46,1470.0,3.46
2017-06-03 09:12:45.989042,54.343057,-165.888585,1470.0,3.46,1470.0,3.46
2017-06-03 09:12:46.488243,54.343066,-165.888571,1470.0,3.46,1470.0,3.46
2017-06-03 09:12:46.987444,54.343093,-165.888527,1470.0,3.46,1470.0,3.46
2017-06-03 09:12:47.486647,54.343102,-165.888513,1470.0,3.46,1470.0,3.46
2017-06-03 09:12:47.985846,54.343127,-165.88847,1470.0,3.46,1470.0,3.46
2017-06-03 09:12:48.485048,54.343135,-165.888456,1470.0,3.46,1470.0,3.46
2017-06-03 09:12:48.984247,54.343162,-165.888412,1470.0,3.46,1470.0,3.46
2017-06-03 09:12:49.499048,54.343172,-165.888396,1470.0,3.46,1470.0,3.46
2017-06-03 09:12:49.998249,54.343199,-165.888352,1470.0,3.46,1470.0,3.46
2017-06-03 09:12:50.497450,54.343208,-165.888338,1470.0,3.46,1470.0,3.46
2017-06-03 09:12:50.996651,54.343234,-165.888294,1470.0,3.46,1470.0,3.46
2017-06-03 09:12:51.495852,54.343243,-165.88828,1470.0,3.46,1470.0,3.46
2017-06-03 09:12:51.995054,54.343269,-165.888237,1470.0,3.46,1470.0,3.46
2017-06-03 09:12:52.494253,54.343278,-165.888223,1470.0,3.46,1470.0,3.46
2017-06-03 09:12:52.993456,54.343304,-165.888182,1470.0,3.46,1470.0,3.46
2017-06-03 09:12:53.492655,54.343312,-165.888167,1470.0,3.46,1470.0,3.46
2017-06-03 09:12:53.991858,54.343339,-165.888121,1470.0,3.46,1470.0,3.46
2017-06-03 09:12:54.491056,54.343348,-165.888107,1470.0,3.46,1470.0,3.46
2017-06-03 09:12:54.990259,54.343375,-165.888065,1470.0,3.46,1470.0,3.46
2017-06-03 09:12:55.489458,54.343384,-165.888051,1470.0,3.46,1470.0,3.46
2017-06-03 09:12:55.988661,54.34341,-165.88801,1470.0,3.46,1470.0,3.46
2017-06-03 09:12:56.487862,54.343419,-165.887996,1470.0,3.46,1470.0,3.46
2017-06-03 09:12:56.987062,54.343447,-165.887953,1470.0,3.46,1470.0,3.46
2017-06-03 09:12:57.486263,54.343455,-165.887939,1470.0,3.46,1470.0,3.46
2017-06-03 09:12:57.985464,54.343482,-165.887895,1470.0,3.46,1470.0,3.46
2017-06-03 09:12:58.484665,54.34349,-165.887881,1470.0,3.46,1470.0,3.46
2017-06-03 09:12:58.983866,54.343517,-165.887837,1470.0,3.46,1470.0,3.46
2017-06-03 09:12:59.498667,54.343526,-165.887821,1470.0,3.46,1470.0,3.46
2017-06-03 09:12:59.997866,54.343553,-165.887779,1470.0,3.46,1470.0,3.46
2017-06-03 09:13:00.497068,54.343562,-165.887765,1470.0,3.46,1470.0,3.46
2017-06-03 09:13:00.996267,54.343589,-165.887722,1470.0,3.46,1470.0,3.46
2017-06-03 09:13:01.495470,54.343598,-165.887708,1470.0,3.46,1470.0,3.46
2017-06-03 09:13:01.994671,54.343624,-165.887662,1470.0,3.46,1470.0,3.46
2017-06-03 09:13:02.493872,54.343633,-165.887648,1470.0,3.46,1470.0,3.46
2017-06-03 09:13:02.993073,54.343659,-165.887605,1470.0,3.46,1470.0,3.46
2017-06-03 09:13:03.492273,54.343668,-165.887591,1470.0,3.46,1470.0,3.46
2017-06-03 09:13:03.991474,54.343696,-165.887546,1470.0,3.46,1470.0,3.46
2017-06-03 09:13:04.490675,54.343704,-165.887531,1470.0,3.46,1470.0,3.46
2017-06-03 09:13:04.989876,54.34373,-165.887488,1470.0,3.46,1470.0,3.46
2017-06-03 09:13:05.489077,54.343739,-165.887474,1470.0,3.46,1470.0,3.46
2017-06-03 09:13:05.988277,54.343766,-165.887427,1470.0,3.46,1470.0,3.46
2017-06-03 09:13:06.487478,54.343775,-165.887413,1470.0,3.46,1470.0,3.46
2017-06-03 09:13:06.986679,54.343802,-165.88737,1470.0,3.46,1470.0,3.46
2017-06-03 09:13:07.485882,54.34381,-165.887356,1470.0,3.46,1470.0,195.01
2017-06-03 09:13:07.985081,54.343837,-165.887313,1470.0,3.46,1470.0,3.46
2017-06-03 09:13:08.484283,54.343845,-165.887299,1470.0,3.46,1470.0,3.46
2017-06-03 09:13:08.999083,54.343873,-165.887254,1470.0,3.46,1470.0,3.46
2017-06-03 09:13:09.498283,54.343881,-165.887239,1470.0,3.46,1470.0,3.46
2017-06-03 09:13:09.997484,54.343908,-165.887196,1470.0,3.46,1470.0,3.46
2017-06-03 09:13:10.496685,54.343917,-165.887182,1470.0,3.46,1470.0,3.46
2017-06-03 09:13:10.995886,54.343944,-165.88714,1470.0,3.46,1470.0,3.46
2017-06-03 09:13:11.495087,54.343953,-165.887127,1470.0,3.46,1470.0,3.46
2017-06-03 09:13:11.994287,54.343981,-165.887085,1470.0,3.46,1470.0,3.46
2017-06-03 09:13:12.493488,54.343989,-165.887072,1470.0,3.46,1470.0,3.46
2017-06-03 09:13:12.992691,54.344015,-165.88703,1470.0,3.46,1470.0,3.46
2017-06-03 09:13:13.491890,54.344024,-165.887016,1470.0,3.46,1470.0,3.46
2017-06-03 09:13:13.991093,54.344052,-165.886972,1470.0,3.46,1470.0,3.46
2017-06-03 09:13:14.490292,54.344061,-165.886958,1470.0,3.46,1470.0,3.46
2017-06-03 09:13:14.989494,54.344087,-165.886915,1470.0,3.46,1470.0,3.46
2017-06-03 09:13:15.488693,54.344095,-165.886901,1470.0,3.46,1470.0,3.46
2017-06-03 09:13:15.987896,54.344122,-165.886857,1470.0,3.46,1470.0,3.46
2017-06-03 09:13:16.487095,54.34413,-165.886842,1470.0,3.46,1470.0,3.46
2017-06-03 09:13:16.986298,54.344157,-165.886796,1470.0,3.46,1470.0,3.46
2017-06-03 09:13:17.485498,54.344165,-165.886781,1470.0,3.46,1470.0,3.46
2017-06-03 09:13:17.984699,54.344192,-165.886735,1470.0,3.46,1470.0,3.46
2017-06-03 09:13:18.483900,54.344201,-165.886721,1470.0,3.46,1470.0,3.46
2017-06-03 09:13:18.998701,54.344231,-165.886677,1470.0,3.46,1470.0,3.46
2017-06-03 09:13:19.497902,54.34424,-165.886664,1470.0,3.46,1470.0,3.46
2017-06-03 09:13:19.997103,54.344268,-165.886624,1470.0,3.46,1470.0,3.46
2017-06-03 09:13:20.496304,54.344277,-165.88661,1470.0,3.46,1470.0,3.46
2017-06-03 09:13:20.995502,54.344304,-165.886567,1470.0,3.46,1470.0,3.46
2017-06-03 09:13:21.494705,54.344313,-165.886553,1470.0,3.46,1470.0,3.46
2017-06-03 09:13:21.993906,54.344338,-165.88651,1470.0,3.46,1470.0,3.46
2017-06-03 09:13:22.493107,54.344346,-165.886496,1470.0,3.46,1470.0,3.46
2017-06-03 09:13:22.992308,54.34437,-165.886452,1470.0,3.46,1470.0,3.46
2017-06-03 09:13:23.491508,54.344379,-165.886437,1470.0,3.46,1470.0,3.46
2017-06-03 09:13:23.990709,54.344404,-165.886392,1470.0,3.46,1470.0,3.46
2017-06-03 09:13:24.489910,54.344413,-165.886378,1470.0,3.46,1470.0,3.46
2017-06-03 09:13:24.989111,54.344439,-165.886337,1470.0,3.46,1470.0,3.46
2017-06-03 09:13:25.488312,54.344447,-165.886323,1470.0,3.46,1470.0,3.46
2017-06-03 09:13:25.987513,54.344475,-165.88628,1470.0,3.46,1470.0,3.46
2017-06-03 09:13:26.486713,54.344484,-165.886266,1470.0,3.46,1470.0,3.46
2017-06-03 09:13:26.985914,54.344512,-165.886223,1470.0,3.46,1470.0,3.46
2017-06-03 09:13:27.485117,54.344521,-165.886209,1470.0,3.46,1470.0,3.46
2017-06-03 09:13:27.984316,54.344548,-165.886167,1470.0,3.46,1470.0,3.46
2017-06-03 09:13:28.499117,54.344558,-165.886151,1470.0,3.46,1470.0,3.46
2017-06-03 09:13:28.998318,54.344586,-165.886109,1470.0,3.46,1470.0,3.46
2017-06-03 09:13:29.497519,54.344595,-165.886095,1470.0,3.46,1470.0,3.46
2017-06-03 09:13:29.996719,54.344621,-165.886052,1470.0,3.46,1470.0,3.46
2017-06-03 09:13:30.495920,54.344629,-165.886038,1470.0,3.46,1470.0,3.46
2017-06-03 09:13:30.995121,54.344654,-165.885995,1470.0,3.46,1470.0,3.46
2017-06-03 09:13:31.494322,54.344662,-165.88598,1470.0,3.46,1470.0,3.46
2017-06-03 09:13:31.993523,54.344688,-165.885934,1470.0,3.46,1470.0,3.46
2017-06-03 09:13:32.492723,54.344696,-165.88592,1470.0,3.46,1470.0,3.46
2017-06-03 09:13:32.991926,54.34472,-165.885877,1470.0,3.46,1470.0,3.46
2017-06-03 09:13:33.491125,54.344729,-165.885863,1470.0,3.46,1470.0,3.46
2017-06-03 09:13:33.990328,54.344756,-165.88582,1470.0,3.46,1470.0,212.51
2017-06-03 09:13:34.489527,54.344764,-165.885807,1470.0,3.46,1470.0,3.46
2017-06-03 09:13:34.988729,54.34479,-165.885765,1470.0,3.46,1470.0,3.46
2017-06-03 09:13:35.487928,54.344799,-165.885751,1470.0,3.46,1470.0,3.46
2017-06-03 09:13:35.987131,54.344825,-165.885707,1470.0,3.46,1470.0,3.46
2017-06-03 09:13:36.486330,54.344834,-165.885693,1470.0,3.46,1470.0,3.46
2017-06-03 09:13:36.985533,54.34486,-165.88565,1470.0,3.46,1470.0,3.46
2017-06-03 09:13:37.484732,54.344869,-165.885636,1470.0,3.46,1470.0,3.46
2017-06-03 09:13:37.983934,54.344895,-165.885592,1470.0,3.46,1470.0,3.46
2017-06-03 09:13:38.498735,54.344905,-165.885576,1470.0,3.46,1470.0,3.46
2017-06-03 09:13:38.997936,54.344931,-165.885534,1470.0,3.46,1470.0,3.46
2017-06-03 09:13:39.497137,54.34494,-165.88552,1470.0,3.46,1470.0,3.46
2017-06-03 09:13:39.996338,54.344966,-165.885477,1470.0,3.46,1470.0,3.46
2017-06-03 09:13:40.495539,54.344975,-165.885463,1470.0,3.46,1470.0,3.46
2017-06-03 09:13:40.994740,54.345002,-165.88542,1470.0,3.46,1470.0,3.46
2017-06-03 09:13:41.493940,54.34501,-165.885406,1470.0,3.46,1470.0,3.46
2017-06-03 09:13:41.993139,54.345036,-165.885361,1470.0,3.46,1470.0,3.46
2017-06-03 09:13:42.492342,54.345044,-165.885346,1470.0,3.46,1470.0,3.46
2017-06-03 09:13:42.991543,54.345069,-165.885303,1470.0,3.46,1470.0,3.46
2017-06-03 09:13:43.490744,54.345077,-165.885289,1470.0,3.46,1470.0,3.46
2017-06-03 09:13:43.989944,54.345102,-165.885244,1470.0,3.46,1470.0,3.46
2017-06-03 09:13:44.489145,54.34511,-165.885229,1470.0,3.46,1470.0,14.0
2017-06-03 09:13:44.988346,54.345135,-165.885184,1470.0,3.46,1470.0,3.46
2017-06-03 09:13:45.487547,54.345144,-165.885169,1470.0,3.46,1470.0,3.46
2017-06-03 09:13:45.986748,54.34517,-165.885124,1470.0,3.46,1470.0,3.46
2017-06-03 09:13:46.485949,54.345179,-165.885109,1470.0,3.46,1470.0,3.46
2017-06-03 09:13:46.985149,54.345205,-165.885064,1470.0,3.46,1470.0,3.46
2017-06-03 09:13:47.484350,54.345214,-165.88505,1470.0,3.46,1470.0,3.46
2017-06-03 09:13:47.999151,54.345243,-165.885007,1470.0,3.46,1470.0,3.46
2017-06-03 09:13:48.498354,54.345251,-165.884993,1470.0,3.46,1470.0,3.46
2017-06-03 09:13:48.997553,54.345278,-165.88495,1470.0,3.46,1470.0,3.46
2017-06-03 09:13:49.496754,54.345286,-165.884936,1470.0,3.46,1470.0,3.46
2017-06-03 09:13:49.995955,54.345311,-165.884891,1470.0,3.46,1470.0,3.46
2017-06-03 09:13:50.495155,54.345319,-165.884876,1470.0,3.46,1470.0,3.46
2017-06-03 09:13:50.994356,54.345342,-165.884832,1470.0,3.46,1470.0,3.46
2017-06-03 09:13:51.493557,54.34535,-165.884817,1470.0,3.46,1470.0,3.46
2017-06-03 09:13:51.992758,54.345376,-165.884769,1470.0,3.46,1470.0,3.46
2017-06-03 09:13:52.491959,54.345384,-165.884755,1470.0,3.46,1470.0,3.46
2017-06-03 09:13:52.991161,54.34541,-165.884712,1470.0,3.46,1470.0,3.46
2017-06-03 09:13:53.490360,54.345419,-165.884698,1470.0,3.46,1470.0,3.46
2017-06-03 09:13:53.989563,54.345445,-165.884657,1470.0,3.46,1470.0,3.46
2017-06-03 09:13:54.488762,54.345454,-165.884643,1470.0,3.46,1470.0,3.46
2017-06-03 09:13:54.987965,54.34548,-165.8846,1470.0,3.46,1470.0,3.46
2017-06-03 09:13:55.487164,54.345489,-165.884586,1470.0,3.46,1470.0,3.46
2017-06-03 09:13:55.986366,54.345514,-165.884542,1470.0,3.46,1470.0,3.46
2017-06-03 09:13:56.485565,54.345522,-165.884527,1470.0,3.46,1470.0,3.46
2017-06-03 09:13:56.984768,54.345549,-165.884481,1470.0,3.46,1470.0,3.46
2017-06-03 09:13:57.483967,54.345557,-165.884466,1470.0,3.46,1470.0,3.46
2017-06-03 09:13:57.998770,54.345583,-165.884421,1470.0,3.46,1470.0,3.46
2017-06-03 09:13:58.497971,54.345591,-165.884406,1470.0,3.46,1470.0,3.46
2017-06-03 09:13:58.997171,54.345618,-165.884362,1470.0,3.46,1470.0,3.46
2017-06-03 09:13:59.496372,54.345627,-165.884349,1470.0,3.46,1470.0,3.46
2017-06-03 09:13:59.995573,54.345654,-165.884309,1470.0,3.46,1470.0,3.46
2017-06-03 09:14:00.494774,54.345663,-165.884295,1470.0,3.46,1470.0,3.46
2017-06-03 09:14:00.993975,54.345691,-165.884252,1470.0,3.46,1470.0,3.46
2017-06-03 09:14:01.493176,54.345699,-165.884238,1470.0,3.46,1470.0,3.46
2017-06-03 09:14:01.992376,54.345724,-165.884195,1470.0,3.46,1470.0,3.46
2017-06-03 09:14:02.491577,54.345733,-165.884181,1470.0,3.46,1470.0,3.46
2017-06-03 09:14:02.990776,54.345759,-165.884138,1470.0,3.46,1470.0,3.46
2017-06-03 09:14:03.489979,54.345767,-165.884124,1470.0,3.46,1470.0,3.46
2017-06-03 09:14:03.989180,54.345792,-165.884082,1470.0,3.46,1470.0,3.46
2017-06-03 09:14:04.488380,54.3458,-165.884068,1470.0,3.46,1470.0,3.46
2017-06-03 09:14:04.987581,54.345827,-165.884024,1470.0,3.46,1470.0,3.46
2017-06-03 09:14:05.486782,54.345835,-165.884009,1470.0,3.46,1470.0,3.46
2017-06-03 09:14:05.985983,54.345859,-165.883962,1470.0,3.46,1470.0,3.46
2017-06-03 09:14:06.485184,54.345867,-165.883947,1470.0,3.46,1470.0,3.46
2017-06-03 09:14:06.984385,54.345894,-165.883902,1470.0,3.46,1470.0,3.46
2017-06-03 09:14:07.499186,54.345903,-165.883886,1470.0,3.46,1470.0,3.46
2017-06-03 09:14:07.998386,54.345929,-165.883842,1470.0,3.46,1470.0,3.46
2017-06-03 09:14:08.497589,54.345938,-165.883828,1470.0,3.46,1470.0,3.46
2017-06-03 09:14:08.996788,54.345966,-165.883787,1470.0,3.46,1470.0,3.46
2017-06-03 09:14:09.495991,54.345975,-165.883773,1470.0,3.46,1470.0,3.46
2017-06-03 09:14:09.995190,54.346001,-165.88373,1470.0,3.46,1470.0,3.46
2017-06-03 09:14:10.494390,54.346009,-165.883717,1470.0,3.46,1470.0,3.46
2017-06-03 09:14:10.993591,54.346035,-165.883675,1470.0,3.46,1470.0,3.46
2017-06-03 09:14:11.492792,54.346043,-165.883661,1470.0,3.46,1470.0,277.99
2017-06-03 09:14:11.991993,54.346068,-165.883616,1470.0,3.46,1470.0,3.46
2017-06-03 09:14:12.491194,54.346076,-165.883601,1470.0,3.46,1470.0,206.49
2017-06-03 09:14:12.990395,54.3461,-165.883558,1470.0,3.46,1470.0,3.46
2017-06-03 09:14:13.489595,54.346109,-165.883544,1470.0,3.46,1470.0,3.46
2017-06-03 09:14:13.988798,54.346134,-165.883499,1470.0,3.46,1470.0,3.46
2017-06-03 09:14:14.487997,54.346142,-165.883484,1470.0,3.46,1470.0,3.46
2017-06-03 09:14:14.987200,54.34617,-165.883442,1470.0,3.46,1470.0,3.46
2017-06-03 09:14:15.486399,54.346179,-165.883428,1470.0,3.46,1470.0,3.46
2017-06-03 09:14:15.985601,54.346205,-165.883387,1470.0,3.46,1470.0,3.46
2017-06-03 09:14:16.484800,54.346214,-165.883373,1470.0,3.46,1470.0,3.46
2017-06-03 09:14:16.984003,54.34624,-165.88333,1470.0,3.46,1470.0,3.46
2017-06-03 09:14:17.498802,54.34625,-165.883315,1470.0,3.46,1470.0,3.46
2017-06-03 09:14:17.998005,54.346276,-165.883272,1470.0,3.46,1470.0,3.46
2017-06-03 09:14:18.497206,54.346284,-165.883258,1470.0,3.46,1470.0,3.46
2017-06-03 09:14:18.996407,54.346309,-165.883215,1470.0,3.46,1470.0,3.46
2017-06-03 09:14:19.495607,54.346318,-165.883202,1470.0,3.46,1470.0,3.46
2017-06-03 09:14:19.994808,54.346344,-165.88316,1470.0,3.46,1470.0,3.46
2017-06-03 09:14:20.494009,54.346353,-165.883147,1470.0,3.46,1470.0,3.46
2017-06-03 09:14:20.993210,54.346379,-165.883105,1470.0,3.46,1470.0,3.46
2017-06-03 09:14:21.492411,54.346387,-165.883091,1470.0,3.46,1470.0,3.46
2017-06-03 09:14:21.991611,54.346414,-165.883046,1470.0,3.46,1470.0,3.46
2017-06-03 09:14:22.490812,54.346423,-165.883031,1470.0,3.46,1470.0,3.46
2017-06-03 09:14:22.990013,54.346447,-165.882988,1470.0,3.46,1470.0,3.46
2017-06-03 09:14:23.489214,54.346455,-165.882974,1470.0,3.46,1470.0,3.46
2017-06-03 09:14:23.988415,54.346482,-165.88293,1470.0,3.46,1470.0,3.46
2017-06-03 09:14:24.487616,54.346491,-165.882916,1470.0,3.46,1470.0,162.27
2017-06-03 09:14:24.986816,54.346518,-165.882872,1470.0,3.46,1470.0,3.46
2017-06-03 09:14:25.486017,54.346527,-165.882858,1470.0,3.46,1470.0,3.46
2017-06-03 09:14:25.985218,54.346555,-165.882817,1470.0,3.46,1470.0,3.46
2017-06-03 09:14:26.484419,54.346564,-165.882803,1470.0,3.46,1470.0,3.46
2017-06-03 09:14:26.999220,54.346591,-165.882762,1470.0,3.46,1470.0,3.46
2017-06-03 09:14:27.498421,54.3466,-165.882748,1470.0,3.46,1470.0,3.46
2017-06-03 09:14:27.997622,54.346626,-165.882704,1470.0,3.46,1470.0,3.46
2017-06-03 09:14:28.496822,54.346635,-165.88269,1470.0,3.46,1470.0,3.46
2017-06-03 09:14:28.996023,54.346661,-165.882647,1470.0,3.46,1470.0,3.46
2017-06-03 09:14:29.495226,54.34667,-165.882633,1470.0,3.46,1470.0,3.46
2017-06-03 09:14:29.994425,54.346696,-165.88259,1470.0,3.46,1470.0,3.46
2017-06-03 09:14:30.493628,54.346704,-165.882576,1470.0,3.46,1470.0,3.46
2017-06-03 09:14:30.992826,54.346729,-165.882533,1470.0,3.46,1470.0,3.46
2017-06-03 09:14:31.492027,54.346737,-165.882519,1470.0,3.46,1470.0,3.46
2017-06-03 09:14:31.991228,54.346763,-165.882474,1470.0,3.46,1470.0,3.46
2017-06-03 09:14:32.490429,54.346771,-165.88246,1470.0,3.46,1470.0,3.46
2017-06-03 09:14:32.989630,54.346797,-165.882417,1470.0,3.46,1470.0,3.46
2017-06-03 09:14:33.488831,54.346805,-165.882403,1470.0,3.46,1470.0,3.46
2017-06-03 09:14:33.988031,54.346831,-165.882359,1470.0,3.46,1470.0,3.46
2017-06-03 09:14:34.487232,54.346839,-165.882345,1470.0,3.46,1470.0,3.46
2017-06-03 09:14:34.986435,54.346865,-165.882303,1470.0,3.46,1470.0,3.46
2017-06-03 09:14:35.485634,54.346874,-165.882289,1470.0,3.46,1470.0,3.46
2017-06-03 09:14:35.984837,54.346902,-165.882245,1470.0,3.46,1470.0,3.46
2017-06-03 09:14:36.484035,54.34691,-165.882231,1470.0,3.46,1470.0,3.46
2017-06-03 09:14:36.998838,54.346936,-165.882186,1470.0,3.46,1470.0,3.46
2017-06-03 09:14:37.498037,54.346945,-165.882171,1470.0,3.46,1470.0,3.46
2017-06-03 09:14:37.997240,54.346971,-165.882126,1470.0,3.46,1470.0,3.46
2017-06-03 09:14:38.496439,54.346979,-165.882112,1470.0,3.46,1470.0,3.46
2017-06-03 09:14:38.995642,54.347005,-165.88207,1470.0,3.46,1470.0,3.46
2017-06-03 09:14:39.494843,54.347014,-165.882056,1470.0,3.46,1470.0,3.46
2017-06-03 09:14:39.994043,54.347041,-165.882012,1470.0,3.46,1470.0,162.46
2017-06-03 09:14:40.493244,54.347049,-165.881998,1470.0,3.46,1470.0,3.46
2017-06-03 09:14:40.992445,54.347074,-165.881957,1470.0,3.46,1470.0,3.46
2017-06-03 09:14:41.491646,54.347082,-165.881943,1470.0,3.46,1470.0,3.46
2017-06-03 09:14:41.990847,54.347109,-165.8819,1470.0,3.46,1470.0,3.46
2017-06-03 09:14:42.490047,54.347117,-165.881886,1470.0,3.46,1470.0,3.46
2017-06-03 09:14:42.989248,54.347144,-165.881845,1470.0,3.46,1470.0,3.46
2017-06-03 09:14:43.488449,54.347152,-165.881831,1470.0,3.46,1470.0,3.46
2017-06-03 09:14:43.987650,54.347179,-165.88179,1470.0,3.46,1470.0,3.46
2017-06-03 09:14:44.486851,54.347187,-165.881776,1470.0,3.46,1470.0,3.46
2017-06-03 09:14:44.986052,54.347212,-165.881732,1470.0,3.46,1470.0,3.46
2017-06-03 09:14:45.485252,54.34722,-165.881717,1470.0,3.46,1470.0,3.46
2017-06-03 09:14:45.984453,54.347245,-165.881672,1470.0,3.46,1470.0,3.46
2017-06-03 09:14:46.499254,54.347254,-165.881656,1470.0,3.46,1470.0,3.46
2017-06-03 09:14:46.998455,54.347278,-165.881611,1470.0,3.46,1470.0,3.46
2017-06-03 09:14:47.497656,54.347287,-165.881596,1470.0,3.46,1470.0,3.46
2017-06-03 09:14:47.996857,54.347314,-165.881551,1470.0,3.46,1470.0,3.46
2017-06-03 09:14:48.496058,54.347323,-165.881537,1470.0,3.46,1470.0,3.46
2017-06-03 09:14:48.995258,54.34735,-165.881497,1470.0,3.46,1470.0,3.46
2017-06-03 09:14:49.494461,54.347359,-165.881483,1470.0,3.46,1470.0,3.46
2017-06-03 09:14:49.993660,54.347387,-165.88144,1470.0,3.46,1470.0,3.46
2017-06-03 09:14:50.492863,54.347396,-165.881427,1470.0,3.46,1470.0,3.46
2017-06-03 09:14:50.992062,54.347422,-165.881385,1470.0,3.46,1470.0,3.46
2017-06-03 09:14:51.491264,54.34743,-165.881371,1470.0,3.46,1470.0,3.46
2017-06-03 09:14:51.990463,54.347455,-165.881328,1470.0,3.46,1470.0,3.46
2017-06-03 09:14:52.489664,54.347463,-165.881314,1470.0,3.46,1470.0,3.46
2017-06-03 09:14:52.988865,54.347487,-165.881267,1470.0,3.46,1470.0,3.46
2017-06-03 09:14:53.488066,54.347495,-165.881252,1470.0,3.46,1470.0,3.46
2017-06-03 09:14:53.987267,54.34752,-165.881207,1470.0,3.46,1470.0,3.46
2017-06-03 09:14:54.486467,54.347529,-165.881193,1470.0,3.46,1470.0,3.46
2017-06-03 09:14:54.985670,54.347555,-165.881152,1470.0,3.46,1470.0,3.46
2017-06-03 09:14:55.484869,54.347564,-165.881138,1470.0,3.46,1470.0,3.46
2017-06-03 09:14:55.984072,54.347589,-165.881095,1470.0,3.46,1470.0,3.46
2017-06-03 09:14:56.498871,54.347598,-165.88108,1470.0,3.46,1470.0,3.46
2017-06-03 09:14:56.998074,54.347624,-165.881039,1470.0,3.46,1470.0,3.46
2017-06-03 09:14:57.497272,54.347634,-165.881025,1470.0,3.46,1470.0,3.46
2017-06-03 09:14:57.996475,54.347662,-165.880984,1470.0,3.46,1470.0,3.46
2017-06-03 09:14:58.495674,54.347671,-165.88097,1470.0,3.46,1470.0,3.46
2017-06-03 09:14:58.994877,54.347697,-165.880928,1470.0,3.46,1470.0,3.46
2017-06-03 09:14:59.494076,54.347705,-165.880914,1470.0,3.46,1470.0,3.46
2017-06-03 09:14:59.993279,54.347731,-165.880869,1470.0,3.46,1470.0,3.46
2017-06-03 09:15:00.492479,54.347739,-165.880854,1470.0,3.46,1470.0,3.46
2017-06-03 09:15:00.991680,54.347764,-165.880809,1470.0,3.46,1470.0,3.46
2017-06-03 09:15:01.490881,54.347772,-165.880794,1470.0,3.46,1470.0,3.46
2017-06-03 09:15:01.990082,54.347797,-165.880747,1470.0,3.46,1470.0,3.46
2017-06-03 09:15:02.489283,54.347805,-165.880733,1470.0,3.46,1470.0,3.46
2017-06-03 09:15:02.988483,54.347832,-165.88069,1470.0,3.46,1470.0,3.46
2017-06-03 09:15:03.487684,54.347841,-165.880676,1470.0,3.46,1470.0,3.46
2017-06-03 09:15:03.986885,54.347868,-165.880635,1470.0,3.46,1470.0,3.46
2017-06-03 09:15:04.486086,54.347877,-165.880621,1470.0,3.46,1470.0,3.46
2017-06-03 09:15:04.985287,54.347905,-165.88058,1470.0,3.46,1470.0,3.46
2017-06-03 09:15:05.484488,54.347914,-165.880566,1470.0,3.46,1470.0,3.46
2017-06-03 09:15:05.999289,54.347941,-165.880522,1470.0,3.46,1470.0,3.46
2017-06-03 09:15:06.498489,54.34795,-165.880508,1470.0,3.46,1470.0,3.46
2017-06-03 09:15:06.997690,54.347976,-165.880465,1470.0,3.46,1470.0,3.46
2017-06-03 09:15:07.496891,54.347985,-165.880451,1470.0,3.46,1470.0,3.46
2017-06-03 09:15:07.996092,54.348011,-165.880407,1470.0,3.46,1470.0,3.46
2017-06-03 09:15:08.495293,54.348019,-165.880393,1470.0,3.46,1470.0,3.46
2017-06-03 09:15:08.994493,54.348042,-165.88035,1470.0,29.43,1470.0,3.46
2017-06-03 09:15:09.493696,54.34805,-165.880335,1470.0,3.46,1470.0,3.46
2017-06-03 09:15:09.992895,54.348076,-165.880289,1470.0,3.46,1470.0,3.46
2017-06-03 09:15:10.492098,54.348084,-165.880274,1470.0,4.4,1470.0,3.46
2017-06-03 09:15:10.991297,54.34811,-165.88023,1470.0,3.46,1470.0,3.46
2017-06-03 09:15:11.490499,54.348119,-165.880216,1470.0,3.46,1470.0,3.46
2017-06-03 09:15:11.989698,54.348147,-165.880173,1470.0,3.46,1470.0,3.46
2017-06-03 09:15:12.488901,54.348156,-165.88016,1470.0,3.46,1470.0,3.46
2017-06-03 09:15:12.988100,54.348183,-165.88012,1470.0,3.46,1470.0,3.46
2017-06-03 09:15:13.487301,54.348192,-165.880106,1470.0,3.46,1470.0,3.46
2017-06-03 09:15:13.986502,54.34822,-165.880063,1470.0,3.46,1470.0,3.46
2017-06-03 09:15:14.485703,54.348229,-165.880049,1470.0,3.46,1470.0,3.46
2017-06-03 09:15:14.984905,54.348255,-165.880005,1470.0,3.46,1470.0,3.46
2017-06-03 09:15:15.484104,54.348264,-165.879991,1470.0,3.46,1470.0,3.46
2017-06-03 09:15:15.998907,54.348289,-165.879944,1470.0,3.46,1470.0,3.46
2017-06-03 09:15:16.498106,54.348298,-165.879929,1470.0,3.46,1470.0,3.46
2017-06-03 09:15:16.997309,54.348324,-165.879884,1470.0,3.46,1470.0,3.46
2017-06-03 09:15:17.496508,54.348333,-165.879869,1470.0,3.46,1470.0,3.46
2017-06-03 09:15:17.995710,54.348358,-165.879824,1470.0,3.46,1470.0,3.46
2017-06-03 09:15:18.494909,54.348366,-165.87981,1470.0,3.46,1470.0,3.46
2017-06-03 09:15:18.994112,54.348392,-165.87977,1470.0,3.46,1470.0,3.46
2017-06-03 09:15:19.493311,54.348401,-165.879756,1470.0,3.46,1470.0,3.46
2017-06-03 09:15:19.992514,54.348428,-165.879714,1470.0,3.46,1470.0,3.46
2017-06-03 09:15:20.491714,54.348436,-165.8797,1470.0,3.46,1470.0,3.46
2017-06-03 09:15:20.990915,54.348462,-165.879658,1470.0,3.46,1470.0,3.46
2017-06-03 09:15:21.490116,54.348471,-165.879644,1470.0,3.46,1470.0,3.46
2017-06-03 09:15:21.989317,54.348498,-165.8796,1470.0,3.46,1470.0,3.46
2017-06-03 09:15:22.488518,54.348507,-165.879586,1470.0,3.46,1470.0,3.46
2017-06-03 09:15:22.987719,54.348532,-165.879542,1470.0,3.46,1470.0,3.46
2017-06-03 09:15:23.486919,54.34854,-165.879527,1470.0,3.46,1470.0,3.46
2017-06-03 09:15:23.986120,54.348565,-165.879482,1470.0,3.46,1470.0,3.46
2017-06-03 09:15:24.485321,54.348574,-165.879467,1470.0,3.46,1470.0,3.46
2017-06-03 09:15:24.984522,54.348599,-165.879421,1470.0,3.46,1470.0,3.46
2017-06-03 09:15:25.499323,54.348608,-165.879404,1470.0,3.46,1470.0,3.46
2017-06-03 09:15:25.998524,54.348634,-165.879359,1470.0,3.46,1470.0,3.46
2017-06-03 09:15:26.497725,54.348643,-165.879344,1470.0,3.46,1470.0,3.46
2017-06-03 09:15:26.996925,54.34867,-165.8793,1470.0,3.46,1470.0,3.46
2017-06-03 09:15:27.496126,54.348679,-165.879286,1470.0,3.46,1470.0,3.46
2017-06-03 09:15:27.995327,54.348706,-165.879242,1470.0,3.46,1470.0,3.46
2017-06-03 09:15:28.494528,54.348715,-165.879228,1470.0,3.46,1470.0,3.46
2017-06-03 09:15:28.993729,54.348743,-165.879187,1470.0,3.46,1470.0,222.29
2017-06-03 09:15:29.492929,54.348751,-165.879173,1470.0,3.46,1470.0,3.46
2017-06-03 09:15:29.992130,54.348778,-165.87913,1470.0,3.46,1470.0,3.46
2017-06-03 09:15:30.491333,54.348786,-165.879117,1470.0,3.46,1470.0,3.46
2017-06-03 09:15:30.990532,54.348812,-165.879075,1470.0,3.46,1470.0,3.46
2017-06-03 09:15:31.489735,54.34882,-165.879061,1470.0,3.46,1470.0,3.46
2017-06-03 09:15:31.988934,54.348845,-165.879017,1470.0,3.46,1470.0,3.46
2017-06-03 09:15:32.488136,54.348854,-165.879002,1470.0,3.46,1470.0,3.46
2017-06-03 09:15:32.987335,54.348879,-165.878956,1470.0,3.46,1470.0,3.46
2017-06-03 09:15:33.486538,54.348887,-165.878941,1470.0,3.46,1470.0,3.46
2017-06-03 09:15:33.985737,54.348912,-165.878895,1470.0,3.46,1470.0,3.46
2017-06-03 09:15:34.484938,54.34892,-165.878881,1470.0,3.46,1470.0,3.46
2017-06-03 09:15:34.984140,54.348947,-165.878837,1470.0,3.46,1470.0,182.4
2017-06-03 09:15:35.498940,54.348956,-165.878821,1470.0,3.46,1470.0,3.46
2017-06-03 09:15:35.998142,54.348983,-165.878779,1470.0,3.46,1470.0,3.46
2017-06-03 09:15:36.497341,54.348991,-165.878765,1470.0,3.46,1470.0,3.46
2017-06-03 09:15:36.996544,54.349017,-165.878723,1470.0,3.46,1470.0,3.46
2017-06-03 09:15:37.495743,54.349026,-165.878709,1470.0,3.46,1470.0,3.46
2017-06-03 09:15:37.994946,54.349054,-165.878664,1470.0,3.46,1470.0,3.46
2017-06-03 09:15:38.494144,54.349063,-165.87865,1470.0,3.46,1470.0,3.46
2017-06-03 09:15:38.993347,54.349087,-165.878608,1470.0,3.46,1470.0,3.46
2017-06-03 09:15:39.492546,54.349095,-165.878594,1470.0,3.46,1470.0,277.05
2017-06-03 09:15:39.991749,54.349121,-165.878547,1470.0,3.46,1470.0,138.94
2017-06-03 09:15:40.490950,54.349129,-165.878532,1470.0,3.46,1470.0,3.46
2017-06-03 09:15:40.990150,54.349152,-165.878487,1470.0,3.46,1470.0,3.46
2017-06-03 09:15:41.489351,54.34916,-165.878472,1470.0,3.46,1470.0,3.46
2017-06-03 09:15:41.988552,54.349185,-165.878427,1470.0,3.46,1470.0,3.46
2017-06-03 09:15:42.487753,54.349194,-165.878412,1470.0,3.46,1470.0,3.46
2017-06-03 09:15:42.986954,54.34922,-165.878367,1470.0,3.46,1470.0,3.46
2017-06-03 09:15:43.486155,54.349229,-165.878352,1470.0,3.46,1470.0,3.46
2017-06-03 09:15:43.985355,54.349255,-165.878307,1470.0,3.46,1470.0,3.46
2017-06-03 09:15:44.484556,54.349264,-165.878293,1470.0,3.46,1470.0,3.46
2017-06-03 09:15:44.999355,54.349291,-165.878247,1470.0,3.46,1470.0,3.46
2017-06-03 09:15:45.498558,54.3493,-165.878233,1470.0,3.46,1470.0,3.46
2017-06-03 09:15:45.997759,54.349328,-165.87819,1470.0,3.46,1470.0,3.46
2017-06-03 09:15:46.496960,54.349336,-165.878177,1470.0,3.46,1470.0,3.46
2017-06-03 09:15:46.996161,54.349362,-165.878135,1470.0,3.46,1470.0,3.46
2017-06-03 09:15:47.495361,54.34937,-165.878121,1470.0,3.46,1470.0,3.46
2017-06-03 09:15:47.994562,54.349396,-165.878077,1470.0,3.46,1470.0,3.46
2017-06-03 09:15:48.493763,54.349404,-165.878063,1470.0,3.46,1470.0,3.46
2017-06-03 09:15:48.992964,54.349429,-165.87802,1470.0,3.46,1470.0,3.46
2017-06-03 09:15:49.492165,54.349437,-165.878006,1470.0,3.46,1470.0,3.46
2017-06-03 09:15:49.991365,54.349463,-165.877961,1470.0,3.46,1470.0,3.46
2017-06-03 09:15:50.490566,54.349471,-165.877946,1470.0,3.46,1470.0,3.46
2017-06-03 09:15:50.989767,54.349495,-165.877902,1470.0,3.46,1470.0,3.46
2017-06-03 09:15:51.488970,54.349504,-165.877888,1470.0,3.46,1470.0,3.46
2017-06-03 09:15:51.988169,54.34953,-165.877844,1470.0,3.46,1470.0,3.46
2017-06-03 09:15:52.487371,54.349539,-165.877829,1470.0,3.46,1470.0,3.46
2017-06-03 09:15:52.986570,54.349564,-165.877782,1470.0,3.46,1470.0,3.46
2017-06-03 09:15:53.485773,54.349572,-165.877767,1470.0,3.46,1470.0,3.46
2017-06-03 09:15:53.984972,54.349599,-165.877722,1470.0,3.46,1470.0,3.46
2017-06-03 09:15:54.484175,54.349607,-165.877708,1470.0,3.46,1470.0,3.46
2017-06-03 09:15:54.998974,54.349636,-165.877662,1470.0,3.46,1470.0,3.46
2017-06-03 09:15:55.498175,54.349645,-165.877648,1470.0,3.46,1470.0,3.46
2017-06-03 09:15:55.997377,54.349673,-165.877605,1470.0,3.46,1470.0,3.46
2017-06-03 09:15:56.496576,54.349681,-165.877591,1470.0,3.46,1470.0,3.46
2017-06-03 09:15:56.995779,54.349708,-165.877548,1470.0,3.46,1470.0,3.46
2017-06-03 09:15:57.494978,54.349717,-165.877534,1470.0,3.46,1470.0,3.46
2017-06-03 09:15:57.994181,54.349743,-165.877491,1470.0,3.46,1470.0,3.46
2017-06-03 09:15:58.493380,54.349751,-165.877476,1470.0,3.46,1470.0,3.46
2017-06-03 09:15:58.992582,54.349777,-165.877432,1470.0,3.46,1470.0,3.46
2017-06-03 09:15:59.491781,54.349785,-165.877417,1470.0,3.46,1470.0,3.46
2017-06-03 09:15:59.990984,54.34981,-165.877372,1470.0,3.46,1470.0,3.46
2017-06-03 09:16:00.490185,54.349818,-165.877357,1470.0,3.46,1470.0,3.46
2017-06-03 09:16:00.989386,54.349842,-165.877312,1470.0,3.46,1470.0,3.46
2017-06-03 09:16:01.488586,54.34985,-165.877297,1470.0,3.46,1470.0,3.46
2017-06-03 09:16:01.987787,54.349875,-165.877252,1470.0,3.46,1470.0,3.46
2017-06-03 09:16:02.486988,54.349884,-165.877238,1470.0,3.46,1470.0,3.46
2017-06-03 09:16:02.986189,54.34991,-165.877194,1470.0,3.46,1470.0,3.46
2017-06-03 09:16:03.485390,54.349919,-165.877179,1470.0,3.46,1470.0,3.46
2017-06-03 09:16:03.984591,54.349947,-165.877135,1470.0,3.46,1470.0,3.46
2017-06-03 09:16:04.483791,54.349956,-165.877121,1470.0,3.46,1470.0,3.46
2017-06-03 09:16:04.998590,54.349984,-165.877077,1470.0,3.46,1470.0,3.46
2017-06-03 09:16:05.497793,54.349993,-165.877063,1470.0,3.46,1470.0,3.46
2017-06-03 09:16:05.996994,54.350021,-165.877019,1470.0,3.46,1470.0,3.46
2017-06-03 09:16:06.496195,54.350029,-165.877004,1470.0,3.46,1470.0,3.46
2017-06-03 09:16:06.995396,54.350055,-165.876959,1470.0,3.46,1470.0,3.46
2017-06-03 09:16:07.494596,54.350064,-165.876944,1470.0,3.46,1470.0,3.46
2017-06-03 09:16:07.993797,54.350089,-165.876897,1470.0,3.46,1470.0,3.46
2017-06-03 09:16:08.492998,54.350098,-165.876883,1470.0,3.46,1470.0,3.46
2017-06-03 09:16:08.992199,54.350124,-165.876839,1470.0,3.46,1470.0,3.46
2017-06-03 09:16:09.491400,54.350132,-165.876824,1470.0,3.46,1470.0,3.46
2017-06-03 09:16:09.990601,54.35016,-165.876782,1470.0,3.46,1470.0,3.46
2017-06-03 09:16:10.489801,54.350169,-165.876768,1470.0,3.46,1470.0,3.46
2017-06-03 09:16:10.989002,54.350197,-165.876725,1470.0,3.46,1470.0,3.46
2017-06-03 09:16:11.488205,54.350205,-165.876711,1470.0,3.46,1470.0,3.46
2017-06-03 09:16:11.987404,54.350232,-165.876668,1470.0,3.46,1470.0,3.46
2017-06-03 09:16:12.486607,54.35024,-165.876654,1470.0,3.46,1470.0,3.46
2017-06-03 09:16:12.985806,54.350267,-165.876612,1470.0,3.46,1470.0,3.46
2017-06-03 09:16:13.485008,54.350275,-165.876598,1470.0,3.46,1470.0,3.46
2017-06-03 09:16:13.984207,54.350302,-165.876555,1470.0,3.46,1470.0,3.46
2017-06-03 09:16:14.499008,54.350311,-165.87654,1470.0,3.46,1470.0,3.46
2017-06-03 09:16:14.998209,54.350338,-165.876497,1470.0,3.46,1470.0,3.46
2017-06-03 09:16:15.497410,54.350346,-165.876483,1470.0,3.46,1470.0,3.46
2017-06-03 09:16:15.996611,54.350373,-165.876439,1470.0,3.46,1470.0,3.46
2017-06-03 09:16:16.495811,54.350381,-165.876425,1470.0,3.46,1470.0,227.94
2017-06-03 09:16:16.995014,54.350408,-165.876382,1470.0,3.46,1470.0,3.46
2017-06-03 09:16:17.494213,54.350418,-165.876368,1470.0,3.46,1470.0,258.98
2017-06-03 09:16:17.993416,54.350446,-165.876327,1470.0,3.46,1470.0,3.46
2017-06-03 09:16:18.492615,54.350455,-165.876313,1470.0,3.46,1470.0,3.46
2017-06-03 09:16:18.991817,54.350482,-165.876272,1470.0,3.46,1470.0,3.46
2017-06-03 09:16:19.491016,54.350491,-165.876258,1470.0,3.46,1470.0,3.46
2017-06-03 09:16:19.990219,54.350518,-165.876214,1470.0,3.46,1470.0,3.46
2017-06-03 09:16:20.489418,54.350527,-165.876199,1470.0,3.46,1470.0,3.46
2017-06-03 09:16:20.988621,54.350554,-165.876155,1470.0,3.46,1470.0,3.46
2017-06-03 09:16:21.487820,54.350562,-165.876141,1470.0,3.46,1470.0,3.46
2017-06-03 09:16:21.987022,54.35059,-165.876098,1470.0,3.46,1470.0,3.46
2017-06-03 09:16:22.486223,54.350599,-165.876084,1470.0,3.46,1470.0,3.46
2017-06-03 09:16:22.985424,54.350625,-165.876042,1470.0,3.46,1470.0,228.13
2017-06-03 09:16:23.484625,54.350634,-165.876028,1470.0,3.46,1470.0,3.46
2017-06-03 09:16:23.983826,54.35066,-165.875985,1470.0,3.46,1470.0,3.46
2017-06-03 09:16:24.498627,54.35067,-165.87597,1470.0,3.46,1470.0,3.46
2017-06-03 09:16:24.997828,54.350698,-165.875927,1470.0,3.46,1470.0,3.46
2017-06-03 09:16:25.497028,54.350707,-165.875913,1470.0,3.46,1470.0,3.46
2017-06-03 09:16:25.996229,54.350734,-165.875872,1470.0,3.46,1470.0,3.46
2017-06-03 09:16:26.495430,54.350743,-165.875858,1470.0,3.46,1470.0,3.46
2017-06-03 09:16:26.994631,54.350769,-165.875817,1470.0,3.46,1470.0,3.46
2017-06-03 09:16:27.493832,54.350778,-165.875802,1470.0,3.46,1470.0,3.46
2017-06-03 09:16:27.993032,54.350806,-165.875757,1470.0,5.16,1470.0,3.46
2017-06-03 09:16:28.492233,54.350814,-165.875743,1470.0,3.46,1470.0,3.46
2017-06-03 09:16:28.991434,54.350839,-165.8757,1470.0,3.46,1470.0,3.46
2017-06-03 09:16:29.490635,54.350847,-165.875686,1470.0,3.46,1470.0,244.68
2017-06-03 09:16:29.989836,54.350872,-165.87564,1470.0,3.46,1470.0,3.46
2017-06-03 09:16:30.489037,54.350881,-165.875625,1470.0,3.46,1470.0,3.46
2017-06-03 09:16:30.988237,54.350908,-165.875579,1470.0,3.46,1470.0,3.46
2017-06-03 09:16:31.487440,54.350917,-165.875564,1470.0,3.46,1470.0,3.46
2017-06-03 09:16:31.986639,54.350944,-165.875519,1470.0,3.46,1470.0,9.11
2017-06-03 09:16:32.485842,54.350952,-165.875504,1470.0,3.46,1470.0,3.46
2017-06-03 09:16:32.985041,54.350979,-165.875459,1470.0,3.46,1470.0,3.46
2017-06-03 09:16:33.484243,54.350987,-165.875444,1470.0,3.46,1470.0,3.46
2017-06-03 09:16:33.999043,54.351013,-165.875399,1470.0,3.46,1470.0,3.46
2017-06-03 09:16:34.498243,54.351021,-165.875384,1470.0,3.46,1470.0,3.46
2017-06-03 09:16:34.997444,54.351046,-165.875339,1470.0,3.46,1470.0,3.46
2017-06-03 09:16:35.496645,54.351055,-165.875324,1470.0,3.46,1470.0,3.46
2017-06-03 09:16:35.995846,54.351083,-165.875279,1470.0,3.46,1470.0,3.46
2017-06-03 09:16:36.495047,54.351091,-165.875265,1470.0,3.46,1470.0,3.46
2017-06-03 09:16:36.994249,54.351115,-165.875222,1470.0,3.46,1470.0,3.46
2017-06-03 09:16:37.493448,54.351124,-165.875207,1470.0,3.46,1470.0,3.46
2017-06-03 09:16:37.992651,54.351149,-165.875162,1470.0,3.46,1470.0,3.46
2017-06-03 09:16:38.491850,54.351157,-165.875147,1470.0,3.46,1470.0,3.46
2017-06-03 09:16:38.991053,54.351181,-165.875102,1470.0,3.46,1470.0,3.46
2017-06-03 09:16:39.490252,54.351189,-165.875087,1470.0,3.46,1470.0,3.46
2017-06-03 09:16:39.989454,54.351215,-165.875042,1470.0,3.46,1470.0,3.46
2017-06-03 09:16:40.488653,54.351224,-165.875028,1470.0,3.46,1470.0,3.46
2017-06-03 09:16:40.987856,54.35125,-165.874984,1470.0,3.46,1470.0,3.46
2017-06-03 09:16:41.487055,54.351259,-165.874969,1470.0,3.46,1470.0,3.46
2017-06-03 09:16:41.986258,54.351285,-165.874924,1470.0,3.46,1470.0,3.46
2017-06-03 09:16:42.485458,54.351294,-165.874909,1470.0,3.46,1470.0,3.46
2017-06-03 09:16:42.984659,54.351319,-165.874864,1470.0,3.46,1470.0,3.46
2017-06-03 09:16:43.483860,54.351327,-165.874849,1470.0,3.46,1470.0,3.46
2017-06-03 09:16:43.998661,54.351354,-165.874802,1470.0,3.46,1470.0,3.46
2017-06-03 09:16:44.497862,54.351363,-165.874788,1470.0,3.46,1470.0,3.46
2017-06-03 09:16:44.997063,54.35139,-165.874745,1470.0,3.46,1470.0,3.46
2017-06-03 09:16:45.496264,54.351399,-165.874731,1470.0,3.46,1470.0,3.46
2017-06-03 09:16:45.995464,54.351427,-165.874687,1470.0,3.46,1470.0,3.46
2017-06-03 09:16:46.494665,54.351436,-165.874673,1470.0,3.46,1470.0,3.46
2017-06-03 09:16:46.993864,54.351462,-165.87463,1470.0,3.46,1470.0,3.46
2017-06-03 09:16:47.493067,54.35147,-165.874616,1470.0,3.46,1470.0,3.46
2017-06-03 09:16:47.992268,54.351497,-165.87457,1470.0,3.46,1470.0,3.46
2017-06-03 09:16:48.491468,54.351505,-165.874556,1470.0,3.46,1470.0,7.79
2017-06-03 09:16:48.990669,54.35153,-165.87451,1470.0,3.46,1470.0,3.46
2017-06-03 09:16:49.489870,54.351539,-165.874496,1470.0,3.46,1470.0,3.46
2017-06-03 09:16:49.989071,54.351565,-165.874452,1470.0,3.46,1470.0,3.46
2017-06-03 09:16:50.488272,54.351573,-165.874438,1470.0,3.46,1470.0,3.46
2017-06-03 09:16:50.987473,54.351597,-165.874394,1470.0,3.46,1470.0,3.46
2017-06-03 09:16:51.486673,54.351605,-165.874379,1470.0,3.46,1470.0,3.46
2017-06-03 09:16:51.985874,54.351632,-165.874334,1470.0,3.46,1470.0,3.46
2017-06-03 09:16:52.485077,54.35164,-165.874319,1470.0,3.46,1470.0,3.46
2017-06-03 09:16:52.984276,54.351667,-165.874275,1470.0,3.46,1470.0,3.46
2017-06-03 09:16:53.499079,54.351677,-165.87426,1470.0,3.46,1470.0,3.46
2017-06-03 09:16:53.998278,54.351704,-165.874219,1470.0,3.46,1470.0,3.46
2017-06-03 09:16:54.497478,54.351713,-165.874205,1470.0,3.46,1470.0,3.46
2017-06-03 09:16:54.996679,54.351739,-165.874163,1470.0,3.46,1470.0,3.46
2017-06-03 09:16:55.495880,54.351747,-165.874148,1470.0,3.46,1470.0,3.46
2017-06-03 09:16:55.995081,54.351774,-165.874101,1470.0,3.46,1470.0,3.46
2017-06-03 09:16:56.494282,54.351783,-165.874086,1470.0,3.46,1470.0,3.46
2017-06-03 09:16:56.993484,54.351809,-165.87404,1470.0,3.46,1470.0,3.46
2017-06-03 09:16:57.492683,54.351817,-165.874025,1470.0,3.46,1470.0,3.46
2017-06-03 09:16:57.991886,54.351844,-165.873979,1470.0,3.46,1470.0,3.46
2017-06-03 09:16:58.491085,54.351853,-165.873964,1470.0,3.46,1470.0,3.46
2017-06-03 09:16:58.990288,54.351877,-165.87392,1470.0,3.46,1470.0,3.46
2017-06-03 09:16:59.489487,54.351885,-165.873906,1470.0,3.46,1470.0,3.46
2017-06-03 09:16:59.988689,54.351912,-165.873862,1470.0,3.46,1470.0,3.46
2017-06-03 09:17:00.487888,54.351921,-165.873848,1470.0,3.46,1470.0,3.46
2017-06-03 09:17:00.987091,54.351948,-165.873804,1470.0,3.46,1470.0,231.14
2017-06-03 09:17:01.486290,54.351957,-165.873789,1470.0,3.46,1470.0,3.46
2017-06-03 09:17:01.985493,54.351984,-165.873747,1470.0,3.46,1470.0,3.46
2017-06-03 09:17:02.484694,54.351992,-165.873733,1470.0,3.46,1470.0,3.46
2017-06-03 09:17:02.983894,54.352019,-165.87369,1470.0,3.46,1470.0,3.46
2017-06-03 09:17:03.498695,54.352028,-165.873674,1470.0,3.46,1470.0,3.46
2017-06-03 09:17:03.997896,54.352053,-165.873629,1470.0,3.46,1470.0,250.52
2017-06-03 09:17:04.497097,54.352061,-165.873614,1470.0,3.46,1470.0,3.46
2017-06-03 09:17:04.996298,54.352085,-165.873567,1470.0,3.46,1470.0,3.46
2017-06-03 09:17:05.495499,54.352094,-165.873552,1470.0,3.46,1470.0,3.46
2017-06-03 09:17:05.994699,54.352119,-165.873506,1470.0,3.46,1470.0,3.46
2017-06-03 09:17:06.493900,54.352128,-165.873491,1470.0,3.46,1470.0,3.46
2017-06-03 09:17:06.993101,54.352154,-165.873448,1470.0,3.46,1470.0,3.46
2017-06-03 09:17:07.492302,54.352162,-165.873434,1470.0,3.46,1470.0,3.46
2017-06-03 09:17:07.991503,54.352189,-165.873391,1470.0,3.46,1470.0,3.46
2017-06-03 09:17:08.490704,54.352198,-165.873377,1470.0,3.46,1470.0,160.2
2017-06-03 09:17:08.989904,54.352227,-165.873337,1470.0,3.46,1470.0,3.46
2017-06-03 09:17:09.489105,54.352236,-165.873323,1470.0,3.46,1470.0,3.46
2017-06-03 09:17:09.988306,54.352263,-165.873282,1470.0,3.46,1470.0,3.46
2017-06-03 09:17:10.487507,54.352272,-165.873268,1470.0,3.46,1470.0,3.46
2017-06-03 09:17:10.986708,54.3523,-165.873225,1470.0,3.46,1470.0,3.46
2017-06-03 09:17:11.485909,54.352309,-165.873211,1470.0,3.46,1470.0,271.59
2017-06-03 09:17:11.985109,54.352334,-165.873167,1470.0,3.46,1470.0,3.46
2017-06-03 09:17:12.484310,54.352342,-165.873152,1470.0,3.46,1470.0,3.46
2017-06-03 09:17:12.999111,54.352368,-165.873103,1470.0,3.46,1470.0,3.46
2017-06-03 09:17:13.498314,54.352376,-165.873087,1470.0,3.46,1470.0,3.46
2017-06-03 09:17:13.997513,54.3524,-165.873038,1470.0,3.46,1470.0,3.46
2017-06-03 09:17:14.496716,54.352408,-165.873022,1470.0,3.46,1470.0,3.46
2017-06-03 09:17:14.995914,54.352435,-165.872977,1470.0,3.46,1470.0,3.46
2017-06-03 09:17:15.495115,54.352444,-165.872963,1470.0,3.46,1470.0,3.46
2017-06-03 09:17:15.994316,54.352472,-165.872919,1470.0,3.46,1470.0,3.46
2017-06-03 09:17:16.493517,54.352482,-165.872906,1470.0,3.46,1470.0,3.46
2017-06-03 09:17:16.992718,54.35251,-165.872866,1470.0,3.46,1470.0,3.46
2017-06-03 09:17:17.491919,54.352519,-165.872853,1470.0,3.46,1470.0,3.46
2017-06-03 09:17:17.991121,54.352545,-165.872812,1470.0,3.46,1470.0,3.46
2017-06-03 09:17:18.490320,54.352554,-165.872798,1470.0,3.46,1470.0,3.46
2017-06-03 09:17:18.989523,54.35258,-165.872755,1470.0,3.46,1470.0,3.46
2017-06-03 09:17:19.488722,54.352589,-165.872741,1470.0,3.46,1470.0,266.51
2017-06-03 09:17:19.987925,54.352614,-165.872695,1470.0,3.46,1470.0,3.46
2017-06-03 09:17:20.487123,54.352622,-165.872681,1470.0,3.46,1470.0,3.46
2017-06-03 09:17:20.986326,54.352647,-165.872637,1470.0,3.46,1470.0,3.46
2017-06-03 09:17:21.485525,54.352655,-165.872623,1470.0,3.46,1470.0,3.46
2017-06-03 09:17:21.984728,54.35268,-165.87258,1470.0,3.46,1470.0,3.46
2017-06-03 09:17:22.483929,54.352689,-165.872566,1470.0,3.46,1470.0,3.46
2017-06-03 09:17:22.998730,54.352716,-165.872519,1470.0,3.46,1470.0,3.46
2017-06-03 09:17:23.497931,54.352725,-165.872505,1470.0,3.46,1470.0,3.46
2017-06-03 09:17:23.997131,54.352751,-165.872462,1470.0,3.46,1470.0,3.46
2017-06-03 09:17:24.496332,54.352759,-165.872448,1470.0,3.46,1470.0,3.46
2017-06-03 09:17:24.995533,54.352785,-165.872407,1470.0,3.46,1470.0,3.46
2017-06-03 09:17:25.494734,54.352794,-165.872392,1470.0,3.46,1470.0,3.46
2017-06-03 09:17:25.993935,54.352821,-165.872346,1470.0,3.46,1470.0,3.46
2017-06-03 09:17:26.493135,54.352829,-165.872331,1470.0,3.46,1470.0,3.46
2017-06-03 09:17:26.992336,54.352855,-165.872288,1470.0,3.46,1470.0,3.46
2017-06-03 09:17:27.491537,54.352864,-165.872274,1470.0,3.46,1470.0,3.46
2017-06-03 09:17:27.990738,54.35289,-165.872232,1470.0,3.46,1470.0,3.46
2017-06-03 09:17:28.489939,54.352899,-165.872218,1470.0,3.46,1470.0,3.46
2017-06-03 09:17:28.989140,54.352924,-165.872174,1470.0,3.46,1470.0,3.46
2017-06-03 09:17:29.488340,54.352932,-165.872159,1470.0,3.46,1470.0,3.46
2017-06-03 09:17:29.987541,54.352957,-165.872114,1470.0,3.46,1470.0,3.46
2017-06-03 09:17:30.486742,54.352965,-165.872099,1470.0,3.46,1470.0,3.46
2017-06-03 09:17:30.985943,54.35299,-165.872052,1470.0,3.46,1470.0,3.46
2017-06-03 09:17:31.485144,54.352998,-165.872037,1470.0,3.46,1470.0,3.46
2017-06-03 09:17:31.984344,54.353022,-165.871992,1470.0,3.46,1470.0,3.46
2017-06-03 09:17:32.499146,54.353031,-165.871976,1470.0,3.46,1470.0,3.46
2017-06-03 09:17:32.998346,54.353056,-165.871931,1470.0,3.46,1470.0,3.46
2017-06-03 09:17:33.497549,54.353065,-165.871916,1470.0,3.46,1470.0,3.46
2017-06-03 09:17:33.996748,54.353091,-165.871874,1470.0,3.46,1470.0,3.46
2017-06-03 09:17:34.495951,54.3531,-165.87186,1470.0,3.46,1470.0,3.46
2017-06-03 09:17:34.995150,54.353127,-165.87182,1470.0,3.46,1470.0,3.46
2017-06-03 09:17:35.494352,54.353136,-165.871806,1470.0,3.46,1470.0,3.46
2017-06-03 09:17:35.993551,54.353163,-165.871762,1470.0,3.46,1470.0,3.46
2017-06-03 09:17:36.492752,54.353171,-165.871747,1470.0,3.46,1470.0,3.46
2017-06-03 09:17:36.991953,54.353197,-165.871702,1470.0,3.46,1470.0,3.46
2017-06-03 09:17:37.491154,54.353205,-165.871687,1470.0,3.46,1470.0,3.46
2017-06-03 09:17:37.990355,54.353229,-165.871639,1470.0,3.46,1470.0,3.46
2017-06-03 09:17:38.489555,54.353237,-165.871623,1470.0,3.46,1470.0,3.46
2017-06-03 09:17:38.988758,54.353262,-165.871576,1470.0,3.46,1470.0,3.46
2017-06-03 09:17:39.487957,54.35327,-165.871561,1470.0,3.46,1470.0,3.46
2017-06-03 09:17:39.987160,54.353295,-165.871515,1470.0,3.46,1470.0,3.46
2017-06-03 09:17:40.486359,54.353304,-165.871502,1470.0,3.46,1470.0,3.46
2017-06-03 09:17:40.985561,54.353333,-165.871461,1470.0,3.46,1470.0,3.46
2017-06-03 09:17:41.484760,54.353343,-165.871449,1470.0,3.46,1470.0,205.92
2017-06-03 09:17:41.983963,54.353372,-165.87141,1470.0,3.46,1470.0,3.46
2017-06-03 09:17:42.498762,54.353381,-165.871395,1470.0,3.46,1470.0,3.46
2017-06-03 09:17:42.997965,54.353407,-165.871355,1470.0,3.46,1470.0,3.46
2017-06-03 09:17:43.497166,54.353415,-165.87134,1470.0,3.46,1470.0,3.46
2017-06-03 09:17:43.996367,54.353441,-165.871294,1470.0,3.46,1470.0,264.82
2017-06-03 09:17:44.495567,54.353449,-165.871279,1470.0,3.46,1470.0,3.46
2017-06-03 09:17:44.994768,54.353472,-165.871232,1470.0,3.46,1470.0,3.46
2017-06-03 09:17:45.493969,54.35348,-165.871217,1470.0,3.46,1470.0,3.46
2017-06-03 09:17:45.993170,54.353506,-165.871169,1470.0,3.46,1470.0,3.46
2017-06-03 09:17:46.492371,54.353514,-165.871155,1470.0,3.46,1470.0,3.46
2017-06-03 09:17:46.991571,54.35354,-165.871112,1470.0,3.46,1470.0,3.46
2017-06-03 09:17:47.490772,54.353549,-165.871098,1470.0,3.46,1470.0,3.46
2017-06-03 09:17:47.989973,54.353577,-165.871057,1470.0,3.46,1470.0,3.46
2017-06-03 09:17:48.489174,54.353586,-165.871043,1470.0,3.46,1470.0,3.46
2017-06-03 09:17:48.988375,54.353613,-165.871002,1470.0,3.46,1470.0,3.46
2017-06-03 09:17:49.487576,54.353622,-165.870988,1470.0,3.46,1470.0,3.46
2017-06-03 09:17:49.986776,54.35365,-165.870947,1470.0,3.46,1470.0,3.46
2017-06-03 09:17:50.485977,54.353659,-165.870933,1470.0,3.46,1470.0,3.46
2017-06-03 09:17:50.985178,54.353685,-165.870889,1470.0,3.46,1470.0,3.46
2017-06-03 09:17:51.484379,54.353693,-165.870874,1470.0,3.46,1470.0,3.46
2017-06-03 09:17:51.999180,54.353718,-165.870829,1470.0,3.46,1470.0,3.46
2017-06-03 09:17:52.498381,54.353726,-165.870814,1470.0,3.46,1470.0,3.46
2017-06-03 09:17:52.997581,54.353751,-165.870767,1470.0,3.46,1470.0,3.46
2017-06-03 09:17:53.496784,54.353759,-165.870752,1470.0,3.46,1470.0,3.46
2017-06-03 09:17:53.995983,54.353783,-165.870706,1470.0,3.46,1470.0,3.46
2017-06-03 09:17:54.495186,54.353791,-165.870691,1470.0,3.46,1470.0,3.46
2017-06-03 09:17:54.994385,54.353817,-165.870648,1470.0,3.46,1470.0,3.46
2017-06-03 09:17:55.493587,54.353826,-165.870634,1470.0,3.46,1470.0,3.46
2017-06-03 09:17:55.992786,54.353853,-165.870591,1470.0,3.46,1470.0,3.46
2017-06-03 09:17:56.491989,54.353861,-165.870576,1470.0,3.46,1470.0,3.46
2017-06-03 09:17:56.991188,54.353885,-165.870533,1470.0,3.46,1470.0,3.46
2017-06-03 09:17:57.490389,54.353894,-165.870519,1470.0,3.46,1470.0,3.46
2017-06-03 09:17:57.989590,54.353922,-165.870477,1470.0,3.46,1470.0,3.46
2017-06-03 09:17:58.488791,54.35393,-165.870463,1470.0,3.46,1470.0,3.46
2017-06-03 09:17:58.987993,54.353955,-165.870419,1470.0,3.46,1470.0,3.46
2017-06-03 09:17:59.487192,54.353964,-165.870404,1470.0,3.46,1470.0,250.52
2017-06-03 09:17:59.986395,54.35399,-165.870362,1470.0,3.46,1470.0,3.46
2017-06-03 09:18:00.485594,54.353998,-165.870347,1470.0,3.46,1470.0,160.95
2017-06-03 09:18:00.984797,54.354022,-165.870302,1470.0,3.46,1470.0,3.46
2017-06-03 09:18:01.483995,54.35403,-165.870287,1470.0,3.46,1470.0,3.46
2017-06-03 09:18:01.998798,54.354056,-165.870239,1470.0,3.46,1470.0,3.46
2017-06-03 09:18:02.497997,54.354064,-165.870224,1470.0,3.46,1470.0,3.46
2017-06-03 09:18:02.997200,54.354089,-165.870177,1470.0,3.46,1470.0,3.46
2017-06-03 09:18:03.496399,54.354097,-165.870163,1470.0,3.46,1470.0,3.46
2017-06-03 09:18:03.995602,54.354121,-165.870117,1470.0,3.46,1470.0,3.46
2017-06-03 09:18:04.494802,54.354129,-165.870102,1470.0,3.46,1470.0,3.46
2017-06-03 09:18:04.994003,54.354154,-165.870057,1470.0,3.46,1470.0,3.46
2017-06-03 09:18:05.493204,54.354162,-165.870042,1470.0,3.46,1470.0,3.46
2017-06-03 09:18:05.992405,54.354187,-165.869996,1470.0,3.46,1470.0,3.46
2017-06-03 09:18:06.491606,54.354195,-165.86998,1470.0,3.46,1470.0,3.46
2017-06-03 09:18:06.990807,54.354222,-165.869934,1470.0,3.46,1470.0,3.46
2017-06-03 09:18:07.490007,54.35423,-165.869919,1470.0,3.46,1470.0,3.46
2017-06-03 09:18:07.989208,54.354257,-165.869877,1470.0,3.46,1470.0,3.46
2017-06-03 09:18:08.488409,54.354265,-165.869863,1470.0,3.46,1470.0,3.46
2017-06-03 09:18:08.987610,54.354292,-165.86982,1470.0,3.46,1470.0,3.46
2017-06-03 09:18:09.486811,54.3543,-165.869806,1470.0,3.46,1470.0,3.46
2017-06-03 09:18:09.986012,54.354327,-165.869765,1470.0,3.46,1470.0,3.46
2017-06-03 09:18:10.485212,54.354335,-165.869751,1470.0,3.46,1470.0,3.46
2017-06-03 09:18:10.984413,54.354362,-165.869708,1470.0,3.46,1470.0,3.46
2017-06-03 09:18:11.499214,54.354371,-165.869693,1470.0,3.46,1470.0,3.46
2017-06-03 09:18:11.998415,54.354398,-165.869652,1470.0,3.46,1470.0,3.46
2017-06-03 09:18:12.497616,54.354406,-165.869638,1470.0,3.46,1470.0,3.46
2017-06-03 09:18:12.996817,54.35443,-165.869597,1470.0,3.46,1470.0,3.46
2017-06-03 09:18:13.496019,54.354439,-165.869582,1470.0,3.46,1470.0,3.46
2017-06-03 09:18:13.995218,54.354464,-165.869537,1470.0,3.46,1470.0,180.9
2017-06-03 09:18:14.494421,54.354473,-165.869523,1470.0,3.46,1470.0,3.46
2017-06-03 09:18:14.993620,54.354497,-165.869479,1470.0,3.46,1470.0,3.46
2017-06-03 09:18:15.492823,54.354505,-165.869464,1470.0,3.46,1470.0,3.46
2017-06-03 09:18:15.992022,54.354532,-165.869419,1470.0,3.46,1470.0,3.46
2017-06-03 09:18:16.491224,54.354541,-165.869404,1470.0,3.46,1470.0,3.46
2017-06-03 09:18:16.990423,54.354568,-165.869362,1470.0,3.46,1470.0,3.46
2017-06-03 09:18:17.489626,54.354578,-165.869348,1470.0,3.46,1470.0,3.46
2017-06-03 09:18:17.988825,54.354607,-165.869307,1470.0,3.46,1470.0,3.46
2017-06-03 09:18:18.488026,54.354616,-165.869293,1470.0,3.46,1470.0,3.46
2017-06-03 09:18:18.987228,54.354643,-165.869252,1470.0,3.46,1470.0,3.46
2017-06-03 09:18:19.486427,54.354652,-165.869238,1470.0,3.46,1470.0,3.46
2017-06-03 09:18:19.985630,54.35468,-165.869194,1470.0,3.46,1470.0,3.46
2017-06-03 09:18:20.484829,54.354689,-165.869179,1470.0,3.46,1470.0,3.46
2017-06-03 09:18:20.984032,54.354714,-165.869134,1470.0,3.46,1470.0,3.46
2017-06-03 09:18:21.498831,54.354722,-165.869118,1470.0,3.46,1470.0,3.46
2017-06-03 09:18:21.998034,54.354746,-165.869072,1470.0,3.46,1470.0,3.46
2017-06-03 09:18:22.497232,54.354754,-165.869058,1470.0,3.46,1470.0,3.46
2017-06-03 09:18:22.996435,54.354779,-165.869014,1470.0,3.46,1470.0,3.46
2017-06-03 09:18:23.495634,54.354787,-165.868999,1470.0,3.46,1470.0,3.46
2017-06-03 09:18:23.994837,54.354813,-165.868954,1470.0,3.46,1470.0,3.46
2017-06-03 09:18:24.494038,54.354821,-165.86894,1470.0,3.46,1470.0,3.46
2017-06-03 09:18:24.993238,54.354848,-165.8689,1470.0,3.46,1470.0,3.46
2017-06-03 09:18:25.492439,54.354857,-165.868886,1470.0,3.46,1470.0,3.46
2017-06-03 09:18:25.991640,54.354885,-165.868845,1470.0,3.46,1470.0,3.46
2017-06-03 09:18:26.490841,54.354894,-165.868831,1470.0,3.46,1470.0,3.46
2017-06-03 09:18:26.990042,54.354922,-165.868788,1470.0,3.46,1470.0,269.15
2017-06-03 09:18:27.489243,54.35493,-165.868774,1470.0,3.46,1470.0,3.46
2017-06-03 09:18:27.988443,54.354955,-165.868729,1470.0,3.46,1470.0,3.46
2017-06-03 09:18:28.487644,54.354964,-165.868714,1470.0,3.46,1470.0,3.46
2017-06-03 09:18:28.986845,54.354989,-165.868667,1470.0,3.46,1470.0,3.46
2017-06-03 09:18:29.486046,54.354997,-165.868652,1470.0,3.46,1470.0,3.46
2017-06-03 09:18:29.985247,54.355022,-165.868604,1470.0,3.46,1470.0,3.46
2017-06-03 09:18:30.484447,54.35503,-165.868589,1470.0,3.46,1470.0,3.46
2017-06-03 09:18:30.999249,54.355058,-165.868541,1470.0,3.46,1470.0,3.46
2017-06-03 09:18:31.498449,54.355066,-165.868526,1470.0,3.46,1470.0,3.46
2017-06-03 09:18:31.997650,54.355093,-165.868484,1470.0,3.46,1470.0,257.48
2017-06-03 09:18:32.496851,54.355101,-165.86847,1470.0,3.46,1470.0,283.63
2017-06-03 09:18:32.996052,54.355128,-165.868428,1470.0,3.46,1470.0,3.46
2017-06-03 09:18:33.495253,54.355138,-165.868414,1470.0,3.46,1470.0,3.46
2017-06-03 09:18:33.994453,54.355166,-165.868369,1470.0,3.46,1470.0,3.46
2017-06-03 09:18:34.493656,54.355174,-165.868355,1470.0,3.46,1470.0,3.46
2017-06-03 09:18:34.992855,54.355197,-165.868312,1470.0,3.46,1470.0,3.46
2017-06-03 09:18:35.492058,54.355205,-165.868297,1470.0,3.46,1470.0,3.46
2017-06-03 09:18:35.991257,54.355231,-165.868249,1470.0,3.46,1470.0,3.46
2017-06-03 09:18:36.490459,54.355239,-165.868234,1470.0,3.46,1470.0,3.46
2017-06-03 09:18:36.989658,54.355262,-165.868187,1470.0,3.46,1470.0,3.46
2017-06-03 09:18:37.488861,54.35527,-165.868172,1470.0,3.46,1470.0,3.46
2017-06-03 09:18:37.988060,54.355295,-165.868126,1470.0,3.46,1470.0,3.46
2017-06-03 09:18:38.487263,54.355304,-165.868111,1470.0,3.46,1470.0,3.46
2017-06-03 09:18:38.986462,54.355329,-165.868065,1470.0,3.46,1470.0,3.46
2017-06-03 09:18:39.485662,54.355337,-165.86805,1470.0,3.46,1470.0,3.46
2017-06-03 09:18:39.984865,54.355362,-165.868004,1470.0,3.46,1470.0,3.46
2017-06-03 09:18:40.484064,54.35537,-165.867989,1470.0,3.46,1470.0,3.46
2017-06-03 09:18:40.998867,54.355396,-165.867942,1470.0,3.46,1470.0,3.46
2017-06-03 09:18:41.498066,54.355404,-165.867927,1470.0,3.46,1470.0,277.24
2017-06-03 09:18:41.997269,54.355428,-165.867881,1470.0,3.46,1470.0,3.46
2017-06-03 09:18:42.496468,54.355436,-165.867866,1470.0,3.46,1470.0,3.46
2017-06-03 09:18:42.995670,54.35546,-165.86782,1470.0,3.46,1470.0,3.46
2017-06-03 09:18:43.494869,54.355468,-165.867805,1470.0,3.46,1470.0,3.46
2017-06-03 09:18:43.994072,54.355493,-165.867756,1470.0,3.46,1470.0,3.46
2017-06-03 09:18:44.493273,54.3555,-165.86774,1470.0,3.46,1470.0,3.46
2017-06-03 09:18:44.992474,54.355522,-165.867692,1470.0,3.46,1470.0,3.46
2017-06-03 09:18:45.491674,54.355529,-165.867676,1470.0,3.46,1470.0,3.46
2017-06-03 09:18:45.990875,54.355551,-165.867625,1470.0,3.46,1470.0,3.46
2017-06-03 09:18:46.490076,54.355558,-165.867608,1470.0,3.46,1470.0,3.46
2017-06-03 09:18:46.989277,54.355581,-165.867559,1470.0,3.46,1470.0,3.46
2017-06-03 09:18:47.488478,54.355588,-165.867543,1470.0,3.46,1470.0,3.46
2017-06-03 09:18:47.987679,54.355612,-165.867494,1470.0,3.46,1470.0,3.46
2017-06-03 09:18:48.486879,54.35562,-165.867479,1470.0,3.46,1470.0,3.46
2017-06-03 09:18:48.986080,54.355644,-165.867432,1470.0,3.46,1470.0,3.46
2017-06-03 09:18:49.485281,54.355652,-165.867417,1470.0,3.46,1470.0,3.46
2017-06-03 09:18:49.984482,54.355675,-165.867369,1470.0,3.46,1470.0,260.3
2017-06-03 09:18:50.499283,54.355684,-165.867352,1470.0,3.46,1470.0,3.46
2017-06-03 09:18:50.998484,54.355706,-165.867306,1470.0,3.46,1470.0,3.46
2017-06-03 09:18:51.497684,54.355713,-165.86729,1470.0,3.46,1470.0,3.46
2017-06-03 09:18:51.996885,54.355735,-165.867239,1470.0,3.46,1470.0,3.46
2017-06-03 09:18:52.496086,54.355742,-165.867224,1470.0,3.46,1470.0,3.46
2017-06-03 09:18:52.995287,54.355764,-165.867176,1470.0,3.46,1470.0,3.46
2017-06-03 09:18:53.494488,54.355771,-165.86716,1470.0,3.46,1470.0,284.39
2017-06-03 09:18:53.993689,54.355794,-165.867111,1470.0,3.46,1470.0,3.46
2017-06-03 09:18:54.492889,54.355801,-165.867095,1470.0,3.46,1470.0,211.57
2017-06-03 09:18:54.992090,54.355824,-165.867044,1470.0,3.46,1470.0,3.46
2017-06-03 09:18:55.491293,54.355831,-165.867028,1470.0,3.46,1470.0,3.46
2017-06-03 09:18:55.990492,54.355854,-165.866978,1470.0,3.46,1470.0,3.46
2017-06-03 09:18:56.489695,54.355861,-165.866962,1470.0,3.46,1470.0,3.46
2017-06-03 09:18:56.988894,54.355884,-165.866914,1470.0,3.46,1470.0,3.46
2017-06-03 09:18:57.488096,54.355891,-165.866898,1470.0,3.46,1470.0,3.46
2017-06-03 09:18:57.987295,54.355914,-165.866851,1470.0,3.46,1470.0,3.46
2017-06-03 09:18:58.486498,54.355922,-165.866835,1470.0,3.46,1470.0,3.46
2017-06-03 09:18:58.985697,54.355945,-165.866789,1470.0,3.46,1470.0,3.46
2017-06-03 09:18:59.484900,54.355953,-165.866774,1470.0,3.46,1470.0,3.46
2017-06-03 09:18:59.984098,54.355977,-165.866727,1470.0,3.46,1470.0,3.46
2017-06-03 09:19:00.498899,54.355986,-165.866711,1470.0,3.46,1470.0,3.46
2017-06-03 09:19:00.998102,54.356009,-165.866665,1470.0,3.46,1470.0,3.46
2017-06-03 09:19:01.497301,54.356016,-165.86665,1470.0,3.46,1470.0,217.59
2017-06-03 09:19:01.996504,54.35604,-165.866601,1470.0,3.46,1470.0,3.46
2017-06-03 09:19:02.495703,54.356046,-165.866585,1470.0,3.46,1470.0,182.4
2017-06-03 09:19:02.994905,54.356066,-165.866537,1470.0,3.46,1470.0,3.46
2017-06-03 09:19:03.494104,54.356073,-165.866521,1470.0,3.46,1470.0,3.46
2017-06-03 09:19:03.993307,54.356094,-165.866471,1470.0,3.46,1470.0,3.46
2017-06-03 09:19:04.492506,54.356101,-165.866455,1470.0,3.46,1470.0,3.46
2017-06-03 09:19:04.991709,54.356124,-165.866404,1470.0,3.46,1470.0,3.46
2017-06-03 09:19:05.490910,54.356132,-165.866389,1470.0,3.46,1470.0,3.46
2017-06-03 09:19:05.990110,54.356155,-165.866342,1470.0,3.46,1470.0,3.46
2017-06-03 09:19:06.489311,54.356164,-165.866327,1470.0,3.46,1470.0,3.46
2017-06-03 09:19:06.988512,54.356189,-165.866282,1470.0,3.46,1470.0,3.46
2017-06-03 09:19:07.487713,54.356197,-165.866268,1470.0,3.46,1470.0,3.46
2017-06-03 09:19:07.986914,54.356224,-165.866224,1470.0,3.46,1470.0,3.46
2017-06-03 09:19:08.486115,54.356232,-165.866209,1470.0,3.46,1470.0,3.46
2017-06-03 09:19:08.985315,54.356257,-165.866165,1470.0,3.46,1470.0,3.46
2017-06-03 09:19:09.484516,54.356265,-165.86615,1470.0,3.46,1470.0,3.46
2017-06-03 09:19:09.999317,54.35629,-165.866102,1470.0,3.46,1470.0,3.46
2017-06-03 09:19:10.498518,54.356296,-165.866087,1470.0,3.46,1470.0,251.83
2017-06-03 09:19:10.997719,54.356316,-165.866039,1470.0,3.46,1470.0,3.46
2017-06-03 09:19:11.496920,54.356323,-165.866023,1470.0,3.46,1470.0,3.46
2017-06-03 09:19:11.996120,54.356343,-165.865971,1470.0,3.46,1470.0,3.46
2017-06-03 09:19:12.495321,54.35635,-165.865955,1470.0,3.46,1470.0,3.46
2017-06-03 09:19:12.994522,54.356371,-165.865907,1470.0,3.46,1470.0,3.46
2017-06-03 09:19:13.493723,54.356379,-165.865892,1470.0,3.46,1470.0,3.46
2017-06-03 09:19:13.992924,54.356404,-165.865847,1470.0,3.46,1470.0,3.46
2017-06-03 09:19:14.492125,54.356412,-165.865833,1470.0,3.46,1470.0,3.46
2017-06-03 09:19:14.991325,54.356437,-165.86579,1470.0,3.46,1470.0,3.46
2017-06-03 09:19:15.490528,54.356445,-165.865776,1470.0,3.46,1470.0,3.46
2017-06-03 09:19:15.989727,54.35647,-165.86573,1470.0,3.46,1470.0,3.46
2017-06-03 09:19:16.488930,54.356478,-165.865716,1470.0,3.46,1470.0,3.46
2017-06-03 09:19:16.988129,54.356502,-165.86567,1470.0,3.46,1470.0,3.46
2017-06-03 09:19:17.487331,54.35651,-165.865655,1470.0,3.46,1470.0,3.46
2017-06-03 09:19:17.986530,54.356534,-165.865609,1470.0,3.46,1470.0,3.46
2017-06-03 09:19:18.485733,54.356541,-165.865593,1470.0,3.46,1470.0,3.46
2017-06-03 09:19:18.984932,54.356562,-165.865546,1470.0,3.46,1470.0,3.46
2017-06-03 09:19:19.484135,54.35657,-165.86553,1470.0,3.46,1470.0,3.46
2017-06-03 09:19:19.998934,54.356593,-165.865479,1470.0,3.46,1470.0,3.46
2017-06-03 09:19:20.498135,54.3566,-165.865464,1470.0,3.46,1470.0,297.18
2017-06-03 09:19:20.997337,54.356622,-165.865416,1470.0,3.46,1470.0,3.46
2017-06-03 09:19:21.496536,54.35663,-165.8654,1470.0,3.46,1470.0,3.46
2017-06-03 09:19:21.995739,54.356653,-165.865349,1470.0,3.46,1470.0,3.46
2017-06-03 09:19:22.494938,54.356661,-165.865334,1470.0,3.46,1470.0,3.46
2017-06-03 09:19:22.994141,54.356684,-165.865289,1470.0,3.46,1470.0,3.46
2017-06-03 09:19:23.493340,54.356692,-165.865274,1470.0,3.46,1470.0,3.46
2017-06-03 09:19:23.992542,54.356717,-165.865227,1470.0,3.46,1470.0,3.46
2017-06-03 09:19:24.491741,54.356725,-165.865213,1470.0,3.46,1470.0,3.46
2017-06-03 09:19:24.990944,54.356749,-165.865169,1470.0,3.46,1470.0,3.46
2017-06-03 09:19:25.490143,54.356757,-165.865154,1470.0,3.46,1470.0,3.46
2017-06-03 09:19:25.989346,54.356782,-165.865107,1470.0,3.46,1470.0,3.46
2017-06-03 09:19:26.488546,54.35679,-165.865092,1470.0,3.46,1470.0,3.46
2017-06-03 09:19:26.987747,54.356812,-165.865047,1470.0,3.46,1470.0,3.46
2017-06-03 09:19:27.486948,54.35682,-165.865032,1470.0,3.46,1470.0,3.46
2017-06-03 09:19:27.986149,54.356842,-165.864984,1470.0,3.46,1470.0,3.46
2017-06-03 09:19:28.485350,54.356849,-165.864968,1470.0,3.46,1470.0,3.46
2017-06-03 09:19:28.984550,54.356869,-165.864919,1470.0,3.46,1470.0,3.46
2017-06-03 09:19:29.499352,54.356877,-165.864901,1470.0,3.46,1470.0,3.46
2017-06-03 09:19:29.998552,54.3569,-165.864851,1470.0,3.46,1470.0,3.46
2017-06-03 09:19:30.497753,54.356907,-165.864835,1470.0,3.46,1470.0,3.46
2017-06-03 09:19:30.996954,54.35693,-165.864786,1470.0,3.46,1470.0,3.46
2017-06-03 09:19:31.496155,54.356938,-165.864771,1470.0,3.46,1470.0,3.46
2017-06-03 09:19:31.995356,54.356963,-165.864726,1470.0,3.46,1470.0,3.46
2017-06-03 09:19:32.494556,54.356971,-165.864711,1470.0,3.46,1470.0,3.46
2017-06-03 09:19:32.993757,54.356995,-165.864667,1470.0,3.46,1470.0,3.46
2017-06-03 09:19:33.492958,54.357004,-165.864652,1470.0,3.46,1470.0,3.46
2017-06-03 09:19:33.992159,54.35703,-165.864606,1470.0,3.46,1470.0,3.46
2017-06-03 09:19:34.491360,54.357038,-165.86459,1470.0,3.46,1470.0,3.46
2017-06-03 09:19:34.990561,54.357062,-165.864544,1470.0,3.46,1470.0,3.46
2017-06-03 09:19:35.489763,54.35707,-165.864529,1470.0,3.46,1470.0,3.46
2017-06-03 09:19:35.988962,54.357094,-165.864482,1470.0,3.46,1470.0,3.46
2017-06-03 09:19:36.488165,54.357101,-165.864466,1470.0,3.46,1470.0,3.46
2017-06-03 09:19:36.987364,54.357122,-165.864418,1470.0,3.46,1470.0,3.46
2017-06-03 09:19:37.486567,54.35713,-165.864402,1470.0,3.46,1470.0,3.46
2017-06-03 09:19:37.985765,54.357152,-165.864354,1470.0,3.46,1470.0,3.46
2017-06-03 09:19:38.484968,54.35716,-165.864339,1470.0,3.46,1470.0,3.46
2017-06-03 09:19:38.984167,54.357184,-165.864292,1470.0,3.46,1470.0,3.46
2017-06-03 09:19:39.498968,54.357192,-165.864276,1470.0,3.46,1470.0,3.46
2017-06-03 09:19:39.998169,54.357215,-165.864231,1470.0,3.46,1470.0,3.46
2017-06-03 09:19:40.497370,54.357222,-165.864216,1470.0,3.46,1470.0,3.46
2017-06-03 09:19:40.996572,54.357244,-165.864169,1470.0,3.46,1470.0,3.46
2017-06-03 09:19:41.495771,54.357252,-165.864153,1470.0,3.46,1470.0,3.46
2017-06-03 09:19:41.994974,54.357276,-165.864104,1470.0,3.46,1470.0,3.46
2017-06-03 09:19:42.494173,54.357284,-165.864088,1470.0,3.46,1470.0,3.46
2017-06-03 09:19:42.993376,54.357306,-165.864039,1470.0,3.46,1470.0,210.25
2017-06-03 09:19:43.492575,54.357313,-165.864023,1470.0,3.46,1470.0,3.46
2017-06-03 09:19:43.991777,54.357337,-165.863976,1470.0,3.46,1470.0,3.46
2017-06-03 09:19:44.490976,54.357345,-165.86396,1470.0,3.46,1470.0,3.46
2017-06-03 09:19:44.990179,54.357369,-165.863912,1470.0,3.46,1470.0,3.46
2017-06-03 09:19:45.489378,54.357377,-165.863897,1470.0,3.46,1470.0,3.46
2017-06-03 09:19:45.988581,54.357404,-165.863851,1470.0,3.46,1470.0,3.46
2017-06-03 09:19:46.487782,54.357412,-165.863835,1470.0,3.46,1470.0,3.46
2017-06-03 09:19:46.986982,54.357435,-165.863787,1470.0,3.46,1470.0,3.46
2017-06-03 09:19:47.486183,54.357443,-165.863772,1470.0,3.46,1470.0,3.46
2017-06-03 09:19:47.985384,54.357466,-165.863724,1470.0,3.46,1470.0,3.46
2017-06-03 09:19:48.484585,54.357473,-165.863709,1470.0,3.46,1470.0,3.46
2017-06-03 09:19:48.983786,54.357495,-165.863662,1470.0,3.46,1470.0,3.46
2017-06-03 09:19:49.498587,54.357503,-165.863645,1470.0,3.46,1470.0,3.46
2017-06-03 09:19:49.997787,54.357526,-165.863598,1470.0,3.46,1470.0,3.46
2017-06-03 09:19:50.496988,54.357534,-165.863583,1470.0,3.46,1470.0,293.23
2017-06-03 09:19:50.996189,54.357557,-165.863539,1470.0,3.46,1470.0,3.46
2017-06-03 09:19:51.495390,54.357565,-165.863524,1470.0,3.46,1470.0,3.46
2017-06-03 09:19:51.994591,54.357589,-165.863479,1470.0,3.46,1470.0,3.46
2017-06-03 09:19:52.493792,54.357597,-165.863464,1470.0,3.46,1470.0,3.46
2017-06-03 09:19:52.992992,54.35762,-165.863417,1470.0,3.46,1470.0,3.46
2017-06-03 09:19:53.492193,54.357628,-165.863401,1470.0,3.46,1470.0,3.46
2017-06-03 09:19:53.991394,54.357649,-165.863351,1470.0,3.46,1470.0,3.46
2017-06-03 09:19:54.490595,54.357656,-165.863335,1470.0,3.46,1470.0,3.46
2017-06-03 09:19:54.989796,54.357679,-165.863284,1470.0,3.46,1470.0,3.46
2017-06-03 09:19:55.488997,54.357686,-165.863268,1470.0,3.46,1470.0,3.46
2017-06-03 09:19:55.988197,54.357709,-165.863219,1470.0,3.46,1470.0,3.46
2017-06-03 09:19:56.487400,54.357717,-165.863203,1470.0,3.46,1470.0,3.46
2017-06-03 09:19:56.986599,54.357742,-165.863156,1470.0,3.46,1470.0,3.46
2017-06-03 09:19:57.485802,54.35775,-165.86314,1470.0,3.46,1470.0,3.46
2017-06-03 09:19:57.985001,54.357775,-165.863094,1470.0,3.46,1470.0,3.46
2017-06-03 09:19:58.484203,54.357783,-165.863079,1470.0,3.46,1470.0,3.46
2017-06-03 09:19:58.999002,54.357809,-165.863034,1470.0,3.46,1470.0,3.46
2017-06-03 09:19:59.498203,54.357817,-165.863018,1470.0,3.46,1470.0,224.17
2017-06-03 09:19:59.997404,54.357841,-165.862971,1470.0,3.46,1470.0,3.46
2017-06-03 09:20:00.496605,54.357849,-165.862956,1470.0,3.46,1470.0,3.46
2017-06-03 09:20:00.995808,54.357872,-165.862912,1470.0,3.46,1470.0,3.46
2017-06-03 09:20:01.495007,54.35788,-165.862897,1470.0,3.46,1470.0,3.46
2017-06-03 09:20:01.994209,54.357903,-165.862848,1470.0,3.46,1470.0,3.46
2017-06-03 09:20:02.493408,54.35791,-165.862832,1470.0,3.46,1470.0,3.46
2017-06-03 09:20:02.992611,54.357931,-165.862786,1470.0,3.46,1470.0,3.46
2017-06-03 09:20:03.491810,54.357938,-165.86277,1470.0,3.46,1470.0,3.46
2017-06-03 09:20:03.991013,54.357963,-165.862721,1470.0,3.46,1470.0,3.46
2017-06-03 09:20:04.490211,54.35797,-165.862705,1470.0,3.46,1470.0,3.46
2017-06-03 09:20:04.989414,54.357992,-165.862657,1470.0,3.46,1470.0,3.46
2017-06-03 09:20:05.488613,54.358,-165.862641,1470.0,3.46,1470.0,3.46
2017-06-03 09:20:05.987816,54.358024,-165.862593,1470.0,3.46,1470.0,3.46
2017-06-03 09:20:06.487017,54.358032,-165.862577,1470.0,3.46,1470.0,3.46
2017-06-03 09:20:06.986217,54.358057,-165.862531,1470.0,3.46,1470.0,3.46
2017-06-03 09:20:07.485418,54.358065,-165.862515,1470.0,3.46,1470.0,3.46
2017-06-03 09:20:07.984619,54.358089,-165.862469,1470.0,3.46,1470.0,3.46
2017-06-03 09:20:08.483820,54.358097,-165.862454,1470.0,3.46,1470.0,3.46
2017-06-03 09:20:08.998621,54.358122,-165.862406,1470.0,3.46,1470.0,3.46
2017-06-03 09:20:09.497822,54.358131,-165.86239,1470.0,3.46,1470.0,3.46
2017-06-03 09:20:09.997023,54.358158,-165.862343,1470.0,3.46,1470.0,3.46
2017-06-03 09:20:10.496223,54.358165,-165.862327,1470.0,3.46,1470.0,3.46
2017-06-03 09:20:10.995424,54.358187,-165.862281,1470.0,3.46,1470.0,3.46
2017-06-03 09:20:11.494625,54.358194,-165.862265,1470.0,3.46,1470.0,3.46
2017-06-03 09:20:11.993826,54.358214,-165.862214,1470.0,3.46,1470.0,3.46
2017-06-03 09:20:12.493027,54.358221,-165.862198,1470.0,3.46,1470.0,3.46
2017-06-03 09:20:12.992228,54.358242,-165.862148,1470.0,3.46,1470.0,3.46
2017-06-03 09:20:13.491428,54.35825,-165.862132,1470.0,3.46,1470.0,3.46
2017-06-03 09:20:13.990629,54.358274,-165.862084,1470.0,3.46,1470.0,239.79
2017-06-03 09:20:14.489830,54.358282,-165.862069,1470.0,3.46,1470.0,3.46
2017-06-03 09:20:14.989031,54.358307,-165.862022,1470.0,3.46,1470.0,3.46
2017-06-03 09:20:15.488232,54.358315,-165.862007,1470.0,3.46,1470.0,3.46
2017-06-03 09:20:15.987432,54.358339,-165.861962,1470.0,3.46,1470.0,3.46
2017-06-03 09:20:16.486633,54.358346,-165.861947,1470.0,3.46,1470.0,3.46
2017-06-03 09:20:16.985834,54.358369,-165.861899,1470.0,3.46,1470.0,3.46
2017-06-03 09:20:17.485037,54.358377,-165.861883,1470.0,3.46,1470.0,269.15
2017-06-03 09:20:17.984236,54.3584,-165.861834,1470.0,3.46,1470.0,3.46
2017-06-03 09:20:18.499039,54.358409,-165.861817,1470.0,3.46,1470.0,3.46
2017-06-03 09:20:18.998238,54.358432,-165.861769,1470.0,3.46,1470.0,3.46
2017-06-03 09:20:19.497440,54.35844,-165.861753,1470.0,3.46,1470.0,3.46
2017-06-03 09:20:19.996639,54.358464,-165.861704,1470.0,3.46,1470.0,262.56
2017-06-03 09:20:20.495840,54.358472,-165.861689,1470.0,3.46,1470.0,3.46
2017-06-03 09:20:20.995041,54.358496,-165.861642,1470.0,3.46,1470.0,3.46
2017-06-03 09:20:21.494242,54.358503,-165.861627,1470.0,3.46,1470.0,3.46
2017-06-03 09:20:21.993444,54.358527,-165.861581,1470.0,3.46,1470.0,3.46
2017-06-03 09:20:22.492643,54.358535,-165.861565,1470.0,3.46,1470.0,3.46
2017-06-03 09:20:22.991846,54.358557,-165.861516,1470.0,3.46,1470.0,3.46
2017-06-03 09:20:23.491045,54.358565,-165.8615,1470.0,3.46,1470.0,3.46
2017-06-03 09:20:23.990248,54.358589,-165.861452,1470.0,3.46,1470.0,3.46
2017-06-03 09:20:24.489447,54.358596,-165.861437,1470.0,3.46,1470.0,3.46
2017-06-03 09:20:24.988649,54.358619,-165.861391,1470.0,3.46,1470.0,3.46
2017-06-03 09:20:25.487848,54.358627,-165.861375,1470.0,3.46,1470.0,3.46
2017-06-03 09:20:25.987051,54.35865,-165.861327,1470.0,3.46,1470.0,3.46
2017-06-03 09:20:26.486252,54.358658,-165.861312,1470.0,3.46,1470.0,3.46
2017-06-03 09:20:26.985453,54.358682,-165.861267,1470.0,3.46,1470.0,3.46
2017-06-03 09:20:27.484653,54.35869,-165.861252,1470.0,3.46,1470.0,3.46
2017-06-03 09:20:27.983854,54.358714,-165.861207,1470.0,3.46,1470.0,3.46
2017-06-03 09:20:28.498655,54.358722,-165.861191,1470.0,3.46,1470.0,3.46
2017-06-03 09:20:28.997856,54.358744,-165.861145,1470.0,3.46,1470.0,3.46
2017-06-03 09:20:29.497057,54.358752,-165.86113,1470.0,3.46,1470.0,195.01
2017-06-03 09:20:29.996258,54.358776,-165.861081,1470.0,3.46,1470.0,3.46
2017-06-03 09:20:30.495459,54.358784,-165.861065,1470.0,3.46,1470.0,3.46
2017-06-03 09:20:30.994659,54.358807,-165.861016,1470.0,3.46,1470.0,3.46
2017-06-03 09:20:31.493860,54.358815,-165.861,1470.0,3.46,1470.0,3.46
2017-06-03 09:20:31.993061,54.358839,-165.860952,1470.0,3.46,1470.0,281.75
2017-06-03 09:20:32.492262,54.358847,-165.860936,1470.0,3.46,1470.0,3.46
2017-06-03 09:20:32.991463,54.358872,-165.860888,1470.0,3.46,1470.0,3.46
2017-06-03 09:20:33.490664,54.35888,-165.860872,1470.0,3.46,1470.0,3.46
2017-06-03 09:20:33.989864,54.358905,-165.860824,1470.0,3.46,1470.0,3.46
2017-06-03 09:20:34.489065,54.358913,-165.860808,1470.0,3.46,1470.0,3.46
2017-06-03 09:20:34.988266,54.358937,-165.860761,1470.0,3.46,1470.0,183.53
2017-06-03 09:20:35.487467,54.358945,-165.860745,1470.0,3.46,1470.0,3.46
2017-06-03 09:20:35.986668,54.35897,-165.860699,1470.0,3.46,1470.0,3.46
2017-06-03 09:20:36.485868,54.358978,-165.860684,1470.0,3.46,1470.0,261.43
2017-06-03 09:20:36.985069,54.359002,-165.860639,1470.0,3.46,1470.0,3.46
2017-06-03 09:20:37.484272,54.35901,-165.860624,1470.0,3.46,1470.0,249.76
2017-06-03 09:20:37.999071,54.359035,-165.860577,1470.0,3.46,1470.0,3.46
2017-06-03 09:20:38.498274,54.359042,-165.860562,1470.0,3.46,1470.0,3.46
2017-06-03 09:20:38.997473,54.359062,-165.860517,1470.0,3.46,1470.0,3.46
2017-06-03 09:20:39.496675,54.35907,-165.860502,1470.0,3.46,1470.0,3.46
2017-06-03 09:20:39.995874,54.359091,-165.860453,1470.0,3.46,1470.0,278.74
2017-06-03 09:20:40.495077,54.359098,-165.860437,1470.0,3.46,1470.0,3.46
2017-06-03 09:20:40.994276,54.359119,-165.860389,1470.0,3.46,1470.0,249.39
2017-06-03 09:20:41.493477,54.359126,-165.860373,1470.0,3.46,1470.0,3.46
2017-06-03 09:20:41.992678,54.359149,-165.860326,1470.0,3.46,1470.0,3.46
2017-06-03 09:20:42.491879,54.359157,-165.86031,1470.0,3.46,1470.0,3.46
2017-06-03 09:20:42.991081,54.35918,-165.860264,1470.0,3.46,1470.0,3.46
2017-06-03 09:20:43.490280,54.359189,-165.860249,1470.0,3.46,1470.0,217.02
2017-06-03 09:20:43.989483,54.359214,-165.860202,1470.0,3.46,1470.0,3.46
2017-06-03 09:20:44.488682,54.359222,-165.860187,1470.0,3.46,1470.0,3.46
2017-06-03 09:20:44.987885,54.359249,-165.860141,1470.0,3.46,1470.0,3.46
2017-06-03 09:20:45.487083,54.359257,-165.860125,1470.0,3.46,1470.0,3.46
2017-06-03 09:20:45.986286,54.359282,-165.860079,1470.0,3.46,1470.0,3.46
2017-06-03 09:20:46.485485,54.35929,-165.860064,1470.0,3.46,1470.0,3.46
2017-06-03 09:20:46.984688,54.359313,-165.860017,1470.0,3.46,1470.0,3.46
2017-06-03 09:20:47.483887,54.359321,-165.860001,1470.0,3.46,1470.0,3.46
2017-06-03 09:20:47.998690,54.359345,-165.859949,1470.0,3.46,1470.0,3.46
2017-06-03 09:20:48.497890,54.359351,-165.859934,1470.0,3.46,1470.0,3.46
2017-06-03 09:20:48.997091,54.359371,-165.859886,1470.0,3.46,1470.0,3.46
2017-06-03 09:20:49.496292,54.359378,-165.85987,1470.0,3.46,1470.0,3.46
2017-06-03 09:20:49.995493,54.3594,-165.859821,1470.0,3.46,1470.0,3.46
2017-06-03 09:20:50.494694,54.359407,-165.859806,1470.0,3.46,1470.0,3.46
2017-06-03 09:20:50.993895,54.359429,-165.85976,1470.0,3.46,1470.0,3.46
2017-06-03 09:20:51.493095,54.359436,-165.859745,1470.0,3.46,1470.0,3.46
2017-06-03 09:20:51.992296,54.359459,-165.859699,1470.0,3.46,1470.0,214.01
2017-06-03 09:20:52.491497,54.359466,-165.859684,1470.0,3.46,1470.0,3.46
2017-06-03 09:20:52.990698,54.359489,-165.859637,1470.0,3.46,1470.0,3.46
2017-06-03 09:20:53.489899,54.359496,-165.859622,1470.0,3.46,1470.0,3.46
2017-06-03 09:20:53.989100,54.359519,-165.859576,1470.0,3.46,1470.0,3.46
2017-06-03 09:20:54.488300,54.359527,-165.85956,1470.0,3.46,1470.0,3.46
2017-06-03 09:20:54.987501,54.35955,-165.859511,1470.0,3.46,1470.0,293.61
2017-06-03 09:20:55.486702,54.359558,-165.859495,1470.0,3.46,1470.0,3.46
2017-06-03 09:20:55.985903,54.359581,-165.859447,1470.0,3.46,1470.0,3.46
2017-06-03 09:20:56.485104,54.359588,-165.859432,1470.0,3.46,1470.0,3.46
2017-06-03 09:20:56.984304,54.359611,-165.859384,1470.0,3.46,1470.0,3.46
2017-06-03 09:20:57.499107,54.35962,-165.859366,1470.0,3.46,1470.0,3.46
2017-06-03 09:20:57.998306,54.359644,-165.859315,1470.0,3.46,1470.0,3.46
2017-06-03 09:20:58.497509,54.359652,-165.859299,1470.0,3.46,1470.0,3.46
2017-06-03 09:20:58.996708,54.359676,-165.859254,1470.0,3.46,1470.0,3.46
2017-06-03 09:20:59.495911,54.359683,-165.859239,1470.0,3.46,1470.0,3.46
2017-06-03 09:20:59.995110,54.359707,-165.859192,1470.0,3.46,1470.0,3.46
2017-06-03 09:21:00.494312,54.359715,-165.859177,1470.0,3.46,1470.0,3.46
2017-06-03 09:21:00.993511,54.359739,-165.859129,1470.0,3.46,1470.0,3.46
2017-06-03 09:21:01.492714,54.359746,-165.859113,1470.0,3.46,1470.0,3.46
2017-06-03 09:21:01.991913,54.359769,-165.859066,1470.0,3.46,1470.0,3.46
2017-06-03 09:21:02.491114,54.359776,-165.85905,1470.0,3.46,1470.0,3.46
2017-06-03 09:21:02.990316,54.359799,-165.859004,1470.0,3.46,1470.0,3.46
2017-06-03 09:21:03.489515,54.359807,-165.858989,1470.0,3.46,1470.0,3.46
2017-06-03 09:21:03.988718,54.35983,-165.858942,1470.0,3.46,1470.0,3.46
2017-06-03 09:21:04.487917,54.359838,-165.858927,1470.0,3.46,1470.0,228.13
2017-06-03 09:21:04.987120,54.359862,-165.858881,1470.0,3.46,1470.0,3.46
2017-06-03 09:21:05.486319,54.35987,-165.858865,1470.0,3.46,1470.0,3.46
2017-06-03 09:21:05.985521,54.359892,-165.858817,1470.0,3.46,1470.0,3.46
2017-06-03 09:21:06.484720,54.3599,-165.858802,1470.0,3.46,1470.0,3.46
2017-06-03 09:21:06.983923,54.359923,-165.858754,1470.0,3.46,1470.0,3.46
2017-06-03 09:21:07.498722,54.359932,-165.858737,1470.0,3.46,1470.0,3.46
2017-06-03 09:21:07.997925,54.359958,-165.858689,1470.0,3.46,1470.0,3.46
2017-06-03 09:21:08.497126,54.359966,-165.858674,1470.0,3.46,1470.0,3.46
2017-06-03 09:21:08.996326,54.359989,-165.858627,1470.0,3.46,1470.0,3.46
2017-06-03 09:21:09.495527,54.359997,-165.858612,1470.0,3.46,1470.0,3.46
2017-06-03 09:21:09.994728,54.360023,-165.858566,1470.0,3.46,1470.0,3.46
2017-06-03 09:21:10.493929,54.360031,-165.858551,1470.0,3.46,1470.0,3.46
2017-06-03 09:21:10.993130,54.360055,-165.858505,1470.0,3.46,1470.0,3.46
2017-06-03 09:21:11.492331,54.360063,-165.85849,1470.0,3.46,1470.0,3.46
2017-06-03 09:21:11.991531,54.360087,-165.858444,1470.0,3.46,1470.0,3.46
2017-06-03 09:21:12.490732,54.360095,-165.858429,1470.0,3.46,1470.0,3.46
2017-06-03 09:21:12.989933,54.36012,-165.858382,1470.0,3.46,1470.0,3.46
2017-06-03 09:21:13.489134,54.360128,-165.858367,1470.0,3.46,1470.0,3.46
2017-06-03 09:21:13.988335,54.360151,-165.858322,1470.0,3.46,1470.0,3.46
2017-06-03 09:21:14.487535,54.360158,-165.858307,1470.0,3.46,1470.0,3.46
2017-06-03 09:21:14.986736,54.360182,-165.858259,1470.0,3.46,1470.0,3.46
2017-06-03 09:21:15.485937,54.36019,-165.858244,1470.0,3.46,1470.0,3.46
2017-06-03 09:21:15.985138,54.360214,-165.858197,1470.0,3.46,1470.0,3.46
2017-06-03 09:21:16.484339,54.360222,-165.858182,1470.0,3.46,1470.0,3.46
2017-06-03 09:21:16.999140,54.360246,-165.858134,1470.0,3.46,1470.0,3.46
2017-06-03 09:21:17.498343,54.360254,-165.858119,1470.0,3.46,1470.0,3.46
2017-06-03 09:21:17.997541,54.360279,-165.858072,1470.0,3.46,1470.0,3.46
2017-06-03 09:21:18.496744,54.360288,-165.858057,1470.0,3.46,1470.0,3.46
2017-06-03 09:21:18.995943,54.360312,-165.858012,1470.0,3.46,1470.0,3.46
2017-06-03 09:21:19.495146,54.36032,-165.857997,1470.0,3.46,1470.0,3.46
2017-06-03 09:21:19.994345,54.360345,-165.857951,1470.0,3.46,1470.0,3.46
2017-06-03 09:21:20.493547,54.360353,-165.857935,1470.0,3.46,1470.0,3.46
2017-06-03 09:21:20.992746,54.360376,-165.857887,1470.0,3.46,1470.0,3.46
2017-06-03 09:21:21.491949,54.360383,-165.857872,1470.0,3.46,1470.0,3.46
2017-06-03 09:21:21.991148,54.360407,-165.857824,1470.0,3.46,1470.0,3.46
2017-06-03 09:21:22.490351,54.360415,-165.857809,1470.0,3.46,1470.0,3.46
2017-06-03 09:21:22.989552,54.360439,-165.857762,1470.0,3.46,1470.0,3.46
2017-06-03 09:21:23.488750,54.360447,-165.857747,1470.0,3.46,1470.0,3.46
2017-06-03 09:21:23.987953,54.36047,-165.857699,1470.0,3.46,1470.0,3.46
2017-06-03 09:21:24.487152,54.360478,-165.857684,1470.0,3.46,1470.0,3.46
2017-06-03 09:21:24.986355,54.360501,-165.857637,1470.0,3.46,1470.0,222.86
2017-06-03 09:21:25.485554,54.360508,-165.857621,1470.0,3.46,1470.0,3.46
2017-06-03 09:21:25.984756,54.360531,-165.857573,1470.0,3.46,1470.0,3.46
2017-06-03 09:21:26.483955,54.360538,-165.857557,1470.0,3.46,1470.0,3.46
2017-06-03 09:21:26.998758,54.360562,-165.857509,1470.0,3.46,1470.0,3.46
2017-06-03 09:21:27.497957,54.36057,-165.857493,1470.0,3.46,1470.0,3.46
2017-06-03 09:21:27.997160,54.360594,-165.857444,1470.0,3.46,1470.0,3.46
2017-06-03 09:21:28.496361,54.360602,-165.857428,1470.0,3.46,1470.0,3.46
2017-06-03 09:21:28.995562,54.360622,-165.857379,1470.0,3.46,1470.0,3.46
2017-06-03 09:21:29.494762,54.36063,-165.857363,1470.0,3.46,1470.0,3.46
2017-06-03 09:21:29.993963,54.360652,-165.857313,1470.0,3.46,1470.0,3.46
2017-06-03 09:21:30.493164,54.36066,-165.857296,1470.0,3.46,1470.0,3.46
2017-06-03 09:21:30.992365,54.360682,-165.857246,1470.0,3.46,1470.0,3.46
2017-06-03 09:21:31.491566,54.36069,-165.85723,1470.0,3.46,1470.0,3.46
2017-06-03 09:21:31.990767,54.360714,-165.857184,1470.0,3.46,1470.0,3.46
2017-06-03 09:21:32.489967,54.360722,-165.857169,1470.0,3.46,1470.0,3.46
2017-06-03 09:21:32.989168,54.360745,-165.857124,1470.0,3.46,1470.0,3.46
2017-06-03 09:21:33.488369,54.360753,-165.857109,1470.0,3.46,1470.0,3.46
2017-06-03 09:21:33.987570,54.360777,-165.857064,1470.0,3.46,1470.0,3.46
2017-06-03 09:21:34.486771,54.360785,-165.857048,1470.0,3.46,1470.0,3.46
2017-06-03 09:21:34.985971,54.360807,-165.856999,1470.0,3.46,1470.0,3.46
2017-06-03 09:21:35.485172,54.360814,-165.856983,1470.0,3.46,1470.0,3.46
2017-06-03 09:21:35.984373,54.360836,-165.856933,1470.0,3.46,1470.0,3.46
2017-06-03 09:21:36.499174,54.360843,-165.856915,1470.0,3.46,1470.0,3.46
2017-06-03 09:21:36.998375,54.360863,-165.856866,1470.0,3.46,1470.0,290.22
2017-06-03 09:21:37.497576,54.36087,-165.856849,1470.0,3.46,1470.0,3.46
2017-06-03 09:21:37.996777,54.360893,-165.856798,1470.0,3.46,1470.0,3.46
2017-06-03 09:21:38.495977,54.360901,-165.856782,1470.0,3.46,1470.0,3.46
2017-06-03 09:21:38.995178,54.360924,-165.856736,1470.0,3.46,1470.0,3.46
2017-06-03 09:21:39.494381,54.360932,-165.85672,1470.0,3.46,1470.0,3.46
2017-06-03 09:21:39.993580,54.360957,-165.856672,1470.0,3.46,1470.0,3.46
2017-06-03 09:21:40.492783,54.360965,-165.856657,1470.0,3.46,1470.0,3.46
2017-06-03 09:21:40.991982,54.36099,-165.856612,1470.0,3.46,1470.0,3.46
2017-06-03 09:21:41.491184,54.360999,-165.856597,1470.0,3.46,1470.0,3.46
2017-06-03 09:21:41.990383,54.361024,-165.856552,1470.0,3.46,1470.0,3.46
2017-06-03 09:21:42.489586,54.361031,-165.856537,1470.0,3.46,1470.0,3.46
2017-06-03 09:21:42.988785,54.361054,-165.856491,1470.0,3.46,1470.0,3.46
2017-06-03 09:21:43.487988,54.361061,-165.856475,1470.0,3.46,1470.0,3.46
2017-06-03 09:21:43.987188,54.361084,-165.856427,1470.0,3.46,1470.0,3.46
2017-06-03 09:21:44.486387,54.361091,-165.856412,1470.0,3.46,1470.0,3.46
2017-06-03 09:21:44.985590,54.361114,-165.856364,1470.0,3.46,1470.0,3.46
2017-06-03 09:21:45.484789,54.361121,-165.856349,1470.0,3.46,1470.0,3.46
2017-06-03 09:21:45.983992,54.361144,-165.856302,1470.0,3.46,1470.0,3.46
2017-06-03 09:21:46.498791,54.361152,-165.856286,1470.0,3.46,1470.0,3.46
2017-06-03 09:21:46.997993,54.361174,-165.85624,1470.0,3.46,1470.0,3.46
2017-06-03 09:21:47.497192,54.361182,-165.856225,1470.0,3.46,1470.0,3.46
2017-06-03 09:21:47.996395,54.361206,-165.856179,1470.0,3.46,1470.0,3.46
2017-06-03 09:21:48.495596,54.361214,-165.856164,1470.0,3.46,1470.0,194.45
2017-06-03 09:21:48.994797,54.36124,-165.85612,1470.0,3.46,1470.0,3.46
2017-06-03 09:21:49.493998,54.361248,-165.856105,1470.0,3.46,1470.0,3.46
2017-06-03 09:21:49.993198,54.361272,-165.856059,1470.0,3.46,1470.0,3.46
2017-06-03 09:21:50.492399,54.36128,-165.856043,1470.0,3.46,1470.0,3.46
2017-06-03 09:21:50.991600,54.361304,-165.855994,1470.0,3.46,1470.0,3.46
2017-06-03 09:21:51.490801,54.361311,-165.855978,1470.0,3.46,1470.0,3.46
2017-06-03 09:21:51.990002,54.361334,-165.855931,1470.0,3.46,1470.0,3.46
2017-06-03 09:21:52.489202,54.361342,-165.855915,1470.0,3.46,1470.0,3.46
2017-06-03 09:21:52.988403,54.361365,-165.855866,1470.0,3.46,1470.0,3.46
2017-06-03 09:21:53.487604,54.361373,-165.85585,1470.0,3.46,1470.0,3.46
2017-06-03 09:21:53.986805,54.361397,-165.855801,1470.0,3.46,1470.0,3.46
2017-06-03 09:21:54.486006,54.361405,-165.855785,1470.0,3.46,1470.0,3.46
2017-06-03 09:21:54.985207,54.361428,-165.855739,1470.0,3.46,1470.0,3.46
2017-06-03 09:21:55.484407,54.361436,-165.855723,1470.0,3.46,1470.0,3.46
2017-06-03 09:21:55.999208,54.361461,-165.855674,1470.0,3.46,1470.0,3.46
2017-06-03 09:21:56.498409,54.361469,-165.855659,1470.0,3.46,1470.0,3.46
2017-06-03 09:21:56.997610,54.361491,-165.855614,1470.0,3.46,1470.0,3.46
2017-06-03 09:21:57.496811,54.361498,-165.855599,1470.0,3.46,1470.0,3.46
2017-06-03 09:21:57.996012,54.361523,-165.855552,1470.0,3.46,1470.0,3.46
2017-06-03 09:21:58.495213,54.361531,-165.855538,1470.0,3.46,1470.0,3.46
2017-06-03 09:21:58.994413,54.361554,-165.855494,1470.0,3.46,1470.0,3.46
2017-06-03 09:21:59.493616,54.361561,-165.855479,1470.0,3.46,1470.0,3.46
2017-06-03 09:21:59.992815,54.361584,-165.855432,1470.0,3.46,1470.0,3.46
2017-06-03 09:22:00.492018,54.361591,-165.855417,1470.0,3.46,1470.0,3.46
2017-06-03 09:22:00.991217,54.361614,-165.855371,1470.0,3.46,1470.0,3.46
2017-06-03 09:22:01.490419,54.361622,-165.855355,1470.0,3.46,1470.0,3.46
2017-06-03 09:22:01.989618,54.361645,-165.855307,1470.0,3.46,1470.0,3.46
2017-06-03 09:22:02.488821,54.361653,-165.855291,1470.0,3.46,1470.0,3.46
2017-06-03 09:22:02.988020,54.361676,-165.855241,1470.0,3.46,1470.0,3.46
2017-06-03 09:22:03.487223,54.361684,-165.855225,1470.0,3.46,1470.0,3.46
2017-06-03 09:22:03.986422,54.361709,-165.855177,1470.0,3.46,1470.0,3.46
2017-06-03 09:22:04.485624,54.361717,-165.855161,1470.0,3.46,1470.0,3.46
2017-06-03 09:22:04.984825,54.36174,-165.855113,1470.0,3.46,1470.0,3.46
2017-06-03 09:22:05.484026,54.361748,-165.855096,1470.0,3.46,1470.0,3.46
2017-06-03 09:22:05.998827,54.361773,-165.855046,1470.0,3.46,1470.0,3.46
2017-06-03 09:22:06.498026,54.361781,-165.855031,1470.0,3.46,1470.0,3.46
2017-06-03 09:22:06.997229,54.361805,-165.854984,1470.0,3.46,1470.0,3.46
2017-06-03 09:22:07.496428,54.361813,-165.854968,1470.0,3.46,1470.0,3.46
2017-06-03 09:22:07.995630,54.361838,-165.854919,1470.0,3.46,1470.0,3.46
2017-06-03 09:22:08.494829,54.361845,-165.854904,1470.0,3.46,1470.0,3.46
2017-06-03 09:22:08.994032,54.361866,-165.854857,1470.0,3.46,1470.0,3.46
2017-06-03 09:22:09.493233,54.361873,-165.854842,1470.0,3.46,1470.0,251.46
2017-06-03 09:22:09.992434,54.361896,-165.854794,1470.0,3.46,1470.0,3.46
2017-06-03 09:22:10.491634,54.361903,-165.854779,1470.0,3.46,1470.0,3.46
2017-06-03 09:22:10.990835,54.361927,-165.854732,1470.0,3.46,1470.0,3.46
2017-06-03 09:22:11.490036,54.361935,-165.854717,1470.0,3.46,1470.0,3.46
2017-06-03 09:22:11.989237,54.361957,-165.854669,1470.0,3.46,1470.0,3.46
2017-06-03 09:22:12.488438,54.361964,-165.854653,1470.0,3.46,1470.0,3.46
2017-06-03 09:22:12.987638,54.361986,-165.854604,1470.0,3.46,1470.0,3.46
2017-06-03 09:22:13.486839,54.361993,-165.854588,1470.0,3.46,1470.0,3.46
2017-06-03 09:22:13.986040,54.362016,-165.854538,1470.0,3.46,1470.0,3.46
2017-06-03 09:22:14.485241,54.362023,-165.854521,1470.0,3.46,1470.0,3.46
2017-06-03 09:22:14.984442,54.362045,-165.854471,1470.0,3.46,1470.0,3.46
2017-06-03 09:22:15.499243,54.362053,-165.854453,1470.0,3.46,1470.0,3.46
2017-06-03 09:22:15.998444,54.362076,-165.854403,1470.0,3.46,1470.0,3.46
2017-06-03 09:22:16.497644,54.362084,-165.854387,1470.0,3.46,1470.0,3.46
2017-06-03 09:22:16.996845,54.362107,-165.854339,1470.0,3.46,1470.0,3.46
2017-06-03 09:22:17.496046,54.362115,-165.854324,1470.0,3.46,1470.0,3.46
2017-06-03 09:22:17.995247,54.362142,-165.854277,1470.0,3.46,1470.0,3.46
2017-06-03 09:22:18.494448,54.36215,-165.854262,1470.0,3.46,1470.0,3.46
2017-06-03 09:22:18.993649,54.362174,-165.854214,1470.0,3.46,1470.0,3.46
2017-06-03 09:22:19.492851,54.362182,-165.854198,1470.0,3.46,1470.0,3.46
2017-06-03 09:22:19.992050,54.362205,-165.854149,1470.0,3.46,1470.0,3.46
2017-06-03 09:22:20.491253,54.362213,-165.854133,1470.0,3.46,1470.0,3.46
2017-06-03 09:22:20.990452,54.362234,-165.854084,1470.0,3.46,1470.0,3.46
2017-06-03 09:22:21.489655,54.362241,-165.854068,1470.0,3.46,1470.0,3.46
2017-06-03 09:22:21.988853,54.362262,-165.854018,1470.0,3.46,1470.0,174.31
2017-06-03 09:22:22.488056,54.36227,-165.854001,1470.0,3.46,1470.0,3.46
2017-06-03 09:22:22.987255,54.362292,-165.853953,1470.0,3.46,1470.0,3.46
2017-06-03 09:22:23.486458,54.3623,-165.853937,1470.0,3.46,1470.0,3.46
2017-06-03 09:22:23.985657,54.362324,-165.853889,1470.0,3.46,1470.0,3.46
2017-06-03 09:22:24.484859,54.362332,-165.853874,1470.0,3.46,1470.0,3.46
2017-06-03 09:22:24.984060,54.362356,-165.853831,1470.0,3.46,1470.0,3.46
2017-06-03 09:22:25.498859,54.362365,-165.853815,1470.0,3.46,1470.0,3.46
2017-06-03 09:22:25.998062,54.362391,-165.853768,1470.0,3.46,1470.0,3.46
2017-06-03 09:22:26.497261,54.362399,-165.853752,1470.0,3.46,1470.0,3.46
2017-06-03 09:22:26.996464,54.362424,-165.853707,1470.0,3.46,1470.0,3.46
2017-06-03 09:22:27.495663,54.362432,-165.853691,1470.0,3.46,1470.0,3.46
2017-06-03 09:22:27.994865,54.362455,-165.853643,1470.0,3.46,1470.0,3.46
2017-06-03 09:22:28.494064,54.362463,-165.853626,1470.0,3.46,1470.0,3.46
2017-06-03 09:22:28.993267,54.362486,-165.853576,1470.0,3.46,1470.0,3.46
2017-06-03 09:22:29.492466,54.362493,-165.85356,1470.0,3.46,1470.0,3.46
2017-06-03 09:22:29.991669,54.362516,-165.853509,1470.0,3.46,1470.0,3.46
2017-06-03 09:22:30.490870,54.362523,-165.853493,1470.0,3.46,1470.0,3.46
2017-06-03 09:22:30.990070,54.362546,-165.853446,1470.0,3.46,1470.0,3.46
2017-06-03 09:22:31.489271,54.362553,-165.85343,1470.0,3.46,1470.0,3.46
2017-06-03 09:22:31.988472,54.362577,-165.853384,1470.0,3.46,1470.0,3.46
2017-06-03 09:22:32.487673,54.362585,-165.853369,1470.0,3.46,1470.0,3.46
2017-06-03 09:22:32.986874,54.362608,-165.853324,1470.0,3.46,1470.0,3.46
2017-06-03 09:22:33.486074,54.362616,-165.853308,1470.0,3.46,1470.0,3.46
2017-06-03 09:22:33.985275,54.362639,-165.853259,1470.0,3.46,1470.0,3.46
2017-06-03 09:22:34.484476,54.362647,-165.853243,1470.0,3.46,1470.0,3.46
2017-06-03 09:22:34.999277,54.362671,-165.853194,1470.0,3.46,1470.0,3.46
2017-06-03 09:22:35.498478,54.362678,-165.853178,1470.0,3.46,1470.0,3.46
2017-06-03 09:22:35.997679,54.362701,-165.853128,1470.0,3.46,1470.0,3.46
2017-06-03 09:22:36.496880,54.362709,-165.853112,1470.0,3.46,1470.0,3.46
2017-06-03 09:22:36.996080,54.362731,-165.853066,1470.0,3.46,1470.0,216.27
2017-06-03 09:22:37.495281,54.362739,-165.85305,1470.0,3.46,1470.0,3.46
2017-06-03 09:22:37.994482,54.362764,-165.852999,1470.0,3.46,1470.0,3.46
2017-06-03 09:22:38.493683,54.362772,-165.852984,1470.0,3.46,1470.0,3.46
2017-06-03 09:22:38.992884,54.362794,-165.852936,1470.0,3.46,1470.0,3.46
2017-06-03 09:22:39.492086,54.362802,-165.85292,1470.0,3.46,1470.0,3.46
2017-06-03 09:22:39.991285,54.362825,-165.852872,1470.0,3.46,1470.0,3.46
2017-06-03 09:22:40.490488,54.362833,-165.852856,1470.0,3.46,1470.0,3.46
2017-06-03 09:22:40.989687,54.362856,-165.852808,1470.0,3.46,1470.0,3.46
2017-06-03 09:22:41.488890,54.362864,-165.852792,1470.0,3.46,1470.0,3.46
2017-06-03 09:22:41.988089,54.362889,-165.852744,1470.0,3.46,1470.0,3.46
2017-06-03 09:22:42.487291,54.362897,-165.852728,1470.0,3.46,1470.0,3.46
2017-06-03 09:22:42.986490,54.36292,-165.852681,1470.0,3.46,1470.0,3.46
2017-06-03 09:22:43.485693,54.362928,-165.852665,1470.0,3.46,1470.0,3.46
2017-06-03 09:22:43.984892,54.362952,-165.852617,1470.0,3.46,1470.0,3.46
2017-06-03 09:22:44.484095,54.362959,-165.852601,1470.0,3.46,1470.0,3.46
2017-06-03 09:22:44.998896,54.362981,-165.852551,1470.0,3.46,1470.0,3.46
2017-06-03 09:22:45.498095,54.362988,-165.852534,1470.0,3.46,1470.0,3.46
2017-06-03 09:22:45.997297,54.36301,-165.852481,1470.0,3.46,1470.0,3.46
2017-06-03 09:22:46.496496,54.363017,-165.852465,1470.0,3.46,1470.0,3.46
2017-06-03 09:22:46.995699,54.363039,-165.852416,1470.0,3.46,1470.0,3.46
2017-06-03 09:22:47.494898,54.363046,-165.8524,1470.0,3.46,1470.0,3.46
2017-06-03 09:22:47.994101,54.363069,-165.852351,1470.0,3.46,1470.0,3.46
2017-06-03 09:22:48.493299,54.363077,-165.852335,1470.0,3.46,1470.0,3.46
2017-06-03 09:22:48.992502,54.363102,-165.852289,1470.0,3.46,1470.0,3.46
2017-06-03 09:22:49.491701,54.36311,-165.852274,1470.0,3.46,1470.0,3.46
2017-06-03 09:22:49.990904,54.363134,-165.852227,1470.0,3.46,1470.0,3.46
2017-06-03 09:22:50.490105,54.363141,-165.852211,1470.0,3.46,1470.0,3.46
2017-06-03 09:22:50.989305,54.363164,-165.852163,1470.0,3.46,1470.0,222.11
2017-06-03 09:22:51.488506,54.363171,-165.852146,1470.0,3.46,1470.0,3.46
2017-06-03 09:22:51.987707,54.363192,-165.852095,1470.0,3.46,1470.0,3.46
2017-06-03 09:22:52.486908,54.3632,-165.852078,1470.0,3.46,1470.0,3.46
2017-06-03 09:22:52.986109,54.363222,-165.852029,1470.0,3.46,1470.0,3.46
2017-06-03 09:22:53.485310,54.363229,-165.852013,1470.0,3.46,1470.0,3.46
2017-06-03 09:22:53.984510,54.363252,-165.851964,1470.0,3.46,1470.0,3.46
2017-06-03 09:22:54.499311,54.363261,-165.851947,1470.0,3.46,1470.0,3.46
2017-06-03 09:22:54.998512,54.363284,-165.851901,1470.0,3.46,1470.0,3.46
2017-06-03 09:22:55.497713,54.363292,-165.851885,1470.0,3.46,1470.0,3.46
2017-06-03 09:22:55.996914,54.363316,-165.851836,1470.0,3.46,1470.0,3.46
2017-06-03 09:22:56.496115,54.363324,-165.851821,1470.0,3.46,1470.0,3.46
2017-06-03 09:22:56.995316,54.363347,-165.851775,1470.0,3.46,1470.0,3.46
2017-06-03 09:22:57.494516,54.363355,-165.85176,1470.0,3.46,1470.0,3.46
2017-06-03 09:22:57.993717,54.363377,-165.851714,1470.0,3.46,1470.0,3.46
2017-06-03 09:22:58.492918,54.363385,-165.851698,1470.0,3.46,1470.0,3.46
2017-06-03 09:22:58.992119,54.363407,-165.851649,1470.0,3.46,1470.0,3.46
2017-06-03 09:22:59.491320,54.363415,-165.851633,1470.0,3.46,1470.0,3.46
2017-06-03 09:22:59.990520,54.363437,-165.851586,1470.0,3.46,1470.0,3.46
2017-06-03 09:23:00.489721,54.363445,-165.85157,1470.0,3.46,1470.0,3.46
2017-06-03 09:23:00.988922,54.363467,-165.851522,1470.0,3.46,1470.0,3.46
2017-06-03 09:23:01.488125,54.363475,-165.851507,1470.0,3.46,1470.0,3.46
2017-06-03 09:23:01.987324,54.363497,-165.851459,1470.0,3.46,1470.0,3.46
2017-06-03 09:23:02.486526,54.363505,-165.851444,1470.0,3.46,1470.0,3.46
2017-06-03 09:23:02.985725,54.363527,-165.851397,1470.0,3.46,1470.0,264.63
2017-06-03 09:23:03.484928,54.363534,-165.851382,1470.0,3.46,1470.0,3.46
2017-06-03 09:23:03.984127,54.363559,-165.851334,1470.0,3.46,1470.0,3.46
2017-06-03 09:23:04.498928,54.363567,-165.851317,1470.0,3.46,1470.0,3.46
2017-06-03 09:23:04.998131,54.363591,-165.851271,1470.0,3.46,1470.0,268.2
2017-06-03 09:23:05.497330,54.363598,-165.851255,1470.0,3.46,1470.0,3.46
2017-06-03 09:23:05.996532,54.363621,-165.851206,1470.0,3.46,1470.0,3.46
2017-06-03 09:23:06.495731,54.363628,-165.85119,1470.0,3.46,1470.0,3.46
2017-06-03 09:23:06.994934,54.363651,-165.851142,1470.0,3.46,1470.0,3.46
2017-06-03 09:23:07.494133,54.363658,-165.851126,1470.0,3.46,1470.0,3.46
2017-06-03 09:23:07.993336,54.363681,-165.851076,1470.0,3.46,1470.0,3.46
2017-06-03 09:23:08.492535,54.363688,-165.85106,1470.0,3.46,1470.0,3.46
2017-06-03 09:23:08.991737,54.363711,-165.851011,1470.0,3.46,1470.0,3.46
2017-06-03 09:23:09.490936,54.363718,-165.850995,1470.0,3.46,1470.0,3.46
2017-06-03 09:23:09.990139,54.363741,-165.850947,1470.0,3.46,1470.0,3.46
2017-06-03 09:23:10.489340,54.363748,-165.850931,1470.0,3.46,1470.0,3.46
2017-06-03 09:23:10.988541,54.363771,-165.850883,1470.0,3.46,1470.0,3.46
2017-06-03 09:23:11.487741,54.363778,-165.850867,1470.0,3.46,1470.0,3.46
2017-06-03 09:23:11.986942,54.363802,-165.850821,1470.0,3.46,1470.0,3.46
2017-06-03 09:23:12.486143,54.36381,-165.850806,1470.0,3.46,1470.0,3.46
2017-06-03 09:23:12.985344,54.363833,-165.85076,1470.0,3.46,1470.0,3.46
2017-06-03 09:23:13.484545,54.363841,-165.850745,1470.0,3.46,1470.0,3.46
2017-06-03 09:23:13.999346,54.363866,-165.850696,1470.0,3.46,1470.0,3.46
2017-06-03 09:23:14.498547,54.363874,-165.850681,1470.0,3.46,1470.0,3.46
2017-06-03 09:23:14.997747,54.363896,-165.850634,1470.0,3.46,1470.0,3.46
2017-06-03 09:23:15.496948,54.363903,-165.850618,1470.0,3.46,1470.0,3.46
2017-06-03 09:23:15.996149,54.363924,-165.850571,1470.0,3.46,1470.0,3.46
2017-06-03 09:23:16.495350,54.363931,-165.850555,1470.0,3.46,1470.0,3.46
2017-06-03 09:23:16.994551,54.363952,-165.850506,1470.0,3.46,1470.0,3.46
2017-06-03 09:23:17.493752,54.36396,-165.85049,1470.0,3.46,1470.0,3.46
2017-06-03 09:23:17.992952,54.363982,-165.850439,1470.0,3.46,1470.0,3.46
2017-06-03 09:23:18.492153,54.36399,-165.850423,1470.0,3.46,1470.0,3.46
2017-06-03 09:23:18.991354,54.364012,-165.850374,1470.0,3.46,1470.0,3.46
2017-06-03 09:23:19.490555,54.36402,-165.850358,1470.0,3.46,1470.0,3.46
2017-06-03 09:23:19.989756,54.364044,-165.850309,1470.0,3.46,1470.0,3.46
2017-06-03 09:23:20.488956,54.364052,-165.850293,1470.0,3.46,1470.0,3.46
2017-06-03 09:23:20.988157,54.364075,-165.850246,1470.0,3.46,1470.0,3.46
2017-06-03 09:23:21.487360,54.364083,-165.85023,1470.0,3.46,1470.0,3.46
2017-06-03 09:23:21.986559,54.364107,-165.850181,1470.0,3.46,1470.0,3.46
2017-06-03 09:23:22.485762,54.364115,-165.850165,1470.0,3.46,1470.0,3.46
2017-06-03 09:23:22.984961,54.364137,-165.850114,1470.0,3.46,1470.0,3.46
2017-06-03 09:23:23.484163,54.364144,-165.850098,1470.0,3.46,1470.0,3.46
2017-06-03 09:23:23.998962,54.364166,-165.850046,1470.0,3.46,1470.0,3.46
2017-06-03 09:23:24.498165,54.364173,-165.850031,1470.0,3.46,1470.0,3.46
2017-06-03 09:23:24.997364,54.364194,-165.849984,1470.0,3.46,1470.0,3.46
2017-06-03 09:23:25.496565,54.364201,-165.849968,1470.0,3.46,1470.0,3.46
2017-06-03 09:23:25.995766,54.364222,-165.849919,1470.0,3.46,1470.0,3.46
2017-06-03 09:23:26.494967,54.36423,-165.849903,1470.0,3.46,1470.0,3.46
2017-06-03 09:23:26.994169,54.364252,-165.849856,1470.0,3.46,1470.0,3.46
2017-06-03 09:23:27.493368,54.364259,-165.84984,1470.0,3.46,1470.0,3.46
2017-06-03 09:23:27.992571,54.364281,-165.849791,1470.0,3.46,1470.0,3.46
2017-06-03 09:23:28.491770,54.364288,-165.849775,1470.0,3.46,1470.0,3.46
2017-06-03 09:23:28.990973,54.364309,-165.849726,1470.0,3.46,1470.0,3.46
2017-06-03 09:23:29.490171,54.364316,-165.84971,1470.0,3.46,1470.0,3.46
2017-06-03 09:23:29.989374,54.364337,-165.849659,1470.0,3.46,1470.0,3.46
2017-06-03 09:23:30.488573,54.364344,-165.849643,1470.0,3.46,1470.0,3.46
2017-06-03 09:23:30.987776,54.364366,-165.849594,1470.0,3.46,1470.0,3.46
2017-06-03 09:23:31.486977,54.364373,-165.849578,1470.0,3.46,1470.0,3.46
2017-06-03 09:23:31.986177,54.364396,-165.849528,1470.0,3.46,1470.0,3.46
2017-06-03 09:23:32.485378,54.364403,-165.849512,1470.0,3.46,1470.0,3.46
2017-06-03 09:23:32.984579,54.364427,-165.849464,1470.0,3.46,1470.0,3.46
2017-06-03 09:23:33.483780,54.364434,-165.849448,1470.0,3.46,1470.0,3.46
2017-06-03 09:23:33.998581,54.364456,-165.849396,1470.0,3.46,1470.0,3.46
2017-06-03 09:23:34.497782,54.364464,-165.84938,1470.0,3.46,1470.0,295.86
2017-06-03 09:23:34.996983,54.364486,-165.849329,1470.0,3.46,1470.0,3.46
2017-06-03 09:23:35.496183,54.364493,-165.849313,1470.0,3.46,1470.0,3.46
2017-06-03 09:23:35.995384,54.364513,-165.849263,1470.0,3.46,1470.0,3.46
2017-06-03 09:23:36.494585,54.364519,-165.849246,1470.0,3.46,1470.0,3.46
2017-06-03 09:23:36.993786,54.364541,-165.849198,1470.0,3.46,1470.0,3.46
2017-06-03 09:23:37.492987,54.364548,-165.849182,1470.0,3.46,1470.0,3.46
2017-06-03 09:23:37.992188,54.364571,-165.849134,1470.0,3.46,1470.0,3.46
2017-06-03 09:23:38.491388,54.364578,-165.849119,1470.0,3.46,1470.0,3.46
2017-06-03 09:23:38.990589,54.364602,-165.849072,1470.0,3.46,1470.0,3.46
2017-06-03 09:23:39.489790,54.36461,-165.849057,1470.0,3.46,1470.0,3.46
2017-06-03 09:23:39.988991,54.364632,-165.849011,1470.0,3.46,1470.0,3.46
2017-06-03 09:23:40.488192,54.36464,-165.848995,1470.0,3.46,1470.0,3.46
2017-06-03 09:23:40.987392,54.364662,-165.848949,1470.0,3.46,1470.0,3.46
2017-06-03 09:23:41.486595,54.364669,-165.848933,1470.0,3.46,1470.0,3.46
2017-06-03 09:23:41.985794,54.364692,-165.848883,1470.0,3.46,1470.0,3.46
2017-06-03 09:23:42.484997,54.364699,-165.848867,1470.0,3.46,1470.0,3.46
2017-06-03 09:23:42.984196,54.36472,-165.848819,1470.0,3.46,1470.0,3.46
2017-06-03 09:23:43.498999,54.364728,-165.848801,1470.0,3.46,1470.0,3.46
2017-06-03 09:23:43.998198,54.36475,-165.848751,1470.0,3.46,1470.0,3.46
2017-06-03 09:23:44.497400,54.364757,-165.848735,1470.0,3.46,1470.0,3.46
2017-06-03 09:23:44.996599,54.364779,-165.848686,1470.0,3.46,1470.0,3.46
2017-06-03 09:23:45.495802,54.364786,-165.84867,1470.0,3.46,1470.0,3.46
2017-06-03 09:23:45.995001,54.364809,-165.848621,1470.0,3.46,1470.0,3.46
2017-06-03 09:23:46.494202,54.364817,-165.848605,1470.0,3.46,1470.0,3.46
2017-06-03 09:23:46.993404,54.36484,-165.848556,1470.0,3.46,1470.0,3.46
2017-06-03 09:23:47.492603,54.364848,-165.84854,1470.0,3.46,1470.0,209.87
2017-06-03 09:23:47.991806,54.364871,-165.848492,1470.0,3.46,1470.0,3.46
2017-06-03 09:23:48.491005,54.364878,-165.848477,1470.0,3.46,1470.0,3.46
2017-06-03 09:23:48.990208,54.364901,-165.848429,1470.0,3.46,1470.0,3.46
2017-06-03 09:23:49.489407,54.364908,-165.848413,1470.0,3.46,1470.0,3.46
2017-06-03 09:23:49.988609,54.364931,-165.848364,1470.0,3.46,1470.0,3.46
2017-06-03 09:23:50.487808,54.364938,-165.848348,1470.0,3.46,1470.0,3.46
2017-06-03 09:23:50.987011,54.364959,-165.848301,1470.0,3.46,1470.0,3.46
2017-06-03 09:23:51.486210,54.364965,-165.848284,1470.0,3.46,1470.0,3.46
2017-06-03 09:23:51.985413,54.364986,-165.848234,1470.0,3.46,1470.0,3.46
2017-06-03 09:23:52.484613,54.364993,-165.848219,1470.0,3.46,1470.0,3.46
2017-06-03 09:23:52.983814,54.365014,-165.848172,1470.0,3.46,1470.0,3.46
2017-06-03 09:23:53.498615,54.365021,-165.848155,1470.0,3.46,1470.0,3.46
2017-06-03 09:23:53.997816,54.365042,-165.848104,1470.0,3.46,1470.0,3.46
2017-06-03 09:23:54.497017,54.365049,-165.848089,1470.0,3.46,1470.0,3.46
2017-06-03 09:23:54.996218,54.365071,-165.848041,1470.0,3.46,1470.0,3.46
2017-06-03 09:23:55.495419,54.365078,-165.848025,1470.0,3.46,1470.0,3.46
2017-06-03 09:23:55.994619,54.365101,-165.847977,1470.0,3.46,1470.0,3.46
2017-06-03 09:23:56.493820,54.365108,-165.847962,1470.0,3.46,1470.0,3.46
2017-06-03 09:23:56.993021,54.365131,-165.847916,1470.0,3.46,1470.0,3.46
2017-06-03 09:23:57.492222,54.365138,-165.8479,1470.0,3.46,1470.0,3.46
2017-06-03 09:23:57.991423,54.365161,-165.847849,1470.0,3.46,1470.0,3.46
2017-06-03 09:23:58.490623,54.365168,-165.847833,1470.0,6.85,1470.0,3.46
2017-06-03 09:23:58.989824,54.365189,-165.847781,1470.0,3.46,1470.0,3.46
2017-06-03 09:23:59.489025,54.365196,-165.847764,1470.0,3.46,1470.0,3.46
2017-06-03 09:23:59.988226,54.365216,-165.847713,1470.0,3.46,1470.0,3.46
2017-06-03 09:24:00.487427,54.365223,-165.847696,1470.0,3.46,1470.0,3.46
2017-06-03 09:24:00.986628,54.365244,-165.847646,1470.0,3.46,1470.0,3.46
2017-06-03 09:24:01.485830,54.365251,-165.847629,1470.0,3.46,1470.0,3.46
2017-06-03 09:24:01.985029,54.365272,-165.847578,1470.0,3.46,1470.0,3.46
2017-06-03 09:24:02.484232,54.36528,-165.847562,1470.0,3.46,1470.0,3.46
2017-06-03 09:24:02.999031,54.365302,-165.847512,1470.0,3.46,1470.0,3.46
2017-06-03 09:24:03.498234,54.365309,-165.847497,1470.0,3.46,1470.0,3.46
2017-06-03 09:24:03.997433,54.365331,-165.847449,1470.0,3.46,1470.0,3.46
2017-06-03 09:24:04.496635,54.365338,-165.847433,1470.0,3.46,1470.0,3.46
2017-06-03 09:24:04.995834,54.365361,-165.847384,1470.0,3.46,1470.0,3.46
2017-06-03 09:24:05.495037,54.365368,-165.847368,1470.0,3.46,1470.0,3.46
2017-06-03 09:24:05.994236,54.365389,-165.847319,1470.0,3.46,1470.0,3.46
2017-06-03 09:24:06.493439,54.365396,-165.847303,1470.0,3.46,1470.0,3.46
2017-06-03 09:24:06.992640,54.365417,-165.847256,1470.0,3.46,1470.0,3.46
2017-06-03 09:24:07.491838,54.365424,-165.84724,1470.0,3.46,1470.0,3.46
2017-06-03 09:24:07.991041,54.365444,-165.847192,1470.0,3.46,1470.0,3.46
2017-06-03 09:24:08.490240,54.365451,-165.847177,1470.0,3.46,1470.0,3.46
2017-06-03 09:24:08.989443,54.365472,-165.847129,1470.0,3.46,1470.0,3.46
2017-06-03 09:24:09.488642,54.365479,-165.847113,1470.0,3.46,1470.0,3.46
2017-06-03 09:24:09.987844,54.365501,-165.847063,1470.0,3.46,1470.0,3.46
2017-06-03 09:24:10.487043,54.365508,-165.847047,1470.0,3.46,1470.0,3.46
2017-06-03 09:24:10.986246,54.36553,-165.846999,1470.0,3.46,1470.0,3.46
2017-06-03 09:24:11.485445,54.365537,-165.846983,1470.0,3.46,1470.0,3.46
2017-06-03 09:24:11.984648,54.365561,-165.846934,1470.0,3.46,1470.0,3.46
2017-06-03 09:24:12.483849,54.365568,-165.846919,1470.0,3.46,1470.0,3.46
2017-06-03 09:24:12.998650,54.365592,-165.846871,1470.0,3.46,1470.0,3.46
2017-06-03 09:24:13.497850,54.3656,-165.846855,1470.0,3.46,1470.0,3.46
2017-06-03 09:24:13.997051,54.365624,-165.846807,1470.0,3.46,1470.0,3.46
2017-06-03 09:24:14.496252,54.365631,-165.846792,1470.0,3.46,1470.0,3.46
2017-06-03 09:24:14.995453,54.365654,-165.846744,1470.0,3.46,1470.0,20.02
2017-06-03 09:24:15.494654,54.365661,-165.846728,1470.0,3.46,1470.0,3.46
2017-06-03 09:24:15.993855,54.365684,-165.846678,1470.0,3.46,1470.0,3.46
2017-06-03 09:24:16.493055,54.365691,-165.846662,1470.0,3.46,1470.0,3.46
2017-06-03 09:24:16.992256,54.365714,-165.846614,1470.0,3.46,1470.0,3.46
2017-06-03 09:24:17.491457,54.365721,-165.846598,1470.0,3.46,1470.0,3.46
2017-06-03 09:24:17.990658,54.365742,-165.846549,1470.0,3.46,1470.0,191.81
2017-06-03 09:24:18.489859,54.365749,-165.846533,1470.0,3.46,1470.0,3.46
2017-06-03 09:24:18.989059,54.365771,-165.846486,1470.0,3.46,1470.0,3.46
2017-06-03 09:24:19.488260,54.365778,-165.84647,1470.0,3.46,1470.0,3.46
2017-06-03 09:24:19.987461,54.365799,-165.846424,1470.0,3.46,1470.0,3.46
2017-06-03 09:24:20.486662,54.365806,-165.846409,1470.0,3.46,1470.0,3.46
2017-06-03 09:24:20.985863,54.365828,-165.846364,1470.0,3.46,1470.0,3.46
2017-06-03 09:24:21.485064,54.365836,-165.846348,1470.0,3.46,1470.0,3.46
2017-06-03 09:24:21.984264,54.365859,-165.846299,1470.0,3.46,1470.0,3.46
2017-06-03 09:24:22.499067,54.365867,-165.846282,1470.0,3.46,1470.0,3.46
2017-06-03 09:24:22.998266,54.365889,-165.846236,1470.0,3.46,1470.0,3.46
2017-06-03 09:24:23.497469,54.365896,-165.84622,1470.0,3.46,1470.0,3.46
2017-06-03 09:24:23.996668,54.365919,-165.846172,1470.0,3.46,1470.0,3.46
2017-06-03 09:24:24.495871,54.365926,-165.846157,1470.0,3.46,1470.0,3.46
2017-06-03 09:24:24.995070,54.365949,-165.846109,1470.0,3.46,1470.0,3.46
2017-06-03 09:24:25.494272,54.365956,-165.846093,1470.0,3.46,1470.0,3.46
2017-06-03 09:24:25.993471,54.365979,-165.846046,1470.0,3.46,1470.0,3.46
2017-06-03 09:24:26.492674,54.365987,-165.84603,1470.0,3.46,1470.0,3.46
2017-06-03 09:24:26.991875,54.36601,-165.845982,1470.0,3.46,1470.0,3.46
2017-06-03 09:24:27.491076,54.366018,-165.845967,1470.0,3.46,1470.0,231.89
2017-06-03 09:24:27.990276,54.366039,-165.845919,1470.0,3.46,1470.0,3.46
2017-06-03 09:24:28.489477,54.366046,-165.845903,1470.0,3.46,1470.0,3.46
2017-06-03 09:24:28.988678,54.366069,-165.845854,1470.0,3.46,1470.0,3.46
2017-06-03 09:24:29.487877,54.366076,-165.845838,1470.0,3.46,1470.0,3.46
2017-06-03 09:24:29.987080,54.366099,-165.845791,1470.0,3.46,1470.0,3.46
2017-06-03 09:24:30.486279,54.366106,-165.845775,1470.0,3.46,1470.0,3.46
2017-06-03 09:24:30.985481,54.366128,-165.845729,1470.0,3.46,1470.0,3.46
2017-06-03 09:24:31.484680,54.366136,-165.845713,1470.0,3.46,1470.0,3.46
2017-06-03 09:24:31.983883,54.366157,-165.845663,1470.0,3.46,1470.0,3.46
2017-06-03 09:24:32.498684,54.366165,-165.845645,1470.0,3.46,1470.0,3.46
2017-06-03 09:24:32.997885,54.366186,-165.845596,1470.0,3.46,1470.0,3.46
2017-06-03 09:24:33.497086,54.366193,-165.84558,1470.0,3.46,1470.0,3.46
2017-06-03 09:24:33.996286,54.366216,-165.845532,1470.0,3.46,1470.0,3.46
2017-06-03 09:24:34.495487,54.366223,-165.845517,1470.0,3.46,1470.0,3.46
2017-06-03 09:24:34.994688,54.366246,-165.845471,1470.0,3.46,1470.0,3.46
2017-06-03 09:24:35.493889,54.366253,-165.845456,1470.0,3.46,1470.0,3.46
2017-06-03 09:24:35.993090,54.366276,-165.84541,1470.0,3.46,1470.0,3.46
2017-06-03 09:24:36.492290,54.366283,-165.845395,1470.0,3.46,1470.0,257.1
2017-06-03 09:24:36.991491,54.366306,-165.845347,1470.0,3.46,1470.0,3.46
2017-06-03 09:24:37.490692,54.366313,-165.845332,1470.0,3.46,1470.0,3.46
2017-06-03 09:24:37.989893,54.366333,-165.845284,1470.0,3.46,1470.0,3.46
2017-06-03 09:24:38.489094,54.366339,-165.845268,1470.0,3.46,1470.0,3.46
2017-06-03 09:24:38.988295,54.366359,-165.845219,1470.0,3.46,1470.0,3.46
2017-06-03 09:24:39.487495,54.366366,-165.845203,1470.0,3.46,1470.0,3.46
2017-06-03 09:24:39.986696,54.366387,-165.845153,1470.0,3.46,1470.0,3.46
2017-06-03 09:24:40.485897,54.366394,-165.845137,1470.0,3.46,1470.0,3.46
2017-06-03 09:24:40.985098,54.366414,-165.845089,1470.0,3.46,1470.0,3.46
2017-06-03 09:24:41.484299,54.366421,-165.845073,1470.0,3.46,1470.0,3.46
2017-06-03 09:24:41.999100,54.366445,-165.84502,1470.0,3.46,1470.0,3.46
2017-06-03 09:24:42.498301,54.366452,-165.845004,1470.0,3.46,1470.0,274.41
2017-06-03 09:24:42.997501,54.366474,-165.844956,1470.0,3.46,1470.0,3.46
2017-06-03 09:24:43.496704,54.366481,-165.84494,1470.0,3.46,1470.0,3.46
2017-06-03 09:24:43.995903,54.366504,-165.844892,1470.0,3.46,1470.0,3.46
2017-06-03 09:24:44.495106,54.366511,-165.844877,1470.0,3.46,1470.0,3.46
2017-06-03 09:24:44.994305,54.366534,-165.844829,1470.0,3.46,1470.0,3.46
2017-06-03 09:24:45.493507,54.366541,-165.844813,1470.0,3.46,1470.0,3.46
2017-06-03 09:24:45.992706,54.366561,-165.844763,1470.0,3.46,1470.0,3.46
2017-06-03 09:24:46.491909,54.366568,-165.844746,1470.0,3.46,1470.0,3.46
2017-06-03 09:24:46.991108,54.366588,-165.844698,1470.0,3.46,1470.0,3.46
2017-06-03 09:24:47.490311,54.366594,-165.844681,1470.0,3.46,1470.0,3.46
2017-06-03 09:24:47.989511,54.366614,-165.844633,1470.0,3.46,1470.0,3.46
2017-06-03 09:24:48.488712,54.366621,-165.844617,1470.0,3.46,1470.0,3.46
2017-06-03 09:24:48.987913,54.366642,-165.844569,1470.0,3.46,1470.0,3.46
2017-06-03 09:24:49.487114,54.366649,-165.844553,1470.0,3.46,1470.0,3.46
2017-06-03 09:24:49.986315,54.366669,-165.844504,1470.0,3.46,1470.0,3.46
2017-06-03 09:24:50.485514,54.366676,-165.844488,1470.0,3.46,1470.0,3.46
2017-06-03 09:24:50.984716,54.366697,-165.844441,1470.0,3.46,1470.0,3.46
2017-06-03 09:24:51.483915,54.366704,-165.844424,1470.0,3.46,1470.0,3.46
2017-06-03 09:24:51.998718,54.366725,-165.844371,1470.0,3.46,1470.0,3.46
2017-06-03 09:24:52.497919,54.366731,-165.844355,1470.0,3.46,1470.0,3.46
2017-06-03 09:24:52.997120,54.366751,-165.844307,1470.0,3.46,1470.0,3.46
2017-06-03 09:24:53.496321,54.366758,-165.844291,1470.0,3.46,1470.0,3.46
2017-06-03 09:24:53.995522,54.366779,-165.844241,1470.0,3.46,1470.0,3.46
2017-06-03 09:24:54.494722,54.366786,-165.844225,1470.0,3.46,1470.0,3.46
2017-06-03 09:24:54.993923,54.366809,-165.844177,1470.0,3.46,1470.0,3.46
2017-06-03 09:24:55.493124,54.366816,-165.844161,1470.0,12.68,1470.0,3.46
2017-06-03 09:24:55.992325,54.366837,-165.844113,1470.0,3.46,1470.0,270.27
2017-06-03 09:24:56.491526,54.366844,-165.844096,1470.0,3.46,1470.0,3.46
2017-06-03 09:24:56.990726,54.366866,-165.844048,1470.0,3.46,1470.0,3.46
2017-06-03 09:24:57.489927,54.366872,-165.844031,1470.0,3.46,1470.0,3.46
2017-06-03 09:24:57.989128,54.366891,-165.843981,1470.0,3.46,1470.0,3.46
2017-06-03 09:24:58.488329,54.366897,-165.843965,1470.0,3.46,1470.0,3.46
2017-06-03 09:24:58.987530,54.366916,-165.843916,1470.0,3.46,1470.0,3.46
2017-06-03 09:24:59.486731,54.366922,-165.843899,1470.0,3.46,1470.0,3.46
2017-06-03 09:24:59.985931,54.366943,-165.843848,1470.0,3.46,1470.0,3.46
2017-06-03 09:25:00.485132,54.36695,-165.843832,1470.0,3.46,1470.0,3.46
2017-06-03 09:25:00.984333,54.366972,-165.843788,1470.0,3.46,1470.0,3.46
2017-06-03 09:25:01.499134,54.36698,-165.843772,1470.0,3.46,1470.0,3.46
2017-06-03 09:25:01.998335,54.367002,-165.843727,1470.0,3.46,1470.0,3.46
2017-06-03 09:25:02.497536,54.367009,-165.843712,1470.0,3.46,1470.0,3.46
2017-06-03 09:25:02.996737,54.367031,-165.843667,1470.0,3.46,1470.0,3.46
2017-06-03 09:25:03.495939,54.367038,-165.843652,1470.0,3.46,1470.0,3.46
2017-06-03 09:25:03.995138,54.367059,-165.843604,1470.0,3.46,1470.0,3.46
2017-06-03 09:25:04.494341,54.367066,-165.843588,1470.0,3.46,1470.0,3.46
2017-06-03 09:25:04.993540,54.367086,-165.843539,1470.0,3.46,1470.0,3.46
2017-06-03 09:25:05.492743,54.367093,-165.843523,1470.0,3.46,1470.0,3.46
2017-06-03 09:25:05.991941,54.367113,-165.843474,1470.0,3.46,1470.0,3.46
2017-06-03 09:25:06.491144,54.367119,-165.843458,1470.0,3.46,1470.0,3.46
2017-06-03 09:25:06.990343,54.367141,-165.843409,1470.0,3.46,1470.0,3.46
2017-06-03 09:25:07.489546,54.367148,-165.843394,1470.0,3.46,1470.0,3.46
2017-06-03 09:25:07.988745,54.367171,-165.843347,1470.0,3.46,1470.0,3.46
2017-06-03 09:25:08.487947,54.367178,-165.843332,1470.0,3.46,1470.0,3.46
2017-06-03 09:25:08.987148,54.367201,-165.843287,1470.0,3.46,1470.0,3.46
2017-06-03 09:25:09.486349,54.367209,-165.843272,1470.0,3.46,1470.0,3.46
2017-06-03 09:25:09.985550,54.367234,-165.843226,1470.0,3.46,1470.0,3.46
2017-06-03 09:25:10.484751,54.367241,-165.843211,1470.0,3.46,1470.0,3.46
2017-06-03 09:25:10.983952,54.367263,-165.843165,1470.0,3.46,1470.0,3.46
2017-06-03 09:25:11.498751,54.367271,-165.843148,1470.0,3.46,1470.0,3.46
2017-06-03 09:25:11.997953,54.367295,-165.843101,1470.0,3.46,1470.0,3.46
2017-06-03 09:25:12.497152,54.367301,-165.843085,1470.0,3.46,1470.0,3.46
2017-06-03 09:25:12.996355,54.367321,-165.843037,1470.0,3.46,1470.0,3.46
2017-06-03 09:25:13.495556,54.367328,-165.843022,1470.0,3.46,1470.0,3.46
2017-06-03 09:25:13.994757,54.367348,-165.842974,1470.0,3.46,1470.0,3.46
2017-06-03 09:25:14.493958,54.367355,-165.842959,1470.0,3.46,1470.0,3.46
2017-06-03 09:25:14.993158,54.367377,-165.842914,1470.0,3.46,1470.0,3.46
2017-06-03 09:25:15.492359,54.367385,-165.842899,1470.0,3.46,1470.0,3.46
2017-06-03 09:25:15.991560,54.367409,-165.842857,1470.0,3.46,1470.0,3.46
2017-06-03 09:25:16.490761,54.367417,-165.842843,1470.0,3.46,1470.0,3.46
2017-06-03 09:25:16.989962,54.367442,-165.842799,1470.0,3.46,1470.0,263.69
2017-06-03 09:25:17.489162,54.36745,-165.842783,1470.0,3.46,1470.0,3.46
2017-06-03 09:25:17.988363,54.367472,-165.842736,1470.0,3.46,1470.0,3.46
2017-06-03 09:25:18.487564,54.367479,-165.84272,1470.0,3.46,1470.0,259.74
2017-06-03 09:25:18.986765,54.367499,-165.842671,1470.0,3.46,1470.0,3.46
2017-06-03 09:25:19.485966,54.367505,-165.842654,1470.0,3.46,1470.0,3.46
2017-06-03 09:25:19.985167,54.367526,-165.842601,1470.0,3.46,1470.0,3.46
2017-06-03 09:25:20.484367,54.367533,-165.842585,1470.0,3.46,1470.0,3.46
2017-06-03 09:25:20.999168,54.367554,-165.842533,1470.0,3.46,1470.0,3.46
2017-06-03 09:25:21.498369,54.367562,-165.842516,1470.0,3.46,1470.0,3.46
2017-06-03 09:25:21.997570,54.367585,-165.842468,1470.0,3.46,1470.0,3.46
2017-06-03 09:25:22.496771,54.367593,-165.842452,1470.0,3.46,1470.0,3.46
2017-06-03 09:25:22.995972,54.367616,-165.842406,1470.0,3.46,1470.0,3.46
2017-06-03 09:25:23.495174,54.367623,-165.842391,1470.0,3.46,1470.0,3.46
2017-06-03 09:25:23.994373,54.367647,-165.842345,1470.0,3.46,1470.0,3.46
2017-06-03 09:25:24.493576,54.367655,-165.842331,1470.0,3.46,1470.0,3.46
2017-06-03 09:25:24.992775,54.367677,-165.842285,1470.0,3.46,1470.0,3.46
2017-06-03 09:25:25.491978,54.367684,-165.84227,1470.0,3.46,1470.0,3.46
2017-06-03 09:25:25.991177,54.367706,-165.842224,1470.0,3.46,1470.0,3.46
2017-06-03 09:25:26.490379,54.367712,-165.842208,1470.0,3.46,1470.0,3.46
2017-06-03 09:25:26.989578,54.367731,-165.842161,1470.0,3.46,1470.0,3.46
2017-06-03 09:25:27.488781,54.367737,-165.842145,1470.0,3.46,1470.0,3.46
2017-06-03 09:25:27.987980,54.367756,-165.842096,1470.0,3.46,1470.0,3.46
2017-06-03 09:25:28.487183,54.367762,-165.84208,1470.0,3.46,1470.0,3.46
2017-06-03 09:25:28.986383,54.367781,-165.842032,1470.0,3.46,1470.0,3.46
2017-06-03 09:25:29.485584,54.367787,-165.842016,1470.0,3.46,1470.0,3.46
2017-06-03 09:25:29.984785,54.367811,-165.841968,1470.0,3.46,1470.0,3.46
2017-06-03 09:25:30.483986,54.367818,-165.841952,1470.0,3.46,1470.0,3.46
2017-06-03 09:25:30.998787,54.367841,-165.841904,1470.0,3.46,1470.0,295.3
2017-06-03 09:25:31.497986,54.367848,-165.841888,1470.0,3.46,1470.0,3.46
2017-06-03 09:25:31.997189,54.367871,-165.841841,1470.0,3.46,1470.0,3.46
2017-06-03 09:25:32.496387,54.367878,-165.841825,1470.0,3.46,1470.0,3.46
2017-06-03 09:25:32.995590,54.367901,-165.841774,1470.0,3.46,1470.0,3.46
2017-06-03 09:25:33.494789,54.367908,-165.841758,1470.0,3.46,1470.0,3.46
2017-06-03 09:25:33.993992,54.367931,-165.841708,1470.0,3.46,1470.0,3.46
2017-06-03 09:25:34.493193,54.367938,-165.841691,1470.0,3.46,1470.0,3.46
2017-06-03 09:25:34.992393,54.367959,-165.841643,1470.0,3.46,1470.0,3.46
2017-06-03 09:25:35.491594,54.367966,-165.841627,1470.0,3.46,1470.0,3.46
2017-06-03 09:25:35.990795,54.367987,-165.841579,1470.0,3.46,1470.0,3.46
2017-06-03 09:25:36.489996,54.367994,-165.841564,1470.0,3.46,1470.0,3.46
2017-06-03 09:25:36.989197,54.368016,-165.841517,1470.0,3.46,1470.0,3.46
2017-06-03 09:25:37.488398,54.368023,-165.841502,1470.0,3.46,1470.0,3.46
2017-06-03 09:25:37.987598,54.368044,-165.841456,1470.0,3.46,1470.0,3.46
2017-06-03 09:25:38.486799,54.368051,-165.841441,1470.0,3.46,1470.0,3.46
2017-06-03 09:25:38.986000,54.36807,-165.841395,1470.0,3.46,1470.0,3.46
2017-06-03 09:25:39.485201,54.368077,-165.84138,1470.0,3.46,1470.0,3.46
2017-06-03 09:25:39.984402,54.368096,-165.841331,1470.0,3.46,1470.0,3.46
2017-06-03 09:25:40.499203,54.368103,-165.841314,1470.0,3.46,1470.0,3.46
2017-06-03 09:25:40.998404,54.368123,-165.841266,1470.0,3.46,1470.0,3.46
2017-06-03 09:25:41.497604,54.368129,-165.84125,1470.0,3.46,1470.0,3.46
2017-06-03 09:25:41.996805,54.368151,-165.841202,1470.0,3.46,1470.0,3.46
2017-06-03 09:25:42.496006,54.368158,-165.841187,1470.0,3.46,1470.0,3.46
2017-06-03 09:25:42.995207,54.368181,-165.841139,1470.0,3.46,1470.0,3.46
2017-06-03 09:25:43.494410,54.368188,-165.841123,1470.0,3.46,1470.0,3.46
2017-06-03 09:25:43.993608,54.368211,-165.841074,1470.0,3.46,1470.0,3.46
2017-06-03 09:25:44.492811,54.368218,-165.841058,1470.0,3.46,1470.0,3.46
2017-06-03 09:25:44.992010,54.368241,-165.841009,1470.0,3.46,1470.0,281.0
2017-06-03 09:25:45.491213,54.368248,-165.840993,1470.0,3.46,1470.0,3.46
2017-06-03 09:25:45.990412,54.368269,-165.840943,1470.0,3.46,1470.0,3.46
2017-06-03 09:25:46.489614,54.368276,-165.840926,1470.0,3.46,1470.0,3.46
2017-06-03 09:25:46.988813,54.368297,-165.840878,1470.0,3.46,1470.0,3.46
2017-06-03 09:25:47.488016,54.368304,-165.840861,1470.0,3.46,1470.0,3.46
2017-06-03 09:25:47.987215,54.368326,-165.840813,1470.0,3.46,1470.0,3.46
2017-06-03 09:25:48.486418,54.368332,-165.840797,1470.0,3.46,1470.0,3.46
2017-06-03 09:25:48.985619,54.368352,-165.840749,1470.0,3.46,1470.0,3.46
2017-06-03 09:25:49.484819,54.368359,-165.840733,1470.0,3.46,1470.0,3.46
2017-06-03 09:25:49.984020,54.368379,-165.840686,1470.0,3.46,1470.0,3.46
2017-06-03 09:25:50.498819,54.368386,-165.840669,1470.0,3.46,1470.0,3.46
2017-06-03 09:25:50.998022,54.368406,-165.840622,1470.0,3.46,1470.0,3.46
2017-06-03 09:25:51.497221,54.368413,-165.840606,1470.0,3.46,1470.0,3.46
2017-06-03 09:25:51.996424,54.368434,-165.840558,1470.0,3.46,1470.0,3.46
2017-06-03 09:25:52.495623,54.368441,-165.840542,1470.0,3.46,1470.0,271.03
2017-06-03 09:25:52.994825,54.368461,-165.840494,1470.0,3.46,1470.0,3.46
2017-06-03 09:25:53.494024,54.368468,-165.840478,1470.0,3.46,1470.0,3.46
2017-06-03 09:25:53.993227,54.368488,-165.840428,1470.0,3.46,1470.0,3.46
2017-06-03 09:25:54.492428,54.368495,-165.840412,1470.0,3.46,1470.0,3.46
2017-06-03 09:25:54.991629,54.368517,-165.840364,1470.0,3.46,1470.0,3.46
2017-06-03 09:25:55.490829,54.368525,-165.840349,1470.0,3.46,1470.0,3.46
2017-06-03 09:25:55.990030,54.368547,-165.840302,1470.0,3.46,1470.0,3.46
2017-06-03 09:25:56.489231,54.368555,-165.840286,1470.0,3.46,1470.0,3.46
2017-06-03 09:25:56.988432,54.368577,-165.840238,1470.0,3.46,1470.0,3.46
2017-06-03 09:25:57.487633,54.368584,-165.840222,1470.0,3.46,1470.0,3.46
2017-06-03 09:25:57.986834,54.368606,-165.840174,1470.0,3.46,1470.0,3.46
2017-06-03 09:25:58.486034,54.368613,-165.840158,1470.0,3.46,1470.0,3.46
2017-06-03 09:25:58.985235,54.368634,-165.840111,1470.0,3.46,1470.0,3.46
2017-06-03 09:25:59.484436,54.368641,-165.840095,1470.0,3.46,1470.0,3.46
2017-06-03 09:25:59.999237,54.368663,-165.840044,1470.0,3.46,1470.0,3.46
2017-06-03 09:26:00.498438,54.36867,-165.840029,1470.0,3.46,1470.0,3.46
2017-06-03 09:26:00.997639,54.368691,-165.839982,1470.0,3.46,1470.0,3.46
2017-06-03 09:26:01.496840,54.368698,-165.839966,1470.0,3.46,1470.0,3.46
2017-06-03 09:26:01.996040,54.368719,-165.839918,1470.0,3.46,1470.0,3.46
2017-06-03 09:26:02.495241,54.368726,-165.839902,1470.0,3.46,1470.0,3.46
2017-06-03 09:26:02.994442,54.368747,-165.839856,1470.0,3.46,1470.0,3.46
2017-06-03 09:26:03.493643,54.368754,-165.83984,1470.0,3.46,1470.0,3.46
2017-06-03 09:26:03.992844,54.368774,-165.839792,1470.0,3.46,1470.0,3.46
2017-06-03 09:26:04.492044,54.368781,-165.839777,1470.0,3.46,1470.0,3.46
2017-06-03 09:26:04.991245,54.368804,-165.839729,1470.0,3.46,1470.0,3.46
2017-06-03 09:26:05.490448,54.368811,-165.839713,1470.0,3.46,1470.0,3.46
2017-06-03 09:26:05.989647,54.368832,-165.839666,1470.0,3.46,1470.0,3.46
2017-06-03 09:26:06.488850,54.368839,-165.83965,1470.0,3.46,1470.0,3.46
2017-06-03 09:26:06.988049,54.368861,-165.839601,1470.0,3.46,1470.0,3.46
2017-06-03 09:26:07.487251,54.368868,-165.839585,1470.0,3.46,1470.0,3.46
2017-06-03 09:26:07.986450,54.368889,-165.839536,1470.0,3.46,1470.0,3.46
2017-06-03 09:26:08.485653,54.368896,-165.83952,1470.0,3.46,1470.0,3.46
2017-06-03 09:26:08.984852,54.368915,-165.839471,1470.0,3.46,1470.0,3.46
2017-06-03 09:26:09.484055,54.368922,-165.839454,1470.0,3.46,1470.0,3.46
2017-06-03 09:26:09.998856,54.368943,-165.839403,1470.0,3.46,1470.0,3.46
2017-06-03 09:26:10.498055,54.368949,-165.839387,1470.0,3.46,1470.0,3.46
2017-06-03 09:26:10.997257,54.368969,-165.839339,1470.0,3.46,1470.0,3.46
2017-06-03 09:26:11.496456,54.368976,-165.839324,1470.0,3.46,1470.0,3.46
2017-06-03 09:26:11.995659,54.368997,-165.839277,1470.0,3.46,1470.0,3.46
2017-06-03 09:26:12.494858,54.369004,-165.839262,1470.0,3.46,1470.0,3.46
2017-06-03 09:26:12.994061,54.369026,-165.839214,1470.0,3.46,1470.0,3.46
2017-06-03 09:26:13.493259,54.369033,-165.839198,1470.0,3.46,1470.0,3.46
2017-06-03 09:26:13.992462,54.369054,-165.839151,1470.0,3.46,1470.0,3.46
2017-06-03 09:26:14.491663,54.369061,-165.839135,1470.0,3.46,1470.0,3.46
2017-06-03 09:26:14.990864,54.369082,-165.839086,1470.0,3.46,1470.0,3.46
2017-06-03 09:26:15.490065,54.369089,-165.83907,1470.0,3.46,1470.0,4.59
2017-06-03 09:26:15.989265,54.369109,-165.839019,1470.0,3.46,1470.0,3.46
2017-06-03 09:26:16.488466,54.369115,-165.839003,1470.0,3.46,1470.0,3.46
2017-06-03 09:26:16.987667,54.369134,-165.838953,1470.0,3.46,1470.0,3.46
2017-06-03 09:26:17.486868,54.369141,-165.838936,1470.0,3.46,1470.0,3.46
2017-06-03 09:26:17.986069,54.369162,-165.838885,1470.0,3.46,1470.0,3.46
2017-06-03 09:26:18.485270,54.369169,-165.838868,1470.0,3.46,1470.0,3.46
2017-06-03 09:26:18.984470,54.36919,-165.838821,1470.0,3.46,1470.0,3.46
2017-06-03 09:26:19.499271,54.369198,-165.838804,1470.0,3.46,1470.0,3.46
2017-06-03 09:26:19.998472,54.369219,-165.838757,1470.0,3.46,1470.0,3.46
2017-06-03 09:26:20.497673,54.369226,-165.838742,1470.0,3.46,1470.0,3.46
2017-06-03 09:26:20.996874,54.369249,-165.838696,1470.0,3.46,1470.0,3.46
2017-06-03 09:26:21.496075,54.369256,-165.83868,1470.0,3.46,1470.0,3.46
2017-06-03 09:26:21.995275,54.369277,-165.838634,1470.0,3.46,1470.0,3.46
2017-06-03 09:26:22.494476,54.369284,-165.838618,1470.0,3.46,1470.0,3.46
2017-06-03 09:26:22.993677,54.369304,-165.838569,1470.0,3.46,1470.0,3.46
2017-06-03 09:26:23.492878,54.369311,-165.838553,1470.0,3.46,1470.0,3.46
2017-06-03 09:26:23.992079,54.369331,-165.838504,1470.0,3.46,1470.0,3.46
2017-06-03 09:26:24.491280,54.369338,-165.838488,1470.0,3.46,1470.0,3.46
2017-06-03 09:26:24.990480,54.369358,-165.838439,1470.0,3.46,1470.0,3.46
2017-06-03 09:26:25.489683,54.369364,-165.838423,1470.0,3.46,1470.0,3.46
2017-06-03 09:26:25.988882,54.369386,-165.838374,1470.0,3.46,1470.0,3.46
2017-06-03 09:26:26.488085,54.369393,-165.838359,1470.0,3.46,1470.0,3.46
2017-06-03 09:26:26.987284,54.369415,-165.838312,1470.0,3.46,1470.0,3.46
2017-06-03 09:26:27.486486,54.369422,-165.838296,1470.0,3.46,1470.0,3.46
2017-06-03 09:26:27.985685,54.369444,-165.838246,1470.0,3.46,1470.0,3.46
2017-06-03 09:26:28.484888,54.369451,-165.83823,1470.0,3.46,1470.0,3.46
2017-06-03 09:26:28.984087,54.369472,-165.838184,1470.0,3.46,1470.0,3.46
2017-06-03 09:26:29.498890,54.36948,-165.838167,1470.0,3.46,1470.0,3.46
2017-06-03 09:26:29.998089,54.369502,-165.838119,1470.0,3.46,1470.0,3.46
2017-06-03 09:26:30.497290,54.369509,-165.838103,1470.0,3.46,1470.0,3.46
2017-06-03 09:26:30.996492,54.369531,-165.838056,1470.0,3.46,1470.0,3.46
2017-06-03 09:26:31.495691,54.369538,-165.83804,1470.0,3.46,1470.0,3.46
2017-06-03 09:26:31.994894,54.369559,-165.837992,1470.0,3.46,1470.0,3.46
2017-06-03 09:26:32.494093,54.369566,-165.837976,1470.0,3.46,1470.0,3.46
2017-06-03 09:26:32.993296,54.369586,-165.837928,1470.0,3.46,1470.0,3.46
2017-06-03 09:26:33.492495,54.369593,-165.837911,1470.0,3.46,1470.0,3.46
2017-06-03 09:26:33.991697,54.369613,-165.837863,1470.0,3.46,1470.0,3.46
2017-06-03 09:26:34.490896,54.369619,-165.837846,1470.0,3.46,1470.0,3.46
2017-06-03 09:26:34.990099,54.369639,-165.837798,1470.0,3.46,1470.0,3.46
2017-06-03 09:26:35.489300,54.369646,-165.837782,1470.0,3.46,1470.0,3.46
2017-06-03 09:26:35.988501,54.369669,-165.837734,1470.0,3.46,1470.0,3.46
2017-06-03 09:26:36.487701,54.369676,-165.837719,1470.0,3.46,1470.0,3.46
2017-06-03 09:26:36.986902,54.369698,-165.837674,1470.0,3.46,1470.0,3.46
2017-06-03 09:26:37.486103,54.369706,-165.837658,1470.0,3.46,1470.0,3.46
2017-06-03 09:26:37.985304,54.369729,-165.837611,1470.0,3.46,1470.0,3.46
2017-06-03 09:26:38.484505,54.369736,-165.837595,1470.0,3.46,1470.0,3.46
2017-06-03 09:26:38.999306,54.369759,-165.837547,1470.0,3.46,1470.0,3.46
2017-06-03 09:26:39.498507,54.369766,-165.837532,1470.0,3.46,1470.0,3.46
2017-06-03 09:26:39.997707,54.369788,-165.837483,1470.0,3.46,1470.0,3.46
2017-06-03 09:26:40.496908,54.369795,-165.837467,1470.0,3.46,1470.0,3.46
2017-06-03 09:26:40.996109,54.369816,-165.837419,1470.0,3.46,1470.0,3.46
2017-06-03 09:26:41.495310,54.369823,-165.837403,1470.0,3.46,1470.0,3.46
2017-06-03 09:26:41.994511,54.369843,-165.837356,1470.0,3.46,1470.0,3.46
2017-06-03 09:26:42.493711,54.369849,-165.83734,1470.0,3.46,1470.0,3.46
2017-06-03 09:26:42.992912,54.369871,-165.837292,1470.0,3.46,1470.0,3.46
2017-06-03 09:26:43.492113,54.369878,-165.837277,1470.0,3.46,1470.0,3.46
2017-06-03 09:26:43.991314,54.369899,-165.837229,1470.0,3.46,1470.0,3.46
2017-06-03 09:26:44.490515,54.369906,-165.837214,1470.0,3.46,1470.0,3.46
2017-06-03 09:26:44.989716,54.369927,-165.837167,1470.0,3.46,1470.0,3.46
2017-06-03 09:26:45.488918,54.369934,-165.837151,1470.0,3.46,1470.0,3.46
2017-06-03 09:26:45.988117,54.369954,-165.837103,1470.0,3.46,1470.0,3.46
2017-06-03 09:26:46.487320,54.369961,-165.837087,1470.0,3.46,1470.0,3.46
2017-06-03 09:26:46.986519,54.369983,-165.83704,1470.0,3.46,1470.0,3.46
2017-06-03 09:26:47.485722,54.369991,-165.837025,1470.0,3.46,1470.0,3.46
2017-06-03 09:26:47.984921,54.370014,-165.836977,1470.0,3.46,1470.0,3.46
2017-06-03 09:26:48.484123,54.370021,-165.836962,1470.0,3.46,1470.0,3.46
2017-06-03 09:26:48.998922,54.370042,-165.836914,1470.0,3.46,1470.0,3.46
2017-06-03 09:26:49.498125,54.370049,-165.836898,1470.0,3.46,1470.0,3.46
2017-06-03 09:26:49.997324,54.370071,-165.836849,1470.0,3.46,1470.0,3.46
2017-06-03 09:26:50.496527,54.370078,-165.836833,1470.0,3.46,1470.0,3.46
2017-06-03 09:26:50.995728,54.370099,-165.836784,1470.0,3.46,1470.0,3.46
2017-06-03 09:26:51.494926,54.370106,-165.836768,1470.0,3.46,1470.0,3.46
2017-06-03 09:26:51.994129,54.370126,-165.836718,1470.0,3.46,1470.0,3.46
2017-06-03 09:26:52.493328,54.370133,-165.836702,1470.0,3.46,1470.0,3.46
2017-06-03 09:26:52.992531,54.370153,-165.836654,1470.0,3.46,1470.0,3.46
2017-06-03 09:26:53.491730,54.37016,-165.836638,1470.0,3.46,1470.0,3.46
2017-06-03 09:26:53.990932,54.370182,-165.836591,1470.0,3.46,1470.0,3.46
2017-06-03 09:26:54.490131,54.37019,-165.836576,1470.0,3.46,1470.0,3.46
2017-06-03 09:26:54.989334,54.370212,-165.83653,1470.0,299.25,1470.0,3.46
2017-06-03 09:26:55.488533,54.37022,-165.836515,1470.0,3.46,1470.0,299.44
2017-06-03 09:26:55.987736,54.370242,-165.836469,1470.0,3.46,1470.0,299.06
2017-06-03 09:26:56.486937,54.370249,-165.836454,1470.0,3.46,1470.0,299.25
2017-06-03 09:26:56.986137,54.370269,-165.836407,1470.0,3.46,1470.0,3.46
2017-06-03 09:26:57.485338,54.370275,-165.836391,1470.0,3.46,1470.0,3.46
2017-06-03 09:26:57.984539,54.370296,-165.83634,1470.0,3.46,1470.0,3.46
2017-06-03 09:26:58.499340,54.370303,-165.836322,1470.0,3.46,1470.0,3.46
2017-06-03 09:26:58.998541,54.370321,-165.836274,1470.0,3.46,1470.0,299.44
2017-06-03 09:26:59.497742,54.370328,-165.836258,1470.0,299.25,1470.0,299.25
2017-06-03 09:26:59.996943,54.370349,-165.836211,1470.0,299.25,1470.0,299.06
2017-06-03 09:27:00.496143,54.370356,-165.836195,1470.0,298.87,1470.0,298.87
2017-06-03 09:27:00.995344,54.370379,-165.836147,1470.0,298.87,1470.0,298.87
2017-06-03 09:27:01.494545,54.370387,-165.836132,1470.0,298.87,1470.0,298.87
2017-06-03 09:27:01.993746,54.37041,-165.836087,1470.0,298.87,1470.0,298.87
2017-06-03 09:27:02.492947,54.370418,-165.836072,1470.0,299.06,1470.0,3.46
2017-06-03 09:27:02.992147,54.370441,-165.836026,1470.0,299.25,1470.0,299.25
2017-06-03 09:27:03.491348,54.370448,-165.83601,1470.0,299.25,1470.0,299.25
2017-06-03 09:27:03.990549,54.370469,-165.835961,1470.0,299.44,1470.0,3.46
2017-06-03 09:27:04.489750,54.370476,-165.835945,1470.0,299.25,1470.0,299.06
2017-06-03 09:27:04.988951,54.370495,-165.835897,1470.0,3.46,1470.0,298.87
2017-06-03 09:27:05.488153,54.370502,-165.835881,1470.0,298.69,1470.0,298.69
2017-06-03 09:27:05.987352,54.370524,-165.835831,1470.0,298.69,1470.0,298.5
2017-06-03 09:27:06.486555,54.370531,-165.835815,1470.0,298.5,1470.0,298.31
2017-06-03 09:27:06.985754,54.37055,-165.835769,1470.0,298.31,1470.0,298.31
2017-06-03 09:27:07.484957,54.370557,-165.835753,1470.0,298.5,1470.0,298.31
2017-06-03 09:27:07.984156,54.370578,-165.835707,1470.0,298.5,1470.0,298.5
2017-06-03 09:27:08.498959,54.370586,-165.83569,1470.0,298.5,1470.0,298.5
2017-06-03 09:27:08.998158,54.370607,-165.835642,1470.0,298.69,1470.0,298.69
2017-06-03 09:27:09.497360,54.370614,-165.835627,1470.0,298.5,1470.0,298.5
2017-06-03 09:27:09.996559,54.370634,-165.835581,1470.0,298.31,1470.0,298.31
2017-06-03 09:27:10.495762,54.370641,-165.835565,1470.0,298.12,1470.0,298.12
2017-06-03 09:27:10.994963,54.370662,-165.835517,1470.0,298.12,1470.0,298.12
2017-06-03 09:27:11.494164,54.370669,-165.835502,1470.0,297.93,1470.0,297.93
2017-06-03 09:27:11.993364,54.370689,-165.835454,1470.0,297.93,1470.0,3.46
2017-06-03 09:27:12.492565,54.370696,-165.835438,1470.0,297.93,1470.0,297.93
2017-06-03 09:27:12.991766,54.370719,-165.835391,1470.0,297.93,1470.0,299.25
2017-06-03 09:27:13.490965,54.370726,-165.835375,1470.0,297.93,1470.0,297.93
2017-06-03 09:27:13.990168,54.370747,-165.835327,1470.0,297.93,1470.0,120.12
2017-06-03 09:27:14.489367,54.370754,-165.835312,1470.0,297.93,1470.0,297.93
2017-06-03 09:27:14.988569,54.370774,-165.835264,1470.0,297.93,1470.0,297.93
2017-06-03 09:27:15.487768,54.370781,-165.835248,1470.0,297.93,1470.0,297.93
2017-06-03 09:27:15.986971,54.370802,-165.835196,1470.0,297.93,1470.0,3.46
2017-06-03 09:27:16.486172,54.370809,-165.83518,1470.0,297.93,1470.0,297.93
2017-06-03 09:27:16.985373,54.370829,-165.835131,1470.0,297.75,1470.0,297.75
2017-06-03 09:27:17.484573,54.370835,-165.835115,1470.0,297.75,1470.0,3.46
2017-06-03 09:27:17.983774,54.370855,-165.835067,1470.0,297.56,1470.0,297.56
2017-06-03 09:27:18.498575,54.370863,-165.83505,1470.0,297.56,1470.0,297.37
2017-06-03 09:27:18.997776,54.370883,-165.835002,1470.0,298.87,1470.0,297.18
2017-06-03 09:27:19.496977,54.370889,-165.834987,1470.0,297.18,1470.0,298.5
2017-06-03 09:27:19.996178,54.370911,-165.834941,1470.0,296.99,1470.0,298.12
2017-06-03 09:27:20.495378,54.370918,-165.834925,1470.0,299.06,1470.0,296.8
2017-06-03 09:27:20.994579,54.370938,-165.834877,1470.0,298.31,1470.0,299.06
2017-06-03 09:27:21.493780,54.370944,-165.834861,1470.0,299.25,1470.0,299.06
2017-06-03 09:27:21.992981,54.370964,-165.834813,1470.0,296.99,1470.0,297.93
2017-06-03 09:27:22.492182,54.370971,-165.834796,1470.0,296.99,1470.0,296.99
2017-06-03 09:27:22.991383,54.370989,-165.834748,1470.0,296.99,1470.0,298.31
2017-06-03 09:27:23.490583,54.370996,-165.834731,1470.0,296.99,1470.0,298.87
2017-06-03 09:27:23.989784,54.371016,-165.834681,1470.0,296.99,1470.0,296.99
2017-06-03 09:27:24.488985,54.371022,-165.834665,1470.0,296.8,1470.0,296.8
2017-06-03 09:27:24.988186,54.371041,-165.834616,1470.0,296.8,1470.0,299.44
2017-06-03 09:27:25.487387,54.371047,-165.834599,1470.0,296.8,1470.0,3.46
2017-06-03 09:27:25.986588,54.371069,-165.834549,1470.0,296.8,1470.0,298.31
2017-06-03 09:27:26.485788,54.371076,-165.834533,1470.0,296.8,1470.0,289.84
2017-06-03 09:27:26.984989,54.371095,-165.834486,1470.0,296.8,1470.0,299.44
2017-06-03 09:27:27.484192,54.371102,-165.83447,1470.0,296.62,1470.0,296.62
2017-06-03 09:27:27.998991,54.371124,-165.834421,1470.0,296.62,1470.0,243.93
2017-06-03 09:27:28.498194,54.371131,-165.834405,1470.0,296.43,1470.0,296.43
2017-06-03 09:27:28.997393,54.371152,-165.834357,1470.0,296.43,1470.0,298.5
2017-06-03 09:27:29.496595,54.371159,-165.834342,1470.0,296.24,1470.0,296.24
2017-06-03 09:27:29.995794,54.371181,-165.834294,1470.0,297.56,1470.0,296.24
2017-06-03 09:27:30.494997,54.371188,-165.834278,1470.0,296.05,1470.0,296.05
2017-06-03 09:27:30.994198,54.371209,-165.834231,1470.0,296.05,1470.0,296.05
2017-06-03 09:27:31.493399,54.371216,-165.834215,1470.0,296.05,1470.0,296.05
2017-06-03 09:27:31.992599,54.371236,-165.834167,1470.0,296.05,1470.0,17.76
2017-06-03 09:27:32.491800,54.371243,-165.834152,1470.0,296.24,1470.0,299.25
2017-06-03 09:27:32.991001,54.371263,-165.834104,1470.0,296.24,1470.0,296.24
2017-06-03 09:27:33.490202,54.371269,-165.834088,1470.0,296.43,1470.0,296.43
2017-06-03 09:27:33.989403,54.371288,-165.834039,1470.0,296.24,1470.0,296.24
2017-06-03 09:27:34.488602,54.371294,-165.834023,1470.0,296.24,1470.0,296.24
2017-06-03 09:27:34.987804,54.371314,-165.833974,1470.0,296.05,1470.0,296.05
2017-06-03 09:27:35.487003,54.371321,-165.833959,1470.0,295.86,1470.0,295.86
2017-06-03 09:27:35.986206,54.371342,-165.833912,1470.0,295.86,1470.0,295.86
2017-06-03 09:27:36.485407,54.37135,-165.833897,1470.0,295.86,1470.0,295.68
2017-06-03 09:27:36.984608,54.371372,-165.833853,1470.0,295.86,1470.0,296.24
2017-06-03 09:27:37.483809,54.371379,-165.833838,1470.0,295.86,1470.0,295.86
2017-06-03 09:27:37.998610,54.371402,-165.833791,1470.0,295.86,1470.0,298.5
2017-06-03 09:27:38.497810,54.371409,-165.833775,1470.0,295.86,1470.0,297.56
2017-06-03 09:27:38.997011,54.371431,-165.833729,1470.0,295.86,1470.0,295.68
2017-06-03 09:27:39.496212,54.371438,-165.833713,1470.0,297.56,1470.0,295.68
2017-06-03 09:27:39.995413,54.371459,-165.833666,1470.0,295.86,1470.0,295.68
2017-06-03 09:27:40.494614,54.371466,-165.83365,1470.0,295.86,1470.0,296.62
2017-06-03 09:27:40.993814,54.371487,-165.833601,1470.0,295.86,1470.0,295.86
2017-06-03 09:27:41.493015,54.371494,-165.833585,1470.0,295.86,1470.0,297.37
2017-06-03 09:27:41.992216,54.371514,-165.833537,1470.0,295.86,1470.0,295.86
2017-06-03 09:27:42.491417,54.371521,-165.833522,1470.0,295.86,1470.0,295.86
2017-06-03 09:27:42.990618,54.371543,-165.833474,1470.0,295.86,1470.0,295.68
2017-06-03 09:27:43.489819,54.37155,-165.833458,1470.0,295.86,1470.0,295.68
2017-06-03 09:27:43.989019,54.371571,-165.833409,1470.0,295.68,1470.0,297.37
2017-06-03 09:27:44.488220,54.371578,-165.833394,1470.0,297.37,1470.0,295.49
2017-06-03 09:27:44.987421,54.371599,-165.833349,1470.0,295.49,1470.0,295.49
2017-06-03 09:27:45.486622,54.371606,-165.833333,1470.0,297.37,1470.0,295.3
2017-06-03 09:27:45.985823,54.371627,-165.833284,1470.0,297.37,1470.0,295.3
2017-06-03 09:27:46.485023,54.371634,-165.833269,1470.0,295.49,1470.0,295.3
2017-06-03 09:27:46.984224,54.371655,-165.833224,1470.0,295.49,1470.0,295.3
2017-06-03 09:27:47.499027,54.371663,-165.833207,1470.0,295.49,1470.0,295.49
2017-06-03 09:27:47.998226,54.371683,-165.833161,1470.0,295.49,1470.0,295.49
2017-06-03 09:27:48.497429,54.371689,-165.833145,1470.0,295.68,1470.0,295.49
2017-06-03 09:27:48.996628,54.371708,-165.833094,1470.0,295.68,1470.0,295.49
2017-06-03 09:27:49.495831,54.371714,-165.833078,1470.0,295.68,1470.0,295.49
2017-06-03 09:27:49.995029,54.371734,-165.833029,1470.0,295.49,1470.0,295.49
2017-06-03 09:27:50.494232,54.371741,-165.833013,1470.0,295.3,1470.0,295.3
2017-06-03 09:27:50.993431,54.371761,-165.832966,1470.0,295.11,1470.0,295.11
2017-06-03 09:27:51.492634,54.371768,-165.83295,1470.0,296.99,1470.0,295.11
2017-06-03 09:27:51.991833,54.371791,-165.832902,1470.0,295.11,1470.0,294.92
2017-06-03 09:27:52.491035,54.371798,-165.832887,1470.0,295.11,1470.0,295.11
2017-06-03 09:27:52.990236,54.371819,-165.832839,1470.0,295.3,1470.0,295.3
2017-06-03 09:27:53.489437,54.371826,-165.832823,1470.0,295.68,1470.0,295.49
2017-06-03 09:27:53.988638,54.371847,-165.832774,1470.0,295.86,1470.0,295.68
2017-06-03 09:27:54.487839,54.371854,-165.832758,1470.0,295.86,1470.0,296.99
2017-06-03 09:27:54.987040,54.371874,-165.832709,1470.0,295.86,1470.0,295.68
2017-06-03 09:27:55.486238,54.37188,-165.832693,1470.0,295.68,1470.0,295.68
2017-06-03 09:27:55.985441,54.371901,-165.832641,1470.0,295.49,1470.0,295.49
2017-06-03 09:27:56.484640,54.371908,-165.832625,1470.0,295.3,1470.0,296.62
2017-06-03 09:27:56.983843,54.371929,-165.832577,1470.0,295.11,1470.0,295.11
2017-06-03 09:27:57.498644,54.371936,-165.83256,1470.0,295.11,1470.0,296.43
2017-06-03 09:27:57.997845,54.371956,-165.832514,1470.0,295.11,1470.0,295.68
2017-06-03 09:27:58.497046,54.371963,-165.832499,1470.0,295.3,1470.0,297.18
2017-06-03 09:27:58.996246,54.371984,-165.832452,1470.0,295.3,1470.0,295.3
2017-06-03 09:27:59.495447,54.371991,-165.832437,1470.0,295.3,1470.0,297.75
2017-06-03 09:27:59.994648,54.372011,-165.832391,1470.0,295.11,1470.0,295.11
2017-06-03 09:28:00.493849,54.372018,-165.832375,1470.0,296.62,1470.0,294.92
2017-06-03 09:28:00.993050,54.372039,-165.832329,1470.0,294.73,1470.0,294.73
2017-06-03 09:28:01.492250,54.372046,-165.832314,1470.0,294.73,1470.0,294.73
2017-06-03 09:28:01.991451,54.372067,-165.832268,1470.0,294.73,1470.0,296.62
2017-06-03 09:28:02.490652,54.372074,-165.832252,1470.0,295.68,1470.0,294.92
2017-06-03 09:28:02.989853,54.372094,-165.832204,1470.0,295.11,1470.0,294.92
2017-06-03 09:28:03.489054,54.372101,-165.832189,1470.0,295.3,1470.0,295.11
2017-06-03 09:28:03.988255,54.372121,-165.832141,1470.0,295.3,1470.0,252.21
2017-06-03 09:28:04.487455,54.372128,-165.832125,1470.0,295.49,1470.0,295.49
2017-06-03 09:28:04.986656,54.372149,-165.832077,1470.0,295.68,1470.0,295.49
2017-06-03 09:28:05.485857,54.372156,-165.832061,1470.0,295.49,1470.0,295.49
2017-06-03 09:28:05.985058,54.372179,-165.83201,1470.0,295.49,1470.0,295.68
2017-06-03 09:28:06.484259,54.372186,-165.831993,1470.0,295.49,1470.0,295.3
2017-06-03 09:28:06.999060,54.372207,-165.831944,1470.0,295.49,1470.0,295.3
2017-06-03 09:28:07.498262,54.372215,-165.831928,1470.0,295.49,1470.0,295.3
2017-06-03 09:28:07.997461,54.372237,-165.831881,1470.0,295.49,1470.0,297.37
2017-06-03 09:28:08.496664,54.372245,-165.831865,1470.0,295.3,1470.0,296.05
2017-06-03 09:28:08.995863,54.372267,-165.831817,1470.0,296.05,1470.0,297.18
2017-06-03 09:28:09.495066,54.372275,-165.831802,1470.0,295.68,1470.0,294.92
2017-06-03 09:28:09.994265,54.372297,-165.831756,1470.0,294.92,1470.0,296.99
2017-06-03 09:28:10.493467,54.372304,-165.831741,1470.0,296.24,1470.0,294.73
2017-06-03 09:28:10.992666,54.372326,-165.831695,1470.0,295.86,1470.0,294.73
2017-06-03 09:28:11.491869,54.372333,-165.83168,1470.0,294.92,1470.0,294.92
2017-06-03 09:28:11.991068,54.372353,-165.831634,1470.0,294.92,1470.0,294.92
2017-06-03 09:28:12.490271,54.372359,-165.831619,1470.0,295.11,1470.0,294.92
2017-06-03 09:28:12.989471,54.372379,-165.831572,1470.0,295.11,1470.0,295.11
2017-06-03 09:28:13.488672,54.372385,-165.831556,1470.0,295.11,1470.0,294.92
2017-06-03 09:28:13.987873,54.372406,-165.831508,1470.0,295.11,1470.0,295.49
2017-06-03 09:28:14.487074,54.372413,-165.831492,1470.0,295.11,1470.0,295.11
2017-06-03 09:28:14.986275,54.372434,-165.831444,1470.0,297.93,1470.0,295.11
2017-06-03 09:28:15.485476,54.37244,-165.831428,1470.0,295.11,1470.0,295.11
2017-06-03 09:28:15.984676,54.372462,-165.831381,1470.0,295.11,1470.0,297.18
2017-06-03 09:28:16.483875,54.372469,-165.831365,1470.0,295.11,1470.0,297.18
2017-06-03 09:28:16.998678,54.372491,-165.831314,1470.0,295.11,1470.0,295.49
2017-06-03 09:28:17.497877,54.372498,-165.831299,1470.0,294.92,1470.0,294.92
2017-06-03 09:28:17.997080,54.372519,-165.831252,1470.0,296.43,1470.0,294.92
2017-06-03 09:28:18.496281,54.372526,-165.831237,1470.0,294.73,1470.0,296.43
2017-06-03 09:28:18.995481,54.372549,-165.831189,1470.0,295.86,1470.0,294.55
2017-06-03 09:28:19.494682,54.372556,-165.831173,1470.0,294.55,1470.0,294.55
2017-06-03 09:28:19.993883,54.372579,-165.831126,1470.0,296.43,1470.0,294.55
2017-06-03 09:28:20.493084,54.372586,-165.83111,1470.0,294.73,1470.0,294.73
2017-06-03 09:28:20.992285,54.372607,-165.831062,1470.0,294.73,1470.0,294.73
2017-06-03 09:28:21.491486,54.372614,-165.831046,1470.0,294.92,1470.0,294.73
2017-06-03 09:28:21.990686,54.372634,-165.830996,1470.0,294.73,1470.0,294.73
2017-06-03 09:28:22.489887,54.37264,-165.83098,1470.0,294.73,1470.0,294.55
2017-06-03 09:28:22.989088,54.372659,-165.830932,1470.0,294.55,1470.0,294.55
2017-06-03 09:28:23.488289,54.372665,-165.830916,1470.0,294.55,1470.0,294.36
2017-06-03 09:28:23.987490,54.372686,-165.830865,1470.0,294.55,1470.0,294.55
2017-06-03 09:28:24.486691,54.372693,-165.830849,1470.0,294.73,1470.0,294.55
2017-06-03 09:28:24.985891,54.372714,-165.830802,1470.0,294.55,1470.0,294.55
2017-06-03 09:28:25.485092,54.37272,-165.830787,1470.0,294.73,1470.0,294.55
2017-06-03 09:28:25.984293,54.372742,-165.83074,1470.0,294.55,1470.0,294.55
2017-06-03 09:28:26.499094,54.372749,-165.830724,1470.0,294.55,1470.0,296.24
2017-06-03 09:28:26.998295,54.372771,-165.830677,1470.0,294.36,1470.0,296.62
2017-06-03 09:28:27.497498,54.372778,-165.830662,1470.0,295.68,1470.0,293.98
2017-06-03 09:28:27.996696,54.372801,-165.830616,1470.0,293.98,1470.0,293.98
2017-06-03 09:28:28.495899,54.372808,-165.8306,1470.0,293.98,1470.0,293.79
2017-06-03 09:28:28.995098,54.372831,-165.830554,1470.0,293.79,1470.0,293.79
2017-06-03 09:28:29.494301,54.372838,-165.830539,1470.0,293.98,1470.0,295.68
2017-06-03 09:28:29.993500,54.372858,-165.830492,1470.0,293.98,1470.0,293.98
2017-06-03 09:28:30.492702,54.372864,-165.830476,1470.0,293.98,1470.0,293.98
2017-06-03 09:28:30.991901,54.372886,-165.830426,1470.0,293.98,1470.0,296.24
2017-06-03 09:28:31.491104,54.372893,-165.830409,1470.0,293.98,1470.0,272.16
2017-06-03 09:28:31.990303,54.372913,-165.830358,1470.0,293.79,1470.0,293.79
2017-06-03 09:28:32.489506,54.372919,-165.830342,1470.0,293.98,1470.0,293.79
2017-06-03 09:28:32.988707,54.37294,-165.830294,1470.0,293.98,1470.0,294.17
2017-06-03 09:28:33.487907,54.372947,-165.830278,1470.0,293.79,1470.0,195.76
2017-06-03 09:28:33.987108,54.372969,-165.830229,1470.0,294.17,1470.0,294.73
2017-06-03 09:28:34.486309,54.372977,-165.830214,1470.0,10.05,1470.0,293.98
2017-06-03 09:28:34.985510,54.373,-165.830169,1470.0,293.98,1470.0,293.79
2017-06-03 09:28:35.484711,54.373007,-165.830153,1470.0,293.79,1470.0,293.79
2017-06-03 09:28:35.983912,54.37303,-165.830106,1470.0,296.05,1470.0,293.61
2017-06-03 09:28:36.498711,54.373038,-165.830089,1470.0,293.61,1470.0,295.11
2017-06-03 09:28:36.997913,54.373061,-165.830044,1470.0,293.42,1470.0,293.42
2017-06-03 09:28:37.497112,54.373068,-165.830029,1470.0,293.23,1470.0,293.23
2017-06-03 09:28:37.996315,54.373089,-165.829984,1470.0,294.92,1470.0,293.04
2017-06-03 09:28:38.495516,54.373096,-165.829969,1470.0,293.04,1470.0,293.04
2017-06-03 09:28:38.994717,54.373119,-165.829922,1470.0,293.04,1470.0,293.04
2017-06-03 09:28:39.493917,54.373126,-165.829907,1470.0,293.04,1470.0,293.04
2017-06-03 09:28:39.993118,54.373147,-165.829861,1470.0,293.23,1470.0,293.04
2017-06-03 09:28:40.492319,54.373154,-165.829845,1470.0,293.23,1470.0,296.62
2017-06-03 09:28:40.991520,54.373174,-165.829797,1470.0,293.23,1470.0,293.23
2017-06-03 09:28:41.490721,54.373181,-165.829781,1470.0,293.42,1470.0,293.23
2017-06-03 09:28:41.989922,54.373201,-165.829733,1470.0,293.42,1470.0,293.23
2017-06-03 09:28:42.489122,54.373207,-165.829717,1470.0,293.23,1470.0,293.23
2017-06-03 09:28:42.988323,54.373227,-165.829669,1470.0,293.23,1470.0,273.1
2017-06-03 09:28:43.487524,54.373234,-165.829653,1470.0,293.04,1470.0,293.04
2017-06-03 09:28:43.986725,54.373257,-165.829606,1470.0,292.85,1470.0,292.85
2017-06-03 09:28:44.485926,54.373265,-165.82959,1470.0,292.85,1470.0,294.36
2017-06-03 09:28:44.985126,54.373287,-165.829544,1470.0,292.85,1470.0,292.85
2017-06-03 09:28:45.484327,54.373294,-165.829528,1470.0,293.04,1470.0,292.85
2017-06-03 09:28:45.999128,54.373316,-165.829481,1470.0,295.11,1470.0,292.85
2017-06-03 09:28:46.498329,54.373323,-165.829465,1470.0,292.85,1470.0,292.85
2017-06-03 09:28:46.997530,54.373344,-165.829416,1470.0,294.73,1470.0,294.73
2017-06-03 09:28:47.496731,54.373351,-165.8294,1470.0,292.67,1470.0,292.67
2017-06-03 09:28:47.995932,54.373372,-165.829351,1470.0,292.67,1470.0,292.67
2017-06-03 09:28:48.495134,54.373379,-165.829335,1470.0,292.67,1470.0,292.67
2017-06-03 09:28:48.994333,54.373399,-165.829286,1470.0,292.67,1470.0,292.67
2017-06-03 09:28:49.493536,54.373406,-165.82927,1470.0,292.67,1470.0,292.85
2017-06-03 09:28:49.992735,54.373427,-165.829222,1470.0,292.67,1470.0,294.36
2017-06-03 09:28:50.491938,54.373434,-165.829207,1470.0,292.48,1470.0,292.48
2017-06-03 09:28:50.991137,54.373454,-165.82916,1470.0,292.48,1470.0,293.79
2017-06-03 09:28:51.490339,54.37346,-165.829145,1470.0,292.48,1470.0,292.48
2017-06-03 09:28:51.989538,54.373481,-165.829096,1470.0,292.48,1470.0,292.48
2017-06-03 09:28:52.488741,54.373488,-165.82908,1470.0,293.98,1470.0,292.48
2017-06-03 09:28:52.987942,54.373509,-165.829034,1470.0,292.48,1470.0,292.48
2017-06-03 09:28:53.487143,54.373515,-165.829018,1470.0,292.48,1470.0,295.11
2017-06-03 09:28:53.986343,54.373536,-165.828969,1470.0,292.48,1470.0,292.29
2017-06-03 09:28:54.485544,54.373543,-165.828954,1470.0,292.29,1470.0,293.04
2017-06-03 09:28:54.984745,54.373564,-165.828907,1470.0,293.61,1470.0,292.1
2017-06-03 09:28:55.483946,54.37357,-165.828892,1470.0,293.61,1470.0,292.1
2017-06-03 09:28:55.998747,54.373591,-165.828842,1470.0,292.29,1470.0,294.17
2017-06-03 09:28:56.497946,54.373598,-165.828826,1470.0,292.29,1470.0,292.29
2017-06-03 09:28:56.997149,54.373621,-165.828778,1470.0,292.29,1470.0,292.29
2017-06-03 09:28:57.496347,54.373628,-165.828761,1470.0,292.48,1470.0,284.01
2017-06-03 09:28:57.995550,54.373648,-165.828711,1470.0,292.67,1470.0,292.48
2017-06-03 09:28:58.494751,54.373654,-165.828695,1470.0,292.67,1470.0,292.48
2017-06-03 09:28:58.993952,54.373676,-165.828644,1470.0,292.85,1470.0,287.96
2017-06-03 09:28:59.493153,54.373683,-165.828628,1470.0,292.85,1470.0,292.67
2017-06-03 09:28:59.992353,54.373704,-165.828579,1470.0,292.85,1470.0,292.67
2017-06-03 09:29:00.491554,54.373711,-165.828563,1470.0,292.85,1470.0,292.67
2017-06-03 09:29:00.990755,54.373732,-165.828516,1470.0,292.48,1470.0,292.48
2017-06-03 09:29:01.489956,54.373739,-165.8285,1470.0,292.29,1470.0,292.29
2017-06-03 09:29:01.989157,54.373761,-165.828452,1470.0,292.29,1470.0,292.1
2017-06-03 09:29:02.488358,54.373768,-165.828437,1470.0,292.1,1470.0,292.29
2017-06-03 09:29:02.987558,54.37379,-165.828393,1470.0,292.1,1470.0,292.85
2017-06-03 09:29:03.486759,54.373797,-165.828378,1470.0,292.1,1470.0,294.17
2017-06-03 09:29:03.985962,54.373819,-165.828332,1470.0,292.1,1470.0,292.1
2017-06-03 09:29:04.485161,54.373826,-165.828317,1470.0,292.1,1470.0,292.1
2017-06-03 09:29:04.984364,54.373847,-165.82827,1470.0,292.29,1470.0,292.1
2017-06-03 09:29:05.499163,54.373854,-165.828253,1470.0,292.29,1470.0,292.29
2017-06-03 09:29:05.998363,54.373873,-165.828204,1470.0,292.48,1470.0,292.48
2017-06-03 09:29:06.497564,54.373879,-165.828188,1470.0,292.67,1470.0,292.48
2017-06-03 09:29:06.996765,54.373899,-165.828139,1470.0,292.67,1470.0,292.67
2017-06-03 09:29:07.495966,54.373906,-165.828123,1470.0,292.85,1470.0,292.48
2017-06-03 09:29:07.995167,54.373926,-165.828073,1470.0,292.85,1470.0,292.48
2017-06-03 09:29:08.494368,54.373933,-165.828056,1470.0,292.48,1470.0,292.29
2017-06-03 09:29:08.993568,54.373954,-165.828008,1470.0,292.48,1470.0,292.29
2017-06-03 09:29:09.492771,54.373961,-165.827991,1470.0,292.48,1470.0,292.29
2017-06-03 09:29:09.991970,54.373984,-165.827943,1470.0,292.48,1470.0,292.29
2017-06-03 09:29:10.491173,54.373991,-165.827927,1470.0,292.67,1470.0,292.48
2017-06-03 09:29:10.990372,54.374013,-165.827879,1470.0,292.85,1470.0,292.67
2017-06-03 09:29:11.489574,54.374021,-165.827863,1470.0,292.85,1470.0,292.85
2017-06-03 09:29:11.988773,54.374042,-165.827811,1470.0,292.85,1470.0,295.49
2017-06-03 09:29:12.487976,54.374049,-165.827795,1470.0,292.85,1470.0,292.67
2017-06-03 09:29:12.987175,54.37407,-165.827747,1470.0,292.67,1470.0,292.48
2017-06-03 09:29:13.486378,54.374077,-165.827731,1470.0,293.42,1470.0,292.29
2017-06-03 09:29:13.985579,54.374098,-165.827683,1470.0,293.79,1470.0,292.1
2017-06-03 09:29:14.484779,54.374104,-165.827667,1470.0,292.1,1470.0,293.42
2017-06-03 09:29:14.983980,54.374125,-165.827622,1470.0,292.1,1470.0,292.67
2017-06-03 09:29:15.498779,54.374133,-165.827605,1470.0,292.29,1470.0,292.1
2017-06-03 09:29:15.997982,54.374154,-165.827557,1470.0,292.29,1470.0,292.29
2017-06-03 09:29:16.497181,54.374161,-165.827542,1470.0,292.48,1470.0,292.48
2017-06-03 09:29:16.996384,54.374181,-165.827496,1470.0,292.67,1470.0,292.48
2017-06-03 09:29:17.495583,54.374188,-165.82748,1470.0,292.67,1470.0,148.91
2017-06-03 09:29:17.994785,54.374209,-165.827432,1470.0,292.85,1470.0,292.48
2017-06-03 09:29:18.493986,54.374216,-165.827416,1470.0,292.85,1470.0,292.67
2017-06-03 09:29:18.993187,54.374234,-165.827368,1470.0,292.85,1470.0,292.67
2017-06-03 09:29:19.492388,54.374241,-165.827351,1470.0,292.85,1470.0,292.67
2017-06-03 09:29:19.991589,54.374261,-165.827301,1470.0,292.85,1470.0,292.67
2017-06-03 09:29:20.490789,54.374268,-165.827285,1470.0,292.85,1470.0,292.67
2017-06-03 09:29:20.989990,54.374289,-165.827239,1470.0,292.67,1470.0,292.48
2017-06-03 09:29:21.489191,54.374296,-165.827223,1470.0,292.48,1470.0,292.48
2017-06-03 09:29:21.988392,54.37432,-165.827174,1470.0,292.48,1470.0,292.29
2017-06-03 09:29:22.487593,54.374328,-165.827158,1470.0,292.29,1470.0,293.04
2017-06-03 09:29:22.986794,54.37435,-165.827111,1470.0,292.29,1470.0,292.29
2017-06-03 09:29:23.485994,54.374357,-165.827095,1470.0,292.48,1470.0,293.61
2017-06-03 09:29:23.985197,54.374378,-165.827046,1470.0,292.67,1470.0,292.67
2017-06-03 09:29:24.484396,54.374385,-165.82703,1470.0,292.85,1470.0,292.67
2017-06-03 09:29:24.999197,54.374406,-165.826981,1470.0,293.04,1470.0,292.85
2017-06-03 09:29:25.498398,54.374413,-165.826965,1470.0,292.85,1470.0,292.85
2017-06-03 09:29:25.997599,54.374433,-165.826914,1470.0,292.85,1470.0,292.67
2017-06-03 09:29:26.496799,54.374439,-165.826898,1470.0,292.85,1470.0,292.67
2017-06-03 09:29:26.996000,54.374458,-165.826849,1470.0,292.67,1470.0,292.48
2017-06-03 09:29:27.495201,54.374464,-165.826833,1470.0,292.48,1470.0,292.48
2017-06-03 09:29:27.994402,54.374486,-165.826786,1470.0,292.48,1470.0,292.48
2017-06-03 09:29:28.493603,54.374493,-165.826771,1470.0,292.48,1470.0,292.1
2017-06-03 09:29:28.992804,54.374516,-165.826725,1470.0,292.48,1470.0,292.29
2017-06-03 09:29:29.492006,54.374523,-165.82671,1470.0,292.48,1470.0,291.91
2017-06-03 09:29:29.991205,54.374546,-165.826664,1470.0,293.23,1470.0,291.91
2017-06-03 09:29:30.490408,54.374553,-165.826649,1470.0,292.67,1470.0,292.48
2017-06-03 09:29:30.989607,54.374574,-165.826605,1470.0,293.42,1470.0,237.53
2017-06-03 09:29:31.488810,54.37458,-165.826589,1470.0,293.04,1470.0,292.48
2017-06-03 09:29:31.988008,54.374601,-165.826539,1470.0,293.04,1470.0,292.85
2017-06-03 09:29:32.487211,54.374608,-165.826524,1470.0,292.85,1470.0,292.85
2017-06-03 09:29:32.986410,54.374629,-165.826477,1470.0,292.85,1470.0,292.67
2017-06-03 09:29:33.485613,54.374635,-165.826462,1470.0,292.67,1470.0,292.67
2017-06-03 09:29:33.984812,54.374657,-165.826414,1470.0,292.67,1470.0,293.23
2017-06-03 09:29:34.484015,54.374664,-165.826398,1470.0,292.67,1470.0,292.67
2017-06-03 09:29:34.998816,54.374686,-165.826349,1470.0,292.67,1470.0,292.67
2017-06-03 09:29:35.498016,54.374693,-165.826334,1470.0,292.85,1470.0,292.85
2017-06-03 09:29:35.997217,54.374717,-165.826287,1470.0,293.04,1470.0,292.85
2017-06-03 09:29:36.496416,54.374724,-165.826272,1470.0,295.49,1470.0,295.49
2017-06-03 09:29:36.995619,54.374746,-165.826224,1470.0,293.04,1470.0,293.04
2017-06-03 09:29:37.494818,54.374753,-165.826208,1470.0,293.23,1470.0,293.04
2017-06-03 09:29:37.994020,54.374776,-165.826159,1470.0,293.23,1470.0,293.23
2017-06-03 09:29:38.493219,54.374783,-165.826143,1470.0,293.42,1470.0,8.73
2017-06-03 09:29:38.992422,54.374803,-165.826094,1470.0,293.61,1470.0,293.42
2017-06-03 09:29:39.491623,54.37481,-165.826078,1470.0,293.61,1470.0,296.8
2017-06-03 09:29:39.990824,54.374832,-165.826031,1470.0,293.79,1470.0,293.61
2017-06-03 09:29:40.490025,54.374839,-165.826015,1470.0,293.61,1470.0,295.86
2017-06-03 09:29:40.989225,54.37486,-165.825967,1470.0,293.79,1470.0,293.42
2017-06-03 09:29:41.488426,54.374867,-165.825951,1470.0,293.42,1470.0,293.42
2017-06-03 09:29:41.987627,54.374889,-165.825901,1470.0,293.42,1470.0,293.23
2017-06-03 09:29:42.486828,54.374896,-165.825885,1470.0,293.23,1470.0,293.23
2017-06-03 09:29:42.986029,54.374918,-165.825839,1470.0,293.23,1470.0,293.23
2017-06-03 09:29:43.485229,54.374925,-165.825823,1470.0,293.42,1470.0,293.23
2017-06-03 09:29:43.984430,54.374947,-165.825777,1470.0,293.42,1470.0,293.42
2017-06-03 09:29:44.499231,54.374954,-165.82576,1470.0,293.61,1470.0,293.61
2017-06-03 09:29:44.998432,54.374976,-165.825712,1470.0,293.79,1470.0,293.61
2017-06-03 09:29:45.497633,54.374983,-165.825696,1470.0,293.79,1470.0,293.61
2017-06-03 09:29:45.996834,54.375003,-165.825648,1470.0,293.79,1470.0,293.61
2017-06-03 09:29:46.496035,54.375009,-165.825631,1470.0,293.79,1470.0,293.79
2017-06-03 09:29:46.995235,54.375031,-165.825583,1470.0,293.79,1470.0,293.61
2017-06-03 09:29:47.494436,54.375038,-165.825567,1470.0,294.17,1470.0,293.79
2017-06-03 09:29:47.993637,54.375058,-165.825519,1470.0,294.17,1470.0,293.98
2017-06-03 09:29:48.492838,54.375064,-165.825503,1470.0,294.36,1470.0,294.17
2017-06-03 09:29:48.992039,54.375085,-165.825456,1470.0,294.36,1470.0,294.36
2017-06-03 09:29:49.491241,54.375092,-165.82544,1470.0,294.55,1470.0,294.17
2017-06-03 09:29:49.990440,54.375114,-165.825391,1470.0,294.36,1470.0,297.18
2017-06-03 09:29:50.489643,54.375121,-165.825375,1470.0,294.36,1470.0,294.73
2017-06-03 09:29:50.988842,54.375143,-165.825329,1470.0,294.36,1470.0,294.17
2017-06-03 09:29:51.488045,54.375151,-165.825313,1470.0,294.36,1470.0,295.86
2017-06-03 09:29:51.987244,54.375174,-165.825264,1470.0,294.55,1470.0,296.62
2017-06-03 09:29:52.486446,54.375181,-165.825249,1470.0,294.55,1470.0,297.18
2017-06-03 09:29:52.985645,54.3752,-165.825202,1470.0,294.55,1470.0,294.55
2017-06-03 09:29:53.484848,54.375207,-165.825186,1470.0,294.73,1470.0,294.55
2017-06-03 09:29:53.984047,54.375228,-165.825137,1470.0,294.73,1470.0,294.73
2017-06-03 09:29:54.498850,54.375236,-165.82512,1470.0,294.73,1470.0,294.73
2017-06-03 09:29:54.998051,54.375256,-165.825071,1470.0,294.92,1470.0,294.73
2017-06-03 09:29:55.497252,54.375263,-165.825055,1470.0,294.92,1470.0,294.73
2017-06-03 09:29:55.996452,54.375284,-165.825007,1470.0,295.11,1470.0,294.73
2017-06-03 09:29:56.495653,54.375291,-165.824991,1470.0,294.92,1470.0,294.73
2017-06-03 09:29:56.994854,54.375312,-165.824943,1470.0,294.92,1470.0,294.73
2017-06-03 09:29:57.494053,54.375319,-165.824927,1470.0,294.92,1470.0,294.73
2017-06-03 09:29:57.993256,54.375341,-165.824881,1470.0,294.92,1470.0,294.73
2017-06-03 09:29:58.492455,54.375348,-165.824865,1470.0,294.92,1470.0,294.73
2017-06-03 09:29:58.991657,54.375369,-165.824816,1470.0,294.92,1470.0,294.73
2017-06-03 09:29:59.490856,54.375376,-165.8248,1470.0,294.92,1470.0,294.92
2017-06-03 09:29:59.990059,54.375397,-165.824754,1470.0,294.92,1470.0,294.92
2017-06-03 09:30:00.489260,54.375404,-165.824739,1470.0,295.11,1470.0,294.92
2017-06-03 09:30:00.988461,54.375425,-165.824692,1470.0,295.11,1470.0,294.92
2017-06-03 09:30:01.487661,54.375432,-165.824676,1470.0,295.11,1470.0,295.11
2017-06-03 09:30:01.986862,54.375456,-165.824628,1470.0,295.11,1470.0,295.11
2017-06-03 09:30:02.486063,54.375462,-165.824612,1470.0,295.11,1470.0,295.11
2017-06-03 09:30:02.985264,54.375482,-165.824564,1470.0,295.3,1470.0,295.11
2017-06-03 09:30:03.484465,54.375489,-165.824548,1470.0,295.3,1470.0,295.11
2017-06-03 09:30:03.999266,54.375509,-165.824498,1470.0,295.49,1470.0,295.3
2017-06-03 09:30:04.498466,54.375516,-165.824482,1470.0,295.68,1470.0,295.3
2017-06-03 09:30:04.997667,54.375537,-165.824434,1470.0,295.3,1470.0,295.3
2017-06-03 09:30:05.496868,54.375544,-165.824418,1470.0,295.3,1470.0,295.11
2017-06-03 09:30:05.996069,54.375566,-165.824371,1470.0,295.11,1470.0,295.86
2017-06-03 09:30:06.495270,54.375573,-165.824355,1470.0,295.11,1470.0,295.11
2017-06-03 09:30:06.994471,54.375596,-165.824307,1470.0,295.11,1470.0,294.92
2017-06-03 09:30:07.493671,54.375603,-165.824292,1470.0,295.3,1470.0,295.11
2017-06-03 09:30:07.992872,54.375624,-165.824244,1470.0,295.49,1470.0,295.49
2017-06-03 09:30:08.492073,54.375631,-165.824228,1470.0,295.68,1470.0,295.68
2017-06-03 09:30:08.991274,54.375652,-165.824181,1470.0,295.86,1470.0,295.68
2017-06-03 09:30:09.490475,54.375659,-165.824165,1470.0,296.05,1470.0,295.86
2017-06-03 09:30:09.989676,54.375681,-165.824116,1470.0,296.05,1470.0,295.86
2017-06-03 09:30:10.488878,54.375688,-165.8241,1470.0,296.05,1470.0,295.86
2017-06-03 09:30:10.988077,54.375709,-165.824052,1470.0,296.24,1470.0,295.68
2017-06-03 09:30:11.487280,54.375715,-165.824037,1470.0,295.68,1470.0,295.49
2017-06-03 09:30:11.986479,54.375737,-165.823989,1470.0,295.49,1470.0,295.49
2017-06-03 09:30:12.485682,54.375744,-165.823974,1470.0,295.49,1470.0,295.3
2017-06-03 09:30:12.984880,54.375768,-165.823929,1470.0,295.49,1470.0,296.05
2017-06-03 09:30:13.484083,54.375776,-165.823914,1470.0,295.49,1470.0,295.49
2017-06-03 09:30:13.998882,54.375799,-165.823867,1470.0,295.68,1470.0,295.49
2017-06-03 09:30:14.498085,54.375806,-165.823852,1470.0,295.68,1470.0,295.68
2017-06-03 09:30:14.997286,54.375829,-165.823807,1470.0,295.86,1470.0,295.86
2017-06-03 09:30:15.496487,54.375836,-165.823792,1470.0,296.05,1470.0,295.86
2017-06-03 09:30:15.995687,54.375859,-165.823744,1470.0,296.05,1470.0,296.05
2017-06-03 09:30:16.494888,54.375866,-165.823728,1470.0,296.24,1470.0,188.99
2017-06-03 09:30:16.994089,54.375886,-165.823679,1470.0,296.43,1470.0,296.05
2017-06-03 09:30:17.493290,54.375893,-165.823663,1470.0,296.24,1470.0,296.05
2017-06-03 09:30:17.992491,54.375914,-165.823614,1470.0,296.24,1470.0,296.05
2017-06-03 09:30:18.491690,54.375921,-165.823599,1470.0,296.05,1470.0,299.25
2017-06-03 09:30:18.990892,54.375943,-165.823554,1470.0,296.05,1470.0,295.86
2017-06-03 09:30:19.490091,54.375951,-165.823538,1470.0,296.05,1470.0,295.86
2017-06-03 09:30:19.989294,54.375975,-165.823491,1470.0,296.05,1470.0,295.86
2017-06-03 09:30:20.488495,54.375983,-165.823476,1470.0,297.75,1470.0,295.86
2017-06-03 09:30:20.987696,54.376005,-165.823432,1470.0,296.05,1470.0,296.05
2017-06-03 09:30:21.486897,54.376012,-165.823417,1470.0,296.24,1470.0,296.05
2017-06-03 09:30:21.986097,54.376035,-165.823369,1470.0,296.24,1470.0,297.37
2017-06-03 09:30:22.485298,54.376042,-165.823353,1470.0,296.24,1470.0,298.87
2017-06-03 09:30:22.984499,54.376063,-165.823306,1470.0,296.24,1470.0,297.18
2017-06-03 09:30:23.499300,54.376071,-165.823288,1470.0,297.93,1470.0,296.05
2017-06-03 09:30:23.998501,54.376091,-165.823241,1470.0,296.24,1470.0,297.37
2017-06-03 09:30:24.497702,54.376098,-165.823225,1470.0,296.05,1470.0,295.86
2017-06-03 09:30:24.996902,54.376119,-165.823179,1470.0,295.86,1470.0,295.86
2017-06-03 09:30:25.496103,54.376126,-165.823164,1470.0,295.86,1470.0,295.86
2017-06-03 09:30:25.995304,54.376147,-165.823117,1470.0,295.86,1470.0,299.06
2017-06-03 09:30:26.494505,54.376155,-165.823102,1470.0,296.05,1470.0,295.86
2017-06-03 09:30:26.993706,54.376177,-165.823054,1470.0,296.05,1470.0,298.12
2017-06-03 09:30:27.492907,54.376184,-165.823039,1470.0,296.24,1470.0,296.24
2017-06-03 09:30:27.992107,54.376206,-165.822992,1470.0,296.24,1470.0,296.24
2017-06-03 09:30:28.491308,54.376213,-165.822977,1470.0,296.43,1470.0,296.24
2017-06-03 09:30:28.990509,54.376235,-165.822929,1470.0,296.43,1470.0,296.43
2017-06-03 09:30:29.489710,54.376242,-165.822913,1470.0,296.62,1470.0,297.56
2017-06-03 09:30:29.988911,54.376264,-165.822861,1470.0,296.62,1470.0,296.43
2017-06-03 09:30:30.488111,54.37627,-165.822845,1470.0,296.62,1470.0,296.43
2017-06-03 09:30:30.987312,54.376289,-165.822796,1470.0,296.8,1470.0,296.62
2017-06-03 09:30:31.486515,54.376295,-165.822779,1470.0,296.43,1470.0,296.43
2017-06-03 09:30:31.985714,54.376315,-165.822729,1470.0,296.43,1470.0,296.43
2017-06-03 09:30:32.484917,54.376322,-165.822713,1470.0,296.24,1470.0,296.8
2017-06-03 09:30:32.984116,54.376343,-165.822666,1470.0,296.05,1470.0,295.86
2017-06-03 09:30:33.498919,54.376351,-165.822649,1470.0,295.86,1470.0,296.8
2017-06-03 09:30:33.998117,54.376374,-165.822602,1470.0,295.86,1470.0,296.05
2017-06-03 09:30:34.497320,54.376381,-165.822587,1470.0,295.86,1470.0,295.86
2017-06-03 09:30:34.996519,54.376402,-165.822539,1470.0,296.05,1470.0,296.05
2017-06-03 09:30:35.495722,54.376409,-165.822523,1470.0,296.43,1470.0,237.72
2017-06-03 09:30:35.994923,54.376429,-165.822474,1470.0,296.62,1470.0,296.43
2017-06-03 09:30:36.494123,54.376436,-165.822458,1470.0,296.99,1470.0,239.6
2017-06-03 09:30:36.993324,54.376454,-165.822408,1470.0,297.56,1470.0,296.62
2017-06-03 09:30:37.492525,54.376461,-165.822391,1470.0,296.99,1470.0,296.62
2017-06-03 09:30:37.991726,54.376479,-165.82234,1470.0,296.99,1470.0,296.43
2017-06-03 09:30:38.490927,54.376486,-165.822323,1470.0,296.43,1470.0,296.24
2017-06-03 09:30:38.990128,54.376507,-165.822276,1470.0,296.24,1470.0,296.05
2017-06-03 09:30:39.489326,54.376514,-165.82226,1470.0,296.62,1470.0,296.05
2017-06-03 09:30:39.988529,54.376537,-165.822214,1470.0,296.05,1470.0,296.05
2017-06-03 09:30:40.487730,54.376545,-165.822199,1470.0,296.24,1470.0,296.05
2017-06-03 09:30:40.986931,54.376567,-165.822155,1470.0,296.24,1470.0,296.24
2017-06-03 09:30:41.486132,54.376574,-165.82214,1470.0,296.24,1470.0,296.24
2017-06-03 09:30:41.985332,54.376597,-165.822094,1470.0,296.24,1470.0,296.24
2017-06-03 09:30:42.484533,54.376604,-165.822079,1470.0,296.24,1470.0,296.24
2017-06-03 09:30:42.999334,54.376626,-165.822031,1470.0,296.24,1470.0,296.24
2017-06-03 09:30:43.498535,54.376633,-165.822015,1470.0,296.43,1470.0,3.46
2017-06-03 09:30:43.997736,54.376653,-165.821967,1470.0,296.62,1470.0,296.43
2017-06-03 09:30:44.496937,54.376659,-165.821951,1470.0,296.62,1470.0,296.43
2017-06-03 09:30:44.996138,54.376681,-165.821901,1470.0,296.62,1470.0,296.43
2017-06-03 09:30:45.495338,54.376688,-165.821885,1470.0,296.43,1470.0,296.24
2017-06-03 09:30:45.994539,54.376709,-165.821837,1470.0,296.62,1470.0,296.24
2017-06-03 09:30:46.493740,54.376716,-165.821822,1470.0,296.43,1470.0,296.05
2017-06-03 09:30:46.992941,54.376739,-165.821774,1470.0,296.43,1470.0,296.05
2017-06-03 09:30:47.492142,54.376746,-165.821759,1470.0,296.43,1470.0,296.24
2017-06-03 09:30:47.991343,54.376769,-165.821714,1470.0,296.24,1470.0,296.24
2017-06-03 09:30:48.490543,54.376777,-165.821699,1470.0,296.24,1470.0,296.24
2017-06-03 09:30:48.989744,54.3768,-165.821655,1470.0,297.75,1470.0,296.05
2017-06-03 09:30:49.488945,54.376807,-165.82164,1470.0,296.05,1470.0,295.86
2017-06-03 09:30:49.988146,54.376831,-165.821592,1470.0,295.86,1470.0,299.06
2017-06-03 09:30:50.487347,54.376838,-165.821577,1470.0,296.99,1470.0,295.68
2017-06-03 09:30:50.986547,54.37686,-165.82153,1470.0,295.86,1470.0,295.68
2017-06-03 09:30:51.485750,54.376867,-165.821515,1470.0,295.86,1470.0,295.68
2017-06-03 09:30:51.984949,54.376887,-165.821469,1470.0,295.86,1470.0,295.68
2017-06-03 09:30:52.484152,54.376894,-165.821453,1470.0,295.86,1470.0,159.45
2017-06-03 09:30:52.998951,54.376914,-165.821404,1470.0,295.86,1470.0,295.68
2017-06-03 09:30:53.498154,54.376921,-165.821388,1470.0,295.68,1470.0,295.49
2017-06-03 09:30:53.997353,54.376942,-165.821339,1470.0,295.68,1470.0,295.68
2017-06-03 09:30:54.496555,54.376949,-165.821324,1470.0,295.68,1470.0,295.49
2017-06-03 09:30:54.995754,54.376971,-165.821277,1470.0,295.49,1470.0,295.49
2017-06-03 09:30:55.494957,54.376978,-165.821262,1470.0,295.49,1470.0,296.24
2017-06-03 09:30:55.994156,54.376999,-165.821216,1470.0,295.3,1470.0,287.77
2017-06-03 09:30:56.493359,54.377006,-165.8212,1470.0,295.3,1470.0,295.3
2017-06-03 09:30:56.992559,54.377029,-165.821154,1470.0,295.3,1470.0,179.58
2017-06-03 09:30:57.491760,54.377036,-165.821138,1470.0,295.3,1470.0,295.11
2017-06-03 09:30:57.990961,54.377059,-165.821091,1470.0,295.3,1470.0,295.3
2017-06-03 09:30:58.490162,54.377066,-165.821075,1470.0,295.49,1470.0,295.49
2017-06-03 09:30:58.989363,54.377087,-165.821027,1470.0,295.86,1470.0,295.68
2017-06-03 09:30:59.488564,54.377094,-165.821011,1470.0,295.86,1470.0,295.68
2017-06-03 09:30:59.987764,54.377114,-165.820958,1470.0,296.24,1470.0,295.68
2017-06-03 09:31:00.486963,54.377121,-165.820941,1470.0,295.68,1470.0,295.49
2017-06-03 09:31:00.986166,54.37714,-165.820892,1470.0,295.49,1470.0,295.3
2017-06-03 09:31:01.485367,54.377147,-165.820877,1470.0,294.92,1470.0,294.92
2017-06-03 09:31:01.984568,54.37717,-165.820829,1470.0,296.99,1470.0,257.67
2017-06-03 09:31:02.499369,54.377178,-165.820812,1470.0,294.36,1470.0,294.36
2017-06-03 09:31:02.998569,54.377201,-165.820767,1470.0,296.24,1470.0,294.36
2017-06-03 09:31:03.497770,54.377208,-165.820752,1470.0,294.73,1470.0,294.36
2017-06-03 09:31:03.996971,54.377229,-165.820707,1470.0,294.55,1470.0,294.55
2017-06-03 09:31:04.496172,54.377236,-165.820692,1470.0,294.73,1470.0,294.55
2017-06-03 09:31:04.995373,54.377257,-165.820644,1470.0,294.73,1470.0,294.73
2017-06-03 09:31:05.494574,54.377264,-165.820628,1470.0,294.92,1470.0,294.92
2017-06-03 09:31:05.993776,54.377283,-165.820579,1470.0,295.11,1470.0,294.92
2017-06-03 09:31:06.492975,54.377289,-165.820563,1470.0,295.3,1470.0,294.92
2017-06-03 09:31:06.992176,54.377309,-165.820514,1470.0,295.3,1470.0,294.73
2017-06-03 09:31:07.491377,54.377316,-165.820498,1470.0,294.92,1470.0,294.73
2017-06-03 09:31:07.990578,54.377336,-165.820449,1470.0,294.92,1470.0,294.73
2017-06-03 09:31:08.489779,54.377343,-165.820434,1470.0,294.55,1470.0,294.55
2017-06-03 09:31:08.988979,54.377365,-165.820389,1470.0,295.3,1470.0,294.55
2017-06-03 09:31:09.488180,54.377373,-165.820374,1470.0,294.55,1470.0,294.36
2017-06-03 09:31:09.987381,54.377399,-165.820329,1470.0,294.36,1470.0,294.36
2017-06-03 09:31:10.486582,54.377407,-165.820314,1470.0,294.36,1470.0,294.17
2017-06-03 09:31:10.985783,54.377431,-165.820269,1470.0,294.36,1470.0,295.68
2017-06-03 09:31:11.484985,54.377439,-165.820253,1470.0,294.36,1470.0,294.36
2017-06-03 09:31:11.984184,54.37746,-165.820204,1470.0,297.37,1470.0,297.75
2017-06-03 09:31:12.498987,54.377468,-165.820186,1470.0,294.73,1470.0,294.55
2017-06-03 09:31:12.998186,54.377488,-165.820138,1470.0,294.73,1470.0,296.24
2017-06-03 09:31:13.497389,54.377494,-165.820121,1470.0,294.73,1470.0,294.55
2017-06-03 09:31:13.996588,54.377514,-165.820071,1470.0,294.73,1470.0,237.91
2017-06-03 09:31:14.495790,54.377521,-165.820055,1470.0,294.36,1470.0,294.36
2017-06-03 09:31:14.994989,54.377541,-165.820006,1470.0,294.17,1470.0,294.17
2017-06-03 09:31:15.494192,54.377548,-165.819991,1470.0,293.98,1470.0,293.98
2017-06-03 09:31:15.993391,54.377569,-165.819945,1470.0,293.79,1470.0,167.54
2017-06-03 09:31:16.492594,54.377576,-165.819931,1470.0,293.79,1470.0,293.61
2017-06-03 09:31:16.991795,54.377598,-165.819887,1470.0,293.79,1470.0,293.61
2017-06-03 09:31:17.490995,54.377606,-165.819872,1470.0,295.11,1470.0,293.61
2017-06-03 09:31:17.990196,54.377629,-165.819826,1470.0,295.11,1470.0,293.98
2017-06-03 09:31:18.489397,54.377636,-165.819811,1470.0,293.79,1470.0,293.79
2017-06-03 09:31:18.988598,54.377657,-165.819767,1470.0,296.62,1470.0,293.98
2017-06-03 09:31:19.487799,54.377664,-165.819751,1470.0,293.98,1470.0,296.62
2017-06-03 09:31:19.987000,54.377684,-165.819702,1470.0,293.98,1470.0,293.98
2017-06-03 09:31:20.486200,54.37769,-165.819686,1470.0,293.98,1470.0,293.79
2017-06-03 09:31:20.985401,54.37771,-165.819634,1470.0,293.98,1470.0,293.79
2017-06-03 09:31:21.484600,54.377717,-165.819618,1470.0,293.98,1470.0,293.79
2017-06-03 09:31:21.983803,54.377738,-165.819569,1470.0,293.79,1470.0,293.79
2017-06-03 09:31:22.498604,54.377746,-165.819552,1470.0,12.87,1470.0,293.61
2017-06-03 09:31:22.997805,54.377767,-165.819504,1470.0,293.79,1470.0,293.42
2017-06-03 09:31:23.497005,54.377775,-165.819488,1470.0,293.79,1470.0,293.42
2017-06-03 09:31:23.996206,54.377797,-165.819439,1470.0,293.61,1470.0,293.42
2017-06-03 09:31:24.495407,54.377805,-165.819423,1470.0,293.79,1470.0,293.42
2017-06-03 09:31:24.994608,54.377827,-165.819376,1470.0,294.92,1470.0,293.42
2017-06-03 09:31:25.493809,54.377834,-165.81936,1470.0,293.79,1470.0,293.61
2017-06-03 09:31:25.993010,54.377856,-165.819312,1470.0,293.61,1470.0,293.61
2017-06-03 09:31:26.492210,54.377863,-165.819297,1470.0,293.61,1470.0,296.05
2017-06-03 09:31:26.991413,54.377884,-165.81925,1470.0,295.3,1470.0,293.42
2017-06-03 09:31:27.490612,54.377891,-165.819235,1470.0,293.42,1470.0,294.92
2017-06-03 09:31:27.989815,54.377914,-165.819187,1470.0,293.42,1470.0,293.23
2017-06-03 09:31:28.489014,54.377921,-165.819172,1470.0,293.23,1470.0,296.43
2017-06-03 09:31:28.988214,54.37794,-165.819125,1470.0,293.23,1470.0,293.23
2017-06-03 09:31:29.487415,54.377947,-165.81911,1470.0,293.23,1470.0,293.23
2017-06-03 09:31:29.986616,54.377968,-165.819064,1470.0,293.23,1470.0,293.23
2017-06-03 09:31:30.485817,54.377975,-165.819048,1470.0,293.23,1470.0,293.23
2017-06-03 09:31:30.985018,54.377997,-165.819001,1470.0,293.23,1470.0,293.23
2017-06-03 09:31:31.484221,54.378004,-165.818985,1470.0,293.42,1470.0,293.23
2017-06-03 09:31:31.999020,54.378024,-165.818936,1470.0,293.42,1470.0,293.23
2017-06-03 09:31:32.498222,54.378031,-165.81892,1470.0,293.42,1470.0,293.42
2017-06-03 09:31:32.997421,54.378052,-165.818871,1470.0,293.42,1470.0,293.23
2017-06-03 09:31:33.496624,54.378059,-165.818855,1470.0,293.23,1470.0,293.23
2017-06-03 09:31:33.995823,54.378081,-165.818807,1470.0,293.23,1470.0,293.04
2017-06-03 09:31:34.495026,54.378088,-165.818792,1470.0,293.23,1470.0,293.04
2017-06-03 09:31:34.994225,54.378111,-165.818744,1470.0,294.17,1470.0,293.04
2017-06-03 09:31:35.493427,54.378118,-165.818728,1470.0,293.23,1470.0,295.49
2017-06-03 09:31:35.992626,54.378139,-165.818679,1470.0,295.11,1470.0,293.23
2017-06-03 09:31:36.491829,54.378146,-165.818663,1470.0,293.23,1470.0,293.04
2017-06-03 09:31:36.991030,54.378167,-165.818616,1470.0,293.04,1470.0,295.11
2017-06-03 09:31:37.490231,54.378174,-165.8186,1470.0,292.85,1470.0,294.36
2017-06-03 09:31:37.989431,54.378196,-165.818551,1470.0,292.67,1470.0,292.67
2017-06-03 09:31:38.488632,54.378203,-165.818535,1470.0,292.67,1470.0,292.67
2017-06-03 09:31:38.987833,54.378225,-165.818489,1470.0,292.67,1470.0,292.67
2017-06-03 09:31:39.487034,54.378232,-165.818473,1470.0,292.67,1470.0,292.67
2017-06-03 09:31:39.986235,54.378255,-165.818424,1470.0,292.85,1470.0,292.67
2017-06-03 09:31:40.485435,54.378262,-165.818408,1470.0,293.04,1470.0,292.85
2017-06-03 09:31:40.984636,54.378282,-165.818359,1470.0,293.23,1470.0,293.23
2017-06-03 09:31:41.483837,54.378289,-165.818343,1470.0,293.42,1470.0,293.23
2017-06-03 09:31:41.998638,54.378311,-165.818291,1470.0,293.23,1470.0,293.23
2017-06-03 09:31:42.497839,54.378318,-165.818275,1470.0,293.23,1470.0,293.04
2017-06-03 09:31:42.997040,54.378338,-165.818226,1470.0,293.04,1470.0,294.55
2017-06-03 09:31:43.496241,54.378344,-165.81821,1470.0,292.67,1470.0,293.61
2017-06-03 09:31:43.995441,54.378366,-165.818162,1470.0,292.48,1470.0,292.85
2017-06-03 09:31:44.494642,54.378373,-165.818147,1470.0,294.17,1470.0,292.1
2017-06-03 09:31:44.993843,54.378396,-165.818102,1470.0,293.98,1470.0,291.91
2017-06-03 09:31:45.493044,54.378403,-165.818087,1470.0,293.23,1470.0,293.42
2017-06-03 09:31:45.992245,54.378426,-165.818041,1470.0,291.72,1470.0,291.72
2017-06-03 09:31:46.491446,54.378433,-165.818026,1470.0,293.23,1470.0,291.72
2017-06-03 09:31:46.990646,54.378454,-165.81798,1470.0,291.91,1470.0,291.91
2017-06-03 09:31:47.489847,54.37846,-165.817964,1470.0,292.1,1470.0,292.1
2017-06-03 09:31:47.989050,54.378479,-165.817913,1470.0,292.48,1470.0,292.29
2017-06-03 09:31:48.488249,54.378485,-165.817896,1470.0,292.85,1470.0,292.67
2017-06-03 09:31:48.987452,54.378504,-165.817846,1470.0,293.04,1470.0,292.85
2017-06-03 09:31:49.486650,54.37851,-165.817829,1470.0,292.85,1470.0,293.04
2017-06-03 09:31:49.985851,54.37853,-165.817776,1470.0,293.23,1470.0,292.67
2017-06-03 09:31:50.485052,54.378537,-165.817759,1470.0,292.85,1470.0,292.48
2017-06-03 09:31:50.984253,54.378558,-165.817709,1470.0,292.67,1470.0,292.29
2017-06-03 09:31:51.499054,54.378567,-165.817692,1470.0,292.1,1470.0,291.91
2017-06-03 09:31:51.998255,54.378592,-165.817646,1470.0,291.91,1470.0,291.72
2017-06-03 09:31:52.497458,54.3786,-165.817631,1470.0,291.72,1470.0,291.72
2017-06-03 09:31:52.996656,54.378625,-165.817587,1470.0,291.72,1470.0,291.72
2017-06-03 09:31:53.495859,54.378633,-165.817572,1470.0,291.72,1470.0,291.72
2017-06-03 09:31:53.995058,54.378657,-165.817527,1470.0,293.61,1470.0,267.26
2017-06-03 09:31:54.494261,54.378664,-165.817512,1470.0,291.91,1470.0,291.72
2017-06-03 09:31:54.993460,54.378685,-165.817467,1470.0,16.07,1470.0,291.72
2017-06-03 09:31:55.492662,54.378692,-165.817451,1470.0,291.72,1470.0,15.88
2017-06-03 09:31:55.991861,54.378713,-165.817403,1470.0,291.72,1470.0,293.23
2017-06-03 09:31:56.491064,54.378719,-165.817387,1470.0,291.72,1470.0,291.72
2017-06-03 09:31:56.990265,54.378737,-165.817339,1470.0,291.72,1470.0,291.54
2017-06-03 09:31:57.489466,54.378744,-165.817323,1470.0,291.91,1470.0,291.72
2017-06-03 09:31:57.988667,54.378764,-165.817274,1470.0,291.72,1470.0,291.54
2017-06-03 09:31:58.487867,54.378771,-165.817259,1470.0,291.54,1470.0,291.35
2017-06-03 09:31:58.987068,54.378792,-165.817212,1470.0,291.35,1470.0,291.16
2017-06-03 09:31:59.486269,54.378799,-165.817197,1470.0,291.16,1470.0,291.35
2017-06-03 09:31:59.985470,54.378822,-165.81715,1470.0,291.35,1470.0,291.16
2017-06-03 09:32:00.484671,54.378829,-165.817135,1470.0,292.85,1470.0,291.35
2017-06-03 09:32:00.983871,54.378852,-165.817089,1470.0,291.54,1470.0,291.35
2017-06-03 09:32:01.498671,54.37886,-165.817072,1470.0,291.54,1470.0,291.54
2017-06-03 09:32:01.997873,54.378884,-165.817024,1470.0,291.54,1470.0,291.35
2017-06-03 09:32:02.497074,54.378891,-165.817008,1470.0,291.54,1470.0,291.54
2017-06-03 09:32:02.996275,54.378914,-165.816961,1470.0,291.35,1470.0,291.16
2017-06-03 09:32:03.495476,54.378921,-165.816945,1470.0,291.35,1470.0,291.16
2017-06-03 09:32:03.994677,54.378944,-165.816896,1470.0,291.35,1470.0,291.16
2017-06-03 09:32:04.493877,54.378951,-165.81688,1470.0,291.35,1470.0,291.16
2017-06-03 09:32:04.993078,54.378974,-165.816832,1470.0,291.35,1470.0,292.29
2017-06-03 09:32:05.492279,54.378981,-165.816817,1470.0,291.54,1470.0,291.35
2017-06-03 09:32:05.991480,54.379004,-165.816769,1470.0,291.54,1470.0,291.35
2017-06-03 09:32:06.490681,54.379011,-165.816753,1470.0,291.54,1470.0,291.35
2017-06-03 09:32:06.989882,54.379032,-165.816706,1470.0,291.35,1470.0,291.16
2017-06-03 09:32:07.489082,54.379039,-165.81669,1470.0,291.16,1470.0,294.17
2017-06-03 09:32:07.988285,54.379061,-165.816641,1470.0,290.97,1470.0,291.72
2017-06-03 09:32:08.487484,54.379068,-165.816626,1470.0,290.78,1470.0,290.78
2017-06-03 09:32:08.986687,54.379089,-165.81658,1470.0,290.78,1470.0,292.85
2017-06-03 09:32:09.485886,54.379096,-165.816565,1470.0,290.6,1470.0,290.6
2017-06-03 09:32:09.985088,54.379117,-165.816517,1470.0,290.6,1470.0,292.85
2017-06-03 09:32:10.484287,54.379124,-165.816502,1470.0,290.6,1470.0,290.6
2017-06-03 09:32:10.999088,54.379146,-165.816455,1470.0,290.6,1470.0,293.61
2017-06-03 09:32:11.498289,54.379153,-165.81644,1470.0,290.6,1470.0,292.48
2017-06-03 09:32:11.997490,54.379176,-165.816394,1470.0,290.6,1470.0,290.6
2017-06-03 09:32:12.496691,54.379183,-165.816378,1470.0,290.78,1470.0,198.02
2017-06-03 09:32:12.995892,54.379204,-165.816329,1470.0,290.78,1470.0,290.6
2017-06-03 09:32:13.495094,54.379211,-165.816313,1470.0,290.97,1470.0,267.26
2017-06-03 09:32:13.994293,54.379232,-165.816263,1470.0,290.97,1470.0,290.6
2017-06-03 09:32:14.493496,54.37924,-165.816247,1470.0,290.97,1470.0,290.78
2017-06-03 09:32:14.992695,54.379262,-165.816199,1470.0,290.97,1470.0,290.97
2017-06-03 09:32:15.491898,54.379269,-165.816183,1470.0,291.35,1470.0,290.97
2017-06-03 09:32:15.991096,54.379294,-165.816134,1470.0,290.97,1470.0,290.97
2017-06-03 09:32:16.490299,54.379301,-165.816119,1470.0,290.97,1470.0,290.78
2017-06-03 09:32:16.989498,54.379323,-165.816072,1470.0,292.1,1470.0,293.61
2017-06-03 09:32:17.488701,54.379331,-165.816057,1470.0,292.48,1470.0,290.41
2017-06-03 09:32:17.987900,54.379355,-165.816009,1470.0,290.41,1470.0,290.41
2017-06-03 09:32:18.487103,54.379363,-165.815993,1470.0,290.22,1470.0,214.96
2017-06-03 09:32:18.986303,54.379386,-165.815947,1470.0,290.22,1470.0,290.03
2017-06-03 09:32:19.485504,54.379394,-165.815932,1470.0,292.29,1470.0,290.03
2017-06-03 09:32:19.984705,54.379417,-165.815887,1470.0,290.22,1470.0,291.54
2017-06-03 09:32:20.483906,54.379424,-165.815872,1470.0,290.22,1470.0,291.54
2017-06-03 09:32:20.998707,54.379446,-165.815822,1470.0,290.22,1470.0,292.29
2017-06-03 09:32:21.497906,54.379453,-165.815806,1470.0,290.22,1470.0,291.72
2017-06-03 09:32:21.997108,54.379473,-165.815758,1470.0,290.41,1470.0,290.22
2017-06-03 09:32:22.496309,54.379479,-165.815741,1470.0,290.41,1470.0,291.72
2017-06-03 09:32:22.995510,54.379501,-165.815693,1470.0,290.41,1470.0,290.41
2017-06-03 09:32:23.494711,54.379508,-165.815677,1470.0,290.41,1470.0,290.41
2017-06-03 09:32:23.993912,54.379528,-165.815629,1470.0,290.41,1470.0,290.41
2017-06-03 09:32:24.493113,54.379535,-165.815613,1470.0,290.41,1470.0,290.41
2017-06-03 09:32:24.992313,54.379557,-165.815566,1470.0,290.41,1470.0,290.41
2017-06-03 09:32:25.491514,54.379564,-165.81555,1470.0,290.6,1470.0,290.41
2017-06-03 09:32:25.990715,54.379587,-165.815501,1470.0,291.35,1470.0,290.22
2017-06-03 09:32:26.489916,54.379595,-165.815485,1470.0,290.22,1470.0,291.35
2017-06-03 09:32:26.989117,54.379617,-165.815437,1470.0,291.72,1470.0,290.03
2017-06-03 09:32:27.488317,54.379624,-165.815422,1470.0,290.03,1470.0,291.72
2017-06-03 09:32:27.987520,54.379647,-165.815375,1470.0,290.03,1470.0,289.84
2017-06-03 09:32:28.486719,54.379654,-165.81536,1470.0,290.03,1470.0,289.84
2017-06-03 09:32:28.985922,54.379678,-165.815314,1470.0,290.03,1470.0,290.03
2017-06-03 09:32:29.485121,54.379686,-165.815298,1470.0,290.22,1470.0,209.69
2017-06-03 09:32:29.984324,54.379708,-165.815251,1470.0,290.22,1470.0,291.72
2017-06-03 09:32:30.499123,54.379716,-165.815233,1470.0,290.22,1470.0,290.22
2017-06-03 09:32:30.998323,54.379736,-165.815181,1470.0,290.22,1470.0,290.22
2017-06-03 09:32:31.497524,54.379743,-165.815165,1470.0,290.41,1470.0,290.22
2017-06-03 09:32:31.996725,54.379764,-165.815114,1470.0,290.6,1470.0,290.22
2017-06-03 09:32:32.495926,54.379771,-165.815098,1470.0,290.78,1470.0,246.57
2017-06-03 09:32:32.995127,54.379792,-165.815051,1470.0,290.78,1470.0,290.6
2017-06-03 09:32:33.494329,54.3798,-165.815035,1470.0,290.78,1470.0,290.6
2017-06-03 09:32:33.993528,54.379822,-165.814989,1470.0,290.6,1470.0,290.41
2017-06-03 09:32:34.492731,54.37983,-165.814974,1470.0,290.41,1470.0,290.22
2017-06-03 09:32:34.991930,54.379852,-165.81493,1470.0,291.91,1470.0,290.03
2017-06-03 09:32:35.491133,54.379859,-165.814915,1470.0,290.03,1470.0,259.36
2017-06-03 09:32:35.990332,54.379884,-165.814867,1470.0,289.84,1470.0,289.84
2017-06-03 09:32:36.489534,54.379891,-165.814853,1470.0,289.84,1470.0,291.16
2017-06-03 09:32:36.988733,54.379913,-165.81481,1470.0,289.84,1470.0,291.72
2017-06-03 09:32:37.487936,54.379921,-165.814795,1470.0,289.84,1470.0,289.84
2017-06-03 09:32:37.987135,54.379943,-165.814749,1470.0,290.03,1470.0,289.84
2017-06-03 09:32:38.486338,54.37995,-165.814733,1470.0,290.03,1470.0,290.78
2017-06-03 09:32:38.985538,54.379972,-165.814686,1470.0,290.22,1470.0,290.03
2017-06-03 09:32:39.484739,54.379979,-165.814669,1470.0,290.41,1470.0,290.22
2017-06-03 09:32:39.983940,54.38,-165.814619,1470.0,290.6,1470.0,290.6
2017-06-03 09:32:40.498741,54.380008,-165.814601,1470.0,290.6,1470.0,290.6
2017-06-03 09:32:40.997942,54.380029,-165.814551,1470.0,290.97,1470.0,290.6
2017-06-03 09:32:41.497141,54.380036,-165.814535,1470.0,291.16,1470.0,290.6
2017-06-03 09:32:41.996344,54.380057,-165.814487,1470.0,290.78,1470.0,290.6
2017-06-03 09:32:42.495543,54.380065,-165.814472,1470.0,290.78,1470.0,290.6
2017-06-03 09:32:42.994745,54.380089,-165.814424,1470.0,290.41,1470.0,292.85
2017-06-03 09:32:43.493944,54.380097,-165.814409,1470.0,290.41,1470.0,290.22
2017-06-03 09:32:43.993147,54.38012,-165.814364,1470.0,291.72,1470.0,291.16
2017-06-03 09:32:44.492348,54.380128,-165.814349,1470.0,291.91,1470.0,291.91
2017-06-03 09:32:44.991549,54.380153,-165.814305,1470.0,290.22,1470.0,290.22
2017-06-03 09:32:45.490749,54.380161,-165.81429,1470.0,290.22,1470.0,290.22
2017-06-03 09:32:45.989950,54.380182,-165.814242,1470.0,290.41,1470.0,290.22
2017-06-03 09:32:46.489151,54.380189,-165.814227,1470.0,290.41,1470.0,292.29
2017-06-03 09:32:46.988352,54.380209,-165.81418,1470.0,291.72,1470.0,290.41
2017-06-03 09:32:47.487553,54.380215,-165.814165,1470.0,290.6,1470.0,290.41
2017-06-03 09:32:47.986753,54.380237,-165.814116,1470.0,290.6,1470.0,290.41
2017-06-03 09:32:48.485954,54.380243,-165.814099,1470.0,290.78,1470.0,290.41
2017-06-03 09:32:48.985157,54.380262,-165.814049,1470.0,290.97,1470.0,290.6
2017-06-03 09:32:49.484356,54.380269,-165.814033,1470.0,290.97,1470.0,290.6
2017-06-03 09:32:49.999157,54.380289,-165.813983,1470.0,291.16,1470.0,290.78
2017-06-03 09:32:50.498358,54.380296,-165.813967,1470.0,290.78,1470.0,290.6
2017-06-03 09:32:50.997559,54.380317,-165.813919,1470.0,290.6,1470.0,290.6
2017-06-03 09:32:51.496759,54.380325,-165.813904,1470.0,290.6,1470.0,290.41
2017-06-03 09:32:51.995960,54.380347,-165.813857,1470.0,290.41,1470.0,290.41
2017-06-03 09:32:52.495161,54.380355,-165.813842,1470.0,292.29,1470.0,290.22
2017-06-03 09:32:52.994362,54.380379,-165.813796,1470.0,290.6,1470.0,292.85
2017-06-03 09:32:53.493565,54.380386,-165.81378,1470.0,291.72,1470.0,292.29
2017-06-03 09:32:53.992764,54.380409,-165.813731,1470.0,290.78,1470.0,290.78
2017-06-03 09:32:54.491966,54.380416,-165.813715,1470.0,290.97,1470.0,290.97
2017-06-03 09:32:54.991165,54.380437,-165.813667,1470.0,290.97,1470.0,290.97
2017-06-03 09:32:55.490368,54.380444,-165.813651,1470.0,290.97,1470.0,290.97
2017-06-03 09:32:55.989567,54.380464,-165.8136,1470.0,290.97,1470.0,290.78
2017-06-03 09:32:56.488770,54.380471,-165.813583,1470.0,290.78,1470.0,290.78
2017-06-03 09:32:56.987968,54.380492,-165.813536,1470.0,290.97,1470.0,290.78
2017-06-03 09:32:57.487171,54.380499,-165.81352,1470.0,290.78,1470.0,290.78
2017-06-03 09:32:57.986370,54.38052,-165.813472,1470.0,290.97,1470.0,290.78
2017-06-03 09:32:58.485573,54.380527,-165.813456,1470.0,290.97,1470.0,291.54
2017-06-03 09:32:58.984774,54.380547,-165.813407,1470.0,291.16,1470.0,291.16
2017-06-03 09:32:59.483974,54.380554,-165.813392,1470.0,291.35,1470.0,292.29
2017-06-03 09:32:59.998775,54.380576,-165.813344,1470.0,291.35,1470.0,291.16
2017-06-03 09:33:00.497976,54.380583,-165.813328,1470.0,291.16,1470.0,291.16
2017-06-03 09:33:00.997177,54.380606,-165.813281,1470.0,291.16,1470.0,291.16
2017-06-03 09:33:01.496378,54.380613,-165.813265,1470.0,291.16,1470.0,293.61
2017-06-03 09:33:01.995579,54.380634,-165.813219,1470.0,291.16,1470.0,293.61
2017-06-03 09:33:02.494778,54.380641,-165.813204,1470.0,291.16,1470.0,293.79
2017-06-03 09:33:02.993980,54.380663,-165.813157,1470.0,291.16,1470.0,291.16
2017-06-03 09:33:03.493179,54.380671,-165.813141,1470.0,291.16,1470.0,292.67
2017-06-03 09:33:03.992382,54.380692,-165.813093,1470.0,291.16,1470.0,291.16
2017-06-03 09:33:04.491583,54.380699,-165.813076,1470.0,291.35,1470.0,291.16
2017-06-03 09:33:04.990784,54.380721,-165.813028,1470.0,291.54,1470.0,292.29
2017-06-03 09:33:05.489985,54.380728,-165.813012,1470.0,291.72,1470.0,291.54
2017-06-03 09:33:05.989185,54.380749,-165.812964,1470.0,291.91,1470.0,291.54
2017-06-03 09:33:06.488386,54.380756,-165.812948,1470.0,291.72,1470.0,291.54
2017-06-03 09:33:06.987587,54.380777,-165.812901,1470.0,291.54,1470.0,291.54
2017-06-03 09:33:07.486788,54.380784,-165.812885,1470.0,291.72,1470.0,291.35
2017-06-03 09:33:07.985989,54.380807,-165.812837,1470.0,291.35,1470.0,291.35
2017-06-03 09:33:08.485189,54.380814,-165.812822,1470.0,291.35,1470.0,291.16
2017-06-03 09:33:08.984390,54.380837,-165.812775,1470.0,291.54,1470.0,291.35
2017-06-03 09:33:09.499191,54.380845,-165.812759,1470.0,291.54,1470.0,291.35
2017-06-03 09:33:09.998392,54.380867,-165.812712,1470.0,291.91,1470.0,291.72
2017-06-03 09:33:10.497593,54.380875,-165.812697,1470.0,291.91,1470.0,294.73
2017-06-03 09:33:10.996794,54.380897,-165.812649,1470.0,292.1,1470.0,291.91
2017-06-03 09:33:11.495995,54.380905,-165.812633,1470.0,292.1,1470.0,291.91
2017-06-03 09:33:11.995195,54.380927,-165.812586,1470.0,291.91,1470.0,292.29
2017-06-03 09:33:12.494396,54.380934,-165.812571,1470.0,292.1,1470.0,291.91
2017-06-03 09:33:12.993597,54.380955,-165.812525,1470.0,292.1,1470.0,291.91
2017-06-03 09:33:13.492798,54.380962,-165.81251,1470.0,292.29,1470.0,291.91
2017-06-03 09:33:13.991999,54.380984,-165.812461,1470.0,291.91,1470.0,291.91
2017-06-03 09:33:14.491201,54.380991,-165.812446,1470.0,294.92,1470.0,291.91
2017-06-03 09:33:14.990400,54.381013,-165.8124,1470.0,292.1,1470.0,291.91
2017-06-03 09:33:15.489603,54.381021,-165.812385,1470.0,292.1,1470.0,291.91
2017-06-03 09:33:15.988802,54.381044,-165.812337,1470.0,292.1,1470.0,295.3
2017-06-03 09:33:16.488005,54.381051,-165.812322,1470.0,292.1,1470.0,292.1
2017-06-03 09:33:16.987204,54.381072,-165.812277,1470.0,292.29,1470.0,292.1
2017-06-03 09:33:17.486406,54.381079,-165.812262,1470.0,292.48,1470.0,292.29
2017-06-03 09:33:17.985605,54.381102,-165.812215,1470.0,292.48,1470.0,292.29
2017-06-03 09:33:18.484808,54.381109,-165.8122,1470.0,292.48,1470.0,294.92
2017-06-03 09:33:18.984009,54.38113,-165.812154,1470.0,292.48,1470.0,292.48
2017-06-03 09:33:19.498810,54.381138,-165.812137,1470.0,292.48,1470.0,293.23
2017-06-03 09:33:19.998011,54.381161,-165.812089,1470.0,292.48,1470.0,292.48
2017-06-03 09:33:20.497211,54.381168,-165.812073,1470.0,292.67,1470.0,292.67
2017-06-03 09:33:20.996412,54.381191,-165.812024,1470.0,292.67,1470.0,292.67
2017-06-03 09:33:21.495613,54.381198,-165.812008,1470.0,292.85,1470.0,292.67
2017-06-03 09:33:21.994814,54.381219,-165.811959,1470.0,292.85,1470.0,292.85
2017-06-03 09:33:22.494015,54.381226,-165.811944,1470.0,293.04,1470.0,292.85
2017-06-03 09:33:22.993216,54.381248,-165.811897,1470.0,293.04,1470.0,292.85
2017-06-03 09:33:23.492414,54.381256,-165.811881,1470.0,292.85,1470.0,292.85
2017-06-03 09:33:23.991617,54.381279,-165.811833,1470.0,292.85,1470.0,295.11
2017-06-03 09:33:24.490818,54.381286,-165.811817,1470.0,293.04,1470.0,292.85
2017-06-03 09:33:24.990019,54.381308,-165.81177,1470.0,293.04,1470.0,293.04
2017-06-03 09:33:25.489220,54.381316,-165.811755,1470.0,293.04,1470.0,295.68
2017-06-03 09:33:25.988420,54.381338,-165.811709,1470.0,293.23,1470.0,293.04
2017-06-03 09:33:26.487621,54.381346,-165.811693,1470.0,293.04,1470.0,293.04
2017-06-03 09:33:26.986822,54.381368,-165.811647,1470.0,292.85,1470.0,292.85
2017-06-03 09:33:27.486023,54.381376,-165.811632,1470.0,292.85,1470.0,292.85
2017-06-03 09:33:27.985224,54.381398,-165.811585,1470.0,292.85,1470.0,293.79
2017-06-03 09:33:28.484425,54.381406,-165.81157,1470.0,292.85,1470.0,292.85
2017-06-03 09:33:28.999226,54.381429,-165.811522,1470.0,293.04,1470.0,294.73
2017-06-03 09:33:29.498426,54.381436,-165.811507,1470.0,293.23,1470.0,293.23
2017-06-03 09:33:29.997627,54.381459,-165.811461,1470.0,293.61,1470.0,293.42
2017-06-03 09:33:30.496828,54.381466,-165.811445,1470.0,293.79,1470.0,293.79
2017-06-03 09:33:30.996029,54.381487,-165.811394,1470.0,294.17,1470.0,293.79
2017-06-03 09:33:31.495230,54.381494,-165.811378,1470.0,294.36,1470.0,293.98
2017-06-03 09:33:31.994431,54.381516,-165.811329,1470.0,294.55,1470.0,294.17
2017-06-03 09:33:32.493631,54.381523,-165.811313,1470.0,294.17,1470.0,293.98
2017-06-03 09:33:32.992832,54.381545,-165.811266,1470.0,293.79,1470.0,293.79
2017-06-03 09:33:33.492033,54.381553,-165.81125,1470.0,293.79,1470.0,293.61
2017-06-03 09:33:33.991234,54.381577,-165.811204,1470.0,293.61,1470.0,295.68
2017-06-03 09:33:34.490435,54.381585,-165.811189,1470.0,293.61,1470.0,293.42
2017-06-03 09:33:34.989635,54.38161,-165.811146,1470.0,293.61,1470.0,293.61
2017-06-03 09:33:35.488838,54.381618,-165.811132,1470.0,293.79,1470.0,294.55
2017-06-03 09:33:35.988037,54.381641,-165.811087,1470.0,293.79,1470.0,293.79
2017-06-03 09:33:36.487240,54.381649,-165.811072,1470.0,295.68,1470.0,293.79
2017-06-03 09:33:36.986439,54.381672,-165.811024,1470.0,293.98,1470.0,293.98
2017-06-03 09:33:37.485641,54.381679,-165.811008,1470.0,294.17,1470.0,293.98
2017-06-03 09:33:37.984840,54.3817,-165.810961,1470.0,294.17,1470.0,294.17
2017-06-03 09:33:38.484043,54.381707,-165.810945,1470.0,294.55,1470.0,294.17
2017-06-03 09:33:38.998842,54.381729,-165.810897,1470.0,294.36,1470.0,294.17
2017-06-03 09:33:39.498045,54.381736,-165.810882,1470.0,294.55,1470.0,294.36
2017-06-03 09:33:39.997246,54.381759,-165.810834,1470.0,294.73,1470.0,294.55
2017-06-03 09:33:40.496447,54.381766,-165.810818,1470.0,294.73,1470.0,294.55
2017-06-03 09:33:40.995647,54.381787,-165.810771,1470.0,294.92,1470.0,294.55
2017-06-03 09:33:41.510447,54.381795,-165.810754,1470.0,294.73,1470.0,294.55
2017-06-03 09:33:41.994049,54.381817,-165.810709,1470.0,294.73,1470.0,294.55
2017-06-03 09:33:42.493250,54.381825,-165.810694,1470.0,294.55,1470.0,294.55
2017-06-03 09:33:42.992451,54.381848,-165.81065,1470.0,294.55,1470.0,295.86
2017-06-03 09:33:43.491652,54.381856,-165.810635,1470.0,294.55,1470.0,294.36
2017-06-03 09:33:43.990852,54.381879,-165.810589,1470.0,294.55,1470.0,294.36
2017-06-03 09:33:44.490053,54.381887,-165.810574,1470.0,294.55,1470.0,294.92
2017-06-03 09:33:44.989254,54.38191,-165.81053,1470.0,294.55,1470.0,294.55
2017-06-03 09:33:45.488455,54.381917,-165.810515,1470.0,294.55,1470.0,294.55
2017-06-03 09:33:45.987656,54.381938,-165.810467,1470.0,294.73,1470.0,296.8
2017-06-03 09:33:46.486856,54.381945,-165.810452,1470.0,294.92,1470.0,294.73
2017-06-03 09:33:46.986057,54.381967,-165.810404,1470.0,294.92,1470.0,294.92
2017-06-03 09:33:47.485258,54.381974,-165.810388,1470.0,295.3,1470.0,295.3
2017-06-03 09:33:47.984459,54.381995,-165.810339,1470.0,295.49,1470.0,295.49
2017-06-03 09:33:48.499260,54.382003,-165.810321,1470.0,295.86,1470.0,295.49
2017-06-03 09:33:48.998461,54.382023,-165.810273,1470.0,295.86,1470.0,295.49
2017-06-03 09:33:49.497662,54.38203,-165.810256,1470.0,295.49,1470.0,295.49
2017-06-03 09:33:49.996864,54.382054,-165.810208,1470.0,295.49,1470.0,295.3
2017-06-03 09:33:50.496063,54.382061,-165.810192,1470.0,295.3,1470.0,295.3
2017-06-03 09:33:50.995264,54.382084,-165.810146,1470.0,295.49,1470.0,296.43
2017-06-03 09:33:51.494465,54.382092,-165.81013,1470.0,295.3,1470.0,297.56
2017-06-03 09:33:51.993666,54.382115,-165.810084,1470.0,295.49,1470.0,179.02
2017-06-03 09:33:52.492867,54.382123,-165.810069,1470.0,295.49,1470.0,295.3
2017-06-03 09:33:52.992067,54.382145,-165.810025,1470.0,295.3,1470.0,295.3
2017-06-03 09:33:53.491268,54.382152,-165.81001,1470.0,295.3,1470.0,295.11
2017-06-03 09:33:53.990469,54.382174,-165.809961,1470.0,295.3,1470.0,295.11
2017-06-03 09:33:54.489670,54.382181,-165.809945,1470.0,297.18,1470.0,295.11
2017-06-03 09:33:54.988871,54.382203,-165.809897,1470.0,295.49,1470.0,295.3
2017-06-03 09:33:55.488073,54.38221,-165.809881,1470.0,295.49,1470.0,295.49
2017-06-03 09:33:55.987272,54.38223,-165.809832,1470.0,295.86,1470.0,295.68
2017-06-03 09:33:56.486475,54.382237,-165.809816,1470.0,296.05,1470.0,295.86
2017-06-03 09:33:56.985674,54.382255,-165.809766,1470.0,296.05,1470.0,296.05
2017-06-03 09:33:57.484877,54.382262,-165.809749,1470.0,296.05,1470.0,295.86
2017-06-03 09:33:57.984076,54.382282,-165.809699,1470.0,296.05,1470.0,295.86
2017-06-03 09:33:58.498878,54.38229,-165.809682,1470.0,296.05,1470.0,295.68
2017-06-03 09:33:58.998077,54.382312,-165.809634,1470.0,295.86,1470.0,295.68
2017-06-03 09:33:59.497280,54.38232,-165.809618,1470.0,295.86,1470.0,295.68
2017-06-03 09:33:59.996479,54.382342,-165.809571,1470.0,297.56,1470.0,298.69
2017-06-03 09:34:00.495682,54.38235,-165.809555,1470.0,295.86,1470.0,295.86
2017-06-03 09:34:00.994883,54.382372,-165.809509,1470.0,295.86,1470.0,295.86
2017-06-03 09:34:01.494083,54.382379,-165.809493,1470.0,295.86,1470.0,295.68
2017-06-03 09:34:01.993284,54.382401,-165.809444,1470.0,295.68,1470.0,295.68
2017-06-03 09:34:02.492485,54.382408,-165.809429,1470.0,296.24,1470.0,297.75
2017-06-03 09:34:02.991686,54.382431,-165.809384,1470.0,295.68,1470.0,295.68
2017-06-03 09:34:03.490887,54.382439,-165.809368,1470.0,295.68,1470.0,295.68
2017-06-03 09:34:03.990088,54.382459,-165.809318,1470.0,295.86,1470.0,295.68
2017-06-03 09:34:04.489288,54.382465,-165.809301,1470.0,296.05,1470.0,295.86
2017-06-03 09:34:04.988489,54.382484,-165.809252,1470.0,296.05,1470.0,296.05
2017-06-03 09:34:05.487690,54.38249,-165.809236,1470.0,296.24,1470.0,296.05
2017-06-03 09:34:05.986891,54.382509,-165.809186,1470.0,296.8,1470.0,296.8
2017-06-03 09:34:06.486092,54.382515,-165.80917,1470.0,296.43,1470.0,296.05
2017-06-03 09:34:06.985292,54.382535,-165.809121,1470.0,296.05,1470.0,296.05
2017-06-03 09:34:07.484493,54.382542,-165.809105,1470.0,295.86,1470.0,295.86
2017-06-03 09:34:07.999294,54.382566,-165.809056,1470.0,295.86,1470.0,295.86
2017-06-03 09:34:08.498495,54.382573,-165.80904,1470.0,297.56,1470.0,295.68
2017-06-03 09:34:08.997696,54.382596,-165.808992,1470.0,295.86,1470.0,295.86
2017-06-03 09:34:09.496897,54.382603,-165.808977,1470.0,296.05,1470.0,295.86
2017-06-03 09:34:09.996099,54.382626,-165.808931,1470.0,296.05,1470.0,296.05
2017-06-03 09:34:10.495298,54.382633,-165.808915,1470.0,296.05,1470.0,272.16
2017-06-03 09:34:10.994501,54.382656,-165.808867,1470.0,296.05,1470.0,296.05
2017-06-03 09:34:11.493700,54.382663,-165.808851,1470.0,297.18,1470.0,295.86
2017-06-03 09:34:11.992903,54.382684,-165.808803,1470.0,295.86,1470.0,296.62
2017-06-03 09:34:12.492102,54.382691,-165.808787,1470.0,295.86,1470.0,295.68
2017-06-03 09:34:12.991302,54.382712,-165.808739,1470.0,295.86,1470.0,295.68
2017-06-03 09:34:13.490503,54.382719,-165.808723,1470.0,295.86,1470.0,295.86
2017-06-03 09:34:13.989704,54.382741,-165.808673,1470.0,295.86,1470.0,295.86
2017-06-03 09:34:14.488905,54.382747,-165.808657,1470.0,296.05,1470.0,295.68
2017-06-03 09:34:14.988106,54.382767,-165.80861,1470.0,295.86,1470.0,295.68
2017-06-03 09:34:15.487309,54.382774,-165.808595,1470.0,295.68,1470.0,295.68
2017-06-03 09:34:15.986507,54.382797,-165.808549,1470.0,295.49,1470.0,295.49
2017-06-03 09:34:16.485710,54.382804,-165.808533,1470.0,295.49,1470.0,295.3
2017-06-03 09:34:16.984909,54.382827,-165.808487,1470.0,295.49,1470.0,295.3
2017-06-03 09:34:17.484112,54.382834,-165.808472,1470.0,295.49,1470.0,11.74
2017-06-03 09:34:17.998911,54.382856,-165.808424,1470.0,295.49,1470.0,295.11
2017-06-03 09:34:18.498114,54.382863,-165.808408,1470.0,295.68,1470.0,296.43
2017-06-03 09:34:18.997313,54.382883,-165.808359,1470.0,295.68,1470.0,295.49
2017-06-03 09:34:19.496515,54.382889,-165.808343,1470.0,295.68,1470.0,296.62
2017-06-03 09:34:19.995714,54.382911,-165.808296,1470.0,295.68,1470.0,295.68
2017-06-03 09:34:20.494917,54.382918,-165.80828,1470.0,295.68,1470.0,295.49
2017-06-03 09:34:20.994118,54.382939,-165.808231,1470.0,295.68,1470.0,295.49
2017-06-03 09:34:21.493319,54.382946,-165.808214,1470.0,295.68,1470.0,295.49
2017-06-03 09:34:21.992519,54.382967,-165.808164,1470.0,295.49,1470.0,136.49
2017-06-03 09:34:22.491720,54.382975,-165.808149,1470.0,295.49,1470.0,295.49
2017-06-03 09:34:22.990921,54.382997,-165.808104,1470.0,295.49,1470.0,296.05
2017-06-03 09:34:23.490122,54.383004,-165.808088,1470.0,295.49,1470.0,295.49
2017-06-03 09:34:23.989323,54.383028,-165.808041,1470.0,295.49,1470.0,298.69
2017-06-03 09:34:24.488523,54.383035,-165.808025,1470.0,295.49,1470.0,298.12
2017-06-03 09:34:24.987724,54.383057,-165.807976,1470.0,297.93,1470.0,297.56
2017-06-03 09:34:25.486925,54.383064,-165.80796,1470.0,296.24,1470.0,295.3
2017-06-03 09:34:25.986126,54.383085,-165.807911,1470.0,295.3,1470.0,295.3
2017-06-03 09:34:26.485327,54.383092,-165.807895,1470.0,295.3,1470.0,295.3
2017-06-03 09:34:26.984528,54.383115,-165.807847,1470.0,295.11,1470.0,295.11
2017-06-03 09:34:27.499329,54.383123,-165.80783,1470.0,295.3,1470.0,295.11
2017-06-03 09:34:27.998529,54.383143,-165.807782,1470.0,295.11,1470.0,295.3
2017-06-03 09:34:28.497730,54.38315,-165.807767,1470.0,295.11,1470.0,295.11
2017-06-03 09:34:28.996931,54.383172,-165.807721,1470.0,295.11,1470.0,295.11
2017-06-03 09:34:29.496132,54.383179,-165.807706,1470.0,295.11,1470.0,295.11
2017-06-03 09:34:29.995333,54.383201,-165.80766,1470.0,295.11,1470.0,297.56
2017-06-03 09:34:30.494534,54.383208,-165.807646,1470.0,296.05,1470.0,294.92
2017-06-03 09:34:30.993736,54.38323,-165.8076,1470.0,295.11,1470.0,294.92
2017-06-03 09:34:31.492935,54.383237,-165.807584,1470.0,294.92,1470.0,294.92
2017-06-03 09:34:31.992138,54.383259,-165.807534,1470.0,295.11,1470.0,294.92
2017-06-03 09:34:32.491337,54.383266,-165.807519,1470.0,295.11,1470.0,295.11
2017-06-03 09:34:32.990540,54.383287,-165.807472,1470.0,295.3,1470.0,295.3
2017-06-03 09:34:33.489738,54.383294,-165.807456,1470.0,295.49,1470.0,295.49
2017-06-03 09:34:33.988939,54.383315,-165.807407,1470.0,295.68,1470.0,295.49
2017-06-03 09:34:34.488140,54.383322,-165.807391,1470.0,295.49,1470.0,295.3
2017-06-03 09:34:34.987341,54.383345,-165.807342,1470.0,295.3,1470.0,295.11
2017-06-03 09:34:35.486542,54.383353,-165.807327,1470.0,295.11,1470.0,295.11
2017-06-03 09:34:35.985743,54.383376,-165.80728,1470.0,294.92,1470.0,294.92
2017-06-03 09:34:36.484945,54.383384,-165.807265,1470.0,294.92,1470.0,294.92
2017-06-03 09:34:36.984144,54.383408,-165.80722,1470.0,295.11,1470.0,294.92
2017-06-03 09:34:37.498947,54.383417,-165.807204,1470.0,295.11,1470.0,294.92
2017-06-03 09:34:37.998146,54.38344,-165.807159,1470.0,296.99,1470.0,294.92
2017-06-03 09:34:38.497349,54.383448,-165.807144,1470.0,296.05,1470.0,295.3
2017-06-03 09:34:38.996548,54.383471,-165.807097,1470.0,294.92,1470.0,294.73
2017-06-03 09:34:39.495750,54.383478,-165.807082,1470.0,294.73,1470.0,294.73
2017-06-03 09:34:39.994949,54.383501,-165.807034,1470.0,294.92,1470.0,294.73
2017-06-03 09:34:40.494152,54.383507,-165.807019,1470.0,294.92,1470.0,294.92
2017-06-03 09:34:40.993353,54.383527,-165.806974,1470.0,295.11,1470.0,294.92
2017-06-03 09:34:41.492554,54.383534,-165.806958,1470.0,295.11,1470.0,295.11
2017-06-03 09:34:41.991755,54.383556,-165.806908,1470.0,295.11,1470.0,295.11
2017-06-03 09:34:42.490955,54.383563,-165.806892,1470.0,295.11,1470.0,295.11
2017-06-03 09:34:42.990156,54.383584,-165.806845,1470.0,294.92,1470.0,294.92
2017-06-03 09:34:43.489357,54.383591,-165.80683,1470.0,294.92,1470.0,294.92
2017-06-03 09:34:43.988558,54.383615,-165.806782,1470.0,294.73,1470.0,294.73
2017-06-03 09:34:44.487759,54.383623,-165.806767,1470.0,294.73,1470.0,294.73
2017-06-03 09:34:44.986959,54.383646,-165.806722,1470.0,294.73,1470.0,296.43
2017-06-03 09:34:45.486160,54.383654,-165.806707,1470.0,296.8,1470.0,294.73
2017-06-03 09:34:45.985361,54.383678,-165.806659,1470.0,295.11,1470.0,294.92
2017-06-03 09:34:46.484562,54.383686,-165.806643,1470.0,295.11,1470.0,295.11
2017-06-03 09:34:46.999363,54.383709,-165.806594,1470.0,295.3,1470.0,295.11
2017-06-03 09:34:47.498564,54.383716,-165.806578,1470.0,295.3,1470.0,295.3
2017-06-03 09:34:47.997765,54.383736,-165.806528,1470.0,295.3,1470.0,295.11
2017-06-03 09:34:48.496965,54.383743,-165.806511,1470.0,294.92,1470.0,294.92
2017-06-03 09:34:48.996166,54.383766,-165.806463,1470.0,294.73,1470.0,294.73
2017-06-03 09:34:49.495367,54.383773,-165.806447,1470.0,294.55,1470.0,297.37
2017-06-03 09:34:49.994568,54.383796,-165.806402,1470.0,294.55,1470.0,249.01
2017-06-03 09:34:50.493769,54.383803,-165.806387,1470.0,294.55,1470.0,294.55
2017-06-03 09:34:50.992970,54.383825,-165.806343,1470.0,294.55,1470.0,294.55
2017-06-03 09:34:51.492170,54.383832,-165.806328,1470.0,294.73,1470.0,294.55
2017-06-03 09:34:51.991373,54.383854,-165.806279,1470.0,296.05,1470.0,297.93
2017-06-03 09:34:52.490572,54.383861,-165.806264,1470.0,296.43,1470.0,294.55
2017-06-03 09:34:52.989775,54.383882,-165.806219,1470.0,294.55,1470.0,294.55
2017-06-03 09:34:53.488974,54.383889,-165.806203,1470.0,294.55,1470.0,294.55
2017-06-03 09:34:53.988176,54.38391,-165.806157,1470.0,294.55,1470.0,296.62
2017-06-03 09:34:54.487375,54.383917,-165.806142,1470.0,295.86,1470.0,294.55
2017-06-03 09:34:54.986576,54.383938,-165.806094,1470.0,294.55,1470.0,294.36
2017-06-03 09:34:55.485777,54.383946,-165.806078,1470.0,294.55,1470.0,262.37
2017-06-03 09:34:55.984978,54.383968,-165.806031,1470.0,294.55,1470.0,295.49
2017-06-03 09:34:56.484179,54.383976,-165.806015,1470.0,294.55,1470.0,294.55
2017-06-03 09:34:56.998980,54.383999,-165.805964,1470.0,294.73,1470.0,294.73
2017-06-03 09:34:57.498182,54.384006,-165.805948,1470.0,294.73,1470.0,296.24
2017-06-03 09:34:57.997381,54.384029,-165.805901,1470.0,294.73,1470.0,294.73
2017-06-03 09:34:58.496584,54.384036,-165.805885,1470.0,294.55,1470.0,294.73
2017-06-03 09:34:58.995783,54.384059,-165.805836,1470.0,294.55,1470.0,296.43
2017-06-03 09:34:59.494986,54.384067,-165.80582,1470.0,294.36,1470.0,294.55
2017-06-03 09:34:59.994184,54.38409,-165.805772,1470.0,294.17,1470.0,294.17
2017-06-03 09:35:00.493387,54.384098,-165.805757,1470.0,294.17,1470.0,296.62
2017-06-03 09:35:00.992586,54.38412,-165.805712,1470.0,294.17,1470.0,293.98
2017-06-03 09:35:01.491789,54.384127,-165.805697,1470.0,293.98,1470.0,295.49
2017-06-03 09:35:01.990990,54.384151,-165.805649,1470.0,293.98,1470.0,293.98
2017-06-03 09:35:02.490191,54.384158,-165.805634,1470.0,293.98,1470.0,295.11
2017-06-03 09:35:02.989391,54.384179,-165.805589,1470.0,293.79,1470.0,293.79
2017-06-03 09:35:03.488592,54.384185,-165.805573,1470.0,293.61,1470.0,293.61
2017-06-03 09:35:03.987793,54.384207,-165.805526,1470.0,293.42,1470.0,293.42
2017-06-03 09:35:04.486994,54.384214,-165.80551,1470.0,293.42,1470.0,293.42
2017-06-03 09:35:04.986195,54.384237,-165.805464,1470.0,293.42,1470.0,296.05
2017-06-03 09:35:05.485395,54.384244,-165.805448,1470.0,293.42,1470.0,293.42
2017-06-03 09:35:05.984596,54.384265,-165.805402,1470.0,293.61,1470.0,293.79
2017-06-03 09:35:06.483797,54.384272,-165.805387,1470.0,293.61,1470.0,293.42
2017-06-03 09:35:06.998598,54.384296,-165.805337,1470.0,293.61,1470.0,293.61
2017-06-03 09:35:07.497799,54.384303,-165.805321,1470.0,293.42,1470.0,293.42
2017-06-03 09:35:07.997000,54.384324,-165.805273,1470.0,293.42,1470.0,296.05
2017-06-03 09:35:08.496201,54.384332,-165.805257,1470.0,293.23,1470.0,293.23
2017-06-03 09:35:08.995401,54.384355,-165.80521,1470.0,293.23,1470.0,293.23
2017-06-03 09:35:09.494602,54.384362,-165.805195,1470.0,293.23,1470.0,295.3
2017-06-03 09:35:09.993803,54.384384,-165.805146,1470.0,293.04,1470.0,293.04
2017-06-03 09:35:10.493004,54.384391,-165.80513,1470.0,293.04,1470.0,293.04
2017-06-03 09:35:10.992205,54.384413,-165.805082,1470.0,292.85,1470.0,292.85
2017-06-03 09:35:11.491405,54.384421,-165.805066,1470.0,292.67,1470.0,292.67
2017-06-03 09:35:11.990608,54.384442,-165.805018,1470.0,292.48,1470.0,292.48
2017-06-03 09:35:12.489807,54.38445,-165.805002,1470.0,294.36,1470.0,292.29
2017-06-03 09:35:12.989010,54.384472,-165.804955,1470.0,292.1,1470.0,292.1
2017-06-03 09:35:13.488209,54.384479,-165.80494,1470.0,292.1,1470.0,292.1
2017-06-03 09:35:13.987411,54.3845,-165.804894,1470.0,292.1,1470.0,292.1
2017-06-03 09:35:14.486610,54.384507,-165.804878,1470.0,291.91,1470.0,291.91
2017-06-03 09:35:14.985813,54.384528,-165.804831,1470.0,292.1,1470.0,291.91
2017-06-03 09:35:15.485012,54.384536,-165.804815,1470.0,291.91,1470.0,291.91
2017-06-03 09:35:15.984213,54.384558,-165.804767,1470.0,291.91,1470.0,291.72
2017-06-03 09:35:16.499014,54.384566,-165.80475,1470.0,291.72,1470.0,291.72
2017-06-03 09:35:16.998215,54.384589,-165.804704,1470.0,291.72,1470.0,291.54
2017-06-03 09:35:17.497417,54.384596,-165.804688,1470.0,291.54,1470.0,291.54
2017-06-03 09:35:17.996616,54.384617,-165.804639,1470.0,291.54,1470.0,294.55
2017-06-03 09:35:18.495819,54.384624,-165.804623,1470.0,291.54,1470.0,291.54
2017-06-03 09:35:18.995018,54.384645,-165.804576,1470.0,291.54,1470.0,291.54
2017-06-03 09:35:19.494221,54.384652,-165.80456,1470.0,291.54,1470.0,291.35
2017-06-03 09:35:19.993420,54.384676,-165.804511,1470.0,291.35,1470.0,293.04
2017-06-03 09:35:20.492622,54.384683,-165.804495,1470.0,291.16,1470.0,291.16
2017-06-03 09:35:20.991821,54.384705,-165.804447,1470.0,291.54,1470.0,290.97
2017-06-03 09:35:21.491024,54.384713,-165.804432,1470.0,290.78,1470.0,290.78
2017-06-03 09:35:21.990223,54.384737,-165.804384,1470.0,291.54,1470.0,290.6
2017-06-03 09:35:22.489426,54.384745,-165.804369,1470.0,290.6,1470.0,290.6
2017-06-03 09:35:22.988626,54.384767,-165.804322,1470.0,292.1,1470.0,290.41
2017-06-03 09:35:23.487827,54.384774,-165.804307,1470.0,290.41,1470.0,290.41
2017-06-03 09:35:23.987028,54.384795,-165.804259,1470.0,290.6,1470.0,290.41
2017-06-03 09:35:24.486229,54.384802,-165.804243,1470.0,292.48,1470.0,290.41
2017-06-03 09:35:24.985430,54.384823,-165.804194,1470.0,290.41,1470.0,290.22
2017-06-03 09:35:25.484631,54.38483,-165.804178,1470.0,290.22,1470.0,292.1
2017-06-03 09:35:25.983831,54.384852,-165.804131,1470.0,290.03,1470.0,290.03
2017-06-03 09:35:26.498631,54.38486,-165.804113,1470.0,290.22,1470.0,290.03
2017-06-03 09:35:26.997833,54.384882,-165.804066,1470.0,290.22,1470.0,199.71
2017-06-03 09:35:27.497034,54.384889,-165.80405,1470.0,290.22,1470.0,290.03
2017-06-03 09:35:27.996235,54.384911,-165.804004,1470.0,290.41,1470.0,290.03
2017-06-03 09:35:28.495436,54.384918,-165.803989,1470.0,290.03,1470.0,290.41
2017-06-03 09:35:28.994637,54.38494,-165.803944,1470.0,289.84,1470.0,291.54
2017-06-03 09:35:29.493837,54.384948,-165.803928,1470.0,289.65,1470.0,289.65
2017-06-03 09:35:29.993038,54.384972,-165.803881,1470.0,291.16,1470.0,289.47
2017-06-03 09:35:30.492239,54.38498,-165.803866,1470.0,289.28,1470.0,289.28
2017-06-03 09:35:30.991440,54.385003,-165.803822,1470.0,289.09,1470.0,289.09
2017-06-03 09:35:31.490641,54.385011,-165.803807,1470.0,289.09,1470.0,289.09
2017-06-03 09:35:31.989843,54.385035,-165.803762,1470.0,289.09,1470.0,289.09
2017-06-03 09:35:32.489042,54.385042,-165.803747,1470.0,289.28,1470.0,289.09
2017-06-03 09:35:32.988245,54.385065,-165.8037,1470.0,289.28,1470.0,286.08
2017-06-03 09:35:33.487444,54.385072,-165.803684,1470.0,289.09,1470.0,289.09
2017-06-03 09:35:33.986647,54.385093,-165.803634,1470.0,289.09,1470.0,289.09
2017-06-03 09:35:34.485846,54.3851,-165.803618,1470.0,289.09,1470.0,289.09
2017-06-03 09:35:34.985048,54.385122,-165.803571,1470.0,289.09,1470.0,289.09
2017-06-03 09:35:35.484247,54.385129,-165.803555,1470.0,289.09,1470.0,288.9
2017-06-03 09:35:35.999048,54.385152,-165.803507,1470.0,288.9,1470.0,290.03
2017-06-03 09:35:36.498249,54.38516,-165.803492,1470.0,288.71,1470.0,288.71
2017-06-03 09:35:36.997450,54.385184,-165.803446,1470.0,288.71,1470.0,288.53
2017-06-03 09:35:37.496653,54.385192,-165.803431,1470.0,288.34,1470.0,288.34
2017-06-03 09:35:37.995852,54.385217,-165.803385,1470.0,288.34,1470.0,288.34
2017-06-03 09:35:38.495054,54.385225,-165.803371,1470.0,288.15,1470.0,288.15
2017-06-03 09:35:38.994253,54.385247,-165.803325,1470.0,288.15,1470.0,288.15
2017-06-03 09:35:39.493456,54.385255,-165.803311,1470.0,288.15,1470.0,288.15
2017-06-03 09:35:39.992655,54.385277,-165.803265,1470.0,288.15,1470.0,290.22
2017-06-03 09:35:40.491858,54.385285,-165.80325,1470.0,288.15,1470.0,290.22
2017-06-03 09:35:40.991056,54.385307,-165.803204,1470.0,288.15,1470.0,288.15
2017-06-03 09:35:41.490259,54.385314,-165.803188,1470.0,288.15,1470.0,288.15
2017-06-03 09:35:41.989458,54.385335,-165.803141,1470.0,288.15,1470.0,288.15
2017-06-03 09:35:42.488661,54.385342,-165.803125,1470.0,288.71,1470.0,288.15
2017-06-03 09:35:42.987862,54.385363,-165.803076,1470.0,288.15,1470.0,288.15
2017-06-03 09:35:43.487062,54.385371,-165.80306,1470.0,288.15,1470.0,287.96
2017-06-03 09:35:43.986263,54.385395,-165.803014,1470.0,287.96,1470.0,287.77
2017-06-03 09:35:44.485464,54.385403,-165.802998,1470.0,287.58,1470.0,287.77
2017-06-03 09:35:44.984665,54.385426,-165.802952,1470.0,287.4,1470.0,287.4
2017-06-03 09:35:45.483866,54.385434,-165.802937,1470.0,287.4,1470.0,287.96
2017-06-03 09:35:45.998667,54.385459,-165.802889,1470.0,289.47,1470.0,288.71
2017-06-03 09:35:46.497866,54.385466,-165.802874,1470.0,287.4,1470.0,287.4
2017-06-03 09:35:46.997068,54.385489,-165.802827,1470.0,289.09,1470.0,287.4
2017-06-03 09:35:47.496267,54.385496,-165.802812,1470.0,287.58,1470.0,289.28
2017-06-03 09:35:47.995470,54.385519,-165.802764,1470.0,288.71,1470.0,287.58
2017-06-03 09:35:48.494671,54.385526,-165.802749,1470.0,288.53,1470.0,288.71
2017-06-03 09:35:48.993872,54.385548,-165.802702,1470.0,287.4,1470.0,287.4
2017-06-03 09:35:49.493073,54.385556,-165.802686,1470.0,287.21,1470.0,287.21
2017-06-03 09:35:49.992273,54.385579,-165.802638,1470.0,287.21,1470.0,289.84
2017-06-03 09:35:50.491474,54.385586,-165.802622,1470.0,287.96,1470.0,287.21
2017-06-03 09:35:50.990675,54.385608,-165.802575,1470.0,287.21,1470.0,287.02
2017-06-03 09:35:51.489876,54.385616,-165.80256,1470.0,287.02,1470.0,287.02
2017-06-03 09:35:51.989077,54.385638,-165.802512,1470.0,287.02,1470.0,287.96
2017-06-03 09:35:52.488277,54.385645,-165.802497,1470.0,287.02,1470.0,286.83
2017-06-03 09:35:52.987480,54.385667,-165.80245,1470.0,286.83,1470.0,286.83
2017-06-03 09:35:53.486679,54.385674,-165.802435,1470.0,286.83,1470.0,287.02
2017-06-03 09:35:53.985882,54.385698,-165.802387,1470.0,286.83,1470.0,289.65
2017-06-03 09:35:54.485081,54.385706,-165.802372,1470.0,286.83,1470.0,286.64
2017-06-03 09:35:54.984283,54.385728,-165.802325,1470.0,288.71,1470.0,286.83
2017-06-03 09:35:55.499083,54.385736,-165.802308,1470.0,286.83,1470.0,286.83
2017-06-03 09:35:55.998283,54.385759,-165.802261,1470.0,286.83,1470.0,288.15
2017-06-03 09:35:56.497484,54.385766,-165.802245,1470.0,288.34,1470.0,286.64
2017-06-03 09:35:56.996685,54.385789,-165.802197,1470.0,286.64,1470.0,286.64
2017-06-03 09:35:57.495888,54.385796,-165.802182,1470.0,286.46,1470.0,286.46
2017-06-03 09:35:57.995087,54.385817,-165.802134,1470.0,286.46,1470.0,286.46
2017-06-03 09:35:58.494289,54.385825,-165.802119,1470.0,287.96,1470.0,286.46
2017-06-03 09:35:58.993488,54.385847,-165.802072,1470.0,286.64,1470.0,286.27
2017-06-03 09:35:59.492691,54.385854,-165.802056,1470.0,286.27,1470.0,286.27
2017-06-03 09:35:59.991890,54.385877,-165.802008,1470.0,286.27,1470.0,286.27
2017-06-03 09:36:00.491093,54.385884,-165.801992,1470.0,286.27,1470.0,253.34
2017-06-03 09:36:00.990292,54.385905,-165.801945,1470.0,287.77,1470.0,287.58
2017-06-03 09:36:01.489494,54.385912,-165.80193,1470.0,286.08,1470.0,286.08
2017-06-03 09:36:01.988693,54.385935,-165.801882,1470.0,286.27,1470.0,286.08
2017-06-03 09:36:02.487896,54.385942,-165.801866,1470.0,286.08,1470.0,286.08
2017-06-03 09:36:02.987097,54.385963,-165.801816,1470.0,286.08,1470.0,286.08
2017-06-03 09:36:03.486298,54.385971,-165.8018,1470.0,286.08,1470.0,286.08
2017-06-03 09:36:03.985498,54.385993,-165.801751,1470.0,286.08,1470.0,286.08
2017-06-03 09:36:04.484699,54.386,-165.801735,1470.0,286.27,1470.0,286.08
2017-06-03 09:36:04.983900,54.386022,-165.801687,1470.0,286.27,1470.0,286.08
2017-06-03 09:36:05.498701,54.38603,-165.80167,1470.0,286.08,1470.0,286.27
2017-06-03 09:36:05.997902,54.386054,-165.801622,1470.0,286.08,1470.0,286.08
2017-06-03 09:36:06.497103,54.386061,-165.801606,1470.0,285.89,1470.0,285.89
2017-06-03 09:36:06.996304,54.386084,-165.801558,1470.0,285.89,1470.0,287.4
2017-06-03 09:36:07.495502,54.386091,-165.801542,1470.0,285.89,1470.0,287.21
2017-06-03 09:36:07.994705,54.386114,-165.801494,1470.0,285.89,1470.0,285.7
2017-06-03 09:36:08.493906,54.386121,-165.801479,1470.0,285.7,1470.0,285.7
2017-06-03 09:36:08.993107,54.386143,-165.801432,1470.0,285.7,1470.0,285.7
2017-06-03 09:36:09.492308,54.386151,-165.801417,1470.0,285.7,1470.0,285.7
2017-06-03 09:36:09.991508,54.386174,-165.801369,1470.0,285.7,1470.0,287.58
2017-06-03 09:36:10.490709,54.386181,-165.801354,1470.0,285.89,1470.0,285.52
2017-06-03 09:36:10.989910,54.386203,-165.801309,1470.0,285.7,1470.0,285.52
2017-06-03 09:36:11.489111,54.386211,-165.801293,1470.0,285.52,1470.0,285.52
2017-06-03 09:36:11.988312,54.386232,-165.801243,1470.0,285.52,1470.0,285.33
2017-06-03 09:36:12.487513,54.38624,-165.801227,1470.0,285.33,1470.0,285.33
2017-06-03 09:36:12.986713,54.386262,-165.801182,1470.0,285.33,1470.0,285.33
2017-06-03 09:36:13.485914,54.386269,-165.801167,1470.0,285.33,1470.0,285.33
2017-06-03 09:36:13.985117,54.386293,-165.801122,1470.0,285.52,1470.0,285.33
2017-06-03 09:36:14.484316,54.386301,-165.801107,1470.0,285.52,1470.0,287.21
2017-06-03 09:36:14.999117,54.386324,-165.801057,1470.0,285.7,1470.0,285.7
2017-06-03 09:36:15.498318,54.386331,-165.801041,1470.0,285.7,1470.0,285.7
2017-06-03 09:36:15.997519,54.386354,-165.800993,1470.0,285.89,1470.0,285.7
2017-06-03 09:36:16.496719,54.386361,-165.800976,1470.0,286.08,1470.0,286.08
2017-06-03 09:36:16.995920,54.386384,-165.800928,1470.0,286.08,1470.0,285.89
2017-06-03 09:36:17.495121,54.386391,-165.800912,1470.0,285.89,1470.0,285.89
2017-06-03 09:36:17.994322,54.386414,-165.800864,1470.0,285.7,1470.0,237.35
2017-06-03 09:36:18.493525,54.386422,-165.800849,1470.0,285.52,1470.0,285.52
2017-06-03 09:36:18.992723,54.386445,-165.800804,1470.0,285.33,1470.0,285.52
2017-06-03 09:36:19.491926,54.386452,-165.800788,1470.0,285.14,1470.0,287.58
2017-06-03 09:36:19.991125,54.386476,-165.800741,1470.0,285.89,1470.0,284.95
2017-06-03 09:36:20.490328,54.386483,-165.800726,1470.0,286.46,1470.0,284.95
2017-06-03 09:36:20.989527,54.386506,-165.80068,1470.0,285.14,1470.0,285.14
2017-06-03 09:36:21.488729,54.386514,-165.800665,1470.0,285.52,1470.0,285.33
2017-06-03 09:36:21.987928,54.386535,-165.800617,1470.0,285.7,1470.0,285.7
2017-06-03 09:36:22.487131,54.386542,-165.800601,1470.0,285.7,1470.0,286.83
2017-06-03 09:36:22.986332,54.386563,-165.800552,1470.0,285.7,1470.0,286.46
2017-06-03 09:36:23.485533,54.386571,-165.800536,1470.0,285.52,1470.0,285.52
2017-06-03 09:36:23.984734,54.386593,-165.800487,1470.0,285.7,1470.0,287.21
2017-06-03 09:36:24.483934,54.386601,-165.800472,1470.0,285.33,1470.0,285.33
2017-06-03 09:36:24.998735,54.386624,-165.800422,1470.0,285.52,1470.0,285.33
2017-06-03 09:36:25.497936,54.386632,-165.800407,1470.0,285.52,1470.0,285.52
2017-06-03 09:36:25.997137,54.386655,-165.800361,1470.0,285.52,1470.0,260.11
2017-06-03 09:36:26.496338,54.386663,-165.800346,1470.0,285.52,1470.0,288.15
2017-06-03 09:36:26.995539,54.386686,-165.8003,1470.0,285.52,1470.0,285.52
2017-06-03 09:36:27.494740,54.386694,-165.800285,1470.0,287.21,1470.0,285.52
2017-06-03 09:36:27.993940,54.386717,-165.800236,1470.0,285.52,1470.0,287.4
2017-06-03 09:36:28.493141,54.386725,-165.80022,1470.0,285.52,1470.0,285.52
2017-06-03 09:36:28.992342,54.386747,-165.800174,1470.0,285.52,1470.0,285.52
2017-06-03 09:36:29.491543,54.386754,-165.800158,1470.0,285.7,1470.0,285.52
2017-06-03 09:36:29.990744,54.386775,-165.800109,1470.0,285.7,1470.0,287.4
2017-06-03 09:36:30.489944,54.386782,-165.800093,1470.0,285.89,1470.0,285.7
2017-06-03 09:36:30.989145,54.386802,-165.800041,1470.0,285.7,1470.0,285.52
2017-06-03 09:36:31.488346,54.386809,-165.800025,1470.0,285.7,1470.0,285.52
2017-06-03 09:36:31.987547,54.38683,-165.799976,1470.0,285.52,1470.0,288.71
2017-06-03 09:36:32.486748,54.386837,-165.79996,1470.0,287.96,1470.0,287.4
2017-06-03 09:36:32.985949,54.38686,-165.799912,1470.0,285.33,1470.0,285.33
2017-06-03 09:36:33.485149,54.386867,-165.799897,1470.0,285.33,1470.0,285.33
2017-06-03 09:36:33.984352,54.38689,-165.799849,1470.0,285.33,1470.0,285.33
2017-06-03 09:36:34.499151,54.386898,-165.799832,1470.0,285.33,1470.0,286.27
2017-06-03 09:36:34.998354,54.386921,-165.799786,1470.0,285.52,1470.0,285.33
2017-06-03 09:36:35.497553,54.386928,-165.79977,1470.0,285.52,1470.0,285.52
2017-06-03 09:36:35.996754,54.386951,-165.799722,1470.0,286.83,1470.0,285.52
2017-06-03 09:36:36.495955,54.386958,-165.799707,1470.0,285.7,1470.0,287.4
2017-06-03 09:36:36.995155,54.386979,-165.799659,1470.0,285.7,1470.0,285.7
2017-06-03 09:36:37.494356,54.386985,-165.799642,1470.0,285.7,1470.0,285.52
2017-06-03 09:36:37.993557,54.387006,-165.79959,1470.0,285.52,1470.0,285.52
2017-06-03 09:36:38.492758,54.387013,-165.799573,1470.0,285.52,1470.0,285.52
2017-06-03 09:36:38.991959,54.387034,-165.799524,1470.0,285.7,1470.0,285.52
2017-06-03 09:36:39.491161,54.38704,-165.799508,1470.0,285.89,1470.0,285.7
2017-06-03 09:36:39.990360,54.387062,-165.799461,1470.0,285.52,1470.0,285.52
2017-06-03 09:36:40.489563,54.387069,-165.799445,1470.0,286.46,1470.0,287.4
2017-06-03 09:36:40.988762,54.387092,-165.799396,1470.0,285.33,1470.0,285.33
2017-06-03 09:36:41.487965,54.387099,-165.79938,1470.0,285.52,1470.0,285.14
2017-06-03 09:36:41.987164,54.387122,-165.799332,1470.0,287.58,1470.0,285.14
2017-06-03 09:36:42.486366,54.387129,-165.799317,1470.0,285.33,1470.0,285.33
2017-06-03 09:36:42.985565,54.387152,-165.799269,1470.0,285.52,1470.0,287.02
2017-06-03 09:36:43.484768,54.387159,-165.799253,1470.0,286.83,1470.0,285.33
2017-06-03 09:36:43.983967,54.38718,-165.799204,1470.0,286.64,1470.0,285.33
2017-06-03 09:36:44.498770,54.387188,-165.799186,1470.0,285.33,1470.0,285.14
2017-06-03 09:36:44.997971,54.387208,-165.799138,1470.0,286.08,1470.0,284.95
2017-06-03 09:36:45.497171,54.387214,-165.799122,1470.0,284.95,1470.0,284.95
2017-06-03 09:36:45.996372,54.387236,-165.799074,1470.0,285.14,1470.0,284.95
2017-06-03 09:36:46.495573,54.387243,-165.799058,1470.0,286.27,1470.0,285.14
2017-06-03 09:36:46.994774,54.387264,-165.799009,1470.0,285.33,1470.0,285.33
2017-06-03 09:36:47.493975,54.387271,-165.798993,1470.0,285.7,1470.0,285.52
2017-06-03 09:36:47.993176,54.387292,-165.798941,1470.0,285.89,1470.0,205.17
2017-06-03 09:36:48.492376,54.387299,-165.798925,1470.0,285.7,1470.0,287.02
2017-06-03 09:36:48.991577,54.387319,-165.798874,1470.0,285.7,1470.0,285.52
2017-06-03 09:36:49.490778,54.387326,-165.798858,1470.0,285.33,1470.0,285.33
2017-06-03 09:36:49.989979,54.387348,-165.798809,1470.0,285.14,1470.0,287.21
2017-06-03 09:36:50.489180,54.387356,-165.798793,1470.0,284.95,1470.0,284.95
2017-06-03 09:36:50.988380,54.387378,-165.798746,1470.0,284.76,1470.0,284.76
2017-06-03 09:36:51.487581,54.387386,-165.79873,1470.0,284.76,1470.0,284.76
2017-06-03 09:36:51.986782,54.38741,-165.798682,1470.0,286.27,1470.0,284.76
2017-06-03 09:36:52.485983,54.387417,-165.798667,1470.0,287.02,1470.0,284.95
2017-06-03 09:36:52.985184,54.38744,-165.798619,1470.0,284.95,1470.0,284.95
2017-06-03 09:36:53.484385,54.387447,-165.798603,1470.0,284.95,1470.0,284.95
2017-06-03 09:36:53.999187,54.387469,-165.798551,1470.0,284.95,1470.0,284.95
2017-06-03 09:36:54.498386,54.387476,-165.798535,1470.0,284.95,1470.0,284.95
2017-06-03 09:36:54.997589,54.387496,-165.798486,1470.0,284.95,1470.0,286.08
2017-06-03 09:36:55.496788,54.387503,-165.79847,1470.0,284.76,1470.0,284.76
2017-06-03 09:36:55.995991,54.387524,-165.798422,1470.0,284.57,1470.0,287.77
2017-06-03 09:36:56.495190,54.387531,-165.798407,1470.0,284.39,1470.0,286.83
2017-06-03 09:36:56.994390,54.387553,-165.79836,1470.0,284.39,1470.0,284.39
2017-06-03 09:36:57.493591,54.387561,-165.798345,1470.0,284.39,1470.0,286.46
2017-06-03 09:36:57.992792,54.387584,-165.798297,1470.0,284.39,1470.0,286.83
2017-06-03 09:36:58.491993,54.387591,-165.798282,1470.0,284.57,1470.0,284.39
2017-06-03 09:36:58.991194,54.387613,-165.798238,1470.0,284.57,1470.0,284.39
2017-06-03 09:36:59.490396,54.387621,-165.798223,1470.0,284.57,1470.0,285.33
2017-06-03 09:36:59.989595,54.387643,-165.798174,1470.0,284.57,1470.0,286.27
2017-06-03 09:37:00.488798,54.38765,-165.798158,1470.0,284.57,1470.0,284.57
2017-06-03 09:37:00.987997,54.387672,-165.798109,1470.0,284.57,1470.0,284.57
2017-06-03 09:37:01.487200,54.387679,-165.798093,1470.0,284.39,1470.0,284.39
2017-06-03 09:37:01.986399,54.3877,-165.798044,1470.0,284.2,1470.0,284.2
2017-06-03 09:37:02.485601,54.387707,-165.798028,1470.0,284.01,1470.0,284.01
2017-06-03 09:37:02.984800,54.38773,-165.797981,1470.0,284.01,1470.0,283.82
2017-06-03 09:37:03.484003,54.387738,-165.797965,1470.0,283.82,1470.0,286.83
2017-06-03 09:37:03.998802,54.387762,-165.797916,1470.0,284.01,1470.0,283.82
2017-06-03 09:37:04.498005,54.38777,-165.797901,1470.0,284.01,1470.0,285.14
2017-06-03 09:37:04.997206,54.387792,-165.797855,1470.0,284.2,1470.0,284.2
2017-06-03 09:37:05.496407,54.387799,-165.797839,1470.0,284.39,1470.0,284.39
2017-06-03 09:37:05.995607,54.387821,-165.797789,1470.0,284.57,1470.0,284.39
2017-06-03 09:37:06.494808,54.387828,-165.797773,1470.0,284.39,1470.0,287.21
2017-06-03 09:37:06.994009,54.387849,-165.797724,1470.0,284.2,1470.0,284.2
2017-06-03 09:37:07.493210,54.387856,-165.797708,1470.0,284.01,1470.0,284.01
2017-06-03 09:37:07.992411,54.387879,-165.797659,1470.0,283.82,1470.0,283.63
2017-06-03 09:37:08.491611,54.387886,-165.797644,1470.0,283.63,1470.0,283.45
2017-06-03 09:37:08.990812,54.387908,-165.797599,1470.0,283.45,1470.0,283.63
2017-06-03 09:37:09.490013,54.387916,-165.797583,1470.0,283.63,1470.0,283.45
2017-06-03 09:37:09.989214,54.387938,-165.797537,1470.0,285.52,1470.0,257.1
2017-06-03 09:37:10.488415,54.387946,-165.797522,1470.0,283.82,1470.0,285.89
2017-06-03 09:37:10.987616,54.387968,-165.797475,1470.0,283.82,1470.0,284.57
2017-06-03 09:37:11.486816,54.387975,-165.79746,1470.0,283.82,1470.0,283.82
2017-06-03 09:37:11.986017,54.387997,-165.797411,1470.0,284.01,1470.0,284.2
2017-06-03 09:37:12.485218,54.388004,-165.797395,1470.0,284.01,1470.0,283.82
2017-06-03 09:37:12.984419,54.388025,-165.797347,1470.0,283.82,1470.0,284.2
2017-06-03 09:37:13.499220,54.388033,-165.79733,1470.0,284.01,1470.0,283.82
2017-06-03 09:37:13.998423,54.388054,-165.797281,1470.0,283.82,1470.0,286.08
2017-06-03 09:37:14.497622,54.388061,-165.797266,1470.0,283.63,1470.0,283.63
2017-06-03 09:37:14.996824,54.388083,-165.79722,1470.0,283.45,1470.0,216.65
2017-06-03 09:37:15.496023,54.388091,-165.797205,1470.0,283.26,1470.0,285.14
2017-06-03 09:37:15.995226,54.388115,-165.797157,1470.0,283.07,1470.0,285.7
2017-06-03 09:37:16.494425,54.388123,-165.797142,1470.0,283.07,1470.0,284.95
2017-06-03 09:37:16.993628,54.388148,-165.797098,1470.0,284.2,1470.0,283.26
2017-06-03 09:37:17.492826,54.388156,-165.797083,1470.0,283.45,1470.0,284.57
2017-06-03 09:37:17.992027,54.388179,-165.797036,1470.0,283.63,1470.0,283.45
2017-06-03 09:37:18.491228,54.388186,-165.79702,1470.0,283.63,1470.0,283.63
2017-06-03 09:37:18.990429,54.388208,-165.796972,1470.0,283.82,1470.0,283.82
2017-06-03 09:37:19.489632,54.388215,-165.796956,1470.0,283.63,1470.0,283.63
2017-06-03 09:37:19.988831,54.388237,-165.796907,1470.0,283.63,1470.0,283.63
2017-06-03 09:37:20.488033,54.388244,-165.796891,1470.0,283.45,1470.0,284.57
2017-06-03 09:37:20.987232,54.388267,-165.796842,1470.0,283.26,1470.0,283.26
2017-06-03 09:37:21.486435,54.388274,-165.796827,1470.0,283.07,1470.0,283.07
2017-06-03 09:37:21.985634,54.388298,-165.796782,1470.0,283.07,1470.0,283.26
2017-06-03 09:37:22.484837,54.388306,-165.796767,1470.0,282.88,1470.0,282.88
2017-06-03 09:37:22.984035,54.38833,-165.79672,1470.0,282.88,1470.0,284.76
2017-06-03 09:37:23.498838,54.388338,-165.796704,1470.0,282.88,1470.0,284.57
2017-06-03 09:37:23.998037,54.388362,-165.796659,1470.0,282.88,1470.0,284.01
2017-06-03 09:37:24.497240,54.38837,-165.796644,1470.0,282.88,1470.0,284.57
2017-06-03 09:37:24.996441,54.388392,-165.796597,1470.0,284.01,1470.0,282.88
2017-06-03 09:37:25.495642,54.388399,-165.796581,1470.0,283.07,1470.0,283.82
2017-06-03 09:37:25.994843,54.388421,-165.796533,1470.0,283.07,1470.0,284.01
2017-06-03 09:37:26.494043,54.388428,-165.796517,1470.0,283.07,1470.0,282.88
2017-06-03 09:37:26.993244,54.38845,-165.796469,1470.0,282.88,1470.0,284.95
2017-06-03 09:37:27.492445,54.388457,-165.796453,1470.0,282.88,1470.0,282.69
2017-06-03 09:37:27.991646,54.388478,-165.796404,1470.0,282.69,1470.0,282.5
2017-06-03 09:37:28.490847,54.388486,-165.796388,1470.0,284.39,1470.0,282.5
2017-06-03 09:37:28.990047,54.388508,-165.796341,1470.0,282.69,1470.0,284.39
2017-06-03 09:37:29.489248,54.388515,-165.796325,1470.0,285.33,1470.0,284.57
2017-06-03 09:37:29.988449,54.388537,-165.796277,1470.0,282.69,1470.0,282.69
2017-06-03 09:37:30.487650,54.388544,-165.796261,1470.0,282.69,1470.0,282.69
2017-06-03 09:37:30.986851,54.388567,-165.796212,1470.0,282.69,1470.0,284.95
2017-06-03 09:37:31.486052,54.388574,-165.796197,1470.0,282.5,1470.0,282.5
2017-06-03 09:37:31.985252,54.388597,-165.796149,1470.0,282.5,1470.0,282.5
2017-06-03 09:37:32.484453,54.388604,-165.796133,1470.0,282.32,1470.0,282.32
2017-06-03 09:37:32.999254,54.388627,-165.796084,1470.0,282.32,1470.0,282.32
2017-06-03 09:37:33.498455,54.388635,-165.796068,1470.0,282.32,1470.0,283.26
2017-06-03 09:37:33.997656,54.388657,-165.796021,1470.0,282.13,1470.0,282.13
2017-06-03 09:37:34.496857,54.388664,-165.796005,1470.0,282.13,1470.0,283.82
2017-06-03 09:37:34.996058,54.388685,-165.795957,1470.0,282.13,1470.0,282.13
2017-06-03 09:37:35.495258,54.388692,-165.795941,1470.0,282.13,1470.0,282.32
2017-06-03 09:37:35.994461,54.388716,-165.795891,1470.0,282.13,1470.0,282.13
2017-06-03 09:37:36.493660,54.388723,-165.795875,1470.0,282.32,1470.0,282.13
2017-06-03 09:37:36.992863,54.388744,-165.795827,1470.0,282.32,1470.0,284.2
2017-06-03 09:37:37.492062,54.38875,-165.795811,1470.0,282.32,1470.0,282.32
2017-06-03 09:37:37.991264,54.38877,-165.795761,1470.0,282.32,1470.0,282.32
2017-06-03 09:37:38.490463,54.388777,-165.795744,1470.0,282.5,1470.0,282.13
2017-06-03 09:37:38.989664,54.388798,-165.795694,1470.0,282.13,1470.0,281.94
2017-06-03 09:37:39.488865,54.388806,-165.795678,1470.0,281.94,1470.0,281.94
2017-06-03 09:37:39.988066,54.388828,-165.795631,1470.0,281.94,1470.0,281.94
2017-06-03 09:37:40.487268,54.388836,-165.795615,1470.0,281.94,1470.0,281.75
2017-06-03 09:37:40.986467,54.388858,-165.795569,1470.0,281.75,1470.0,281.75
2017-06-03 09:37:41.485670,54.388866,-165.795553,1470.0,281.75,1470.0,281.56
2017-06-03 09:37:41.984869,54.388888,-165.795507,1470.0,281.56,1470.0,284.57
2017-06-03 09:37:42.484072,54.388896,-165.795492,1470.0,281.56,1470.0,281.38
2017-06-03 09:37:42.998871,54.388919,-165.795444,1470.0,281.38,1470.0,277.24
2017-06-03 09:37:43.498074,54.388926,-165.795428,1470.0,281.38,1470.0,281.38
2017-06-03 09:37:43.997272,54.388949,-165.795379,1470.0,281.38,1470.0,281.38
2017-06-03 09:37:44.496475,54.388956,-165.795364,1470.0,281.56,1470.0,281.56
2017-06-03 09:37:44.995676,54.388977,-165.795317,1470.0,281.56,1470.0,282.13
2017-06-03 09:37:45.494877,54.388984,-165.795301,1470.0,281.56,1470.0,282.32
2017-06-03 09:37:45.994078,54.389006,-165.795251,1470.0,281.56,1470.0,281.56
2017-06-03 09:37:46.493279,54.389013,-165.795235,1470.0,281.56,1470.0,281.56
2017-06-03 09:37:46.992479,54.389035,-165.795186,1470.0,281.56,1470.0,281.56
2017-06-03 09:37:47.491680,54.389042,-165.79517,1470.0,281.56,1470.0,140.26
2017-06-03 09:37:47.990881,54.389065,-165.795121,1470.0,281.56,1470.0,283.63
2017-06-03 09:37:48.490082,54.389073,-165.795105,1470.0,281.56,1470.0,281.38
2017-06-03 09:37:48.989283,54.389096,-165.795057,1470.0,281.38,1470.0,281.38
2017-06-03 09:37:49.488483,54.389104,-165.795042,1470.0,281.38,1470.0,281.19
2017-06-03 09:37:49.987684,54.389128,-165.794995,1470.0,281.19,1470.0,283.07
2017-06-03 09:37:50.486885,54.389136,-165.79498,1470.0,281.0,1470.0,261.81
2017-06-03 09:37:50.986086,54.389158,-165.794934,1470.0,281.0,1470.0,280.81
2017-06-03 09:37:51.485287,54.389166,-165.794919,1470.0,282.5,1470.0,281.94
2017-06-03 09:37:51.984488,54.38919,-165.794874,1470.0,280.81,1470.0,282.88
2017-06-03 09:37:52.499289,54.389198,-165.794857,1470.0,282.13,1470.0,280.62
2017-06-03 09:37:52.998489,54.389221,-165.794809,1470.0,282.5,1470.0,282.69
2017-06-03 09:37:53.497690,54.389228,-165.794793,1470.0,280.81,1470.0,280.81
2017-06-03 09:37:53.996891,54.389248,-165.794746,1470.0,281.0,1470.0,281.0
2017-06-03 09:37:54.496092,54.389254,-165.79473,1470.0,281.0,1470.0,281.0
2017-06-03 09:37:54.995293,54.389275,-165.794681,1470.0,281.19,1470.0,281.0
2017-06-03 09:37:55.494493,54.389282,-165.794664,1470.0,281.0,1470.0,281.0
2017-06-03 09:37:55.993696,54.389304,-165.794613,1470.0,280.81,1470.0,280.81
2017-06-03 09:37:56.492895,54.389311,-165.794597,1470.0,280.81,1470.0,280.62
2017-06-03 09:37:56.992098,54.389333,-165.79455,1470.0,280.62,1470.0,280.43
2017-06-03 09:37:57.491297,54.389341,-165.794535,1470.0,280.43,1470.0,280.43
2017-06-03 09:37:57.990499,54.389366,-165.794487,1470.0,280.62,1470.0,280.43
2017-06-03 09:37:58.489698,54.389374,-165.794472,1470.0,280.62,1470.0,220.22
2017-06-03 09:37:58.988901,54.389398,-165.794424,1470.0,282.13,1470.0,280.62
2017-06-03 09:37:59.488100,54.389406,-165.794408,1470.0,280.81,1470.0,280.62
2017-06-03 09:37:59.987301,54.389428,-165.794361,1470.0,280.81,1470.0,280.62
2017-06-03 09:38:00.486502,54.389436,-165.794344,1470.0,280.62,1470.0,280.62
2017-06-03 09:38:00.985703,54.389458,-165.794294,1470.0,280.62,1470.0,280.62
2017-06-03 09:38:01.484905,54.389466,-165.794278,1470.0,280.43,1470.0,282.5
2017-06-03 09:38:01.984104,54.389488,-165.794229,1470.0,280.43,1470.0,23.41
2017-06-03 09:38:02.498907,54.389496,-165.794212,1470.0,280.25,1470.0,280.06
2017-06-03 09:38:02.998106,54.389519,-165.794166,1470.0,280.06,1470.0,280.06
2017-06-03 09:38:03.497309,54.389526,-165.79415,1470.0,281.56,1470.0,281.0
2017-06-03 09:38:03.996508,54.389547,-165.794104,1470.0,279.87,1470.0,279.87
2017-06-03 09:38:04.495710,54.389554,-165.794089,1470.0,280.06,1470.0,282.5
2017-06-03 09:38:04.994909,54.389575,-165.794044,1470.0,280.06,1470.0,279.87
2017-06-03 09:38:05.494112,54.389582,-165.794028,1470.0,280.06,1470.0,279.87
2017-06-03 09:38:05.993313,54.389604,-165.793979,1470.0,280.06,1470.0,280.06
2017-06-03 09:38:06.492514,54.389611,-165.793963,1470.0,280.06,1470.0,280.06
2017-06-03 09:38:06.991714,54.389632,-165.793916,1470.0,280.06,1470.0,280.06
2017-06-03 09:38:07.490915,54.389639,-165.7939,1470.0,280.06,1470.0,280.06
2017-06-03 09:38:07.990116,54.38966,-165.793851,1470.0,280.06,1470.0,280.06
2017-06-03 09:38:08.489317,54.389667,-165.793835,1470.0,280.06,1470.0,280.06
2017-06-03 09:38:08.988518,54.38969,-165.793786,1470.0,280.06,1470.0,281.75
2017-06-03 09:38:09.487719,54.389698,-165.79377,1470.0,279.87,1470.0,280.43
2017-06-03 09:38:09.986919,54.389721,-165.793721,1470.0,279.68,1470.0,279.68
2017-06-03 09:38:10.486120,54.389729,-165.793705,1470.0,279.68,1470.0,281.19
2017-06-03 09:38:10.985321,54.389752,-165.793656,1470.0,279.68,1470.0,281.38
2017-06-03 09:38:11.484522,54.389759,-165.79364,1470.0,279.68,1470.0,281.94
2017-06-03 09:38:11.999323,54.389784,-165.793589,1470.0,279.68,1470.0,279.68
2017-06-03 09:38:12.498524,54.389791,-165.793573,1470.0,279.68,1470.0,279.68
2017-06-03 09:38:12.997725,54.389812,-165.793523,1470.0,279.87,1470.0,279.68
2017-06-03 09:38:13.496925,54.38982,-165.793506,1470.0,279.68,1470.0,279.68
2017-06-03 09:38:13.996126,54.389842,-165.793458,1470.0,279.68,1470.0,279.68
2017-06-03 09:38:14.495327,54.389849,-165.793442,1470.0,279.49,1470.0,279.49
2017-06-03 09:38:14.994528,54.389869,-165.793394,1470.0,279.31,1470.0,279.31
2017-06-03 09:38:15.493729,54.389876,-165.793378,1470.0,279.12,1470.0,279.12
2017-06-03 09:38:15.992931,54.389897,-165.793328,1470.0,279.12,1470.0,280.81
2017-06-03 09:38:16.492130,54.389904,-165.793312,1470.0,279.12,1470.0,279.12
2017-06-03 09:38:16.991333,54.389925,-165.793267,1470.0,279.12,1470.0,279.12
2017-06-03 09:38:17.490532,54.389932,-165.793252,1470.0,279.12,1470.0,281.19
2017-06-03 09:38:17.989735,54.389955,-165.793204,1470.0,279.12,1470.0,279.12
2017-06-03 09:38:18.488934,54.389962,-165.793188,1470.0,279.31,1470.0,279.31
2017-06-03 09:38:18.988136,54.389983,-165.793139,1470.0,279.31,1470.0,279.31
2017-06-03 09:38:19.487335,54.38999,-165.793123,1470.0,279.31,1470.0,279.31
2017-06-03 09:38:19.986538,54.39001,-165.793073,1470.0,279.31,1470.0,282.32
2017-06-03 09:38:20.485737,54.390017,-165.793056,1470.0,279.31,1470.0,279.12
2017-06-03 09:38:20.984938,54.390038,-165.793007,1470.0,279.12,1470.0,279.12
2017-06-03 09:38:21.484140,54.390046,-165.792991,1470.0,279.12,1470.0,280.81
2017-06-03 09:38:21.998940,54.390069,-165.792941,1470.0,278.93,1470.0,279.68
2017-06-03 09:38:22.498142,54.390076,-165.792925,1470.0,280.25,1470.0,278.74
2017-06-03 09:38:22.997341,54.390099,-165.792877,1470.0,278.93,1470.0,278.74
2017-06-03 09:38:23.496544,54.390107,-165.792861,1470.0,278.74,1470.0,278.55
2017-06-03 09:38:23.995743,54.39013,-165.792813,1470.0,278.55,1470.0,278.55
2017-06-03 09:38:24.494946,54.390138,-165.792797,1470.0,278.74,1470.0,279.12
2017-06-03 09:38:24.994144,54.390159,-165.79275,1470.0,278.93,1470.0,243.56
2017-06-03 09:38:25.493347,54.390166,-165.792735,1470.0,278.93,1470.0,278.93
2017-06-03 09:38:25.992546,54.390189,-165.792686,1470.0,279.12,1470.0,278.93
2017-06-03 09:38:26.491749,54.390196,-165.79267,1470.0,280.62,1470.0,278.93
2017-06-03 09:38:26.990950,54.390215,-165.792622,1470.0,279.87,1470.0,278.74
2017-06-03 09:38:27.490150,54.390222,-165.792606,1470.0,278.74,1470.0,280.25
2017-06-03 09:38:27.989351,54.390245,-165.792557,1470.0,278.55,1470.0,281.0
2017-06-03 09:38:28.488552,54.390252,-165.792542,1470.0,278.36,1470.0,278.36
2017-06-03 09:38:28.987753,54.390273,-165.792494,1470.0,278.36,1470.0,278.36
2017-06-03 09:38:29.486954,54.390281,-165.792478,1470.0,278.36,1470.0,278.36
2017-06-03 09:38:29.986155,54.390303,-165.792431,1470.0,278.55,1470.0,279.49
2017-06-03 09:38:30.485355,54.390311,-165.792415,1470.0,278.55,1470.0,278.55
2017-06-03 09:38:30.984556,54.390333,-165.792369,1470.0,278.55,1470.0,278.55
2017-06-03 09:38:31.499357,54.390341,-165.792352,1470.0,278.74,1470.0,279.68
2017-06-03 09:38:31.998558,54.390364,-165.792304,1470.0,278.74,1470.0,281.56
2017-06-03 09:38:32.497759,54.390371,-165.792289,1470.0,278.74,1470.0,278.55
2017-06-03 09:38:32.996960,54.390392,-165.792242,1470.0,278.55,1470.0,280.06
2017-06-03 09:38:33.496161,54.390399,-165.792226,1470.0,278.55,1470.0,280.25
2017-06-03 09:38:33.995361,54.390422,-165.792178,1470.0,280.06,1470.0,278.36
2017-06-03 09:38:34.494562,54.390429,-165.792162,1470.0,278.36,1470.0,279.87
2017-06-03 09:38:34.993763,54.39045,-165.792115,1470.0,278.36,1470.0,278.36
2017-06-03 09:38:35.492964,54.390457,-165.7921,1470.0,278.36,1470.0,278.18
2017-06-03 09:38:35.992167,54.39048,-165.792051,1470.0,278.18,1470.0,278.18
2017-06-03 09:38:36.491365,54.390487,-165.792035,1470.0,277.99,1470.0,277.99
2017-06-03 09:38:36.990568,54.390508,-165.791987,1470.0,277.99,1470.0,277.8
2017-06-03 09:38:37.489767,54.390515,-165.791971,1470.0,277.8,1470.0,277.8
2017-06-03 09:38:37.988970,54.390537,-165.791922,1470.0,277.8,1470.0,277.8
2017-06-03 09:38:38.488169,54.390544,-165.791906,1470.0,277.99,1470.0,277.99
2017-06-03 09:38:38.987371,54.390565,-165.791857,1470.0,278.18,1470.0,280.43
2017-06-03 09:38:39.486570,54.390572,-165.791841,1470.0,278.36,1470.0,278.36
2017-06-03 09:38:39.985773,54.390592,-165.791791,1470.0,278.55,1470.0,278.36
2017-06-03 09:38:40.484972,54.390599,-165.791774,1470.0,278.74,1470.0,278.36
2017-06-03 09:38:40.984175,54.39062,-165.791724,1470.0,278.36,1470.0,280.62
2017-06-03 09:38:41.498976,54.390628,-165.791707,1470.0,278.18,1470.0,277.99
2017-06-03 09:38:41.998175,54.390651,-165.791659,1470.0,277.8,1470.0,277.8
2017-06-03 09:38:42.497377,54.390658,-165.791644,1470.0,279.49,1470.0,277.61
2017-06-03 09:38:42.996576,54.39068,-165.791599,1470.0,277.61,1470.0,277.61
2017-06-03 09:38:43.495779,54.390688,-165.791583,1470.0,279.31,1470.0,277.61
2017-06-03 09:38:43.994978,54.390712,-165.791536,1470.0,277.8,1470.0,279.49
2017-06-03 09:38:44.494181,54.390719,-165.79152,1470.0,277.99,1470.0,277.8
2017-06-03 09:38:44.993380,54.39074,-165.791474,1470.0,277.99,1470.0,277.8
2017-06-03 09:38:45.492582,54.390747,-165.791458,1470.0,277.99,1470.0,277.8
2017-06-03 09:38:45.991781,54.390769,-165.791408,1470.0,277.99,1470.0,279.68
2017-06-03 09:38:46.490984,54.390776,-165.791391,1470.0,277.99,1470.0,277.99
2017-06-03 09:38:46.990185,54.390795,-165.791342,1470.0,277.99,1470.0,277.99
2017-06-03 09:38:47.489386,54.390802,-165.791326,1470.0,277.99,1470.0,277.8
2017-06-03 09:38:47.988586,54.390823,-165.791277,1470.0,277.8,1470.0,280.43
2017-06-03 09:38:48.487787,54.390831,-165.791262,1470.0,277.61,1470.0,277.61
2017-06-03 09:38:48.986988,54.390853,-165.791214,1470.0,277.61,1470.0,277.61
2017-06-03 09:38:49.486189,54.390861,-165.791198,1470.0,279.68,1470.0,277.42
2017-06-03 09:38:49.985390,54.390885,-165.791152,1470.0,277.61,1470.0,277.42
2017-06-03 09:38:50.484591,54.390893,-165.791137,1470.0,277.61,1470.0,279.12
2017-06-03 09:38:50.983791,54.390916,-165.79109,1470.0,277.61,1470.0,280.06
2017-06-03 09:38:51.498590,54.390925,-165.791073,1470.0,277.61,1470.0,279.68
2017-06-03 09:38:51.997793,54.390947,-165.791024,1470.0,277.61,1470.0,277.61
2017-06-03 09:38:52.496994,54.390954,-165.791008,1470.0,277.61,1470.0,280.62
2017-06-03 09:38:52.996195,54.390975,-165.790961,1470.0,277.61,1470.0,277.61
2017-06-03 09:38:53.495396,54.390982,-165.790944,1470.0,277.61,1470.0,277.61
2017-06-03 09:38:53.994596,54.391003,-165.790894,1470.0,277.8,1470.0,277.61
2017-06-03 09:38:54.493797,54.391009,-165.790879,1470.0,277.8,1470.0,277.61
2017-06-03 09:38:54.992998,54.39103,-165.790832,1470.0,277.61,1470.0,277.61
2017-06-03 09:38:55.492199,54.391037,-165.790817,1470.0,277.42,1470.0,277.42
2017-06-03 09:38:55.991400,54.39106,-165.790769,1470.0,278.93,1470.0,277.24
2017-06-03 09:38:56.490601,54.391068,-165.790753,1470.0,277.05,1470.0,277.05
2017-06-03 09:38:56.989803,54.391091,-165.790707,1470.0,277.05,1470.0,277.05
2017-06-03 09:38:57.489002,54.391099,-165.790692,1470.0,278.93,1470.0,278.55
2017-06-03 09:38:57.988205,54.39112,-165.790644,1470.0,277.42,1470.0,277.24
2017-06-03 09:38:58.487404,54.391127,-165.790628,1470.0,277.42,1470.0,277.42
2017-06-03 09:38:58.986607,54.391148,-165.790581,1470.0,277.61,1470.0,279.12
2017-06-03 09:38:59.485806,54.391155,-165.790564,1470.0,277.61,1470.0,277.42
2017-06-03 09:38:59.985008,54.391177,-165.790514,1470.0,277.61,1470.0,277.42
2017-06-03 09:39:00.484207,54.391184,-165.790498,1470.0,277.42,1470.0,279.87
2017-06-03 09:39:00.999008,54.391207,-165.790446,1470.0,277.24,1470.0,277.24
2017-06-03 09:39:01.498211,54.391214,-165.79043,1470.0,277.24,1470.0,277.24
2017-06-03 09:39:01.997410,54.391236,-165.790381,1470.0,277.42,1470.0,277.24
2017-06-03 09:39:02.496613,54.391243,-165.790365,1470.0,277.42,1470.0,277.24
2017-06-03 09:39:02.995811,54.391265,-165.790319,1470.0,278.55,1470.0,277.24
2017-06-03 09:39:03.495014,54.391272,-165.790303,1470.0,277.24,1470.0,277.24
2017-06-03 09:39:03.994213,54.391294,-165.790254,1470.0,277.99,1470.0,277.8
2017-06-03 09:39:04.493416,54.391301,-165.790239,1470.0,277.05,1470.0,277.05
2017-06-03 09:39:04.992615,54.391323,-165.790192,1470.0,277.05,1470.0,277.05
2017-06-03 09:39:05.491817,54.391331,-165.790177,1470.0,277.05,1470.0,277.05
2017-06-03 09:39:05.991016,54.391353,-165.790129,1470.0,277.05,1470.0,277.05
2017-06-03 09:39:06.490219,54.39136,-165.790113,1470.0,277.05,1470.0,277.05
2017-06-03 09:39:06.989420,54.391382,-165.790066,1470.0,278.93,1470.0,277.05
2017-06-03 09:39:07.488621,54.391389,-165.79005,1470.0,277.24,1470.0,278.93
2017-06-03 09:39:07.987822,54.39141,-165.790001,1470.0,277.42,1470.0,277.05
2017-06-03 09:39:08.487022,54.391417,-165.789985,1470.0,277.24,1470.0,277.24
2017-06-03 09:39:08.986223,54.391438,-165.789937,1470.0,277.24,1470.0,277.05
2017-06-03 09:39:09.485424,54.391446,-165.789922,1470.0,277.05,1470.0,277.05
2017-06-03 09:39:09.984625,54.391468,-165.789874,1470.0,277.24,1470.0,273.47
2017-06-03 09:39:10.483826,54.391476,-165.789858,1470.0,277.05,1470.0,277.05
2017-06-03 09:39:10.998627,54.391499,-165.789809,1470.0,277.05,1470.0,277.05
2017-06-03 09:39:11.497828,54.391506,-165.789793,1470.0,277.24,1470.0,278.55
2017-06-03 09:39:11.997028,54.391529,-165.789746,1470.0,277.05,1470.0,277.05
2017-06-03 09:39:12.496229,54.391536,-165.78973,1470.0,277.24,1470.0,277.05
2017-06-03 09:39:12.995430,54.391557,-165.789682,1470.0,278.18,1470.0,277.05
2017-06-03 09:39:13.494631,54.391564,-165.789666,1470.0,277.05,1470.0,277.05
2017-06-03 09:39:13.993832,54.391586,-165.789618,1470.0,277.24,1470.0,278.74
2017-06-03 09:39:14.493032,54.391593,-165.789602,1470.0,276.86,1470.0,276.86
2017-06-03 09:39:14.992233,54.391616,-165.789555,1470.0,278.93,1470.0,240.73
2017-06-03 09:39:15.491434,54.391624,-165.78954,1470.0,276.67,1470.0,276.67
2017-06-03 09:39:15.990635,54.391647,-165.789494,1470.0,276.67,1470.0,276.67
2017-06-03 09:39:16.489836,54.391654,-165.789478,1470.0,276.67,1470.0,278.74
2017-06-03 09:39:16.989037,54.391677,-165.789431,1470.0,276.86,1470.0,276.86
2017-06-03 09:39:17.488237,54.391684,-165.789415,1470.0,276.86,1470.0,277.61
2017-06-03 09:39:17.987440,54.391705,-165.789366,1470.0,276.86,1470.0,276.86
2017-06-03 09:39:18.486639,54.391712,-165.78935,1470.0,277.05,1470.0,279.87
2017-06-03 09:39:18.985842,54.391733,-165.789301,1470.0,277.05,1470.0,277.05
2017-06-03 09:39:19.485041,54.39174,-165.789285,1470.0,277.05,1470.0,277.05
2017-06-03 09:39:19.984243,54.391762,-165.789237,1470.0,277.05,1470.0,277.05
2017-06-03 09:39:20.499043,54.39177,-165.78922,1470.0,276.86,1470.0,268.96
2017-06-03 09:39:20.998243,54.391792,-165.789172,1470.0,276.67,1470.0,278.36
2017-06-03 09:39:21.497444,54.391799,-165.789157,1470.0,276.48,1470.0,278.18
2017-06-03 09:39:21.996645,54.391822,-165.789109,1470.0,276.48,1470.0,276.48
2017-06-03 09:39:22.495848,54.39183,-165.789094,1470.0,276.48,1470.0,276.48
2017-06-03 09:39:22.995047,54.391853,-165.789049,1470.0,276.48,1470.0,276.48
2017-06-03 09:39:23.494249,54.391861,-165.789033,1470.0,276.67,1470.0,278.74
2017-06-03 09:39:23.993448,54.391882,-165.788984,1470.0,276.86,1470.0,276.86
2017-06-03 09:39:24.492651,54.391889,-165.788969,1470.0,276.86,1470.0,276.86
2017-06-03 09:39:24.991850,54.39191,-165.788922,1470.0,276.86,1470.0,276.86
2017-06-03 09:39:25.491053,54.391917,-165.788907,1470.0,276.86,1470.0,276.86
2017-06-03 09:39:25.990252,54.391937,-165.788859,1470.0,276.86,1470.0,276.86
2017-06-03 09:39:26.489454,54.391944,-165.788843,1470.0,276.67,1470.0,276.67
2017-06-03 09:39:26.988653,54.391965,-165.788794,1470.0,276.67,1470.0,276.48
2017-06-03 09:39:27.487856,54.391972,-165.788778,1470.0,276.48,1470.0,279.12
2017-06-03 09:39:27.987057,54.391995,-165.788731,1470.0,276.48,1470.0,276.3
2017-06-03 09:39:28.486258,54.392002,-165.788715,1470.0,276.48,1470.0,276.3
2017-06-03 09:39:28.985458,54.392025,-165.788667,1470.0,276.48,1470.0,276.48
2017-06-03 09:39:29.484659,54.392032,-165.788652,1470.0,276.67,1470.0,277.05
2017-06-03 09:39:29.983860,54.392053,-165.788604,1470.0,276.86,1470.0,276.67
2017-06-03 09:39:30.498661,54.392061,-165.788587,1470.0,276.86,1470.0,276.86
2017-06-03 09:39:30.997862,54.392082,-165.788539,1470.0,276.86,1470.0,277.8
2017-06-03 09:39:31.497063,54.392089,-165.788523,1470.0,276.67,1470.0,245.25
2017-06-03 09:39:31.996264,54.392112,-165.788473,1470.0,276.67,1470.0,276.48
2017-06-03 09:39:32.495464,54.39212,-165.788457,1470.0,276.67,1470.0,276.48
2017-06-03 09:39:32.994665,54.392143,-165.78841,1470.0,276.48,1470.0,278.36
2017-06-03 09:39:33.493866,54.392151,-165.788395,1470.0,276.48,1470.0,276.48
2017-06-03 09:39:33.993067,54.392173,-165.788347,1470.0,277.42,1470.0,277.99
2017-06-03 09:39:34.492268,54.392181,-165.788332,1470.0,276.48,1470.0,276.48
2017-06-03 09:39:34.991468,54.392203,-165.788285,1470.0,276.48,1470.0,277.61
2017-06-03 09:39:35.490669,54.39221,-165.78827,1470.0,276.48,1470.0,276.3
2017-06-03 09:39:35.989870,54.392232,-165.788224,1470.0,276.3,1470.0,276.3
2017-06-03 09:39:36.489071,54.392239,-165.788208,1470.0,276.3,1470.0,276.3
2017-06-03 09:39:36.988272,54.392262,-165.788161,1470.0,276.3,1470.0,276.3
2017-06-03 09:39:37.487473,54.392269,-165.788145,1470.0,277.8,1470.0,276.3
2017-06-03 09:39:37.986675,54.392289,-165.788097,1470.0,276.48,1470.0,276.48
2017-06-03 09:39:38.485874,54.392295,-165.788082,1470.0,276.48,1470.0,276.48
2017-06-03 09:39:38.985077,54.392317,-165.788034,1470.0,276.67,1470.0,276.48
2017-06-03 09:39:39.484276,54.392324,-165.788018,1470.0,276.48,1470.0,276.48
2017-06-03 09:39:39.999079,54.392346,-165.787968,1470.0,276.48,1470.0,276.48
2017-06-03 09:39:40.498278,54.392353,-165.787952,1470.0,276.48,1470.0,276.86
2017-06-03 09:39:40.997478,54.392374,-165.787904,1470.0,276.48,1470.0,276.3
2017-06-03 09:39:41.496679,54.392381,-165.787888,1470.0,276.3,1470.0,276.3
2017-06-03 09:39:41.995880,54.392404,-165.787841,1470.0,276.3,1470.0,276.86
2017-06-03 09:39:42.495081,54.392411,-165.787825,1470.0,276.3,1470.0,276.3
2017-06-03 09:39:42.994282,54.392433,-165.787779,1470.0,278.93,1470.0,276.48
2017-06-03 09:39:43.493484,54.39244,-165.787763,1470.0,276.67,1470.0,214.01
2017-06-03 09:39:43.992683,54.392462,-165.787714,1470.0,276.67,1470.0,276.67
2017-06-03 09:39:44.491886,54.392469,-165.787698,1470.0,276.67,1470.0,277.42
2017-06-03 09:39:44.991085,54.39249,-165.787648,1470.0,276.67,1470.0,276.48
2017-06-03 09:39:45.490288,54.392497,-165.787631,1470.0,276.48,1470.0,276.3
2017-06-03 09:39:45.989487,54.39252,-165.787582,1470.0,276.48,1470.0,276.3
2017-06-03 09:39:46.488689,54.392527,-165.787566,1470.0,276.3,1470.0,276.3
2017-06-03 09:39:46.987888,54.392548,-165.787517,1470.0,276.3,1470.0,276.3
2017-06-03 09:39:47.487091,54.392556,-165.787502,1470.0,276.3,1470.0,276.3
2017-06-03 09:39:47.986290,54.392578,-165.787454,1470.0,276.48,1470.0,276.3
2017-06-03 09:39:48.485493,54.392586,-165.787438,1470.0,277.61,1470.0,276.48
2017-06-03 09:39:48.984694,54.392608,-165.787389,1470.0,276.3,1470.0,276.3
2017-06-03 09:39:49.483894,54.392616,-165.787373,1470.0,276.3,1470.0,276.3
2017-06-03 09:39:49.998695,54.392639,-165.787326,1470.0,276.3,1470.0,277.8
2017-06-03 09:39:50.497896,54.392646,-165.78731,1470.0,276.48,1470.0,276.3
2017-06-03 09:39:50.997097,54.392667,-165.787264,1470.0,276.48,1470.0,279.31
2017-06-03 09:39:51.496298,54.392674,-165.787248,1470.0,276.48,1470.0,276.48
2017-06-03 09:39:51.995499,54.392696,-165.787199,1470.0,276.67,1470.0,276.48
2017-06-03 09:39:52.494699,54.392703,-165.787183,1470.0,276.48,1470.0,276.48
2017-06-03 09:39:52.993900,54.392725,-165.787136,1470.0,276.67,1470.0,276.48
2017-06-03 09:39:53.493101,54.392732,-165.78712,1470.0,276.48,1470.0,276.48
2017-06-03 09:39:53.992302,54.392753,-165.787072,1470.0,276.48,1470.0,276.48
2017-06-03 09:39:54.491503,54.39276,-165.787057,1470.0,276.48,1470.0,276.3
2017-06-03 09:39:54.990704,54.392782,-165.787009,1470.0,276.48,1470.0,276.3
2017-06-03 09:39:55.489904,54.392789,-165.786994,1470.0,276.3,1470.0,276.3
2017-06-03 09:39:55.989105,54.392812,-165.786949,1470.0,276.3,1470.0,277.05
2017-06-03 09:39:56.488306,54.392819,-165.786934,1470.0,276.3,1470.0,276.11
2017-06-03 09:39:56.987507,54.392843,-165.786889,1470.0,276.3,1470.0,279.31
2017-06-03 09:39:57.486708,54.392851,-165.786874,1470.0,276.3,1470.0,276.3
2017-06-03 09:39:57.985910,54.392875,-165.786829,1470.0,276.3,1470.0,276.3
2017-06-03 09:39:58.485109,54.392882,-165.786813,1470.0,276.3,1470.0,276.3
2017-06-03 09:39:58.984312,54.392905,-165.786767,1470.0,277.42,1470.0,276.11
2017-06-03 09:39:59.499111,54.392913,-165.78675,1470.0,276.11,1470.0,276.11
2017-06-03 09:39:59.998314,54.392936,-165.786701,1470.0,276.3,1470.0,276.3
2017-06-03 09:40:00.497513,54.392943,-165.786685,1470.0,276.3,1470.0,276.3
2017-06-03 09:40:00.996716,54.392965,-165.786639,1470.0,276.48,1470.0,276.3
2017-06-03 09:40:01.495914,54.392972,-165.786623,1470.0,276.67,1470.0,276.48
2017-06-03 09:40:01.995115,54.392994,-165.786573,1470.0,276.67,1470.0,276.67
2017-06-03 09:40:02.494316,54.393001,-165.786557,1470.0,276.86,1470.0,276.67
2017-06-03 09:40:02.993517,54.393023,-165.78651,1470.0,276.86,1470.0,276.67
2017-06-03 09:40:03.492720,54.393031,-165.786495,1470.0,276.67,1470.0,278.18
2017-06-03 09:40:03.991919,54.393055,-165.786447,1470.0,276.67,1470.0,276.48
2017-06-03 09:40:04.491121,54.393063,-165.786432,1470.0,276.48,1470.0,277.8
2017-06-03 09:40:04.990320,54.393086,-165.786387,1470.0,276.48,1470.0,276.3
2017-06-03 09:40:05.489523,54.393094,-165.786372,1470.0,276.3,1470.0,276.11
2017-06-03 09:40:05.988722,54.393117,-165.786327,1470.0,277.24,1470.0,276.11
2017-06-03 09:40:06.487925,54.393124,-165.786312,1470.0,277.99,1470.0,276.11
2017-06-03 09:40:06.987123,54.393148,-165.786265,1470.0,277.8,1470.0,276.11
2017-06-03 09:40:07.486326,54.393155,-165.78625,1470.0,276.3,1470.0,276.3
2017-06-03 09:40:07.985525,54.393177,-165.786204,1470.0,276.3,1470.0,276.3
2017-06-03 09:40:08.484728,54.393184,-165.786188,1470.0,278.18,1470.0,276.3
2017-06-03 09:40:08.983929,54.393204,-165.786141,1470.0,276.48,1470.0,276.3
2017-06-03 09:40:09.498730,54.393211,-165.786123,1470.0,277.42,1470.0,276.11
2017-06-03 09:40:09.997931,54.393231,-165.786074,1470.0,276.11,1470.0,276.11
2017-06-03 09:40:10.497131,54.393238,-165.786059,1470.0,275.92,1470.0,275.92
2017-06-03 09:40:10.996332,54.39326,-165.786014,1470.0,276.11,1470.0,275.92
2017-06-03 09:40:11.495533,54.393267,-165.785998,1470.0,276.11,1470.0,276.67
2017-06-03 09:40:11.994734,54.393291,-165.785949,1470.0,276.11,1470.0,276.11
2017-06-03 09:40:12.493935,54.393298,-165.785934,1470.0,276.3,1470.0,276.3
2017-06-03 09:40:12.993135,54.39332,-165.785887,1470.0,276.48,1470.0,276.48
2017-06-03 09:40:13.492336,54.393327,-165.785872,1470.0,276.48,1470.0,276.48
2017-06-03 09:40:13.991537,54.393351,-165.785824,1470.0,276.48,1470.0,276.48
2017-06-03 09:40:14.490738,54.393358,-165.785809,1470.0,276.48,1470.0,276.48
2017-06-03 09:40:14.989939,54.39338,-165.785762,1470.0,276.3,1470.0,276.11
2017-06-03 09:40:15.489140,54.393387,-165.785746,1470.0,276.11,1470.0,276.11
2017-06-03 09:40:15.988340,54.393408,-165.785697,1470.0,276.11,1470.0,276.11
2017-06-03 09:40:16.487541,54.393416,-165.785682,1470.0,276.11,1470.0,276.11
2017-06-03 09:40:16.986742,54.393438,-165.785634,1470.0,278.18,1470.0,276.3
2017-06-03 09:40:17.485943,54.393445,-165.785618,1470.0,276.3,1470.0,278.18
2017-06-03 09:40:17.985144,54.393465,-165.785571,1470.0,276.48,1470.0,279.31
2017-06-03 09:40:18.484344,54.393472,-165.785555,1470.0,277.99,1470.0,276.11
2017-06-03 09:40:18.999147,54.393496,-165.785504,1470.0,276.11,1470.0,276.11
2017-06-03 09:40:19.498346,54.393503,-165.785489,1470.0,276.11,1470.0,276.11
2017-06-03 09:40:19.997549,54.393524,-165.785444,1470.0,277.24,1470.0,276.11
2017-06-03 09:40:20.496748,54.393531,-165.785429,1470.0,276.11,1470.0,276.11
2017-06-03 09:40:20.995951,54.393553,-165.785384,1470.0,277.8,1470.0,275.92
2017-06-03 09:40:21.495150,54.393561,-165.785368,1470.0,277.8,1470.0,276.11
2017-06-03 09:40:21.994352,54.393582,-165.785321,1470.0,276.11,1470.0,276.11
2017-06-03 09:40:22.493551,54.393589,-165.785305,1470.0,276.11,1470.0,276.11
2017-06-03 09:40:22.992752,54.39361,-165.785259,1470.0,276.11,1470.0,276.11
2017-06-03 09:40:23.491955,54.393617,-165.785243,1470.0,276.86,1470.0,276.11
2017-06-03 09:40:23.991154,54.393638,-165.785194,1470.0,276.3,1470.0,276.11
2017-06-03 09:40:24.490356,54.393645,-165.785178,1470.0,276.11,1470.0,276.11
2017-06-03 09:40:24.989555,54.393665,-165.785129,1470.0,276.11,1470.0,276.11
2017-06-03 09:40:25.488758,54.393672,-165.785113,1470.0,276.11,1470.0,276.11
2017-06-03 09:40:25.987957,54.393693,-165.785063,1470.0,276.11,1470.0,276.86
2017-06-03 09:40:26.487160,54.393701,-165.785046,1470.0,276.11,1470.0,275.92
2017-06-03 09:40:26.986359,54.393723,-165.784997,1470.0,276.11,1470.0,275.92
2017-06-03 09:40:27.485561,54.393731,-165.784981,1470.0,276.11,1470.0,276.11
2017-06-03 09:40:27.984760,54.393753,-165.784932,1470.0,276.11,1470.0,276.11
2017-06-03 09:40:28.483963,54.39376,-165.784917,1470.0,276.3,1470.0,278.93
2017-06-03 09:40:28.998764,54.393782,-165.784867,1470.0,276.48,1470.0,276.3
2017-06-03 09:40:29.497965,54.393789,-165.784851,1470.0,276.48,1470.0,276.48
2017-06-03 09:40:29.997166,54.393812,-165.7848,1470.0,276.48,1470.0,276.3
2017-06-03 09:40:30.496367,54.393819,-165.784783,1470.0,276.48,1470.0,276.3
2017-06-03 09:40:30.995567,54.393839,-165.784736,1470.0,276.3,1470.0,276.3
2017-06-03 09:40:31.494768,54.393845,-165.784719,1470.0,276.3,1470.0,276.86
2017-06-03 09:40:31.993969,54.393866,-165.784668,1470.0,276.11,1470.0,147.59
2017-06-03 09:40:32.493170,54.393872,-165.784652,1470.0,276.11,1470.0,275.92
2017-06-03 09:40:32.992371,54.393892,-165.784605,1470.0,276.11,1470.0,275.92
2017-06-03 09:40:33.491571,54.393899,-165.78459,1470.0,276.11,1470.0,277.99
2017-06-03 09:40:33.990772,54.39392,-165.784541,1470.0,275.92,1470.0,220.79
2017-06-03 09:40:34.489973,54.393927,-165.784525,1470.0,275.92,1470.0,277.61
2017-06-03 09:40:34.989174,54.393947,-165.784477,1470.0,275.92,1470.0,275.73
2017-06-03 09:40:35.488375,54.393954,-165.784462,1470.0,275.92,1470.0,275.73
2017-06-03 09:40:35.987576,54.393975,-165.784414,1470.0,275.92,1470.0,276.86
2017-06-03 09:40:36.486776,54.393982,-165.784398,1470.0,275.92,1470.0,275.92
2017-06-03 09:40:36.985977,54.394002,-165.784349,1470.0,276.11,1470.0,276.11
2017-06-03 09:40:37.485178,54.394009,-165.784333,1470.0,276.48,1470.0,263.5
2017-06-03 09:40:37.984379,54.39403,-165.784283,1470.0,276.86,1470.0,276.48
2017-06-03 09:40:38.499180,54.394037,-165.784265,1470.0,276.67,1470.0,276.48
2017-06-03 09:40:38.998381,54.394057,-165.784216,1470.0,276.48,1470.0,276.48
2017-06-03 09:40:39.497581,54.394064,-165.784199,1470.0,276.48,1470.0,276.3
2017-06-03 09:40:39.996784,54.394087,-165.784149,1470.0,276.11,1470.0,276.11
2017-06-03 09:40:40.495983,54.394095,-165.784134,1470.0,276.11,1470.0,275.92
2017-06-03 09:40:40.995186,54.394117,-165.784087,1470.0,276.11,1470.0,275.92
2017-06-03 09:40:41.494385,54.394124,-165.784071,1470.0,275.92,1470.0,275.92
2017-06-03 09:40:41.993587,54.394147,-165.784022,1470.0,276.11,1470.0,276.11
2017-06-03 09:40:42.492786,54.394154,-165.784007,1470.0,276.3,1470.0,276.11
2017-06-03 09:40:42.991989,54.394175,-165.783959,1470.0,276.3,1470.0,279.12
2017-06-03 09:40:43.491188,54.394182,-165.783943,1470.0,278.18,1470.0,276.3
2017-06-03 09:40:43.990389,54.394202,-165.783894,1470.0,276.11,1470.0,278.55
2017-06-03 09:40:44.489592,54.394209,-165.783878,1470.0,275.92,1470.0,277.42
2017-06-03 09:40:44.988791,54.39423,-165.783831,1470.0,275.73,1470.0,275.73
2017-06-03 09:40:45.487993,54.394237,-165.783815,1470.0,275.73,1470.0,275.73
2017-06-03 09:40:45.987192,54.394258,-165.783769,1470.0,275.92,1470.0,275.73
2017-06-03 09:40:46.486395,54.394265,-165.783753,1470.0,276.11,1470.0,275.92
2017-06-03 09:40:46.985594,54.394287,-165.783706,1470.0,276.11,1470.0,275.92
2017-06-03 09:40:47.484797,54.394294,-165.78369,1470.0,276.11,1470.0,278.74
2017-06-03 09:40:47.983995,54.394315,-165.783642,1470.0,276.11,1470.0,277.42
2017-06-03 09:40:48.498798,54.394323,-165.783625,1470.0,276.11,1470.0,275.92
2017-06-03 09:40:48.997999,54.394344,-165.783579,1470.0,275.92,1470.0,275.92
2017-06-03 09:40:49.497200,54.394351,-165.783563,1470.0,275.92,1470.0,275.92
2017-06-03 09:40:49.996401,54.394375,-165.783516,1470.0,275.92,1470.0,275.92
2017-06-03 09:40:50.495602,54.394383,-165.783501,1470.0,275.92,1470.0,276.11
2017-06-03 09:40:50.994802,54.394405,-165.783455,1470.0,276.11,1470.0,277.8
2017-06-03 09:40:51.494003,54.394412,-165.783439,1470.0,276.11,1470.0,278.18
2017-06-03 09:40:51.993204,54.394433,-165.783389,1470.0,276.3,1470.0,276.11
2017-06-03 09:40:52.492405,54.39444,-165.783373,1470.0,276.48,1470.0,276.3
2017-06-03 09:40:52.991606,54.394462,-165.783324,1470.0,276.3,1470.0,276.3
2017-06-03 09:40:53.490807,54.394469,-165.783308,1470.0,276.3,1470.0,276.67
2017-06-03 09:40:53.990007,54.39449,-165.783259,1470.0,276.11,1470.0,276.11
2017-06-03 09:40:54.489208,54.394497,-165.783243,1470.0,276.11,1470.0,275.92
2017-06-03 09:40:54.988409,54.394518,-165.783194,1470.0,275.92,1470.0,275.73
2017-06-03 09:40:55.487610,54.394526,-165.783178,1470.0,275.92,1470.0,275.73
2017-06-03 09:40:55.986811,54.394548,-165.783132,1470.0,276.86,1470.0,275.73
2017-06-03 09:40:56.486012,54.394555,-165.783117,1470.0,275.92,1470.0,275.92
2017-06-03 09:40:56.985212,54.394577,-165.78307,1470.0,276.11,1470.0,275.92
2017-06-03 09:40:57.484413,54.394584,-165.783055,1470.0,276.11,1470.0,277.8
2017-06-03 09:40:57.999214,54.394606,-165.783006,1470.0,276.3,1470.0,276.11
2017-06-03 09:40:58.498415,54.394613,-165.782991,1470.0,277.42,1470.0,275.92
2017-06-03 09:40:58.997616,54.394634,-165.782945,1470.0,275.92,1470.0,275.92
2017-06-03 09:40:59.496817,54.394641,-165.78293,1470.0,278.36,1470.0,275.73
2017-06-03 09:40:59.996019,54.394662,-165.782882,1470.0,275.92,1470.0,275.73
2017-06-03 09:41:00.495218,54.39467,-165.782867,1470.0,275.92,1470.0,275.73
2017-06-03 09:41:00.994421,54.394692,-165.782822,1470.0,275.92,1470.0,275.92
2017-06-03 09:41:01.493620,54.394699,-165.782807,1470.0,275.92,1470.0,275.92
2017-06-03 09:41:01.992823,54.394722,-165.782759,1470.0,275.92,1470.0,235.28
2017-06-03 09:41:02.492022,54.394729,-165.782743,1470.0,276.11,1470.0,275.92
2017-06-03 09:41:02.991224,54.394753,-165.782696,1470.0,276.11,1470.0,277.05
2017-06-03 09:41:03.490423,54.394761,-165.78268,1470.0,276.3,1470.0,276.11
2017-06-03 09:41:03.989626,54.394783,-165.782632,1470.0,276.11,1470.0,277.8
2017-06-03 09:41:04.488825,54.394791,-165.782617,1470.0,276.11,1470.0,276.86
2017-06-03 09:41:04.988026,54.394813,-165.782569,1470.0,276.3,1470.0,278.18
2017-06-03 09:41:05.487228,54.394821,-165.782553,1470.0,276.11,1470.0,278.55
2017-06-03 09:41:05.986427,54.394845,-165.782506,1470.0,276.11,1470.0,275.92
2017-06-03 09:41:06.485630,54.394852,-165.78249,1470.0,277.24,1470.0,275.92
2017-06-03 09:41:06.984829,54.394875,-165.782444,1470.0,276.11,1470.0,275.92
2017-06-03 09:41:07.484032,54.394882,-165.782428,1470.0,275.92,1470.0,277.8
2017-06-03 09:41:07.998831,54.394906,-165.782379,1470.0,275.92,1470.0,275.92
2017-06-03 09:41:08.498034,54.394913,-165.782364,1470.0,275.92,1470.0,275.92
2017-06-03 09:41:08.997232,54.394934,-165.782317,1470.0,275.92,1470.0,277.24
2017-06-03 09:41:09.496435,54.394941,-165.782302,1470.0,277.24,1470.0,276.86
2017-06-03 09:41:09.995636,54.394962,-165.782256,1470.0,277.8,1470.0,278.18
2017-06-03 09:41:10.494837,54.39497,-165.782241,1470.0,277.8,1470.0,275.92
2017-06-03 09:41:10.994038,54.394992,-165.782195,1470.0,275.92,1470.0,277.24
2017-06-03 09:41:11.493238,54.394999,-165.78218,1470.0,275.92,1470.0,275.73
2017-06-03 09:41:11.992439,54.39502,-165.782132,1470.0,275.92,1470.0,275.73
2017-06-03 09:41:12.491640,54.395027,-165.782117,1470.0,277.61,1470.0,275.73
2017-06-03 09:41:12.990841,54.39505,-165.782069,1470.0,275.92,1470.0,275.73
2017-06-03 09:41:13.490042,54.395057,-165.782053,1470.0,275.92,1470.0,275.92
2017-06-03 09:41:13.989243,54.395078,-165.782004,1470.0,275.92,1470.0,275.92
