ping_time,latitude,longitude,38kHz_sound_speed_m_s,38kHz_basic,120kHz_sound_speed_m_s,120kHz_basic
2017-06-03 09:41:14.488443,54.395108,-165.78193,1470.0,276.11,1470.0,276.11
2017-06-03 09:41:15.488846,54.395112,-165.781921,1470.0,276.11,1470.0,276.11
2017-06-03 09:41:15.988047,54.395135,-165.781872,1470.0,275.92,1470.0,275.92
2017-06-03 09:41:16.487247,54.395142,-165.781856,1470.0,275.92,1470.0,275.92
2017-06-03 09:41:16.986448,54.395165,-165.781807,1470.0,275.73,1470.0,277.24
2017-06-03 09:41:17.485649,54.395172,-165.781792,1470.0,275.73,1470.0,277.8
2017-06-03 09:41:17.984850,54.395195,-165.781744,1470.0,275.54,1470.0,275.54
2017-06-03 09:41:18.484053,54.395202,-165.781728,1470.0,275.54,1470.0,275.54
2017-06-03 09:41:18.998852,54.395224,-165.78168,1470.0,277.24,1470.0,275.73
2017-06-03 09:41:19.498055,54.395231,-165.781664,1470.0,275.73,1470.0,278.55
2017-06-03 09:41:19.997253,54.395252,-165.781614,1470.0,275.92,1470.0,275.73
2017-06-03 09:41:20.496456,54.395259,-165.781598,1470.0,275.92,1470.0,277.42
2017-06-03 09:41:20.994856,54.395279,-165.781551,1470.0,275.73,1470.0,275.73
2017-06-03 09:41:21.494057,54.395285,-165.781535,1470.0,275.73,1470.0,275.73
2017-06-03 09:41:21.993258,54.395305,-165.781487,1470.0,275.54,1470.0,275.54
2017-06-03 09:41:22.492458,54.395312,-165.781472,1470.0,275.35,1470.0,275.35
2017-06-03 09:41:22.991661,54.395333,-165.781424,1470.0,275.54,1470.0,275.35
2017-06-03 09:41:23.490860,54.395341,-165.781408,1470.0,275.54,1470.0,216.27
2017-06-03 09:41:23.990063,54.395363,-165.781362,1470.0,275.54,1470.0,278.55
2017-06-03 09:41:24.489262,54.39537,-165.781347,1470.0,275.54,1470.0,275.54
2017-06-03 09:41:24.988464,54.395392,-165.781302,1470.0,275.73,1470.0,275.73
2017-06-03 09:41:25.487663,54.395399,-165.781287,1470.0,275.73,1470.0,275.73
2017-06-03 09:41:25.986864,54.395422,-165.781239,1470.0,275.54,1470.0,275.54
2017-06-03 09:41:26.486065,54.395429,-165.781223,1470.0,275.54,1470.0,275.54
2017-06-03 09:41:26.985266,54.395453,-165.781174,1470.0,275.54,1470.0,275.54
2017-06-03 09:41:27.484467,54.39546,-165.781158,1470.0,275.35,1470.0,275.35
2017-06-03 09:41:27.999268,54.395482,-165.781109,1470.0,275.35,1470.0,275.35
2017-06-03 09:41:28.498470,54.39549,-165.781093,1470.0,275.35,1470.0,275.35
2017-06-03 09:41:28.997669,54.395512,-165.781046,1470.0,275.54,1470.0,275.35
2017-06-03 09:41:29.496872,54.395519,-165.781029,1470.0,275.54,1470.0,275.35
2017-06-03 09:41:29.996071,54.395541,-165.780978,1470.0,275.35,1470.0,275.35
2017-06-03 09:41:30.495274,54.395548,-165.780962,1470.0,275.54,1470.0,275.35
2017-06-03 09:41:30.994473,54.395569,-165.780915,1470.0,277.42,1470.0,275.35
2017-06-03 09:41:31.493675,54.395575,-165.7809,1470.0,275.35,1470.0,275.35
2017-06-03 09:41:31.992876,54.395597,-165.780852,1470.0,275.35,1470.0,275.35
2017-06-03 09:41:32.492077,54.395604,-165.780837,1470.0,275.17,1470.0,275.17
2017-06-03 09:41:32.991278,54.395625,-165.780789,1470.0,275.17,1470.0,276.67
2017-06-03 09:41:33.490479,54.395632,-165.780773,1470.0,277.05,1470.0,274.98
2017-06-03 09:41:33.989679,54.395653,-165.780726,1470.0,274.98,1470.0,274.98
2017-06-03 09:41:34.488880,54.39566,-165.78071,1470.0,274.98,1470.0,274.98
2017-06-03 09:41:34.988081,54.395682,-165.780662,1470.0,275.17,1470.0,276.86
2017-06-03 09:41:35.487282,54.395689,-165.780646,1470.0,275.17,1470.0,275.17
2017-06-03 09:41:35.986483,54.39571,-165.780597,1470.0,275.35,1470.0,275.35
2017-06-03 09:41:36.485683,54.395717,-165.780582,1470.0,275.35,1470.0,265.95
2017-06-03 09:41:36.984884,54.395738,-165.780534,1470.0,275.35,1470.0,275.17
2017-06-03 09:41:37.484085,54.395746,-165.780518,1470.0,275.17,1470.0,275.17
2017-06-03 09:41:37.998886,54.395769,-165.780468,1470.0,275.17,1470.0,274.98
2017-06-03 09:41:38.498087,54.395776,-165.780452,1470.0,275.17,1470.0,275.92
2017-06-03 09:41:38.997288,54.395798,-165.780404,1470.0,275.17,1470.0,274.98
2017-06-03 09:41:39.496489,54.395806,-165.780388,1470.0,275.17,1470.0,274.98
2017-06-03 09:41:39.995689,54.395827,-165.780341,1470.0,274.98,1470.0,274.98
2017-06-03 09:41:40.494890,54.395835,-165.780325,1470.0,274.98,1470.0,276.48
2017-06-03 09:41:40.994091,54.395857,-165.780279,1470.0,274.98,1470.0,276.67
2017-06-03 09:41:41.493292,54.395864,-165.780263,1470.0,277.05,1470.0,274.98
2017-06-03 09:41:41.992493,54.395887,-165.780214,1470.0,274.98,1470.0,276.3
2017-06-03 09:41:42.491693,54.395894,-165.780199,1470.0,274.98,1470.0,274.04
2017-06-03 09:41:42.990896,54.395915,-165.780152,1470.0,274.98,1470.0,274.98
2017-06-03 09:41:43.490095,54.395922,-165.780136,1470.0,274.98,1470.0,274.98
2017-06-03 09:41:43.989298,54.395943,-165.780087,1470.0,274.98,1470.0,275.92
2017-06-03 09:41:44.488497,54.39595,-165.780072,1470.0,274.79,1470.0,274.79
2017-06-03 09:41:44.987700,54.395972,-165.780024,1470.0,274.79,1470.0,274.98
2017-06-03 09:41:45.486898,54.395979,-165.780008,1470.0,274.6,1470.0,274.6
2017-06-03 09:41:45.986101,54.396002,-165.779961,1470.0,274.79,1470.0,273.28
2017-06-03 09:41:46.485300,54.396009,-165.779945,1470.0,274.79,1470.0,274.79
2017-06-03 09:41:46.984501,54.396033,-165.779899,1470.0,274.98,1470.0,274.79
2017-06-03 09:41:47.499302,54.396041,-165.779881,1470.0,274.98,1470.0,275.17
2017-06-03 09:41:47.998503,54.396062,-165.779833,1470.0,275.17,1470.0,275.17
2017-06-03 09:41:48.497705,54.39607,-165.779817,1470.0,275.17,1470.0,276.86
2017-06-03 09:41:48.996904,54.396092,-165.77977,1470.0,275.17,1470.0,275.17
2017-06-03 09:41:49.496107,54.396099,-165.779755,1470.0,276.11,1470.0,276.3
2017-06-03 09:41:49.995306,54.396122,-165.779706,1470.0,274.79,1470.0,276.86
2017-06-03 09:41:50.494509,54.39613,-165.779691,1470.0,274.6,1470.0,274.6
2017-06-03 09:41:50.993708,54.396152,-165.779645,1470.0,274.6,1470.0,274.41
2017-06-03 09:41:51.492910,54.396159,-165.77963,1470.0,275.54,1470.0,274.41
2017-06-03 09:41:51.992109,54.396182,-165.779584,1470.0,275.35,1470.0,274.41
2017-06-03 09:41:52.491312,54.396189,-165.779569,1470.0,275.54,1470.0,274.41
2017-06-03 09:41:52.990511,54.396212,-165.779524,1470.0,274.6,1470.0,274.6
2017-06-03 09:41:53.489714,54.396219,-165.779508,1470.0,274.6,1470.0,274.6
2017-06-03 09:41:53.988914,54.396239,-165.779461,1470.0,274.6,1470.0,275.92
2017-06-03 09:41:54.488115,54.396245,-165.779445,1470.0,274.79,1470.0,274.6
2017-06-03 09:41:54.987316,54.396267,-165.779396,1470.0,274.6,1470.0,274.6
2017-06-03 09:41:55.486517,54.396274,-165.77938,1470.0,274.6,1470.0,274.6
2017-06-03 09:41:55.985718,54.396295,-165.779331,1470.0,274.6,1470.0,274.6
2017-06-03 09:41:56.484919,54.396302,-165.779315,1470.0,274.6,1470.0,274.6
2017-06-03 09:41:56.984119,54.396324,-165.779267,1470.0,274.79,1470.0,274.6
2017-06-03 09:41:57.498920,54.396332,-165.77925,1470.0,274.79,1470.0,274.6
2017-06-03 09:41:57.998121,54.396356,-165.779201,1470.0,274.79,1470.0,274.79
2017-06-03 09:41:58.497322,54.396363,-165.779185,1470.0,274.79,1470.0,274.79
2017-06-03 09:41:58.996523,54.396385,-165.779137,1470.0,274.98,1470.0,274.79
2017-06-03 09:41:59.495724,54.396392,-165.779121,1470.0,274.98,1470.0,274.79
2017-06-03 09:41:59.994925,54.396416,-165.779073,1470.0,274.79,1470.0,275.92
2017-06-03 09:42:00.494125,54.396423,-165.779057,1470.0,274.6,1470.0,275.35
2017-06-03 09:42:00.993326,54.396445,-165.779012,1470.0,274.6,1470.0,193.13
2017-06-03 09:42:01.492527,54.396452,-165.778996,1470.0,275.73,1470.0,276.67
2017-06-03 09:42:01.991728,54.396473,-165.778947,1470.0,276.67,1470.0,274.23
2017-06-03 09:42:02.490929,54.396481,-165.778932,1470.0,276.11,1470.0,274.23
2017-06-03 09:42:02.990131,54.396503,-165.778885,1470.0,276.48,1470.0,275.92
2017-06-03 09:42:03.489330,54.39651,-165.77887,1470.0,274.41,1470.0,275.54
2017-06-03 09:42:03.988533,54.396532,-165.778822,1470.0,274.6,1470.0,274.41
2017-06-03 09:42:04.487732,54.396539,-165.778806,1470.0,274.6,1470.0,274.6
2017-06-03 09:42:04.986935,54.396559,-165.778757,1470.0,274.79,1470.0,274.6
2017-06-03 09:42:05.486134,54.396565,-165.778741,1470.0,274.79,1470.0,274.6
2017-06-03 09:42:05.985336,54.396585,-165.778691,1470.0,274.79,1470.0,274.6
2017-06-03 09:42:06.484535,54.396592,-165.778675,1470.0,274.79,1470.0,274.6
2017-06-03 09:42:06.999336,54.396612,-165.778627,1470.0,274.6,1470.0,274.6
2017-06-03 09:42:07.498537,54.396619,-165.778611,1470.0,274.41,1470.0,274.41
2017-06-03 09:42:07.997738,54.396642,-165.778563,1470.0,274.41,1470.0,274.23
2017-06-03 09:42:08.496941,54.39665,-165.778547,1470.0,274.41,1470.0,274.23
2017-06-03 09:42:08.996140,54.396673,-165.778502,1470.0,274.41,1470.0,277.24
2017-06-03 09:42:09.495342,54.396681,-165.778487,1470.0,274.41,1470.0,274.98
2017-06-03 09:42:09.994541,54.396703,-165.778439,1470.0,274.6,1470.0,277.05
2017-06-03 09:42:10.493744,54.39671,-165.778423,1470.0,274.79,1470.0,274.6
2017-06-03 09:42:10.992943,54.396732,-165.778376,1470.0,274.79,1470.0,274.79
2017-06-03 09:42:11.492146,54.396739,-165.778359,1470.0,274.98,1470.0,274.79
2017-06-03 09:42:11.991344,54.39676,-165.778309,1470.0,274.98,1470.0,274.79
2017-06-03 09:42:12.490547,54.396767,-165.778293,1470.0,274.79,1470.0,274.79
2017-06-03 09:42:12.989746,54.396787,-165.778243,1470.0,274.79,1470.0,274.6
2017-06-03 09:42:13.488949,54.396794,-165.778227,1470.0,274.79,1470.0,274.6
2017-06-03 09:42:13.988150,54.396815,-165.778179,1470.0,274.6,1470.0,274.41
2017-06-03 09:42:14.487350,54.396822,-165.778163,1470.0,274.6,1470.0,274.6
2017-06-03 09:42:14.986551,54.396843,-165.778116,1470.0,274.6,1470.0,275.73
2017-06-03 09:42:15.485752,54.396851,-165.7781,1470.0,274.79,1470.0,276.3
2017-06-03 09:42:15.984953,54.396873,-165.778054,1470.0,274.6,1470.0,274.41
2017-06-03 09:42:16.484154,54.396881,-165.778038,1470.0,274.6,1470.0,274.23
2017-06-03 09:42:16.998955,54.396903,-165.77799,1470.0,274.23,1470.0,274.23
2017-06-03 09:42:17.498154,54.396911,-165.777975,1470.0,274.23,1470.0,274.23
2017-06-03 09:42:17.997356,54.396932,-165.777927,1470.0,274.41,1470.0,274.41
2017-06-03 09:42:18.496555,54.396939,-165.777912,1470.0,274.41,1470.0,274.41
2017-06-03 09:42:18.995758,54.396959,-165.777864,1470.0,274.6,1470.0,275.17
2017-06-03 09:42:19.494959,54.396965,-165.777848,1470.0,274.79,1470.0,274.6
2017-06-03 09:42:19.994160,54.396987,-165.777798,1470.0,274.79,1470.0,274.6
2017-06-03 09:42:20.493361,54.396994,-165.777781,1470.0,274.79,1470.0,274.79
2017-06-03 09:42:20.992561,54.397015,-165.777731,1470.0,274.98,1470.0,274.6
2017-06-03 09:42:21.491762,54.397022,-165.777715,1470.0,274.98,1470.0,274.79
2017-06-03 09:42:21.990963,54.397043,-165.777666,1470.0,274.98,1470.0,274.79
2017-06-03 09:42:22.490164,54.39705,-165.77765,1470.0,274.98,1470.0,274.79
2017-06-03 09:42:22.989365,54.397072,-165.777601,1470.0,274.79,1470.0,274.79
2017-06-03 09:42:23.488565,54.397079,-165.777585,1470.0,277.24,1470.0,274.6
2017-06-03 09:42:23.987768,54.397102,-165.777537,1470.0,275.73,1470.0,276.48
2017-06-03 09:42:24.486967,54.397109,-165.777522,1470.0,274.6,1470.0,274.41
2017-06-03 09:42:24.986170,54.397132,-165.777475,1470.0,274.41,1470.0,229.26
2017-06-03 09:42:25.485369,54.397139,-165.77746,1470.0,274.41,1470.0,276.11
2017-06-03 09:42:25.984571,54.397162,-165.777414,1470.0,274.79,1470.0,274.41
2017-06-03 09:42:26.499371,54.397169,-165.777397,1470.0,275.54,1470.0,276.48
2017-06-03 09:42:26.998571,54.39719,-165.777352,1470.0,274.6,1470.0,274.6
2017-06-03 09:42:27.497772,54.397197,-165.777336,1470.0,274.79,1470.0,274.6
2017-06-03 09:42:27.996973,54.397218,-165.777285,1470.0,274.98,1470.0,144.21
2017-06-03 09:42:28.496176,54.397224,-165.777268,1470.0,274.79,1470.0,274.79
2017-06-03 09:42:28.995375,54.397244,-165.777221,1470.0,274.98,1470.0,274.79
2017-06-03 09:42:29.494577,54.39725,-165.777205,1470.0,274.98,1470.0,274.79
2017-06-03 09:42:29.993776,54.39727,-165.777156,1470.0,275.35,1470.0,274.79
2017-06-03 09:42:30.492979,54.397277,-165.77714,1470.0,274.79,1470.0,274.79
2017-06-03 09:42:30.992178,54.3973,-165.777091,1470.0,274.79,1470.0,274.79
2017-06-03 09:42:31.491381,54.397307,-165.777075,1470.0,274.79,1470.0,274.79
2017-06-03 09:42:31.990580,54.39733,-165.777029,1470.0,274.79,1470.0,274.79
2017-06-03 09:42:32.489782,54.397338,-165.777013,1470.0,276.48,1470.0,274.79
2017-06-03 09:42:32.988981,54.397361,-165.776966,1470.0,274.79,1470.0,274.79
2017-06-03 09:42:33.488184,54.397369,-165.77695,1470.0,274.79,1470.0,274.79
2017-06-03 09:42:33.987385,54.397392,-165.776904,1470.0,274.79,1470.0,276.86
2017-06-03 09:42:34.486586,54.397399,-165.776888,1470.0,274.79,1470.0,276.11
2017-06-03 09:42:34.985786,54.39742,-165.776841,1470.0,274.79,1470.0,276.67
2017-06-03 09:42:35.484987,54.397427,-165.776825,1470.0,274.79,1470.0,276.11
2017-06-03 09:42:35.984188,54.397448,-165.776777,1470.0,274.79,1470.0,274.6
2017-06-03 09:42:36.498989,54.397456,-165.77676,1470.0,274.79,1470.0,274.6
2017-06-03 09:42:36.998190,54.397477,-165.776712,1470.0,274.79,1470.0,274.6
2017-06-03 09:42:37.497391,54.397484,-165.776697,1470.0,274.6,1470.0,274.6
2017-06-03 09:42:37.996592,54.397506,-165.776649,1470.0,274.79,1470.0,274.6
2017-06-03 09:42:38.495790,54.397513,-165.776633,1470.0,274.79,1470.0,274.79
2017-06-03 09:42:38.994993,54.397534,-165.776586,1470.0,274.98,1470.0,274.79
2017-06-03 09:42:39.494194,54.39754,-165.77657,1470.0,274.98,1470.0,274.98
2017-06-03 09:42:39.993395,54.397562,-165.776521,1470.0,275.17,1470.0,274.98
2017-06-03 09:42:40.492596,54.397569,-165.776505,1470.0,275.35,1470.0,275.17
2017-06-03 09:42:40.991796,54.39759,-165.776457,1470.0,275.35,1470.0,275.17
2017-06-03 09:42:41.490997,54.397597,-165.776442,1470.0,275.35,1470.0,275.35
2017-06-03 09:42:41.990198,54.39762,-165.776394,1470.0,275.35,1470.0,275.17
2017-06-03 09:42:42.489399,54.397627,-165.776378,1470.0,275.17,1470.0,274.98
2017-06-03 09:42:42.988600,54.39765,-165.776331,1470.0,276.3,1470.0,274.79
2017-06-03 09:42:43.487801,54.397657,-165.776315,1470.0,274.79,1470.0,277.05
2017-06-03 09:42:43.987001,54.39768,-165.776269,1470.0,274.6,1470.0,274.6
2017-06-03 09:42:44.486202,54.397687,-165.776254,1470.0,274.79,1470.0,274.6
2017-06-03 09:42:44.985405,54.397709,-165.776208,1470.0,274.98,1470.0,274.79
2017-06-03 09:42:45.484604,54.397716,-165.776193,1470.0,274.98,1470.0,277.05
2017-06-03 09:42:45.983807,54.397737,-165.776141,1470.0,275.17,1470.0,277.42
2017-06-03 09:42:46.498606,54.397744,-165.776123,1470.0,275.35,1470.0,275.17
2017-06-03 09:42:46.997807,54.397765,-165.776076,1470.0,275.35,1470.0,275.17
2017-06-03 09:42:47.497007,54.397772,-165.776059,1470.0,275.54,1470.0,275.35
2017-06-03 09:42:47.996208,54.397793,-165.776008,1470.0,275.35,1470.0,275.35
2017-06-03 09:42:48.495409,54.397799,-165.775992,1470.0,275.35,1470.0,275.17
2017-06-03 09:42:48.994610,54.39782,-165.775944,1470.0,275.35,1470.0,275.17
2017-06-03 09:42:49.493813,54.397827,-165.775928,1470.0,275.17,1470.0,275.17
2017-06-03 09:42:49.993011,54.397848,-165.775882,1470.0,275.17,1470.0,274.98
2017-06-03 09:42:50.492214,54.397856,-165.775867,1470.0,274.98,1470.0,274.98
2017-06-03 09:42:50.991413,54.397878,-165.77582,1470.0,274.98,1470.0,274.79
2017-06-03 09:42:51.490616,54.397886,-165.775805,1470.0,274.98,1470.0,274.79
2017-06-03 09:42:51.989815,54.39791,-165.775757,1470.0,274.98,1470.0,277.05
2017-06-03 09:42:52.489017,54.397917,-165.775742,1470.0,275.17,1470.0,274.98
2017-06-03 09:42:52.988216,54.397938,-165.775694,1470.0,275.35,1470.0,275.35
2017-06-03 09:42:53.487419,54.397945,-165.775678,1470.0,275.35,1470.0,275.35
2017-06-03 09:42:53.986620,54.397965,-165.775629,1470.0,275.54,1470.0,275.54
2017-06-03 09:42:54.485821,54.397972,-165.775613,1470.0,275.73,1470.0,275.54
2017-06-03 09:42:54.985022,54.39799,-165.775563,1470.0,275.73,1470.0,275.54
2017-06-03 09:42:55.484222,54.397997,-165.775546,1470.0,275.54,1470.0,275.35
2017-06-03 09:42:55.999023,54.398019,-165.775494,1470.0,275.35,1470.0,275.17
2017-06-03 09:42:56.498224,54.398026,-165.775479,1470.0,275.35,1470.0,274.98
2017-06-03 09:42:56.997425,54.398047,-165.775432,1470.0,274.98,1470.0,276.86
2017-06-03 09:42:57.496626,54.398054,-165.775417,1470.0,274.98,1470.0,274.98
2017-06-03 09:42:57.995827,54.398077,-165.775369,1470.0,275.17,1470.0,275.17
2017-06-03 09:42:58.495028,54.398085,-165.775354,1470.0,275.35,1470.0,275.35
2017-06-03 09:42:58.994228,54.398107,-165.775309,1470.0,275.54,1470.0,275.54
2017-06-03 09:42:59.493429,54.398114,-165.775293,1470.0,275.73,1470.0,275.54
2017-06-03 09:42:59.992630,54.398135,-165.775246,1470.0,275.54,1470.0,275.54
2017-06-03 09:43:00.491831,54.398142,-165.77523,1470.0,275.35,1470.0,275.35
2017-06-03 09:43:00.991032,54.398163,-165.775181,1470.0,275.35,1470.0,275.17
2017-06-03 09:43:01.490232,54.39817,-165.775165,1470.0,276.86,1470.0,275.17
2017-06-03 09:43:01.989433,54.398192,-165.775116,1470.0,275.35,1470.0,275.35
2017-06-03 09:43:02.488634,54.398199,-165.7751,1470.0,275.54,1470.0,275.54
2017-06-03 09:43:02.987835,54.39822,-165.775051,1470.0,275.73,1470.0,275.73
2017-06-03 09:43:03.487036,54.398227,-165.775035,1470.0,275.92,1470.0,275.92
2017-06-03 09:43:03.986237,54.398247,-165.774986,1470.0,275.92,1470.0,275.92
2017-06-03 09:43:04.485437,54.398254,-165.77497,1470.0,275.92,1470.0,275.92
2017-06-03 09:43:04.984640,54.398276,-165.774924,1470.0,275.73,1470.0,277.24
2017-06-03 09:43:05.483839,54.398283,-165.774908,1470.0,275.54,1470.0,275.35
2017-06-03 09:43:05.998640,54.398307,-165.774858,1470.0,275.17,1470.0,275.17
2017-06-03 09:43:06.497841,54.398315,-165.774842,1470.0,275.17,1470.0,275.17
2017-06-03 09:43:06.997042,54.398337,-165.774797,1470.0,275.17,1470.0,275.17
2017-06-03 09:43:07.496243,54.398344,-165.774782,1470.0,275.35,1470.0,277.42
2017-06-03 09:43:07.995443,54.398367,-165.774735,1470.0,275.54,1470.0,277.24
2017-06-03 09:43:08.494644,54.398374,-165.77472,1470.0,275.92,1470.0,275.73
2017-06-03 09:43:08.993845,54.398395,-165.774671,1470.0,276.11,1470.0,276.11
2017-06-03 09:43:09.493046,54.398402,-165.774654,1470.0,276.3,1470.0,276.11
2017-06-03 09:43:09.992247,54.398423,-165.774604,1470.0,276.67,1470.0,276.11
2017-06-03 09:43:10.491449,54.398429,-165.774588,1470.0,276.11,1470.0,276.11
2017-06-03 09:43:10.990648,54.39845,-165.774539,1470.0,275.92,1470.0,275.73
2017-06-03 09:43:11.489851,54.398457,-165.774523,1470.0,275.73,1470.0,275.54
2017-06-03 09:43:11.989050,54.398478,-165.774476,1470.0,277.61,1470.0,275.54
2017-06-03 09:43:12.488253,54.398486,-165.77446,1470.0,275.73,1470.0,276.86
2017-06-03 09:43:12.987452,54.398508,-165.774415,1470.0,277.99,1470.0,278.36
2017-06-03 09:43:13.486654,54.398516,-165.7744,1470.0,275.73,1470.0,275.73
2017-06-03 09:43:13.985853,54.39854,-165.774355,1470.0,277.42,1470.0,275.73
2017-06-03 09:43:14.485056,54.398547,-165.77434,1470.0,275.92,1470.0,275.73
2017-06-03 09:43:14.984257,54.398568,-165.774295,1470.0,276.86,1470.0,275.73
2017-06-03 09:43:15.499058,54.398576,-165.774278,1470.0,276.67,1470.0,275.73
2017-06-03 09:43:15.998259,54.398597,-165.774229,1470.0,277.24,1470.0,277.42
2017-06-03 09:43:16.497459,54.398604,-165.774213,1470.0,275.92,1470.0,276.67
2017-06-03 09:43:16.996660,54.398625,-165.774166,1470.0,276.11,1470.0,276.48
2017-06-03 09:43:17.495861,54.398632,-165.77415,1470.0,276.11,1470.0,276.11
2017-06-03 09:43:17.995062,54.398653,-165.774101,1470.0,276.11,1470.0,276.11
2017-06-03 09:43:18.494263,54.398661,-165.774085,1470.0,276.3,1470.0,263.31
2017-06-03 09:43:18.993464,54.398683,-165.774037,1470.0,276.3,1470.0,276.3
2017-06-03 09:43:19.492664,54.398691,-165.774022,1470.0,276.48,1470.0,276.3
2017-06-03 09:43:19.991865,54.398713,-165.773974,1470.0,276.48,1470.0,276.3
2017-06-03 09:43:20.491066,54.398721,-165.773958,1470.0,276.3,1470.0,276.3
2017-06-03 09:43:20.990267,54.398743,-165.773911,1470.0,276.3,1470.0,277.61
2017-06-03 09:43:21.489468,54.398751,-165.773895,1470.0,276.3,1470.0,276.11
2017-06-03 09:43:21.988668,54.398773,-165.773847,1470.0,276.11,1470.0,277.42
2017-06-03 09:43:22.487869,54.39878,-165.773832,1470.0,276.11,1470.0,276.11
2017-06-03 09:43:22.987070,54.398802,-165.773785,1470.0,276.11,1470.0,277.42
2017-06-03 09:43:23.486271,54.398809,-165.77377,1470.0,276.11,1470.0,276.11
2017-06-03 09:43:23.985472,54.39883,-165.773724,1470.0,276.11,1470.0,277.8
2017-06-03 09:43:24.484673,54.398837,-165.773708,1470.0,276.11,1470.0,276.11
2017-06-03 09:43:24.983875,54.398856,-165.77366,1470.0,276.11,1470.0,276.11
2017-06-03 09:43:25.498674,54.398863,-165.773643,1470.0,276.11,1470.0,276.11
2017-06-03 09:43:25.997877,54.398883,-165.773591,1470.0,276.3,1470.0,276.11
2017-06-03 09:43:26.497076,54.398889,-165.773575,1470.0,276.3,1470.0,276.11
2017-06-03 09:43:26.996277,54.398909,-165.773527,1470.0,276.3,1470.0,276.11
2017-06-03 09:43:27.495478,54.398915,-165.773511,1470.0,276.3,1470.0,277.8
2017-06-03 09:43:27.994678,54.398937,-165.773462,1470.0,276.3,1470.0,276.3
2017-06-03 09:43:28.493879,54.398944,-165.773446,1470.0,276.48,1470.0,279.87
2017-06-03 09:43:28.993080,54.398965,-165.773396,1470.0,276.67,1470.0,198.59
2017-06-03 09:43:29.492281,54.398972,-165.77338,1470.0,276.67,1470.0,276.67
2017-06-03 09:43:29.991482,54.398993,-165.773331,1470.0,276.86,1470.0,276.86
2017-06-03 09:43:30.490685,54.399,-165.773314,1470.0,277.05,1470.0,276.86
2017-06-03 09:43:30.989883,54.39902,-165.773264,1470.0,276.86,1470.0,276.86
2017-06-03 09:43:31.489086,54.399027,-165.773248,1470.0,276.67,1470.0,276.86
2017-06-03 09:43:31.988285,54.399048,-165.773199,1470.0,277.05,1470.0,276.48
2017-06-03 09:43:32.487488,54.399056,-165.773183,1470.0,277.8,1470.0,276.3
2017-06-03 09:43:32.986687,54.399078,-165.773136,1470.0,276.11,1470.0,276.11
2017-06-03 09:43:33.485889,54.399086,-165.77312,1470.0,276.11,1470.0,274.41
2017-06-03 09:43:33.985088,54.399108,-165.773072,1470.0,276.11,1470.0,277.99
2017-06-03 09:43:34.484291,54.399115,-165.773057,1470.0,276.11,1470.0,276.11
2017-06-03 09:43:34.999090,54.399135,-165.773007,1470.0,276.3,1470.0,278.93
2017-06-03 09:43:35.498293,54.399142,-165.772991,1470.0,276.48,1470.0,276.48
2017-06-03 09:43:35.997494,54.399163,-165.772941,1470.0,276.67,1470.0,276.67
2017-06-03 09:43:36.496695,54.399169,-165.772925,1470.0,277.05,1470.0,276.86
2017-06-03 09:43:36.995895,54.399187,-165.772876,1470.0,277.05,1470.0,276.86
2017-06-03 09:43:37.495096,54.399193,-165.772859,1470.0,277.42,1470.0,276.86
2017-06-03 09:43:37.994297,54.399212,-165.772808,1470.0,277.24,1470.0,276.86
2017-06-03 09:43:38.493498,54.399219,-165.772791,1470.0,277.05,1470.0,276.86
2017-06-03 09:43:38.992699,54.39924,-165.772742,1470.0,277.05,1470.0,276.67
2017-06-03 09:43:39.491899,54.399248,-165.772727,1470.0,276.67,1470.0,277.8
2017-06-03 09:43:39.991100,54.399271,-165.77268,1470.0,276.67,1470.0,278.36
2017-06-03 09:43:40.490301,54.399279,-165.772665,1470.0,276.67,1470.0,276.48
2017-06-03 09:43:40.989502,54.399303,-165.77262,1470.0,276.67,1470.0,276.48
2017-06-03 09:43:41.488703,54.399311,-165.772605,1470.0,276.67,1470.0,279.31
2017-06-03 09:43:41.987904,54.399336,-165.77256,1470.0,276.67,1470.0,276.67
2017-06-03 09:43:42.487104,54.399344,-165.772545,1470.0,276.86,1470.0,276.67
2017-06-03 09:43:42.986305,54.399365,-165.772497,1470.0,276.86,1470.0,278.74
2017-06-03 09:43:43.485506,54.399372,-165.772481,1470.0,276.86,1470.0,276.86
2017-06-03 09:43:43.984707,54.399393,-165.772431,1470.0,276.86,1470.0,277.8
2017-06-03 09:43:44.483908,54.3994,-165.772415,1470.0,277.05,1470.0,276.86
2017-06-03 09:43:44.998711,54.39942,-165.772364,1470.0,277.24,1470.0,277.05
2017-06-03 09:43:45.497910,54.399427,-165.772348,1470.0,277.05,1470.0,266.32
2017-06-03 09:43:45.997112,54.399448,-165.772298,1470.0,277.24,1470.0,277.05
2017-06-03 09:43:46.496311,54.399454,-165.772282,1470.0,277.42,1470.0,277.05
2017-06-03 09:43:46.995514,54.399475,-165.772234,1470.0,277.24,1470.0,277.24
2017-06-03 09:43:47.494713,54.399482,-165.772218,1470.0,277.05,1470.0,277.05
2017-06-03 09:43:47.993916,54.399505,-165.772172,1470.0,277.05,1470.0,280.25
2017-06-03 09:43:48.493114,54.399512,-165.772157,1470.0,278.18,1470.0,278.36
2017-06-03 09:43:48.992315,54.399535,-165.77211,1470.0,276.86,1470.0,276.86
2017-06-03 09:43:49.491516,54.399542,-165.772095,1470.0,278.55,1470.0,276.86
2017-06-03 09:43:49.990717,54.399565,-165.772049,1470.0,276.86,1470.0,276.86
2017-06-03 09:43:50.489920,54.399572,-165.772033,1470.0,278.74,1470.0,277.05
2017-06-03 09:43:50.989119,54.399595,-165.771987,1470.0,277.05,1470.0,277.05
2017-06-03 09:43:51.488321,54.399602,-165.771971,1470.0,277.05,1470.0,277.05
2017-06-03 09:43:51.987520,54.399623,-165.771922,1470.0,277.05,1470.0,277.05
2017-06-03 09:43:52.486723,54.39963,-165.771906,1470.0,277.24,1470.0,277.05
2017-06-03 09:43:52.985922,54.39965,-165.771856,1470.0,277.24,1470.0,277.24
2017-06-03 09:43:53.485125,54.399657,-165.771839,1470.0,277.42,1470.0,277.24
2017-06-03 09:43:53.984324,54.399677,-165.771789,1470.0,277.61,1470.0,277.42
2017-06-03 09:43:54.499126,54.399684,-165.771772,1470.0,277.8,1470.0,277.61
2017-06-03 09:43:54.998325,54.399705,-165.771725,1470.0,277.8,1470.0,277.61
2017-06-03 09:43:55.497528,54.399712,-165.771709,1470.0,277.8,1470.0,277.61
2017-06-03 09:43:55.996729,54.399736,-165.771659,1470.0,277.61,1470.0,277.61
2017-06-03 09:43:56.495930,54.399743,-165.771644,1470.0,277.61,1470.0,277.42
2017-06-03 09:43:56.995131,54.399765,-165.771599,1470.0,278.93,1470.0,277.42
2017-06-03 09:43:57.494331,54.399773,-165.771583,1470.0,277.24,1470.0,277.24
2017-06-03 09:43:57.993532,54.399796,-165.771537,1470.0,278.93,1470.0,277.05
2017-06-03 09:43:58.492733,54.399804,-165.771522,1470.0,277.05,1470.0,277.05
2017-06-03 09:43:58.991934,54.399828,-165.771475,1470.0,277.05,1470.0,277.05
2017-06-03 09:43:59.491135,54.399836,-165.77146,1470.0,277.05,1470.0,277.05
2017-06-03 09:43:59.990335,54.399858,-165.771414,1470.0,277.24,1470.0,277.24
2017-06-03 09:44:00.489536,54.399865,-165.771398,1470.0,277.42,1470.0,277.42
2017-06-03 09:44:00.988737,54.399885,-165.771349,1470.0,277.61,1470.0,277.61
2017-06-03 09:44:01.487938,54.399892,-165.771333,1470.0,277.8,1470.0,277.61
2017-06-03 09:44:01.987139,54.399913,-165.771284,1470.0,277.99,1470.0,277.8
2017-06-03 09:44:02.486340,54.39992,-165.771268,1470.0,277.8,1470.0,277.8
2017-06-03 09:44:02.985540,54.399938,-165.771218,1470.0,277.99,1470.0,277.61
2017-06-03 09:44:03.484741,54.399945,-165.771201,1470.0,277.61,1470.0,277.61
2017-06-03 09:44:03.983942,54.399968,-165.771151,1470.0,277.61,1470.0,277.42
2017-06-03 09:44:04.498743,54.399976,-165.771134,1470.0,277.42,1470.0,277.42
2017-06-03 09:44:04.997944,54.399998,-165.771089,1470.0,277.42,1470.0,277.42
2017-06-03 09:44:05.497145,54.400006,-165.771073,1470.0,277.42,1470.0,277.42
2017-06-03 09:44:05.996347,54.400029,-165.771027,1470.0,277.42,1470.0,277.24
2017-06-03 09:44:06.495546,54.400037,-165.771012,1470.0,279.12,1470.0,277.24
2017-06-03 09:44:06.994749,54.40006,-165.770967,1470.0,277.42,1470.0,154.18
2017-06-03 09:44:07.493948,54.400067,-165.770952,1470.0,277.42,1470.0,277.24
2017-06-03 09:44:07.993151,54.400088,-165.770904,1470.0,277.42,1470.0,278.36
2017-06-03 09:44:08.492350,54.400095,-165.770888,1470.0,277.61,1470.0,278.74
2017-06-03 09:44:08.991552,54.400117,-165.770841,1470.0,277.61,1470.0,255.22
2017-06-03 09:44:09.490751,54.400124,-165.770824,1470.0,277.8,1470.0,277.61
2017-06-03 09:44:09.989952,54.400144,-165.770774,1470.0,277.8,1470.0,277.61
2017-06-03 09:44:10.489155,54.40015,-165.770758,1470.0,277.8,1470.0,277.61
2017-06-03 09:44:10.988354,54.400172,-165.770708,1470.0,277.8,1470.0,277.61
2017-06-03 09:44:11.487556,54.400179,-165.770692,1470.0,277.8,1470.0,277.61
2017-06-03 09:44:11.986755,54.400199,-165.770644,1470.0,277.8,1470.0,277.61
2017-06-03 09:44:12.485958,54.400205,-165.770628,1470.0,277.8,1470.0,277.8
2017-06-03 09:44:12.985157,54.400226,-165.770582,1470.0,277.8,1470.0,277.8
2017-06-03 09:44:13.484360,54.400233,-165.770566,1470.0,279.49,1470.0,280.06
2017-06-03 09:44:13.999159,54.400256,-165.770516,1470.0,277.61,1470.0,278.18
2017-06-03 09:44:14.498362,54.400263,-165.7705,1470.0,279.31,1470.0,277.42
2017-06-03 09:44:14.997561,54.400285,-165.770454,1470.0,277.42,1470.0,278.93
2017-06-03 09:44:15.496763,54.400292,-165.770438,1470.0,277.42,1470.0,279.31
2017-06-03 09:44:15.995964,54.400314,-165.770389,1470.0,277.61,1470.0,277.42
2017-06-03 09:44:16.495165,54.400321,-165.770374,1470.0,277.61,1470.0,277.61
2017-06-03 09:44:16.994366,54.40034,-165.770327,1470.0,277.8,1470.0,277.8
2017-06-03 09:44:17.493567,54.400347,-165.770311,1470.0,277.99,1470.0,277.99
2017-06-03 09:44:17.992767,54.400367,-165.770261,1470.0,278.18,1470.0,277.99
2017-06-03 09:44:18.491968,54.400374,-165.770244,1470.0,278.36,1470.0,278.18
2017-06-03 09:44:18.991169,54.400394,-165.770193,1470.0,278.55,1470.0,278.18
2017-06-03 09:44:19.490370,54.4004,-165.770176,1470.0,278.36,1470.0,278.18
2017-06-03 09:44:19.989571,54.40042,-165.770126,1470.0,278.36,1470.0,278.18
2017-06-03 09:44:20.488771,54.400427,-165.77011,1470.0,278.18,1470.0,278.18
2017-06-03 09:44:20.987972,54.400448,-165.770062,1470.0,278.18,1470.0,277.99
2017-06-03 09:44:21.487173,54.400456,-165.770047,1470.0,277.99,1470.0,280.25
2017-06-03 09:44:21.986374,54.400478,-165.769999,1470.0,278.93,1470.0,277.8
2017-06-03 09:44:22.485575,54.400486,-165.769984,1470.0,277.8,1470.0,277.8
2017-06-03 09:44:22.984776,54.400508,-165.76994,1470.0,277.8,1470.0,280.25
2017-06-03 09:44:23.483976,54.400515,-165.769925,1470.0,279.68,1470.0,277.8
2017-06-03 09:44:23.998777,54.400539,-165.769876,1470.0,277.99,1470.0,277.8
2017-06-03 09:44:24.497978,54.400546,-165.769861,1470.0,277.99,1470.0,278.36
2017-06-03 09:44:24.997179,54.400567,-165.769815,1470.0,277.99,1470.0,279.31
2017-06-03 09:44:25.496380,54.400574,-165.769799,1470.0,278.18,1470.0,280.25
2017-06-03 09:44:25.995581,54.400596,-165.769749,1470.0,278.36,1470.0,278.18
2017-06-03 09:44:26.494781,54.400602,-165.769733,1470.0,278.74,1470.0,278.18
2017-06-03 09:44:26.993984,54.400622,-165.769686,1470.0,278.55,1470.0,278.36
2017-06-03 09:44:27.493183,54.400629,-165.769669,1470.0,278.74,1470.0,278.93
2017-06-03 09:44:27.992386,54.400649,-165.769619,1470.0,278.93,1470.0,280.81
2017-06-03 09:44:28.491585,54.400655,-165.769603,1470.0,278.74,1470.0,278.55
2017-06-03 09:44:28.990788,54.400677,-165.769553,1470.0,278.55,1470.0,280.06
2017-06-03 09:44:29.489986,54.400684,-165.769537,1470.0,278.36,1470.0,280.81
2017-06-03 09:44:29.989189,54.400705,-165.769489,1470.0,279.49,1470.0,278.74
2017-06-03 09:44:30.488388,54.400712,-165.769473,1470.0,278.18,1470.0,277.99
2017-06-03 09:44:30.987589,54.400735,-165.769427,1470.0,279.31,1470.0,277.8
2017-06-03 09:44:31.486790,54.400742,-165.769412,1470.0,277.8,1470.0,234.71
2017-06-03 09:44:31.985991,54.400765,-165.769367,1470.0,278.93,1470.0,277.8
2017-06-03 09:44:32.485193,54.400772,-165.769352,1470.0,278.74,1470.0,277.8
2017-06-03 09:44:32.984392,54.400793,-165.769304,1470.0,277.8,1470.0,277.8
2017-06-03 09:44:33.499195,54.4008,-165.769286,1470.0,277.99,1470.0,277.99
2017-06-03 09:44:33.998394,54.400821,-165.769236,1470.0,278.18,1470.0,271.21
2017-06-03 09:44:34.497597,54.400827,-165.76922,1470.0,278.36,1470.0,278.36
2017-06-03 09:44:34.996796,54.400844,-165.769169,1470.0,278.74,1470.0,278.36
2017-06-03 09:44:35.495998,54.40085,-165.769153,1470.0,278.93,1470.0,278.55
2017-06-03 09:44:35.995199,54.400869,-165.769101,1470.0,279.12,1470.0,278.55
2017-06-03 09:44:36.494400,54.400875,-165.769084,1470.0,278.55,1470.0,278.36
2017-06-03 09:44:36.993601,54.400897,-165.769034,1470.0,278.36,1470.0,277.99
2017-06-03 09:44:37.492802,54.400904,-165.769018,1470.0,277.99,1470.0,278.74
2017-06-03 09:44:37.992002,54.400928,-165.768971,1470.0,279.49,1470.0,280.06
2017-06-03 09:44:38.491203,54.400936,-165.768956,1470.0,277.61,1470.0,277.61
2017-06-03 09:44:38.990404,54.40096,-165.768912,1470.0,277.61,1470.0,277.61
2017-06-03 09:44:39.489605,54.400967,-165.768897,1470.0,277.8,1470.0,277.61
2017-06-03 09:44:39.988806,54.40099,-165.768852,1470.0,277.8,1470.0,279.87
2017-06-03 09:44:40.488007,54.400997,-165.768837,1470.0,277.8,1470.0,278.74
2017-06-03 09:44:40.987207,54.401018,-165.76879,1470.0,279.68,1470.0,277.61
2017-06-03 09:44:41.486408,54.401025,-165.768775,1470.0,277.61,1470.0,277.61
2017-06-03 09:44:41.985609,54.401045,-165.768727,1470.0,277.42,1470.0,278.74
2017-06-03 09:44:42.484810,54.401052,-165.768711,1470.0,277.24,1470.0,277.24
2017-06-03 09:44:42.984011,54.40107,-165.768662,1470.0,277.24,1470.0,277.05
2017-06-03 09:44:43.498812,54.401077,-165.768644,1470.0,277.42,1470.0,277.05
2017-06-03 09:44:43.998013,54.401096,-165.768594,1470.0,277.24,1470.0,277.24
2017-06-03 09:44:44.497213,54.401103,-165.768578,1470.0,277.42,1470.0,277.42
2017-06-03 09:44:44.996414,54.401124,-165.768531,1470.0,277.42,1470.0,277.61
2017-06-03 09:44:45.495615,54.401131,-165.768515,1470.0,277.61,1470.0,277.61
2017-06-03 09:44:45.994816,54.401154,-165.768466,1470.0,277.8,1470.0,277.61
2017-06-03 09:44:46.494017,54.401161,-165.76845,1470.0,277.61,1470.0,182.97
2017-06-03 09:44:46.993219,54.401183,-165.768404,1470.0,277.42,1470.0,277.42
2017-06-03 09:44:47.492418,54.401191,-165.768388,1470.0,277.42,1470.0,277.42
2017-06-03 09:44:47.991621,54.401213,-165.768341,1470.0,277.42,1470.0,277.42
2017-06-03 09:44:48.490820,54.401221,-165.768325,1470.0,277.42,1470.0,277.24
2017-06-03 09:44:48.990023,54.401245,-165.768279,1470.0,277.24,1470.0,277.24
2017-06-03 09:44:49.489222,54.401252,-165.768263,1470.0,277.05,1470.0,277.05
2017-06-03 09:44:49.988424,54.401275,-165.768217,1470.0,277.05,1470.0,277.05
2017-06-03 09:44:50.487623,54.401282,-165.768202,1470.0,276.86,1470.0,278.18
2017-06-03 09:44:50.986826,54.401303,-165.768155,1470.0,276.67,1470.0,235.65
2017-06-03 09:44:51.486025,54.40131,-165.76814,1470.0,276.67,1470.0,276.67
2017-06-03 09:44:51.985226,54.40133,-165.768092,1470.0,276.67,1470.0,276.67
2017-06-03 09:44:52.484428,54.401337,-165.768077,1470.0,276.86,1470.0,276.67
2017-06-03 09:44:52.999228,54.401357,-165.768029,1470.0,276.67,1470.0,276.67
2017-06-03 09:44:53.498430,54.401364,-165.768013,1470.0,276.67,1470.0,276.67
2017-06-03 09:44:53.997629,54.401384,-165.767961,1470.0,276.67,1470.0,276.67
2017-06-03 09:44:54.496832,54.40139,-165.767945,1470.0,276.67,1470.0,276.67
2017-06-03 09:44:54.996031,54.401409,-165.767899,1470.0,276.67,1470.0,276.67
2017-06-03 09:44:55.495234,54.401415,-165.767883,1470.0,276.67,1470.0,276.48
2017-06-03 09:44:55.994432,54.401437,-165.767834,1470.0,276.48,1470.0,276.3
2017-06-03 09:44:56.493635,54.401444,-165.767818,1470.0,276.3,1470.0,276.3
2017-06-03 09:44:56.992834,54.401467,-165.767769,1470.0,276.3,1470.0,276.11
2017-06-03 09:44:57.492037,54.401474,-165.767753,1470.0,276.3,1470.0,278.55
2017-06-03 09:44:57.991238,54.401495,-165.767704,1470.0,276.3,1470.0,277.8
2017-06-03 09:44:58.490438,54.401502,-165.767688,1470.0,276.48,1470.0,276.3
2017-06-03 09:44:58.989639,54.401525,-165.767638,1470.0,276.48,1470.0,276.48
2017-06-03 09:44:59.488840,54.401532,-165.767621,1470.0,276.3,1470.0,276.3
2017-06-03 09:44:59.988041,54.401552,-165.767571,1470.0,276.11,1470.0,278.18
2017-06-03 09:45:00.487242,54.401559,-165.767555,1470.0,276.11,1470.0,275.92
2017-06-03 09:45:00.986443,54.40158,-165.767506,1470.0,275.92,1470.0,275.92
2017-06-03 09:45:01.485643,54.401587,-165.76749,1470.0,275.92,1470.0,276.86
2017-06-03 09:45:01.984844,54.401608,-165.767441,1470.0,275.92,1470.0,275.73
2017-06-03 09:45:02.484045,54.401615,-165.767425,1470.0,275.73,1470.0,275.73
2017-06-03 09:45:02.998846,54.401637,-165.767377,1470.0,275.73,1470.0,275.73
2017-06-03 09:45:03.498047,54.401644,-165.767361,1470.0,275.54,1470.0,275.54
2017-06-03 09:45:03.997248,54.401664,-165.767313,1470.0,275.35,1470.0,275.35
2017-06-03 09:45:04.496449,54.401671,-165.767297,1470.0,275.35,1470.0,277.8
2017-06-03 09:45:04.995649,54.401692,-165.767252,1470.0,275.35,1470.0,275.92
2017-06-03 09:45:05.494850,54.401699,-165.767237,1470.0,275.35,1470.0,275.35
2017-06-03 09:45:05.994051,54.401719,-165.76719,1470.0,275.35,1470.0,268.77
2017-06-03 09:45:06.493252,54.401725,-165.767175,1470.0,275.35,1470.0,275.35
2017-06-03 09:45:06.992455,54.401747,-165.767127,1470.0,275.35,1470.0,275.35
2017-06-03 09:45:07.491653,54.401754,-165.767111,1470.0,275.35,1470.0,271.78
2017-06-03 09:45:07.990856,54.401775,-165.767062,1470.0,275.54,1470.0,275.17
2017-06-03 09:45:08.490055,54.401782,-165.767047,1470.0,275.35,1470.0,275.17
2017-06-03 09:45:08.989258,54.401805,-165.766999,1470.0,275.35,1470.0,275.92
2017-06-03 09:45:09.488457,54.401812,-165.766983,1470.0,276.48,1470.0,275.73
2017-06-03 09:45:09.987659,54.401833,-165.766936,1470.0,275.54,1470.0,276.86
2017-06-03 09:45:10.486858,54.401841,-165.76692,1470.0,275.35,1470.0,276.86
2017-06-03 09:45:10.986061,54.401863,-165.766871,1470.0,275.17,1470.0,275.17
2017-06-03 09:45:11.485260,54.40187,-165.766855,1470.0,274.98,1470.0,248.82
2017-06-03 09:45:11.984463,54.401892,-165.766806,1470.0,276.86,1470.0,274.6
2017-06-03 09:45:12.499264,54.4019,-165.766789,1470.0,274.41,1470.0,274.41
2017-06-03 09:45:12.998463,54.401922,-165.766742,1470.0,274.41,1470.0,274.41
2017-06-03 09:45:13.497665,54.401929,-165.766726,1470.0,274.23,1470.0,275.35
2017-06-03 09:45:13.996864,54.401952,-165.766678,1470.0,274.41,1470.0,274.23
2017-06-03 09:45:14.496067,54.401959,-165.766662,1470.0,274.41,1470.0,274.41
2017-06-03 09:45:14.995266,54.40198,-165.766615,1470.0,274.6,1470.0,274.41
2017-06-03 09:45:15.494469,54.401987,-165.7666,1470.0,274.6,1470.0,269.52
2017-06-03 09:45:15.993668,54.402008,-165.766554,1470.0,274.6,1470.0,274.6
2017-06-03 09:45:16.492870,54.402015,-165.766538,1470.0,274.6,1470.0,275.35
2017-06-03 09:45:16.992069,54.402037,-165.766491,1470.0,274.6,1470.0,274.41
2017-06-03 09:45:17.491272,54.402044,-165.766475,1470.0,274.6,1470.0,274.41
2017-06-03 09:45:17.990473,54.402065,-165.766427,1470.0,274.23,1470.0,274.23
2017-06-03 09:45:18.489674,54.402072,-165.766412,1470.0,274.23,1470.0,274.23
2017-06-03 09:45:18.988874,54.402095,-165.766364,1470.0,274.23,1470.0,274.23
2017-06-03 09:45:19.488075,54.402102,-165.766348,1470.0,274.23,1470.0,274.04
2017-06-03 09:45:19.987276,54.402125,-165.766302,1470.0,274.04,1470.0,274.04
2017-06-03 09:45:20.486477,54.402132,-165.766287,1470.0,274.04,1470.0,273.85
2017-06-03 09:45:20.985678,54.402153,-165.766242,1470.0,274.79,1470.0,273.85
2017-06-03 09:45:21.484879,54.40216,-165.766226,1470.0,273.66,1470.0,273.66
2017-06-03 09:45:21.984079,54.402183,-165.766179,1470.0,273.66,1470.0,275.17
2017-06-03 09:45:22.498878,54.402191,-165.766162,1470.0,273.66,1470.0,273.66
2017-06-03 09:45:22.998081,54.402212,-165.766115,1470.0,273.66,1470.0,275.17
2017-06-03 09:45:23.497282,54.402219,-165.7661,1470.0,273.66,1470.0,273.66
2017-06-03 09:45:23.996483,54.40224,-165.766051,1470.0,273.66,1470.0,273.66
2017-06-03 09:45:24.495684,54.402247,-165.766035,1470.0,273.66,1470.0,274.41
2017-06-03 09:45:24.994884,54.402268,-165.765986,1470.0,273.66,1470.0,273.47
2017-06-03 09:45:25.494085,54.402276,-165.76597,1470.0,273.66,1470.0,273.47
2017-06-03 09:45:25.993286,54.402298,-165.765921,1470.0,273.47,1470.0,273.47
2017-06-03 09:45:26.492487,54.402305,-165.765905,1470.0,273.28,1470.0,273.47
2017-06-03 09:45:26.991688,54.402327,-165.765857,1470.0,273.47,1470.0,273.47
2017-06-03 09:45:27.490889,54.402334,-165.765841,1470.0,273.66,1470.0,273.47
2017-06-03 09:45:27.990091,54.402357,-165.765792,1470.0,273.85,1470.0,273.47
2017-06-03 09:45:28.489290,54.402364,-165.765777,1470.0,273.66,1470.0,273.66
2017-06-03 09:45:28.988493,54.402385,-165.76573,1470.0,273.66,1470.0,273.66
2017-06-03 09:45:29.487692,54.402392,-165.765715,1470.0,273.47,1470.0,273.47
2017-06-03 09:45:29.986895,54.402415,-165.765667,1470.0,273.28,1470.0,273.28
2017-06-03 09:45:30.486094,54.402422,-165.765652,1470.0,273.1,1470.0,273.47
2017-06-03 09:45:30.985296,54.402444,-165.765605,1470.0,272.91,1470.0,274.41
2017-06-03 09:45:31.484495,54.402452,-165.76559,1470.0,272.72,1470.0,272.72
2017-06-03 09:45:31.999296,54.402476,-165.765541,1470.0,272.91,1470.0,272.72
2017-06-03 09:45:32.498499,54.402483,-165.765526,1470.0,272.91,1470.0,272.72
2017-06-03 09:45:32.997698,54.402504,-165.76548,1470.0,272.91,1470.0,272.91
2017-06-03 09:45:33.496901,54.40251,-165.765465,1470.0,273.1,1470.0,273.1
2017-06-03 09:45:33.996099,54.402532,-165.765416,1470.0,273.1,1470.0,273.1
2017-06-03 09:45:34.495302,54.402539,-165.765399,1470.0,273.28,1470.0,273.1
2017-06-03 09:45:34.994501,54.402559,-165.765348,1470.0,273.47,1470.0,273.1
2017-06-03 09:45:35.493704,54.402565,-165.765331,1470.0,273.66,1470.0,273.1
2017-06-03 09:45:35.992903,54.402585,-165.765282,1470.0,273.1,1470.0,273.1
2017-06-03 09:45:36.492105,54.402592,-165.765267,1470.0,272.91,1470.0,272.91
2017-06-03 09:45:36.991304,54.402615,-165.765219,1470.0,272.91,1470.0,272.72
2017-06-03 09:45:37.490507,54.402622,-165.765204,1470.0,272.72,1470.0,272.72
2017-06-03 09:45:37.989708,54.402645,-165.765159,1470.0,272.72,1470.0,272.72
2017-06-03 09:45:38.488909,54.402653,-165.765144,1470.0,272.72,1470.0,273.66
2017-06-03 09:45:38.988110,54.402678,-165.765099,1470.0,272.72,1470.0,272.53
2017-06-03 09:45:39.487310,54.402686,-165.765083,1470.0,272.72,1470.0,273.28
2017-06-03 09:45:39.986511,54.402708,-165.765037,1470.0,272.72,1470.0,273.28
2017-06-03 09:45:40.485712,54.402716,-165.765022,1470.0,272.72,1470.0,272.53
2017-06-03 09:45:40.984913,54.402738,-165.764974,1470.0,272.53,1470.0,272.53
2017-06-03 09:45:41.484114,54.402745,-165.764958,1470.0,272.53,1470.0,272.53
2017-06-03 09:45:41.998915,54.402767,-165.764906,1470.0,272.53,1470.0,272.53
2017-06-03 09:45:42.498116,54.402774,-165.76489,1470.0,272.53,1470.0,272.34
2017-06-03 09:45:42.997316,54.402795,-165.764842,1470.0,272.53,1470.0,273.1
2017-06-03 09:45:43.496517,54.402802,-165.764826,1470.0,272.53,1470.0,272.53
2017-06-03 09:45:43.995718,54.402824,-165.764776,1470.0,272.53,1470.0,272.53
2017-06-03 09:45:44.494919,54.402831,-165.76476,1470.0,272.53,1470.0,272.53
2017-06-03 09:45:44.994120,54.402853,-165.764714,1470.0,272.53,1470.0,272.53
2017-06-03 09:45:45.493320,54.40286,-165.764698,1470.0,272.53,1470.0,272.53
2017-06-03 09:45:45.992521,54.402882,-165.764651,1470.0,272.53,1470.0,272.34
2017-06-03 09:45:46.491722,54.402889,-165.764635,1470.0,273.66,1470.0,272.34
2017-06-03 09:45:46.990923,54.402912,-165.764587,1470.0,272.53,1470.0,272.34
2017-06-03 09:45:47.490124,54.402919,-165.764572,1470.0,272.53,1470.0,272.53
2017-06-03 09:45:47.989325,54.402942,-165.764527,1470.0,272.34,1470.0,274.79
2017-06-03 09:45:48.488525,54.402949,-165.764512,1470.0,272.16,1470.0,272.16
2017-06-03 09:45:48.987728,54.402972,-165.764464,1470.0,274.41,1470.0,273.28
2017-06-03 09:45:49.486927,54.402979,-165.764448,1470.0,272.72,1470.0,273.28
2017-06-03 09:45:49.986130,54.403002,-165.764401,1470.0,272.16,1470.0,271.97
2017-06-03 09:45:50.485329,54.403008,-165.764385,1470.0,272.16,1470.0,274.23
2017-06-03 09:45:50.984531,54.403028,-165.764337,1470.0,272.34,1470.0,272.16
2017-06-03 09:45:51.499331,54.403036,-165.764319,1470.0,272.34,1470.0,180.33
2017-06-03 09:45:51.998531,54.403057,-165.764269,1470.0,272.53,1470.0,272.34
2017-06-03 09:45:52.497732,54.403064,-165.764253,1470.0,272.53,1470.0,273.85
2017-06-03 09:45:52.996933,54.403084,-165.764206,1470.0,272.53,1470.0,272.34
2017-06-03 09:45:53.496136,54.403091,-165.76419,1470.0,272.34,1470.0,272.34
2017-06-03 09:45:53.995335,54.403113,-165.764141,1470.0,272.34,1470.0,272.34
2017-06-03 09:45:54.494537,54.403121,-165.764125,1470.0,272.16,1470.0,272.16
2017-06-03 09:45:54.993736,54.403143,-165.764079,1470.0,273.47,1470.0,271.97
2017-06-03 09:45:55.492939,54.403151,-165.764063,1470.0,271.97,1470.0,273.47
2017-06-03 09:45:55.992138,54.403173,-165.764017,1470.0,271.97,1470.0,271.97
2017-06-03 09:45:56.491341,54.403181,-165.764002,1470.0,273.28,1470.0,272.16
2017-06-03 09:45:56.990540,54.403203,-165.763955,1470.0,272.16,1470.0,272.16
2017-06-03 09:45:57.489742,54.403211,-165.76394,1470.0,274.04,1470.0,272.16
2017-06-03 09:45:57.988943,54.403233,-165.763892,1470.0,272.34,1470.0,272.34
2017-06-03 09:45:58.488144,54.40324,-165.763876,1470.0,272.53,1470.0,198.4
2017-06-03 09:45:58.987345,54.403262,-165.763827,1470.0,272.72,1470.0,272.53
2017-06-03 09:45:59.486546,54.403269,-165.763811,1470.0,272.53,1470.0,272.53
2017-06-03 09:45:59.985746,54.403289,-165.763761,1470.0,272.53,1470.0,272.53
2017-06-03 09:46:00.484947,54.403295,-165.763745,1470.0,272.34,1470.0,272.34
2017-06-03 09:46:00.984148,54.403316,-165.763697,1470.0,272.34,1470.0,272.16
2017-06-03 09:46:01.498949,54.403324,-165.76368,1470.0,272.16,1470.0,273.28
2017-06-03 09:46:01.998150,54.403347,-165.763632,1470.0,271.97,1470.0,271.97
2017-06-03 09:46:02.497351,54.403355,-165.763617,1470.0,271.97,1470.0,274.23
2017-06-03 09:46:02.996552,54.403378,-165.763573,1470.0,273.28,1470.0,271.97
2017-06-03 09:46:03.495752,54.403386,-165.763559,1470.0,273.85,1470.0,274.23
2017-06-03 09:46:03.994953,54.403408,-165.763514,1470.0,272.16,1470.0,272.16
2017-06-03 09:46:04.494154,54.403416,-165.763498,1470.0,272.34,1470.0,272.16
2017-06-03 09:46:04.993355,54.403438,-165.763451,1470.0,272.34,1470.0,272.34
2017-06-03 09:46:05.492556,54.403445,-165.763435,1470.0,272.34,1470.0,272.34
2017-06-03 09:46:05.991756,54.403467,-165.763386,1470.0,272.34,1470.0,272.34
2017-06-03 09:46:06.490957,54.403474,-165.763369,1470.0,272.53,1470.0,272.34
2017-06-03 09:46:06.990158,54.403495,-165.763319,1470.0,272.53,1470.0,272.34
2017-06-03 09:46:07.489359,54.403502,-165.763303,1470.0,272.53,1470.0,272.34
2017-06-03 09:46:07.988560,54.403523,-165.763254,1470.0,272.53,1470.0,272.53
2017-06-03 09:46:08.487761,54.403531,-165.763238,1470.0,272.53,1470.0,272.53
2017-06-03 09:46:08.986963,54.403553,-165.763192,1470.0,272.53,1470.0,272.34
2017-06-03 09:46:09.486162,54.40356,-165.763176,1470.0,272.34,1470.0,272.34
2017-06-03 09:46:09.985365,54.403585,-165.763127,1470.0,272.34,1470.0,272.16
2017-06-03 09:46:10.484564,54.403592,-165.763112,1470.0,272.16,1470.0,272.16
2017-06-03 09:46:10.999365,54.403616,-165.763065,1470.0,274.04,1470.0,272.16
2017-06-03 09:46:11.498566,54.403624,-165.76305,1470.0,272.16,1470.0,272.16
2017-06-03 09:46:11.997766,54.403647,-165.763004,1470.0,274.04,1470.0,272.16
2017-06-03 09:46:12.496967,54.403654,-165.762988,1470.0,272.34,1470.0,272.34
2017-06-03 09:46:12.996168,54.403675,-165.762941,1470.0,273.66,1470.0,272.34
2017-06-03 09:46:13.495369,54.403682,-165.762925,1470.0,272.53,1470.0,272.53
2017-06-03 09:46:13.994570,54.403702,-165.762876,1470.0,272.53,1470.0,272.34
2017-06-03 09:46:14.493773,54.403708,-165.762859,1470.0,272.34,1470.0,272.34
2017-06-03 09:46:14.992971,54.403727,-165.762809,1470.0,272.34,1470.0,272.16
2017-06-03 09:46:15.492174,54.403734,-165.762793,1470.0,272.16,1470.0,272.16
2017-06-03 09:46:15.991373,54.403755,-165.762744,1470.0,272.34,1470.0,272.16
2017-06-03 09:46:16.490576,54.403762,-165.762728,1470.0,272.34,1470.0,272.16
2017-06-03 09:46:16.989775,54.403783,-165.762681,1470.0,272.34,1470.0,272.16
2017-06-03 09:46:17.488977,54.40379,-165.762665,1470.0,272.34,1470.0,272.34
2017-06-03 09:46:17.988176,54.403812,-165.762617,1470.0,272.34,1470.0,272.34
2017-06-03 09:46:18.487379,54.403819,-165.762601,1470.0,272.34,1470.0,272.34
2017-06-03 09:46:18.986578,54.403842,-165.762552,1470.0,272.53,1470.0,274.6
2017-06-03 09:46:19.485781,54.403849,-165.762536,1470.0,272.53,1470.0,272.53
2017-06-03 09:46:19.984982,54.40387,-165.762487,1470.0,272.53,1470.0,272.53
2017-06-03 09:46:20.484182,54.403877,-165.762472,1470.0,273.47,1470.0,272.53
2017-06-03 09:46:20.998983,54.403899,-165.762422,1470.0,272.53,1470.0,272.53
2017-06-03 09:46:21.498184,54.403906,-165.762406,1470.0,272.53,1470.0,272.53
2017-06-03 09:46:21.997385,54.403927,-165.762356,1470.0,272.53,1470.0,272.34
2017-06-03 09:46:22.496586,54.403934,-165.76234,1470.0,274.04,1470.0,272.34
2017-06-03 09:46:22.995787,54.403955,-165.762292,1470.0,272.34,1470.0,274.41
2017-06-03 09:46:23.494987,54.403962,-165.762277,1470.0,272.34,1470.0,272.16
2017-06-03 09:46:23.994188,54.403985,-165.762229,1470.0,272.34,1470.0,272.34
2017-06-03 09:46:24.493389,54.403992,-165.762213,1470.0,272.34,1470.0,274.23
2017-06-03 09:46:24.992590,54.404013,-165.762167,1470.0,272.34,1470.0,272.34
2017-06-03 09:46:25.491791,54.40402,-165.762152,1470.0,272.34,1470.0,272.34
2017-06-03 09:46:25.990992,54.404042,-165.762104,1470.0,274.04,1470.0,272.34
2017-06-03 09:46:26.490192,54.404049,-165.762088,1470.0,272.53,1470.0,274.79
2017-06-03 09:46:26.989393,54.40407,-165.762039,1470.0,272.53,1470.0,272.53
2017-06-03 09:46:27.488594,54.404077,-165.762023,1470.0,272.53,1470.0,272.53
2017-06-03 09:46:27.987795,54.404098,-165.761974,1470.0,272.72,1470.0,272.53
2017-06-03 09:46:28.486996,54.404105,-165.761958,1470.0,272.72,1470.0,272.72
2017-06-03 09:46:28.986198,54.404126,-165.76191,1470.0,272.72,1470.0,274.04
2017-06-03 09:46:29.485397,54.404133,-165.761894,1470.0,272.91,1470.0,272.53
2017-06-03 09:46:29.984600,54.404155,-165.761843,1470.0,272.53,1470.0,272.53
2017-06-03 09:46:30.483799,54.404162,-165.761827,1470.0,272.53,1470.0,272.34
2017-06-03 09:46:30.998602,54.404184,-165.761777,1470.0,272.53,1470.0,272.53
2017-06-03 09:46:31.497801,54.404191,-165.761761,1470.0,272.53,1470.0,272.53
2017-06-03 09:46:31.997004,54.404214,-165.761711,1470.0,272.53,1470.0,272.53
2017-06-03 09:46:32.496202,54.404221,-165.761695,1470.0,272.72,1470.0,272.53
2017-06-03 09:46:32.995403,54.404243,-165.761649,1470.0,272.72,1470.0,272.53
2017-06-03 09:46:33.494604,54.404251,-165.761633,1470.0,273.47,1470.0,272.53
2017-06-03 09:46:33.993805,54.404273,-165.761584,1470.0,272.72,1470.0,272.53
2017-06-03 09:46:34.493008,54.404281,-165.761568,1470.0,272.72,1470.0,272.53
2017-06-03 09:46:34.992207,54.404303,-165.761519,1470.0,272.53,1470.0,272.53
2017-06-03 09:46:35.491409,54.40431,-165.761503,1470.0,272.53,1470.0,272.53
2017-06-03 09:46:35.990608,54.40433,-165.761454,1470.0,272.53,1470.0,272.53
2017-06-03 09:46:36.489811,54.404337,-165.761438,1470.0,272.72,1470.0,272.53
2017-06-03 09:46:36.989010,54.404358,-165.761391,1470.0,272.72,1470.0,272.53
2017-06-03 09:46:37.488213,54.404366,-165.761375,1470.0,272.53,1470.0,272.53
2017-06-03 09:46:37.987411,54.404388,-165.761326,1470.0,274.98,1470.0,273.28
2017-06-03 09:46:38.486614,54.404395,-165.76131,1470.0,272.34,1470.0,272.34
2017-06-03 09:46:38.985813,54.404417,-165.761262,1470.0,274.04,1470.0,272.34
2017-06-03 09:46:39.485016,54.404424,-165.761247,1470.0,274.23,1470.0,272.34
2017-06-03 09:46:39.984217,54.404447,-165.761199,1470.0,272.53,1470.0,272.34
2017-06-03 09:46:40.499018,54.404454,-165.761182,1470.0,272.53,1470.0,272.53
2017-06-03 09:46:40.998219,54.404475,-165.761134,1470.0,272.72,1470.0,274.6
2017-06-03 09:46:41.497419,54.404482,-165.761118,1470.0,274.41,1470.0,272.72
2017-06-03 09:46:41.996620,54.404504,-165.761068,1470.0,272.72,1470.0,272.72
2017-06-03 09:46:42.495821,54.404511,-165.761051,1470.0,272.72,1470.0,272.72
2017-06-03 09:46:42.995022,54.404532,-165.761002,1470.0,272.91,1470.0,273.85
2017-06-03 09:46:43.494223,54.404539,-165.760986,1470.0,272.91,1470.0,272.72
2017-06-03 09:46:43.993423,54.40456,-165.760937,1470.0,272.91,1470.0,272.72
2017-06-03 09:46:44.492624,54.404567,-165.760921,1470.0,272.91,1470.0,274.41
2017-06-03 09:46:44.991825,54.404588,-165.760872,1470.0,272.91,1470.0,272.72
2017-06-03 09:46:45.491026,54.404595,-165.760857,1470.0,272.72,1470.0,272.72
2017-06-03 09:46:45.990227,54.404617,-165.760809,1470.0,272.53,1470.0,272.72
2017-06-03 09:46:46.489428,54.404624,-165.760793,1470.0,272.34,1470.0,272.34
2017-06-03 09:46:46.988628,54.404647,-165.760747,1470.0,272.16,1470.0,274.04
2017-06-03 09:46:47.487829,54.404654,-165.760732,1470.0,273.28,1470.0,271.97
2017-06-03 09:46:47.987030,54.404677,-165.760685,1470.0,272.16,1470.0,273.66
2017-06-03 09:46:48.486231,54.404684,-165.76067,1470.0,272.16,1470.0,272.16
2017-06-03 09:46:48.985432,54.404705,-165.760625,1470.0,272.34,1470.0,274.04
2017-06-03 09:46:49.484632,54.404712,-165.760609,1470.0,272.53,1470.0,272.34
2017-06-03 09:46:49.983835,54.404733,-165.760559,1470.0,272.72,1470.0,272.53
2017-06-03 09:46:50.498634,54.404741,-165.760542,1470.0,272.72,1470.0,272.72
2017-06-03 09:46:50.997837,54.40476,-165.760494,1470.0,272.72,1470.0,272.72
2017-06-03 09:46:51.497036,54.404767,-165.760478,1470.0,272.91,1470.0,272.72
2017-06-03 09:46:51.996239,54.404791,-165.760428,1470.0,273.1,1470.0,272.72
2017-06-03 09:46:52.495438,54.404798,-165.760412,1470.0,272.72,1470.0,272.72
2017-06-03 09:46:52.994640,54.40482,-165.760365,1470.0,272.72,1470.0,274.41
2017-06-03 09:46:53.493839,54.404827,-165.76035,1470.0,272.72,1470.0,272.72
2017-06-03 09:46:53.993040,54.40485,-165.760302,1470.0,272.53,1470.0,272.53
2017-06-03 09:46:54.492243,54.404858,-165.760287,1470.0,272.53,1470.0,272.53
2017-06-03 09:46:54.991442,54.404881,-165.76024,1470.0,274.23,1470.0,272.34
2017-06-03 09:46:55.490644,54.404889,-165.760225,1470.0,272.53,1470.0,272.34
2017-06-03 09:46:55.989843,54.404912,-165.760179,1470.0,274.04,1470.0,272.34
2017-06-03 09:46:56.489046,54.404919,-165.760163,1470.0,274.04,1470.0,272.34
2017-06-03 09:46:56.988245,54.404942,-165.760117,1470.0,272.53,1470.0,272.34
2017-06-03 09:46:57.487448,54.404949,-165.760102,1470.0,272.53,1470.0,272.53
2017-06-03 09:46:57.986647,54.404972,-165.760054,1470.0,272.53,1470.0,268.77
2017-06-03 09:46:58.485849,54.404979,-165.760038,1470.0,272.72,1470.0,272.53
2017-06-03 09:46:58.985048,54.405,-165.759992,1470.0,272.72,1470.0,274.04
2017-06-03 09:46:59.484251,54.405006,-165.759976,1470.0,273.1,1470.0,272.72
2017-06-03 09:46:59.999052,54.405028,-165.759926,1470.0,272.91,1470.0,272.72
2017-06-03 09:47:00.498253,54.405034,-165.759911,1470.0,272.91,1470.0,272.72
2017-06-03 09:47:00.997454,54.405055,-165.759865,1470.0,272.53,1470.0,272.53
2017-06-03 09:47:01.496655,54.405063,-165.75985,1470.0,272.53,1470.0,272.34
2017-06-03 09:47:01.995855,54.405087,-165.759802,1470.0,272.34,1470.0,272.16
2017-06-03 09:47:02.495056,54.405095,-165.759787,1470.0,272.16,1470.0,272.16
2017-06-03 09:47:02.994257,54.405117,-165.759742,1470.0,273.85,1470.0,272.91
2017-06-03 09:47:03.493458,54.405124,-165.759727,1470.0,272.34,1470.0,272.34
2017-06-03 09:47:03.992659,54.405148,-165.75968,1470.0,272.53,1470.0,273.85
2017-06-03 09:47:04.491859,54.405155,-165.759665,1470.0,272.53,1470.0,272.53
2017-06-03 09:47:04.991060,54.405177,-165.759617,1470.0,274.6,1470.0,272.72
2017-06-03 09:47:05.490261,54.405184,-165.759601,1470.0,272.72,1470.0,272.72
2017-06-03 09:47:05.989462,54.405205,-165.759552,1470.0,272.72,1470.0,274.79
2017-06-03 09:47:06.488663,54.405212,-165.759536,1470.0,272.72,1470.0,272.72
2017-06-03 09:47:06.987864,54.405232,-165.759484,1470.0,272.72,1470.0,272.72
2017-06-03 09:47:07.487064,54.405239,-165.759468,1470.0,272.72,1470.0,273.66
2017-06-03 09:47:07.986265,54.40526,-165.759419,1470.0,273.66,1470.0,272.72
2017-06-03 09:47:08.485466,54.405267,-165.759403,1470.0,272.53,1470.0,274.04
2017-06-03 09:47:08.984667,54.405289,-165.759357,1470.0,272.53,1470.0,274.79
2017-06-03 09:47:09.483868,54.405297,-165.759341,1470.0,272.34,1470.0,272.34
2017-06-03 09:47:09.998669,54.405321,-165.759292,1470.0,272.34,1470.0,272.34
2017-06-03 09:47:10.497869,54.405328,-165.759277,1470.0,274.23,1470.0,274.98
2017-06-03 09:47:10.997072,54.40535,-165.759232,1470.0,273.66,1470.0,273.28
2017-06-03 09:47:11.496271,54.405357,-165.759216,1470.0,272.34,1470.0,272.34
2017-06-03 09:47:11.995474,54.405379,-165.759166,1470.0,272.53,1470.0,272.53
2017-06-03 09:47:12.494673,54.405386,-165.75915,1470.0,274.23,1470.0,272.53
2017-06-03 09:47:12.993876,54.405405,-165.759102,1470.0,272.72,1470.0,273.85
2017-06-03 09:47:13.493074,54.405412,-165.759086,1470.0,272.91,1470.0,274.6
2017-06-03 09:47:13.992277,54.405432,-165.759037,1470.0,272.72,1470.0,272.53
2017-06-03 09:47:14.491476,54.405439,-165.759022,1470.0,272.53,1470.0,274.04
2017-06-03 09:47:14.990677,54.40546,-165.758974,1470.0,272.34,1470.0,273.47
2017-06-03 09:47:15.489880,54.405467,-165.758958,1470.0,273.66,1470.0,272.16
2017-06-03 09:47:15.989079,54.40549,-165.758911,1470.0,272.16,1470.0,274.41
2017-06-03 09:47:16.488281,54.405497,-165.758895,1470.0,272.16,1470.0,272.16
2017-06-03 09:47:16.987480,54.40552,-165.758849,1470.0,272.16,1470.0,272.16
2017-06-03 09:47:17.486683,54.405527,-165.758833,1470.0,272.34,1470.0,222.48
2017-06-03 09:47:17.985882,54.405548,-165.758786,1470.0,274.04,1470.0,272.34
2017-06-03 09:47:18.485085,54.405555,-165.75877,1470.0,272.53,1470.0,272.34
2017-06-03 09:47:18.984283,54.405576,-165.758721,1470.0,272.53,1470.0,272.53
2017-06-03 09:47:19.499086,54.405584,-165.758703,1470.0,273.85,1470.0,272.53
2017-06-03 09:47:19.998287,54.405604,-165.758651,1470.0,274.6,1470.0,272.53
2017-06-03 09:47:20.497488,54.405611,-165.758635,1470.0,272.72,1470.0,272.53
2017-06-03 09:47:20.996689,54.40563,-165.758584,1470.0,272.53,1470.0,272.72
2017-06-03 09:47:21.495890,54.405637,-165.758568,1470.0,273.1,1470.0,272.53
2017-06-03 09:47:21.995090,54.405658,-165.758518,1470.0,272.53,1470.0,272.34
2017-06-03 09:47:22.494291,54.405666,-165.758502,1470.0,272.53,1470.0,272.34
2017-06-03 09:47:22.993492,54.405688,-165.758454,1470.0,272.53,1470.0,272.34
2017-06-03 09:47:23.492693,54.405696,-165.758438,1470.0,272.34,1470.0,272.34
2017-06-03 09:47:23.991894,54.405718,-165.758391,1470.0,272.34,1470.0,272.34
2017-06-03 09:47:24.491095,54.405726,-165.758375,1470.0,272.34,1470.0,272.34
2017-06-03 09:47:24.990295,54.405748,-165.758329,1470.0,272.34,1470.0,272.34
2017-06-03 09:47:25.489496,54.405756,-165.758313,1470.0,272.34,1470.0,272.91
2017-06-03 09:47:25.988697,54.405778,-165.758266,1470.0,272.16,1470.0,272.16
2017-06-03 09:47:26.487898,54.405785,-165.75825,1470.0,272.16,1470.0,274.98
2017-06-03 09:47:26.987099,54.405805,-165.758204,1470.0,273.47,1470.0,271.97
2017-06-03 09:47:27.486300,54.405812,-165.758188,1470.0,271.97,1470.0,271.97
2017-06-03 09:47:27.985500,54.405833,-165.758138,1470.0,271.97,1470.0,271.97
2017-06-03 09:47:28.484701,54.40584,-165.758122,1470.0,272.16,1470.0,271.97
2017-06-03 09:47:28.983902,54.40586,-165.758074,1470.0,272.16,1470.0,272.16
2017-06-03 09:47:29.498703,54.405867,-165.758056,1470.0,272.16,1470.0,272.16
2017-06-03 09:47:29.997904,54.405888,-165.758006,1470.0,272.34,1470.0,272.16
2017-06-03 09:47:30.497105,54.405894,-165.75799,1470.0,272.34,1470.0,272.34
2017-06-03 09:47:30.996307,54.405915,-165.757942,1470.0,272.53,1470.0,272.34
2017-06-03 09:47:31.495506,54.405922,-165.757926,1470.0,272.53,1470.0,272.53
2017-06-03 09:47:31.994709,54.405945,-165.757877,1470.0,272.72,1470.0,272.53
2017-06-03 09:47:32.493908,54.405952,-165.757861,1470.0,272.53,1470.0,272.53
2017-06-03 09:47:32.993111,54.405975,-165.757812,1470.0,272.72,1470.0,272.53
2017-06-03 09:47:33.492310,54.405982,-165.757796,1470.0,272.53,1470.0,273.1
2017-06-03 09:47:33.991512,54.406005,-165.757747,1470.0,272.53,1470.0,272.34
2017-06-03 09:47:34.490711,54.406012,-165.757732,1470.0,272.34,1470.0,272.16
2017-06-03 09:47:34.989914,54.406035,-165.757684,1470.0,272.16,1470.0,271.97
2017-06-03 09:47:35.489113,54.406043,-165.757668,1470.0,272.16,1470.0,274.23
2017-06-03 09:47:35.988314,54.406066,-165.757622,1470.0,271.97,1470.0,273.66
2017-06-03 09:47:36.487516,54.406074,-165.757607,1470.0,271.97,1470.0,271.97
2017-06-03 09:47:36.986715,54.406095,-165.757562,1470.0,272.16,1470.0,272.16
2017-06-03 09:47:37.485918,54.406102,-165.757546,1470.0,272.34,1470.0,272.16
2017-06-03 09:47:37.985117,54.406123,-165.757497,1470.0,272.53,1470.0,272.53
2017-06-03 09:47:38.484320,54.40613,-165.757482,1470.0,272.34,1470.0,272.34
2017-06-03 09:47:38.999119,54.406152,-165.757432,1470.0,272.53,1470.0,272.53
2017-06-03 09:47:39.498322,54.406158,-165.757416,1470.0,272.53,1470.0,272.53
2017-06-03 09:47:39.997520,54.406178,-165.757368,1470.0,272.53,1470.0,272.72
2017-06-03 09:47:40.496723,54.406184,-165.757352,1470.0,272.53,1470.0,272.53
2017-06-03 09:47:40.995924,54.406205,-165.757305,1470.0,272.53,1470.0,272.34
2017-06-03 09:47:41.495125,54.406212,-165.75729,1470.0,272.34,1470.0,272.16
2017-06-03 09:47:41.994326,54.406235,-165.757242,1470.0,274.23,1470.0,272.53
2017-06-03 09:47:42.493526,54.406243,-165.757227,1470.0,271.97,1470.0,274.41
2017-06-03 09:47:42.992727,54.406266,-165.757182,1470.0,271.78,1470.0,271.78
2017-06-03 09:47:43.491928,54.406274,-165.757167,1470.0,271.78,1470.0,271.78
2017-06-03 09:47:43.991129,54.406298,-165.75712,1470.0,273.66,1470.0,273.66
2017-06-03 09:47:44.490330,54.406305,-165.757105,1470.0,272.16,1470.0,271.97
2017-06-03 09:47:44.989531,54.406327,-165.757059,1470.0,272.34,1470.0,274.6
2017-06-03 09:47:45.488731,54.406334,-165.757043,1470.0,272.53,1470.0,272.53
2017-06-03 09:47:45.987932,54.406354,-165.756993,1470.0,272.72,1470.0,272.53
2017-06-03 09:47:46.487133,54.40636,-165.756976,1470.0,272.91,1470.0,272.53
2017-06-03 09:47:46.986334,54.40638,-165.756926,1470.0,272.91,1470.0,272.53
2017-06-03 09:47:47.485535,54.406387,-165.756909,1470.0,272.53,1470.0,272.34
2017-06-03 09:47:47.984735,54.406408,-165.756858,1470.0,272.16,1470.0,272.16
2017-06-03 09:47:48.483936,54.406416,-165.756842,1470.0,272.16,1470.0,267.45
2017-06-03 09:47:48.998737,54.406438,-165.756795,1470.0,271.97,1470.0,271.97
2017-06-03 09:47:49.497938,54.406446,-165.75678,1470.0,271.97,1470.0,271.97
2017-06-03 09:47:49.997139,54.40647,-165.756732,1470.0,272.16,1470.0,272.16
2017-06-03 09:47:50.496340,54.406478,-165.756717,1470.0,272.16,1470.0,272.16
2017-06-03 09:47:50.995543,54.406501,-165.756673,1470.0,272.34,1470.0,272.16
2017-06-03 09:47:51.494741,54.406509,-165.756658,1470.0,272.34,1470.0,272.34
2017-06-03 09:47:51.993944,54.40653,-165.756612,1470.0,272.34,1470.0,272.16
2017-06-03 09:47:52.493143,54.406537,-165.756597,1470.0,272.34,1470.0,272.34
2017-06-03 09:47:52.992346,54.406558,-165.756549,1470.0,272.16,1470.0,272.16
2017-06-03 09:47:53.491545,54.406565,-165.756533,1470.0,272.16,1470.0,272.16
2017-06-03 09:47:53.990747,54.406587,-165.756487,1470.0,272.16,1470.0,274.6
2017-06-03 09:47:54.489946,54.406594,-165.756472,1470.0,272.16,1470.0,274.23
2017-06-03 09:47:54.989149,54.406615,-165.756425,1470.0,271.97,1470.0,271.97
2017-06-03 09:47:55.488348,54.406622,-165.75641,1470.0,271.97,1470.0,271.97
2017-06-03 09:47:55.987551,54.406643,-165.756362,1470.0,271.97,1470.0,271.97
2017-06-03 09:47:56.486752,54.406651,-165.756347,1470.0,271.97,1470.0,273.66
2017-06-03 09:47:56.985950,54.406673,-165.7563,1470.0,271.97,1470.0,271.97
2017-06-03 09:47:57.485153,54.40668,-165.756285,1470.0,273.28,1470.0,271.97
2017-06-03 09:47:57.984352,54.406703,-165.756236,1470.0,272.16,1470.0,272.16
2017-06-03 09:47:58.499155,54.406711,-165.756219,1470.0,272.16,1470.0,272.16
2017-06-03 09:47:58.998354,54.406733,-165.756174,1470.0,272.34,1470.0,272.16
2017-06-03 09:47:59.497557,54.40674,-165.756158,1470.0,272.34,1470.0,272.34
2017-06-03 09:47:59.996756,54.406762,-165.756109,1470.0,272.34,1470.0,272.16
2017-06-03 09:48:00.495958,54.406769,-165.756093,1470.0,272.34,1470.0,273.85
2017-06-03 09:48:00.995157,54.406792,-165.756044,1470.0,274.04,1470.0,273.47
2017-06-03 09:48:01.494360,54.406799,-165.756028,1470.0,272.16,1470.0,271.97
2017-06-03 09:48:01.993561,54.406822,-165.755979,1470.0,272.16,1470.0,271.97
2017-06-03 09:48:02.492762,54.406829,-165.755963,1470.0,272.16,1470.0,272.16
2017-06-03 09:48:02.991962,54.406852,-165.755916,1470.0,272.16,1470.0,275.17
2017-06-03 09:48:03.491163,54.406859,-165.7559,1470.0,272.16,1470.0,272.16
2017-06-03 09:48:03.990364,54.40688,-165.755852,1470.0,272.16,1470.0,272.53
2017-06-03 09:48:04.489565,54.406887,-165.755837,1470.0,273.47,1470.0,273.1
2017-06-03 09:48:04.988766,54.406907,-165.755789,1470.0,271.97,1470.0,274.41
2017-06-03 09:48:05.487967,54.406914,-165.755773,1470.0,273.47,1470.0,271.97
2017-06-03 09:48:05.987167,54.406935,-165.755724,1470.0,271.97,1470.0,274.04
2017-06-03 09:48:06.486368,54.406942,-165.755708,1470.0,271.97,1470.0,273.66
2017-06-03 09:48:06.985569,54.40696,-165.755661,1470.0,271.97,1470.0,271.97
2017-06-03 09:48:07.484770,54.406967,-165.755645,1470.0,271.97,1470.0,273.66
2017-06-03 09:48:07.983971,54.406988,-165.755597,1470.0,271.97,1470.0,257.67
2017-06-03 09:48:08.498772,54.406996,-165.75558,1470.0,271.78,1470.0,271.78
2017-06-03 09:48:08.997972,54.407017,-165.755532,1470.0,271.78,1470.0,271.78
2017-06-03 09:48:09.497173,54.407024,-165.755516,1470.0,271.78,1470.0,271.78
2017-06-03 09:48:09.996374,54.407044,-165.755466,1470.0,271.97,1470.0,271.97
2017-06-03 09:48:10.495575,54.407051,-165.75545,1470.0,272.16,1470.0,271.97
2017-06-03 09:48:10.994778,54.40707,-165.755401,1470.0,272.16,1470.0,272.16
2017-06-03 09:48:11.493977,54.407077,-165.755384,1470.0,272.16,1470.0,271.97
2017-06-03 09:48:11.993179,54.407098,-165.755334,1470.0,272.16,1470.0,272.16
2017-06-03 09:48:12.492378,54.407106,-165.755318,1470.0,272.16,1470.0,271.97
2017-06-03 09:48:12.991581,54.407128,-165.755268,1470.0,271.97,1470.0,271.97
2017-06-03 09:48:13.490780,54.407136,-165.755251,1470.0,271.97,1470.0,271.97
2017-06-03 09:48:13.989983,54.407158,-165.755202,1470.0,271.97,1470.0,271.97
2017-06-03 09:48:14.489182,54.407165,-165.755187,1470.0,271.97,1470.0,271.97
2017-06-03 09:48:14.988384,54.407186,-165.755139,1470.0,274.6,1470.0,271.78
2017-06-03 09:48:15.487583,54.407193,-165.755123,1470.0,274.04,1470.0,274.6
2017-06-03 09:48:15.986786,54.407216,-165.755074,1470.0,271.97,1470.0,271.78
2017-06-03 09:48:16.485987,54.407224,-165.755058,1470.0,271.97,1470.0,274.6
2017-06-03 09:48:16.985188,54.407245,-165.755012,1470.0,271.97,1470.0,271.97
2017-06-03 09:48:17.484388,54.407252,-165.754996,1470.0,271.97,1470.0,273.1
2017-06-03 09:48:17.999187,54.407274,-165.754946,1470.0,272.72,1470.0,271.78
2017-06-03 09:48:18.498390,54.407281,-165.75493,1470.0,271.78,1470.0,274.23
2017-06-03 09:48:18.997589,54.407302,-165.754884,1470.0,272.91,1470.0,271.78
2017-06-03 09:48:19.496792,54.407309,-165.754868,1470.0,272.72,1470.0,271.59
2017-06-03 09:48:19.995991,54.40733,-165.754821,1470.0,271.78,1470.0,271.59
2017-06-03 09:48:20.495193,54.407337,-165.754805,1470.0,271.78,1470.0,272.91
2017-06-03 09:48:20.994392,54.407358,-165.754759,1470.0,271.97,1470.0,271.78
2017-06-03 09:48:21.493595,54.407365,-165.754743,1470.0,272.16,1470.0,271.97
2017-06-03 09:48:21.992796,54.407387,-165.754696,1470.0,271.97,1470.0,271.97
2017-06-03 09:48:22.491997,54.407394,-165.75468,1470.0,271.97,1470.0,271.97
2017-06-03 09:48:22.991198,54.407417,-165.754632,1470.0,273.85,1470.0,271.97
2017-06-03 09:48:23.490398,54.407424,-165.754616,1470.0,271.78,1470.0,271.78
2017-06-03 09:48:23.989599,54.407448,-165.754567,1470.0,273.85,1470.0,271.59
2017-06-03 09:48:24.488800,54.407456,-165.754552,1470.0,271.59,1470.0,271.59
2017-06-03 09:48:24.988001,54.407478,-165.754505,1470.0,271.59,1470.0,271.59
2017-06-03 09:48:25.487202,54.407485,-165.75449,1470.0,271.78,1470.0,271.78
2017-06-03 09:48:25.986403,54.407508,-165.754441,1470.0,272.72,1470.0,271.78
2017-06-03 09:48:26.485603,54.407515,-165.754425,1470.0,271.97,1470.0,271.97
2017-06-03 09:48:26.984804,54.407536,-165.754376,1470.0,272.16,1470.0,272.16
2017-06-03 09:48:27.484005,54.407543,-165.754359,1470.0,272.34,1470.0,272.16
2017-06-03 09:48:27.998806,54.407566,-165.754306,1470.0,272.16,1470.0,272.16
2017-06-03 09:48:28.498007,54.407572,-165.75429,1470.0,274.04,1470.0,274.23
2017-06-03 09:48:28.997208,54.407592,-165.754242,1470.0,271.97,1470.0,271.97
2017-06-03 09:48:29.496408,54.407599,-165.754227,1470.0,271.78,1470.0,271.78
2017-06-03 09:48:29.995609,54.40762,-165.754179,1470.0,271.78,1470.0,271.59
2017-06-03 09:48:30.494810,54.407628,-165.754163,1470.0,273.28,1470.0,271.4
2017-06-03 09:48:30.994011,54.407651,-165.754117,1470.0,271.4,1470.0,271.4
2017-06-03 09:48:31.493212,54.407659,-165.754102,1470.0,271.4,1470.0,271.4
2017-06-03 09:48:31.992414,54.407682,-165.754057,1470.0,271.4,1470.0,271.4
2017-06-03 09:48:32.491613,54.407689,-165.754042,1470.0,271.59,1470.0,268.58
2017-06-03 09:48:32.990816,54.40771,-165.753994,1470.0,271.78,1470.0,274.41
2017-06-03 09:48:33.490015,54.407717,-165.753978,1470.0,271.97,1470.0,196.7
2017-06-03 09:48:33.989218,54.407737,-165.753928,1470.0,272.16,1470.0,271.97
2017-06-03 09:48:34.488417,54.407743,-165.753911,1470.0,272.16,1470.0,271.97
2017-06-03 09:48:34.987619,54.407762,-165.753862,1470.0,272.16,1470.0,271.97
2017-06-03 09:48:35.486818,54.407768,-165.753846,1470.0,271.97,1470.0,274.41
2017-06-03 09:48:35.986021,54.40779,-165.753796,1470.0,271.97,1470.0,271.78
2017-06-03 09:48:36.485220,54.407797,-165.75378,1470.0,271.78,1470.0,271.78
2017-06-03 09:48:36.984423,54.407818,-165.753732,1470.0,271.78,1470.0,271.78
2017-06-03 09:48:37.499224,54.407826,-165.753715,1470.0,273.1,1470.0,271.59
2017-06-03 09:48:37.998423,54.407848,-165.753667,1470.0,271.59,1470.0,245.81
2017-06-03 09:48:38.497625,54.407856,-165.753652,1470.0,271.59,1470.0,271.59
2017-06-03 09:48:38.996824,54.407878,-165.753604,1470.0,271.59,1470.0,273.28
2017-06-03 09:48:39.496027,54.407886,-165.753588,1470.0,271.59,1470.0,271.59
2017-06-03 09:48:39.995226,54.407907,-165.753539,1470.0,271.78,1470.0,271.78
2017-06-03 09:48:40.494429,54.407914,-165.753523,1470.0,271.97,1470.0,271.78
2017-06-03 09:48:40.993628,54.407932,-165.753474,1470.0,271.97,1470.0,271.97
2017-06-03 09:48:41.492830,54.407938,-165.753458,1470.0,272.16,1470.0,271.97
2017-06-03 09:48:41.992031,54.407957,-165.753406,1470.0,271.97,1470.0,271.78
2017-06-03 09:48:42.491232,54.407964,-165.753389,1470.0,273.1,1470.0,271.78
2017-06-03 09:48:42.990433,54.407984,-165.753339,1470.0,271.78,1470.0,271.59
2017-06-03 09:48:43.489634,54.407991,-165.753323,1470.0,271.59,1470.0,271.59
2017-06-03 09:48:43.988834,54.408013,-165.753273,1470.0,271.59,1470.0,271.59
2017-06-03 09:48:44.488035,54.40802,-165.753257,1470.0,271.59,1470.0,271.59
2017-06-03 09:48:44.987236,54.408041,-165.753212,1470.0,273.28,1470.0,271.59
2017-06-03 09:48:45.486437,54.408048,-165.753196,1470.0,271.78,1470.0,271.78
2017-06-03 09:48:45.985638,54.40807,-165.753147,1470.0,271.78,1470.0,273.47
2017-06-03 09:48:46.484838,54.408077,-165.753132,1470.0,271.78,1470.0,273.66
2017-06-03 09:48:46.984039,54.408098,-165.753085,1470.0,271.78,1470.0,271.78
2017-06-03 09:48:47.498840,54.408105,-165.753068,1470.0,271.78,1470.0,271.59
2017-06-03 09:48:47.998041,54.408125,-165.753021,1470.0,271.59,1470.0,274.04
2017-06-03 09:48:48.497242,54.408132,-165.753005,1470.0,271.59,1470.0,271.59
2017-06-03 09:48:48.996443,54.408152,-165.752956,1470.0,271.59,1470.0,271.59
2017-06-03 09:48:49.495644,54.408159,-165.75294,1470.0,271.59,1470.0,271.59
2017-06-03 09:48:49.994844,54.40818,-165.752891,1470.0,271.59,1470.0,271.59
2017-06-03 09:48:50.494045,54.408187,-165.752874,1470.0,271.78,1470.0,271.78
2017-06-03 09:48:50.993246,54.408207,-165.752824,1470.0,271.97,1470.0,271.78
2017-06-03 09:48:51.492447,54.408214,-165.752808,1470.0,271.97,1470.0,271.97
2017-06-03 09:48:51.991648,54.408234,-165.752759,1470.0,271.97,1470.0,178.08
2017-06-03 09:48:52.490849,54.40824,-165.752743,1470.0,271.97,1470.0,271.97
2017-06-03 09:48:52.990051,54.408262,-165.752694,1470.0,271.97,1470.0,274.04
2017-06-03 09:48:53.489250,54.408269,-165.752678,1470.0,271.97,1470.0,271.78
2017-06-03 09:48:53.988453,54.408292,-165.752631,1470.0,271.78,1470.0,271.78
2017-06-03 09:48:54.487652,54.408299,-165.752615,1470.0,271.78,1470.0,271.78
2017-06-03 09:48:54.986855,54.408321,-165.75257,1470.0,271.78,1470.0,271.78
2017-06-03 09:48:55.486053,54.408328,-165.752555,1470.0,273.47,1470.0,271.78
2017-06-03 09:48:55.985256,54.408351,-165.752506,1470.0,271.97,1470.0,274.23
2017-06-03 09:48:56.484455,54.408359,-165.75249,1470.0,271.97,1470.0,273.28
2017-06-03 09:48:56.999256,54.40838,-165.752442,1470.0,271.97,1470.0,273.28
2017-06-03 09:48:57.498459,54.408387,-165.752426,1470.0,271.97,1470.0,271.78
2017-06-03 09:48:57.997658,54.408409,-165.752378,1470.0,271.78,1470.0,273.85
2017-06-03 09:48:58.496861,54.408416,-165.752362,1470.0,271.78,1470.0,273.47
2017-06-03 09:48:58.996059,54.408437,-165.752315,1470.0,271.78,1470.0,273.85
2017-06-03 09:48:59.495262,54.408444,-165.7523,1470.0,271.78,1470.0,271.78
2017-06-03 09:48:59.994461,54.408465,-165.752252,1470.0,271.97,1470.0,271.78
2017-06-03 09:49:00.493664,54.408472,-165.752237,1470.0,271.97,1470.0,271.97
2017-06-03 09:49:00.992863,54.408493,-165.752189,1470.0,271.97,1470.0,245.44
2017-06-03 09:49:01.492065,54.4085,-165.752173,1470.0,271.97,1470.0,271.97
2017-06-03 09:49:01.991264,54.408522,-165.752127,1470.0,271.97,1470.0,274.04
2017-06-03 09:49:02.490467,54.408529,-165.752112,1470.0,273.47,1470.0,271.78
2017-06-03 09:49:02.989668,54.40855,-165.752064,1470.0,273.66,1470.0,273.1
2017-06-03 09:49:03.488869,54.408557,-165.752048,1470.0,271.97,1470.0,271.97
2017-06-03 09:49:03.988070,54.40858,-165.752001,1470.0,271.97,1470.0,273.28
2017-06-03 09:49:04.487270,54.408587,-165.751985,1470.0,272.16,1470.0,271.97
2017-06-03 09:49:04.986471,54.408608,-165.751936,1470.0,272.16,1470.0,272.16
2017-06-03 09:49:05.485672,54.408615,-165.75192,1470.0,273.66,1470.0,272.16
2017-06-03 09:49:05.984873,54.408637,-165.751871,1470.0,272.34,1470.0,272.16
2017-06-03 09:49:06.484074,54.408644,-165.751855,1470.0,272.34,1470.0,272.16
2017-06-03 09:49:06.998875,54.408665,-165.751804,1470.0,272.34,1470.0,272.34
2017-06-03 09:49:07.498075,54.408672,-165.751788,1470.0,272.34,1470.0,272.34
2017-06-03 09:49:07.997276,54.408694,-165.751738,1470.0,272.34,1470.0,272.34
2017-06-03 09:49:08.496477,54.408701,-165.751722,1470.0,272.53,1470.0,273.66
2017-06-03 09:49:08.995678,54.408723,-165.751675,1470.0,272.34,1470.0,272.34
2017-06-03 09:49:09.494879,54.408731,-165.75166,1470.0,274.04,1470.0,273.28
2017-06-03 09:49:09.994080,54.408753,-165.751612,1470.0,272.16,1470.0,274.23
2017-06-03 09:49:10.493280,54.408761,-165.751597,1470.0,272.16,1470.0,272.16
2017-06-03 09:49:10.992481,54.408783,-165.75155,1470.0,272.16,1470.0,199.15
2017-06-03 09:49:11.491682,54.408791,-165.751535,1470.0,272.34,1470.0,272.16
2017-06-03 09:49:11.990883,54.408813,-165.75149,1470.0,273.85,1470.0,272.16
2017-06-03 09:49:12.490084,54.40882,-165.751475,1470.0,272.34,1470.0,274.6
2017-06-03 09:49:12.989286,54.408839,-165.751427,1470.0,272.34,1470.0,272.34
2017-06-03 09:49:13.488485,54.408845,-165.751411,1470.0,272.34,1470.0,272.34
2017-06-03 09:49:13.987688,54.408865,-165.751361,1470.0,272.34,1470.0,272.34
2017-06-03 09:49:14.486887,54.408872,-165.751345,1470.0,272.34,1470.0,272.34
2017-06-03 09:49:14.986090,54.408891,-165.751297,1470.0,272.34,1470.0,272.16
2017-06-03 09:49:15.485289,54.408898,-165.751281,1470.0,272.34,1470.0,274.04
2017-06-03 09:49:15.984491,54.408919,-165.751232,1470.0,272.34,1470.0,272.34
2017-06-03 09:49:16.499290,54.408926,-165.751215,1470.0,272.53,1470.0,274.41
2017-06-03 09:49:16.998491,54.408947,-165.751167,1470.0,272.53,1470.0,272.72
2017-06-03 09:49:17.497692,54.408954,-165.751151,1470.0,272.72,1470.0,272.53
2017-06-03 09:49:17.996893,54.408977,-165.751102,1470.0,272.72,1470.0,272.53
2017-06-03 09:49:18.496096,54.408984,-165.751086,1470.0,272.72,1470.0,272.53
2017-06-03 09:49:18.995295,54.409007,-165.751037,1470.0,274.41,1470.0,274.98
2017-06-03 09:49:19.494497,54.409014,-165.751021,1470.0,272.72,1470.0,272.53
2017-06-03 09:49:19.993696,54.409037,-165.750972,1470.0,272.72,1470.0,275.35
2017-06-03 09:49:20.492899,54.409044,-165.750957,1470.0,272.72,1470.0,272.72
2017-06-03 09:49:20.992098,54.409065,-165.750909,1470.0,272.72,1470.0,273.47
2017-06-03 09:49:21.491301,54.409072,-165.750893,1470.0,273.1,1470.0,272.53
2017-06-03 09:49:21.990499,54.409093,-165.750846,1470.0,272.53,1470.0,272.53
2017-06-03 09:49:22.489702,54.4091,-165.75083,1470.0,272.34,1470.0,272.34
2017-06-03 09:49:22.988901,54.409122,-165.750781,1470.0,272.34,1470.0,272.34
2017-06-03 09:49:23.488104,54.409129,-165.750765,1470.0,272.91,1470.0,272.53
2017-06-03 09:49:23.987305,54.409149,-165.750716,1470.0,272.72,1470.0,274.23
2017-06-03 09:49:24.486506,54.409155,-165.7507,1470.0,272.72,1470.0,272.72
2017-06-03 09:49:24.985706,54.409175,-165.750654,1470.0,272.91,1470.0,272.72
2017-06-03 09:49:25.484907,54.409181,-165.750638,1470.0,272.91,1470.0,272.72
2017-06-03 09:49:25.984108,54.409202,-165.750589,1470.0,272.91,1470.0,272.72
2017-06-03 09:49:26.498909,54.409209,-165.750572,1470.0,272.72,1470.0,272.72
2017-06-03 09:49:26.998110,54.40923,-165.750525,1470.0,272.72,1470.0,272.72
2017-06-03 09:49:27.497311,54.409237,-165.75051,1470.0,274.04,1470.0,272.72
2017-06-03 09:49:27.996511,54.40926,-165.750461,1470.0,272.91,1470.0,274.79
2017-06-03 09:49:28.495712,54.409267,-165.750445,1470.0,272.91,1470.0,272.91
2017-06-03 09:49:28.994913,54.409288,-165.750396,1470.0,272.91,1470.0,272.91
2017-06-03 09:49:29.494114,54.409296,-165.75038,1470.0,274.79,1470.0,272.91
2017-06-03 09:49:29.993315,54.409318,-165.750332,1470.0,274.41,1470.0,272.91
2017-06-03 09:49:30.492516,54.409326,-165.750317,1470.0,273.1,1470.0,272.91
2017-06-03 09:49:30.991716,54.409348,-165.750269,1470.0,272.91,1470.0,275.35
2017-06-03 09:49:31.490917,54.409356,-165.750253,1470.0,272.91,1470.0,272.72
2017-06-03 09:49:31.990118,54.409378,-165.750204,1470.0,272.91,1470.0,272.91
2017-06-03 09:49:32.489319,54.409385,-165.750188,1470.0,272.91,1470.0,272.91
2017-06-03 09:49:32.988522,54.409406,-165.750142,1470.0,273.1,1470.0,274.79
2017-06-03 09:49:33.487720,54.409413,-165.750126,1470.0,273.28,1470.0,273.1
2017-06-03 09:49:33.986923,54.409434,-165.750074,1470.0,273.28,1470.0,273.28
2017-06-03 09:49:34.486122,54.40944,-165.750058,1470.0,273.47,1470.0,273.28
2017-06-03 09:49:34.985325,54.409459,-165.750008,1470.0,273.47,1470.0,273.28
2017-06-03 09:49:35.484524,54.409465,-165.749991,1470.0,273.47,1470.0,222.29
2017-06-03 09:49:35.999327,54.409487,-165.749941,1470.0,273.28,1470.0,274.6
2017-06-03 09:49:36.498526,54.409494,-165.749926,1470.0,273.1,1470.0,274.79
2017-06-03 09:49:36.997728,54.409515,-165.74988,1470.0,272.91,1470.0,274.6
2017-06-03 09:49:37.496927,54.409522,-165.749865,1470.0,274.23,1470.0,272.72
2017-06-03 09:49:37.996128,54.409545,-165.749819,1470.0,272.72,1470.0,274.23
2017-06-03 09:49:38.495331,54.409552,-165.749803,1470.0,272.72,1470.0,275.17
2017-06-03 09:49:38.994530,54.409575,-165.749756,1470.0,272.91,1470.0,274.04
2017-06-03 09:49:39.493732,54.409582,-165.74974,1470.0,274.79,1470.0,273.1
2017-06-03 09:49:39.992931,54.409603,-165.749691,1470.0,273.28,1470.0,273.28
2017-06-03 09:49:40.492134,54.40961,-165.749674,1470.0,273.66,1470.0,273.47
2017-06-03 09:49:40.991333,54.409629,-165.749624,1470.0,273.66,1470.0,273.66
2017-06-03 09:49:41.490536,54.409635,-165.749608,1470.0,274.04,1470.0,275.17
2017-06-03 09:49:41.989735,54.409655,-165.749558,1470.0,274.04,1470.0,273.85
2017-06-03 09:49:42.488937,54.409662,-165.749542,1470.0,273.85,1470.0,273.66
2017-06-03 09:49:42.988136,54.409681,-165.749494,1470.0,273.66,1470.0,273.66
2017-06-03 09:49:43.487339,54.409688,-165.749478,1470.0,275.35,1470.0,273.28
2017-06-03 09:49:43.986540,54.409711,-165.749431,1470.0,273.28,1470.0,273.1
2017-06-03 09:49:44.485741,54.409719,-165.749415,1470.0,274.41,1470.0,272.91
2017-06-03 09:49:44.984941,54.409742,-165.749369,1470.0,272.91,1470.0,272.91
2017-06-03 09:49:45.484142,54.40975,-165.749353,1470.0,273.1,1470.0,272.91
2017-06-03 09:49:45.998943,54.409774,-165.749306,1470.0,273.28,1470.0,273.1
2017-06-03 09:49:46.498144,54.409781,-165.74929,1470.0,273.47,1470.0,273.47
2017-06-03 09:49:46.997345,54.409803,-165.749244,1470.0,273.66,1470.0,274.6
2017-06-03 09:49:47.496546,54.40981,-165.749228,1470.0,275.73,1470.0,274.04
2017-06-03 09:49:47.995747,54.40983,-165.749179,1470.0,273.85,1470.0,273.85
2017-06-03 09:49:48.494947,54.409837,-165.749163,1470.0,274.04,1470.0,273.85
2017-06-03 09:49:48.994148,54.409857,-165.749113,1470.0,273.85,1470.0,273.66
2017-06-03 09:49:49.493349,54.409864,-165.749096,1470.0,273.66,1470.0,246.57
2017-06-03 09:49:49.992550,54.409885,-165.749047,1470.0,273.66,1470.0,273.47
2017-06-03 09:49:50.491751,54.409892,-165.749032,1470.0,273.47,1470.0,273.47
2017-06-03 09:49:50.990952,54.409913,-165.748984,1470.0,273.47,1470.0,273.28
2017-06-03 09:49:51.490152,54.409921,-165.748968,1470.0,273.47,1470.0,275.17
2017-06-03 09:49:51.989353,54.409943,-165.748922,1470.0,273.47,1470.0,274.04
2017-06-03 09:49:52.488554,54.409951,-165.748907,1470.0,273.47,1470.0,273.47
2017-06-03 09:49:52.987755,54.409974,-165.748863,1470.0,275.17,1470.0,273.66
2017-06-03 09:49:53.486956,54.409982,-165.748848,1470.0,274.98,1470.0,273.66
2017-06-03 09:49:53.986158,54.410005,-165.748802,1470.0,273.47,1470.0,273.47
2017-06-03 09:49:54.485357,54.410012,-165.748787,1470.0,273.47,1470.0,274.98
2017-06-03 09:49:54.984560,54.410036,-165.748742,1470.0,273.47,1470.0,273.28
2017-06-03 09:49:55.499359,54.410044,-165.748725,1470.0,273.28,1470.0,273.28
2017-06-03 09:49:55.998562,54.410067,-165.748676,1470.0,273.47,1470.0,273.47
2017-06-03 09:49:56.497761,54.410074,-165.74866,1470.0,274.79,1470.0,273.47
2017-06-03 09:49:56.996964,54.410095,-165.748614,1470.0,273.85,1470.0,273.66
2017-06-03 09:49:57.496162,54.410102,-165.748598,1470.0,273.85,1470.0,273.85
2017-06-03 09:49:57.995365,54.410123,-165.748549,1470.0,273.85,1470.0,273.85
2017-06-03 09:49:58.494566,54.41013,-165.748533,1470.0,273.85,1470.0,275.92
2017-06-03 09:49:58.993765,54.410152,-165.748486,1470.0,273.66,1470.0,273.66
2017-06-03 09:49:59.492968,54.410159,-165.74847,1470.0,273.66,1470.0,273.47
2017-06-03 09:49:59.992167,54.410182,-165.748422,1470.0,275.17,1470.0,273.28
2017-06-03 09:50:00.491369,54.410189,-165.748407,1470.0,273.47,1470.0,273.28
2017-06-03 09:50:00.990568,54.410212,-165.74836,1470.0,273.85,1470.0,273.28
2017-06-03 09:50:01.489771,54.410219,-165.748345,1470.0,273.47,1470.0,275.35
2017-06-03 09:50:01.988970,54.410243,-165.748299,1470.0,273.47,1470.0,273.47
2017-06-03 09:50:02.488173,54.410251,-165.748284,1470.0,273.66,1470.0,275.92
2017-06-03 09:50:02.987371,54.410273,-165.748238,1470.0,273.85,1470.0,273.66
2017-06-03 09:50:03.486574,54.41028,-165.748223,1470.0,273.85,1470.0,273.66
2017-06-03 09:50:03.985775,54.410302,-165.748174,1470.0,273.66,1470.0,273.66
2017-06-03 09:50:04.484976,54.410309,-165.748158,1470.0,273.66,1470.0,273.66
2017-06-03 09:50:04.984177,54.410331,-165.74811,1470.0,273.47,1470.0,273.66
2017-06-03 09:50:05.498978,54.410339,-165.748093,1470.0,273.47,1470.0,273.47
2017-06-03 09:50:05.998178,54.410362,-165.748047,1470.0,273.66,1470.0,273.47
2017-06-03 09:50:06.497379,54.410369,-165.748032,1470.0,273.66,1470.0,275.92
2017-06-03 09:50:06.996580,54.410392,-165.747984,1470.0,273.66,1470.0,195.57
2017-06-03 09:50:07.495781,54.410399,-165.747968,1470.0,273.47,1470.0,273.47
2017-06-03 09:50:07.994982,54.410422,-165.747921,1470.0,273.47,1470.0,273.47
2017-06-03 09:50:08.494183,54.410429,-165.747905,1470.0,273.47,1470.0,273.47
2017-06-03 09:50:08.993383,54.41045,-165.747857,1470.0,273.47,1470.0,273.47
2017-06-03 09:50:09.492584,54.410457,-165.747842,1470.0,275.73,1470.0,273.47
2017-06-03 09:50:09.991785,54.41048,-165.747794,1470.0,273.66,1470.0,273.47
2017-06-03 09:50:10.490986,54.410487,-165.747778,1470.0,273.66,1470.0,273.47
2017-06-03 09:50:10.990187,54.410508,-165.747728,1470.0,274.98,1470.0,273.47
2017-06-03 09:50:11.489388,54.410515,-165.747711,1470.0,275.54,1470.0,273.47
2017-06-03 09:50:11.988588,54.410537,-165.747662,1470.0,273.66,1470.0,275.54
2017-06-03 09:50:12.487789,54.410543,-165.747647,1470.0,273.66,1470.0,273.66
2017-06-03 09:50:12.986990,54.410563,-165.747599,1470.0,273.66,1470.0,273.47
2017-06-03 09:50:13.486191,54.41057,-165.747583,1470.0,273.66,1470.0,273.47
2017-06-03 09:50:13.985392,54.410593,-165.747534,1470.0,273.47,1470.0,273.47
2017-06-03 09:50:14.484592,54.4106,-165.747518,1470.0,273.47,1470.0,273.47
2017-06-03 09:50:14.983795,54.410621,-165.74747,1470.0,273.47,1470.0,273.66
2017-06-03 09:50:15.498594,54.410629,-165.747453,1470.0,273.66,1470.0,274.98
2017-06-03 09:50:15.997797,54.410653,-165.747406,1470.0,273.66,1470.0,273.47
2017-06-03 09:50:16.496996,54.410661,-165.74739,1470.0,274.79,1470.0,273.66
2017-06-03 09:50:16.996199,54.410683,-165.747342,1470.0,273.66,1470.0,275.35
2017-06-03 09:50:17.495398,54.410691,-165.747326,1470.0,273.66,1470.0,276.48
2017-06-03 09:50:17.994600,54.410713,-165.747276,1470.0,275.17,1470.0,274.6
2017-06-03 09:50:18.493799,54.410721,-165.74726,1470.0,273.47,1470.0,273.47
2017-06-03 09:50:18.993002,54.410743,-165.747212,1470.0,273.47,1470.0,273.47
2017-06-03 09:50:19.492203,54.41075,-165.747196,1470.0,273.47,1470.0,273.47
2017-06-03 09:50:19.991402,54.410772,-165.747147,1470.0,273.47,1470.0,273.47
2017-06-03 09:50:20.490604,54.410779,-165.747132,1470.0,273.66,1470.0,273.47
2017-06-03 09:50:20.989803,54.410801,-165.747085,1470.0,273.66,1470.0,273.47
2017-06-03 09:50:21.489006,54.410808,-165.747069,1470.0,273.47,1470.0,273.47
2017-06-03 09:50:21.988205,54.41083,-165.747018,1470.0,273.47,1470.0,275.17
2017-06-03 09:50:22.487408,54.410837,-165.747002,1470.0,273.28,1470.0,273.28
2017-06-03 09:50:22.986607,54.410858,-165.746955,1470.0,273.47,1470.0,273.28
2017-06-03 09:50:23.485809,54.410865,-165.746939,1470.0,273.28,1470.0,273.28
2017-06-03 09:50:23.985010,54.410885,-165.746889,1470.0,273.28,1470.0,273.28
2017-06-03 09:50:24.484211,54.410892,-165.746873,1470.0,273.28,1470.0,273.28
2017-06-03 09:50:24.999012,54.410914,-165.746825,1470.0,273.28,1470.0,269.33
2017-06-03 09:50:25.498213,54.410921,-165.74681,1470.0,273.28,1470.0,273.28
2017-06-03 09:50:25.997414,54.410943,-165.746761,1470.0,273.47,1470.0,273.47
2017-06-03 09:50:26.496614,54.41095,-165.746745,1470.0,273.47,1470.0,273.47
2017-06-03 09:50:26.995815,54.410972,-165.746697,1470.0,273.66,1470.0,273.47
2017-06-03 09:50:27.495016,54.410979,-165.746681,1470.0,273.66,1470.0,273.66
2017-06-03 09:50:27.994217,54.411,-165.746632,1470.0,273.66,1470.0,273.47
2017-06-03 09:50:28.493418,54.411007,-165.746616,1470.0,273.66,1470.0,273.47
2017-06-03 09:50:28.992619,54.41103,-165.746566,1470.0,273.66,1470.0,273.47
2017-06-03 09:50:29.491819,54.411037,-165.74655,1470.0,273.66,1470.0,273.47
2017-06-03 09:50:29.991020,54.411058,-165.746501,1470.0,273.66,1470.0,273.66
2017-06-03 09:50:30.490221,54.411066,-165.746485,1470.0,273.85,1470.0,274.6
2017-06-03 09:50:30.989422,54.411088,-165.746437,1470.0,273.66,1470.0,275.35
2017-06-03 09:50:31.488623,54.411095,-165.746422,1470.0,273.66,1470.0,273.47
2017-06-03 09:50:31.987823,54.411117,-165.746374,1470.0,273.47,1470.0,275.17
2017-06-03 09:50:32.487024,54.411124,-165.746358,1470.0,273.28,1470.0,275.35
2017-06-03 09:50:32.986225,54.411146,-165.746312,1470.0,274.41,1470.0,273.1
2017-06-03 09:50:33.485426,54.411153,-165.746296,1470.0,273.1,1470.0,243.18
2017-06-03 09:50:33.984627,54.411175,-165.746249,1470.0,274.98,1470.0,273.1
2017-06-03 09:50:34.483828,54.411182,-165.746233,1470.0,273.28,1470.0,274.23
2017-06-03 09:50:34.998631,54.411205,-165.746185,1470.0,275.17,1470.0,274.6
2017-06-03 09:50:35.497829,54.411212,-165.74617,1470.0,273.28,1470.0,273.28
2017-06-03 09:50:35.997032,54.411233,-165.746122,1470.0,273.47,1470.0,273.28
2017-06-03 09:50:36.496231,54.41124,-165.746106,1470.0,273.66,1470.0,273.66
2017-06-03 09:50:36.995434,54.41126,-165.746057,1470.0,274.04,1470.0,273.66
2017-06-03 09:50:37.494633,54.411267,-165.746041,1470.0,274.04,1470.0,273.85
2017-06-03 09:50:37.993835,54.411288,-165.745989,1470.0,274.23,1470.0,243.56
2017-06-03 09:50:38.493034,54.411295,-165.745973,1470.0,274.23,1470.0,274.04
2017-06-03 09:50:38.992237,54.411317,-165.745921,1470.0,274.04,1470.0,273.85
2017-06-03 09:50:39.491436,54.411324,-165.745905,1470.0,273.85,1470.0,273.66
2017-06-03 09:50:39.990639,54.411347,-165.745856,1470.0,273.85,1470.0,273.66
2017-06-03 09:50:40.489840,54.411354,-165.74584,1470.0,273.66,1470.0,273.47
2017-06-03 09:50:40.989038,54.411377,-165.745794,1470.0,275.54,1470.0,275.73
2017-06-03 09:50:41.488241,54.411384,-165.745778,1470.0,273.28,1470.0,275.17
2017-06-03 09:50:41.987440,54.411408,-165.745732,1470.0,273.1,1470.0,274.79
2017-06-03 09:50:42.486643,54.411416,-165.745717,1470.0,274.04,1470.0,272.91
2017-06-03 09:50:42.985842,54.411439,-165.745672,1470.0,272.91,1470.0,272.72
2017-06-03 09:50:43.485044,54.411447,-165.745656,1470.0,272.91,1470.0,273.1
2017-06-03 09:50:43.984243,54.411468,-165.745607,1470.0,273.1,1470.0,272.91
2017-06-03 09:50:44.499046,54.411475,-165.74559,1470.0,273.28,1470.0,273.1
2017-06-03 09:50:44.998247,54.411494,-165.745541,1470.0,273.66,1470.0,273.28
2017-06-03 09:50:45.497448,54.4115,-165.745524,1470.0,273.85,1470.0,273.47
2017-06-03 09:50:45.996649,54.411519,-165.745474,1470.0,274.04,1470.0,273.66
2017-06-03 09:50:46.495850,54.411525,-165.745458,1470.0,274.23,1470.0,273.66
2017-06-03 09:50:46.995050,54.411547,-165.745408,1470.0,274.23,1470.0,273.66
2017-06-03 09:50:47.494251,54.411554,-165.745392,1470.0,273.66,1470.0,273.47
2017-06-03 09:50:47.993452,54.411575,-165.745344,1470.0,273.47,1470.0,273.28
2017-06-03 09:50:48.492653,54.411583,-165.745328,1470.0,273.1,1470.0,273.1
2017-06-03 09:50:48.991854,54.411608,-165.745282,1470.0,273.85,1470.0,272.91
2017-06-03 09:50:49.491055,54.411616,-165.745267,1470.0,273.1,1470.0,273.1
2017-06-03 09:50:49.990255,54.41164,-165.745223,1470.0,273.1,1470.0,272.91
2017-06-03 09:50:50.489456,54.411647,-165.745209,1470.0,274.6,1470.0,273.1
2017-06-03 09:50:50.988657,54.411669,-165.745163,1470.0,273.1,1470.0,273.47
2017-06-03 09:50:51.487858,54.411677,-165.745148,1470.0,274.41,1470.0,273.1
2017-06-03 09:50:51.987059,54.411698,-165.745096,1470.0,273.1,1470.0,274.41
2017-06-03 09:50:52.486259,54.411705,-165.74508,1470.0,273.1,1470.0,273.1
2017-06-03 09:50:52.985460,54.411722,-165.745031,1470.0,273.1,1470.0,274.04
2017-06-03 09:50:53.484661,54.411728,-165.745014,1470.0,273.28,1470.0,273.1
2017-06-03 09:50:53.983862,54.411747,-165.744963,1470.0,273.28,1470.0,273.1
2017-06-03 09:50:54.498663,54.411754,-165.744944,1470.0,273.47,1470.0,273.1
2017-06-03 09:50:54.997866,54.411774,-165.744894,1470.0,273.28,1470.0,273.1
2017-06-03 09:50:55.497065,54.41178,-165.744878,1470.0,273.28,1470.0,273.1
2017-06-03 09:50:55.996267,54.411802,-165.744828,1470.0,273.1,1470.0,273.1
2017-06-03 09:50:56.495466,54.411809,-165.744812,1470.0,273.28,1470.0,273.1
2017-06-03 09:50:56.994669,54.411832,-165.744764,1470.0,273.1,1470.0,272.91
2017-06-03 09:50:57.493868,54.411839,-165.744748,1470.0,273.1,1470.0,274.23
2017-06-03 09:50:57.993071,54.411862,-165.744702,1470.0,273.1,1470.0,273.1
2017-06-03 09:50:58.492270,54.411869,-165.744687,1470.0,273.28,1470.0,274.98
2017-06-03 09:50:58.991472,54.411892,-165.74464,1470.0,273.47,1470.0,273.28
2017-06-03 09:50:59.490671,54.411899,-165.744625,1470.0,273.28,1470.0,273.28
2017-06-03 09:50:59.989874,54.411919,-165.744576,1470.0,273.28,1470.0,275.35
2017-06-03 09:51:00.489075,54.411925,-165.74456,1470.0,273.1,1470.0,273.66
2017-06-03 09:51:00.988276,54.411945,-165.744514,1470.0,274.6,1470.0,272.91
2017-06-03 09:51:01.487476,54.411952,-165.744498,1470.0,272.91,1470.0,272.72
2017-06-03 09:51:01.986675,54.411973,-165.744448,1470.0,272.72,1470.0,272.72
2017-06-03 09:51:02.485878,54.41198,-165.744432,1470.0,274.79,1470.0,272.91
2017-06-03 09:51:02.985077,54.412,-165.744385,1470.0,272.91,1470.0,275.17
2017-06-03 09:51:03.484280,54.412006,-165.744369,1470.0,272.91,1470.0,272.91
2017-06-03 09:51:03.999079,54.412028,-165.744318,1470.0,272.91,1470.0,276.48
2017-06-03 09:51:04.498281,54.412034,-165.744301,1470.0,272.91,1470.0,272.91
2017-06-03 09:51:04.997480,54.412055,-165.744252,1470.0,273.28,1470.0,272.91
2017-06-03 09:51:05.496683,54.412062,-165.744236,1470.0,273.1,1470.0,274.23
2017-06-03 09:51:05.995884,54.412083,-165.744187,1470.0,273.28,1470.0,273.28
2017-06-03 09:51:06.495085,54.41209,-165.744171,1470.0,273.28,1470.0,273.28
2017-06-03 09:51:06.994286,54.412112,-165.744122,1470.0,273.47,1470.0,273.28
2017-06-03 09:51:07.493486,54.412119,-165.744106,1470.0,273.47,1470.0,273.28
2017-06-03 09:51:07.992687,54.412142,-165.744057,1470.0,273.28,1470.0,273.1
2017-06-03 09:51:08.491888,54.412149,-165.744042,1470.0,273.1,1470.0,273.1
2017-06-03 09:51:08.991089,54.41217,-165.743994,1470.0,272.91,1470.0,273.66
2017-06-03 09:51:09.490290,54.412177,-165.743978,1470.0,272.72,1470.0,272.72
2017-06-03 09:51:09.989491,54.4122,-165.743931,1470.0,274.23,1470.0,274.41
2017-06-03 09:51:10.488691,54.412207,-165.743915,1470.0,272.72,1470.0,272.53
2017-06-03 09:51:10.987892,54.412228,-165.74387,1470.0,272.72,1470.0,272.53
2017-06-03 09:51:11.487093,54.412235,-165.743855,1470.0,272.53,1470.0,272.53
2017-06-03 09:51:11.986294,54.412258,-165.743806,1470.0,272.53,1470.0,272.53
2017-06-03 09:51:12.485495,54.412265,-165.74379,1470.0,272.72,1470.0,272.53
2017-06-03 09:51:12.984695,54.412285,-165.743742,1470.0,272.72,1470.0,272.72
2017-06-03 09:51:13.483896,54.412291,-165.743726,1470.0,272.91,1470.0,275.54
2017-06-03 09:51:13.998697,54.412313,-165.743674,1470.0,273.1,1470.0,274.04
2017-06-03 09:51:14.497898,54.412319,-165.743658,1470.0,273.28,1470.0,273.1
2017-06-03 09:51:14.997101,54.412339,-165.743608,1470.0,273.28,1470.0,273.1
2017-06-03 09:51:15.496300,54.412346,-165.743591,1470.0,273.28,1470.0,274.6
2017-06-03 09:51:15.995502,54.412368,-165.743542,1470.0,273.1,1470.0,272.91
2017-06-03 09:51:16.494701,54.412376,-165.743527,1470.0,273.1,1470.0,272.91
2017-06-03 09:51:16.993904,54.412398,-165.743479,1470.0,273.1,1470.0,272.91
2017-06-03 09:51:17.493103,54.412406,-165.743463,1470.0,272.91,1470.0,272.91
2017-06-03 09:51:17.992306,54.41243,-165.743416,1470.0,272.91,1470.0,272.72
2017-06-03 09:51:18.491505,54.412437,-165.7434,1470.0,272.72,1470.0,273.47
2017-06-03 09:51:18.990707,54.41246,-165.743354,1470.0,272.72,1470.0,272.72
2017-06-03 09:51:19.489906,54.412467,-165.743338,1470.0,274.41,1470.0,274.41
2017-06-03 09:51:19.989109,54.41249,-165.743291,1470.0,272.53,1470.0,274.23
2017-06-03 09:51:20.488310,54.412497,-165.743275,1470.0,272.53,1470.0,274.41
2017-06-03 09:51:20.987511,54.412516,-165.743229,1470.0,272.53,1470.0,272.53
2017-06-03 09:51:21.486712,54.412523,-165.743213,1470.0,272.53,1470.0,272.53
2017-06-03 09:51:21.985912,54.412545,-165.743163,1470.0,272.72,1470.0,272.72
2017-06-03 09:51:22.485113,54.412552,-165.743147,1470.0,272.72,1470.0,272.72
2017-06-03 09:51:22.984312,54.41257,-165.743099,1470.0,272.91,1470.0,272.72
2017-06-03 09:51:23.499115,54.412577,-165.743081,1470.0,272.91,1470.0,272.72
2017-06-03 09:51:23.998314,54.412598,-165.743031,1470.0,272.91,1470.0,272.72
2017-06-03 09:51:24.497517,54.412605,-165.743015,1470.0,272.72,1470.0,250.71
2017-06-03 09:51:24.996716,54.412627,-165.742966,1470.0,272.91,1470.0,272.72
2017-06-03 09:51:25.495918,54.412634,-165.74295,1470.0,272.91,1470.0,272.72
2017-06-03 09:51:25.995119,54.412657,-165.742902,1470.0,275.35,1470.0,272.91
2017-06-03 09:51:26.494320,54.412664,-165.742887,1470.0,274.79,1470.0,272.91
2017-06-03 09:51:26.993521,54.412685,-165.742839,1470.0,273.1,1470.0,272.91
2017-06-03 09:51:27.492722,54.412692,-165.742823,1470.0,275.17,1470.0,272.91
2017-06-03 09:51:27.991922,54.412715,-165.742776,1470.0,274.41,1470.0,272.91
2017-06-03 09:51:28.491123,54.412722,-165.74276,1470.0,272.91,1470.0,274.79
2017-06-03 09:51:28.990324,54.412743,-165.742711,1470.0,272.91,1470.0,272.72
2017-06-03 09:51:29.489525,54.41275,-165.742695,1470.0,272.72,1470.0,272.72
2017-06-03 09:51:29.988726,54.412772,-165.742646,1470.0,274.6,1470.0,163.96
2017-06-03 09:51:30.487926,54.412779,-165.74263,1470.0,273.85,1470.0,272.53
2017-06-03 09:51:30.987127,54.4128,-165.742582,1470.0,272.53,1470.0,272.53
2017-06-03 09:51:31.486328,54.412806,-165.742566,1470.0,272.53,1470.0,274.98
2017-06-03 09:51:31.985529,54.412827,-165.742516,1470.0,272.53,1470.0,272.53
2017-06-03 09:51:32.484730,54.412834,-165.7425,1470.0,272.72,1470.0,272.72
2017-06-03 09:51:32.983931,54.412855,-165.742452,1470.0,272.72,1470.0,272.72
2017-06-03 09:51:33.498732,54.412862,-165.742434,1470.0,272.72,1470.0,191.06
2017-06-03 09:51:33.997932,54.412883,-165.742384,1470.0,272.91,1470.0,272.72
2017-06-03 09:51:34.497133,54.41289,-165.742368,1470.0,273.1,1470.0,258.42
2017-06-03 09:51:34.996334,54.41291,-165.742319,1470.0,273.28,1470.0,273.1
2017-06-03 09:51:35.495535,54.412917,-165.742303,1470.0,273.28,1470.0,273.1
2017-06-03 09:51:35.994736,54.412938,-165.742254,1470.0,273.28,1470.0,273.28
2017-06-03 09:51:36.493937,54.412945,-165.742238,1470.0,273.1,1470.0,273.1
2017-06-03 09:51:36.993139,54.412967,-165.742191,1470.0,273.1,1470.0,274.79
2017-06-03 09:51:37.492338,54.412974,-165.742175,1470.0,272.91,1470.0,272.91
2017-06-03 09:51:37.991541,54.412998,-165.742126,1470.0,272.72,1470.0,272.72
2017-06-03 09:51:38.490740,54.413006,-165.74211,1470.0,274.41,1470.0,272.53
2017-06-03 09:51:38.989943,54.413028,-165.742065,1470.0,272.53,1470.0,272.53
2017-06-03 09:51:39.489141,54.413035,-165.74205,1470.0,272.72,1470.0,272.53
2017-06-03 09:51:39.988344,54.413058,-165.742002,1470.0,272.72,1470.0,274.6
2017-06-03 09:51:40.487543,54.413065,-165.741987,1470.0,274.98,1470.0,272.72
2017-06-03 09:51:40.986746,54.413085,-165.74194,1470.0,272.91,1470.0,272.91
2017-06-03 09:51:41.485947,54.413091,-165.741924,1470.0,273.1,1470.0,273.1
2017-06-03 09:51:41.985147,54.413113,-165.741874,1470.0,273.1,1470.0,198.59
2017-06-03 09:51:42.484348,54.41312,-165.741858,1470.0,273.1,1470.0,273.1
2017-06-03 09:51:42.999147,54.41314,-165.741806,1470.0,273.28,1470.0,273.1
2017-06-03 09:51:43.498350,54.413147,-165.741789,1470.0,273.66,1470.0,273.28
2017-06-03 09:51:43.997549,54.413167,-165.741739,1470.0,273.47,1470.0,273.28
2017-06-03 09:51:44.496752,54.413174,-165.741723,1470.0,273.47,1470.0,273.47
2017-06-03 09:51:44.995951,54.413195,-165.741674,1470.0,273.47,1470.0,273.47
2017-06-03 09:51:45.495153,54.413202,-165.741658,1470.0,273.47,1470.0,273.28
2017-06-03 09:51:45.994354,54.413225,-165.741611,1470.0,273.28,1470.0,273.1
2017-06-03 09:51:46.493555,54.413233,-165.741595,1470.0,273.1,1470.0,272.91
2017-06-03 09:51:46.992756,54.413256,-165.741549,1470.0,272.72,1470.0,272.72
2017-06-03 09:51:47.491957,54.413264,-165.741534,1470.0,272.72,1470.0,274.23
2017-06-03 09:51:47.991158,54.413288,-165.741489,1470.0,272.72,1470.0,272.72
2017-06-03 09:51:48.490358,54.413296,-165.741474,1470.0,274.23,1470.0,272.72
2017-06-03 09:51:48.989559,54.413318,-165.741428,1470.0,272.91,1470.0,272.91
2017-06-03 09:51:49.488760,54.413325,-165.741413,1470.0,273.1,1470.0,273.1
2017-06-03 09:51:49.987961,54.413347,-165.741363,1470.0,273.47,1470.0,273.47
2017-06-03 09:51:50.487162,54.413353,-165.741347,1470.0,273.47,1470.0,273.28
2017-06-03 09:51:50.986362,54.413373,-165.741299,1470.0,273.66,1470.0,273.47
2017-06-03 09:51:51.485563,54.41338,-165.741283,1470.0,273.66,1470.0,273.47
2017-06-03 09:51:51.984764,54.4134,-165.741231,1470.0,273.66,1470.0,273.47
2017-06-03 09:51:52.483965,54.413407,-165.741215,1470.0,273.66,1470.0,273.47
2017-06-03 09:51:52.998766,54.413429,-165.741166,1470.0,273.28,1470.0,17.01
2017-06-03 09:51:53.497967,54.413436,-165.74115,1470.0,273.28,1470.0,273.1
2017-06-03 09:51:53.997168,54.413458,-165.741104,1470.0,273.1,1470.0,272.91
2017-06-03 09:51:54.496368,54.413466,-165.741089,1470.0,272.91,1470.0,272.91
2017-06-03 09:51:54.995569,54.413491,-165.741044,1470.0,272.91,1470.0,274.41
2017-06-03 09:51:55.494770,54.413499,-165.741029,1470.0,273.1,1470.0,273.1
2017-06-03 09:51:55.993971,54.413523,-165.740984,1470.0,274.79,1470.0,273.28
2017-06-03 09:51:56.493172,54.41353,-165.740968,1470.0,273.28,1470.0,273.28
2017-06-03 09:51:56.992374,54.413552,-165.740921,1470.0,274.79,1470.0,273.28
2017-06-03 09:51:57.491573,54.413559,-165.740904,1470.0,273.66,1470.0,275.17
2017-06-03 09:51:57.990776,54.413579,-165.740854,1470.0,273.47,1470.0,273.28
2017-06-03 09:51:58.489975,54.413585,-165.740838,1470.0,273.47,1470.0,273.28
2017-06-03 09:51:58.989178,54.413606,-165.74079,1470.0,273.28,1470.0,273.28
2017-06-03 09:51:59.488377,54.413613,-165.740774,1470.0,273.47,1470.0,273.28
2017-06-03 09:51:59.987579,54.413635,-165.740724,1470.0,273.47,1470.0,274.41
2017-06-03 09:52:00.486778,54.413642,-165.740709,1470.0,273.28,1470.0,273.28
2017-06-03 09:52:00.985981,54.413663,-165.740663,1470.0,273.28,1470.0,273.28
2017-06-03 09:52:01.485180,54.41367,-165.740648,1470.0,273.28,1470.0,273.1
2017-06-03 09:52:01.984383,54.413693,-165.740599,1470.0,273.1,1470.0,273.1
2017-06-03 09:52:02.499184,54.413702,-165.740582,1470.0,273.1,1470.0,273.1
2017-06-03 09:52:02.998383,54.413725,-165.740538,1470.0,273.1,1470.0,274.41
2017-06-03 09:52:03.497585,54.413733,-165.740523,1470.0,273.1,1470.0,273.1
2017-06-03 09:52:03.996784,54.413756,-165.740477,1470.0,273.1,1470.0,273.1
2017-06-03 09:52:04.495987,54.413764,-165.740462,1470.0,273.28,1470.0,273.28
2017-06-03 09:52:04.995186,54.413787,-165.740414,1470.0,273.47,1470.0,273.47
2017-06-03 09:52:05.494389,54.413794,-165.740398,1470.0,273.66,1470.0,275.54
2017-06-03 09:52:05.993587,54.413814,-165.740349,1470.0,273.66,1470.0,273.66
2017-06-03 09:52:06.492790,54.41382,-165.740333,1470.0,273.66,1470.0,273.66
2017-06-03 09:52:06.991991,54.413842,-165.740283,1470.0,273.66,1470.0,273.47
2017-06-03 09:52:07.491192,54.413849,-165.740266,1470.0,274.98,1470.0,273.28
2017-06-03 09:52:07.990393,54.413872,-165.740216,1470.0,273.28,1470.0,274.79
2017-06-03 09:52:08.489594,54.413879,-165.7402,1470.0,273.1,1470.0,273.1
2017-06-03 09:52:08.988794,54.413902,-165.740152,1470.0,273.1,1470.0,273.1
2017-06-03 09:52:09.487995,54.413909,-165.740137,1470.0,273.1,1470.0,275.17
2017-06-03 09:52:09.987196,54.413933,-165.74009,1470.0,273.28,1470.0,273.28
2017-06-03 09:52:10.486397,54.41394,-165.740075,1470.0,274.98,1470.0,274.98
2017-06-03 09:52:10.985598,54.413961,-165.74003,1470.0,275.73,1470.0,273.66
2017-06-03 09:52:11.484800,54.413968,-165.740015,1470.0,273.66,1470.0,273.66
2017-06-03 09:52:11.983999,54.413991,-165.739966,1470.0,273.66,1470.0,273.66
2017-06-03 09:52:12.498800,54.413999,-165.739948,1470.0,273.47,1470.0,273.47
2017-06-03 09:52:12.998001,54.41402,-165.739901,1470.0,273.47,1470.0,274.6
2017-06-03 09:52:13.497202,54.414027,-165.739885,1470.0,273.47,1470.0,273.28
2017-06-03 09:52:13.996403,54.414048,-165.739836,1470.0,273.47,1470.0,274.79
2017-06-03 09:52:14.495604,54.414056,-165.73982,1470.0,273.47,1470.0,273.47
2017-06-03 09:52:14.994804,54.414078,-165.739772,1470.0,273.66,1470.0,273.47
2017-06-03 09:52:15.494005,54.414086,-165.739757,1470.0,273.47,1470.0,273.47
2017-06-03 09:52:15.993206,54.414108,-165.73971,1470.0,273.47,1470.0,273.47
2017-06-03 09:52:16.492407,54.414116,-165.739695,1470.0,273.28,1470.0,273.28
2017-06-03 09:52:16.991610,54.41414,-165.739647,1470.0,273.28,1470.0,274.04
2017-06-03 09:52:17.490808,54.414148,-165.739632,1470.0,273.28,1470.0,273.28
2017-06-03 09:52:17.990011,54.414171,-165.739585,1470.0,273.28,1470.0,273.28
2017-06-03 09:52:18.489210,54.414179,-165.73957,1470.0,273.47,1470.0,273.47
2017-06-03 09:52:18.988413,54.4142,-165.739522,1470.0,273.66,1470.0,273.66
2017-06-03 09:52:19.487612,54.414206,-165.739506,1470.0,273.85,1470.0,274.04
2017-06-03 09:52:19.986814,54.414227,-165.739456,1470.0,273.85,1470.0,275.92
2017-06-03 09:52:20.486013,54.414234,-165.73944,1470.0,273.85,1470.0,273.66
2017-06-03 09:52:20.985216,54.414255,-165.739391,1470.0,273.66,1470.0,273.66
2017-06-03 09:52:21.484415,54.414261,-165.739375,1470.0,273.47,1470.0,276.48
2017-06-03 09:52:21.999216,54.414283,-165.739326,1470.0,273.28,1470.0,275.54
2017-06-03 09:52:22.498419,54.414291,-165.73931,1470.0,274.23,1470.0,273.1
2017-06-03 09:52:22.997618,54.414315,-165.739262,1470.0,274.23,1470.0,273.1
2017-06-03 09:52:23.496820,54.414322,-165.739247,1470.0,273.28,1470.0,275.35
2017-06-03 09:52:23.996019,54.414345,-165.739199,1470.0,273.47,1470.0,273.28
2017-06-03 09:52:24.495222,54.414352,-165.739183,1470.0,273.47,1470.0,273.47
2017-06-03 09:52:24.994421,54.414373,-165.739136,1470.0,273.66,1470.0,275.54
2017-06-03 09:52:25.493624,54.41438,-165.739119,1470.0,274.98,1470.0,275.54
2017-06-03 09:52:25.992823,54.414402,-165.739069,1470.0,273.85,1470.0,276.3
2017-06-03 09:52:26.492025,54.414409,-165.739053,1470.0,273.85,1470.0,273.85
2017-06-03 09:52:26.991224,54.41443,-165.739004,1470.0,273.66,1470.0,273.66
2017-06-03 09:52:27.490427,54.414437,-165.738988,1470.0,273.66,1470.0,275.92
2017-06-03 09:52:27.989628,54.414458,-165.738938,1470.0,273.66,1470.0,273.47
2017-06-03 09:52:28.488829,54.414465,-165.738921,1470.0,273.47,1470.0,273.47
2017-06-03 09:52:28.988029,54.414486,-165.738872,1470.0,273.47,1470.0,274.98
2017-06-03 09:52:29.487230,54.414493,-165.738856,1470.0,273.47,1470.0,275.35
2017-06-03 09:52:29.986431,54.414516,-165.738807,1470.0,274.98,1470.0,273.47
2017-06-03 09:52:30.485632,54.414524,-165.738792,1470.0,273.47,1470.0,273.47
2017-06-03 09:52:30.984833,54.414545,-165.738745,1470.0,273.47,1470.0,275.73
2017-06-03 09:52:31.484034,54.414552,-165.73873,1470.0,273.47,1470.0,273.85
2017-06-03 09:52:31.998835,54.414575,-165.738681,1470.0,273.47,1470.0,275.73
2017-06-03 09:52:32.498035,54.414582,-165.738664,1470.0,273.47,1470.0,273.47
2017-06-03 09:52:32.997236,54.414602,-165.738613,1470.0,273.66,1470.0,273.47
2017-06-03 09:52:33.496437,54.414609,-165.738596,1470.0,273.66,1470.0,273.47
2017-06-03 09:52:33.995638,54.414629,-165.738547,1470.0,273.66,1470.0,273.66
2017-06-03 09:52:34.494839,54.414635,-165.738532,1470.0,273.66,1470.0,273.66
2017-06-03 09:52:34.994040,54.414657,-165.738484,1470.0,275.17,1470.0,273.47
2017-06-03 09:52:35.493240,54.414664,-165.738468,1470.0,273.47,1470.0,274.23
2017-06-03 09:52:35.992441,54.414688,-165.738421,1470.0,273.28,1470.0,274.41
2017-06-03 09:52:36.491642,54.414696,-165.738405,1470.0,273.28,1470.0,273.28
2017-06-03 09:52:36.990845,54.414718,-165.73836,1470.0,273.28,1470.0,273.28
2017-06-03 09:52:37.490044,54.414725,-165.738345,1470.0,273.66,1470.0,273.47
2017-06-03 09:52:37.989246,54.414748,-165.738296,1470.0,273.66,1470.0,273.66
2017-06-03 09:52:38.488445,54.414755,-165.73828,1470.0,275.54,1470.0,273.85
2017-06-03 09:52:38.987648,54.414776,-165.738232,1470.0,273.85,1470.0,274.98
2017-06-03 09:52:39.486847,54.414783,-165.738216,1470.0,273.85,1470.0,273.85
2017-06-03 09:52:39.986050,54.414805,-165.738167,1470.0,273.85,1470.0,273.85
2017-06-03 09:52:40.485249,54.414812,-165.738152,1470.0,273.66,1470.0,275.54
2017-06-03 09:52:40.984451,54.414833,-165.738104,1470.0,273.47,1470.0,273.47
2017-06-03 09:52:41.499250,54.414841,-165.738086,1470.0,273.47,1470.0,273.28
2017-06-03 09:52:41.998453,54.414864,-165.738038,1470.0,273.28,1470.0,275.92
2017-06-03 09:52:42.497654,54.414872,-165.738022,1470.0,273.28,1470.0,273.28
2017-06-03 09:52:42.996853,54.414895,-165.737977,1470.0,273.28,1470.0,274.41
2017-06-03 09:52:43.496056,54.414903,-165.737962,1470.0,273.28,1470.0,273.28
2017-06-03 09:52:43.995255,54.414926,-165.737917,1470.0,273.47,1470.0,275.35
2017-06-03 09:52:44.494457,54.414934,-165.737902,1470.0,273.47,1470.0,273.47
2017-06-03 09:52:44.993656,54.414957,-165.737854,1470.0,273.66,1470.0,274.98
2017-06-03 09:52:45.492859,54.414964,-165.737838,1470.0,273.66,1470.0,273.66
2017-06-03 09:52:45.992058,54.414985,-165.737791,1470.0,275.54,1470.0,273.47
2017-06-03 09:52:46.491261,54.414992,-165.737775,1470.0,275.35,1470.0,273.47
2017-06-03 09:52:46.990459,54.415014,-165.737727,1470.0,273.47,1470.0,274.98
2017-06-03 09:52:47.489662,54.415022,-165.737711,1470.0,273.47,1470.0,273.85
2017-06-03 09:52:47.988863,54.415045,-165.737662,1470.0,273.47,1470.0,273.28
2017-06-03 09:52:48.488064,54.415052,-165.737647,1470.0,273.28,1470.0,273.28
2017-06-03 09:52:48.987265,54.415073,-165.737599,1470.0,273.28,1470.0,273.28
2017-06-03 09:52:49.486465,54.41508,-165.737583,1470.0,275.35,1470.0,275.17
2017-06-03 09:52:49.985666,54.415103,-165.737534,1470.0,274.23,1470.0,274.79
2017-06-03 09:52:50.484867,54.415111,-165.737518,1470.0,273.47,1470.0,275.17
2017-06-03 09:52:50.984068,54.415134,-165.73747,1470.0,273.47,1470.0,273.47
2017-06-03 09:52:51.498869,54.415142,-165.737453,1470.0,273.47,1470.0,275.35
2017-06-03 09:52:51.998070,54.415165,-165.737404,1470.0,273.47,1470.0,273.47
2017-06-03 09:52:52.497271,54.415172,-165.737388,1470.0,273.66,1470.0,273.47
2017-06-03 09:52:52.996471,54.415193,-165.737341,1470.0,273.47,1470.0,273.47
2017-06-03 09:52:53.495672,54.415201,-165.737324,1470.0,273.47,1470.0,273.47
2017-06-03 09:52:53.994873,54.415223,-165.737274,1470.0,273.47,1470.0,273.28
2017-06-03 09:52:54.494074,54.415231,-165.737258,1470.0,274.98,1470.0,273.47
2017-06-03 09:52:54.993275,54.415253,-165.737211,1470.0,273.1,1470.0,273.1
2017-06-03 09:52:55.492476,54.415261,-165.737195,1470.0,273.1,1470.0,273.1
2017-06-03 09:52:55.991676,54.415283,-165.737147,1470.0,274.41,1470.0,272.91
2017-06-03 09:52:56.490877,54.41529,-165.737132,1470.0,274.98,1470.0,274.98
2017-06-03 09:52:56.990078,54.415311,-165.737085,1470.0,274.41,1470.0,273.1
2017-06-03 09:52:57.489279,54.415318,-165.73707,1470.0,273.1,1470.0,275.54
2017-06-03 09:52:57.988482,54.415341,-165.737021,1470.0,273.28,1470.0,273.1
2017-06-03 09:52:58.487680,54.415349,-165.737005,1470.0,273.1,1470.0,273.1
2017-06-03 09:52:58.986883,54.415371,-165.736956,1470.0,273.1,1470.0,273.1
2017-06-03 09:52:59.486082,54.415378,-165.73694,1470.0,273.28,1470.0,273.1
2017-06-03 09:52:59.985285,54.415399,-165.736891,1470.0,274.23,1470.0,275.54
2017-06-03 09:53:00.484484,54.415407,-165.736875,1470.0,273.28,1470.0,274.98
2017-06-03 09:53:00.999287,54.41543,-165.736824,1470.0,273.28,1470.0,273.28
2017-06-03 09:53:01.498486,54.415437,-165.736808,1470.0,275.54,1470.0,273.28
2017-06-03 09:53:01.997688,54.41546,-165.736759,1470.0,275.17,1470.0,273.28
2017-06-03 09:53:02.496889,54.415467,-165.736743,1470.0,273.28,1470.0,274.79
2017-06-03 09:53:02.996090,54.41549,-165.736694,1470.0,274.6,1470.0,273.1
2017-06-03 09:53:03.495291,54.415497,-165.736678,1470.0,273.1,1470.0,274.98
2017-06-03 09:53:03.994490,54.41552,-165.736629,1470.0,273.1,1470.0,273.1
2017-06-03 09:53:04.493692,54.415527,-165.736613,1470.0,273.1,1470.0,273.1
2017-06-03 09:53:04.992891,54.41555,-165.736564,1470.0,273.1,1470.0,274.79
2017-06-03 09:53:05.492094,54.415557,-165.736548,1470.0,273.1,1470.0,275.35
2017-06-03 09:53:05.991293,54.41558,-165.736501,1470.0,273.1,1470.0,275.73
2017-06-03 09:53:06.490496,54.415587,-165.736485,1470.0,274.41,1470.0,274.6
2017-06-03 09:53:06.989695,54.415609,-165.736439,1470.0,272.91,1470.0,272.91
2017-06-03 09:53:07.488897,54.415617,-165.736423,1470.0,272.91,1470.0,272.91
2017-06-03 09:53:07.988098,54.41564,-165.736373,1470.0,273.1,1470.0,272.91
2017-06-03 09:53:08.487299,54.415647,-165.736357,1470.0,273.1,1470.0,272.91
2017-06-03 09:53:08.986500,54.415668,-165.736309,1470.0,273.1,1470.0,273.1
2017-06-03 09:53:09.485701,54.415675,-165.736293,1470.0,273.1,1470.0,273.1
2017-06-03 09:53:09.984901,54.415697,-165.736243,1470.0,273.28,1470.0,273.1
2017-06-03 09:53:10.484102,54.415703,-165.736227,1470.0,274.79,1470.0,273.47
2017-06-03 09:53:10.998903,54.415724,-165.736179,1470.0,273.28,1470.0,273.1
2017-06-03 09:53:11.498104,54.415731,-165.736163,1470.0,274.41,1470.0,273.1
2017-06-03 09:53:11.997305,54.415753,-165.736114,1470.0,274.04,1470.0,273.66
2017-06-03 09:53:12.496506,54.415761,-165.736098,1470.0,272.72,1470.0,274.79
2017-06-03 09:53:12.995707,54.415783,-165.736051,1470.0,274.6,1470.0,272.53
2017-06-03 09:53:13.494907,54.41579,-165.736035,1470.0,272.72,1470.0,273.47
2017-06-03 09:53:13.994108,54.415812,-165.735987,1470.0,273.47,1470.0,272.72
2017-06-03 09:53:14.493309,54.415819,-165.735971,1470.0,272.91,1470.0,272.91
2017-06-03 09:53:14.992510,54.41584,-165.735922,1470.0,273.1,1470.0,274.04
2017-06-03 09:53:15.491711,54.415847,-165.735906,1470.0,273.1,1470.0,273.1
2017-06-03 09:53:15.990911,54.415868,-165.735854,1470.0,273.1,1470.0,273.1
2017-06-03 09:53:16.490112,54.415875,-165.735838,1470.0,273.1,1470.0,273.1
2017-06-03 09:53:16.989313,54.415896,-165.735789,1470.0,273.1,1470.0,273.1
2017-06-03 09:53:17.488514,54.415903,-165.735773,1470.0,273.1,1470.0,272.91
2017-06-03 09:53:17.987715,54.415926,-165.735723,1470.0,18.14,1470.0,17.76
2017-06-03 09:53:18.486916,54.415934,-165.735707,1470.0,272.91,1470.0,272.91
2017-06-03 09:53:18.986118,54.415956,-165.735659,1470.0,272.91,1470.0,274.79
2017-06-03 09:53:19.485317,54.415964,-165.735643,1470.0,272.72,1470.0,272.91
2017-06-03 09:53:19.984520,54.415988,-165.735594,1470.0,272.72,1470.0,274.23
2017-06-03 09:53:20.499319,54.415996,-165.735577,1470.0,273.85,1470.0,272.53
2017-06-03 09:53:20.998522,54.416017,-165.73553,1470.0,272.72,1470.0,274.04
2017-06-03 09:53:21.497721,54.416024,-165.735515,1470.0,272.53,1470.0,273.66
2017-06-03 09:53:21.996923,54.416045,-165.735467,1470.0,272.53,1470.0,272.53
2017-06-03 09:53:22.496122,54.416052,-165.735451,1470.0,272.53,1470.0,272.53
2017-06-03 09:53:22.995325,54.416072,-165.735401,1470.0,272.72,1470.0,272.53
2017-06-03 09:53:23.494526,54.416079,-165.735384,1470.0,272.72,1470.0,275.54
2017-06-03 09:53:23.993727,54.416099,-165.735334,1470.0,272.72,1470.0,275.73
2017-06-03 09:53:24.492928,54.416105,-165.735318,1470.0,272.72,1470.0,272.53
2017-06-03 09:53:24.992126,54.416125,-165.735269,1470.0,272.72,1470.0,272.72
2017-06-03 09:53:25.491329,54.416132,-165.735253,1470.0,272.72,1470.0,274.23
2017-06-03 09:53:25.990528,54.416153,-165.735204,1470.0,272.72,1470.0,273.28
2017-06-03 09:53:26.489731,54.41616,-165.735188,1470.0,272.72,1470.0,272.53
2017-06-03 09:53:26.988930,54.416181,-165.735139,1470.0,272.72,1470.0,274.79
2017-06-03 09:53:27.488132,54.416188,-165.735123,1470.0,273.85,1470.0,272.53
2017-06-03 09:53:27.987331,54.416211,-165.735073,1470.0,272.72,1470.0,274.04
2017-06-03 09:53:28.486534,54.416218,-165.735057,1470.0,272.72,1470.0,272.72
2017-06-03 09:53:28.985735,54.416238,-165.735009,1470.0,272.72,1470.0,274.98
2017-06-03 09:53:29.484936,54.416245,-165.734993,1470.0,272.72,1470.0,274.04
2017-06-03 09:53:29.984137,54.416266,-165.734944,1470.0,272.72,1470.0,272.53
2017-06-03 09:53:30.498938,54.416274,-165.734926,1470.0,272.53,1470.0,274.6
2017-06-03 09:53:30.998138,54.416294,-165.734876,1470.0,272.34,1470.0,272.34
2017-06-03 09:53:31.497339,54.4163,-165.734859,1470.0,272.16,1470.0,272.16
2017-06-03 09:53:31.996540,54.416322,-165.734809,1470.0,272.34,1470.0,272.16
2017-06-03 09:53:32.495741,54.416329,-165.734793,1470.0,273.85,1470.0,272.16
2017-06-03 09:53:32.994942,54.416349,-165.734744,1470.0,272.53,1470.0,272.34
2017-06-03 09:53:33.494143,54.416355,-165.734728,1470.0,272.53,1470.0,272.53
2017-06-03 09:53:33.993343,54.416375,-165.734679,1470.0,272.53,1470.0,272.53
2017-06-03 09:53:34.492544,54.416382,-165.734663,1470.0,272.72,1470.0,272.53
2017-06-03 09:53:34.991745,54.416401,-165.734614,1470.0,272.72,1470.0,272.53
2017-06-03 09:53:35.490946,54.416408,-165.734598,1470.0,272.53,1470.0,272.53
2017-06-03 09:53:35.990147,54.416429,-165.734546,1470.0,272.53,1470.0,272.34
2017-06-03 09:53:36.489347,54.416435,-165.73453,1470.0,272.53,1470.0,272.34
2017-06-03 09:53:36.988548,54.416455,-165.734481,1470.0,272.53,1470.0,272.53
2017-06-03 09:53:37.487749,54.416462,-165.734465,1470.0,272.53,1470.0,272.53
2017-06-03 09:53:37.986950,54.416483,-165.734417,1470.0,272.34,1470.0,272.34
2017-06-03 09:53:38.486151,54.416491,-165.734402,1470.0,274.6,1470.0,273.47
2017-06-03 09:53:38.985353,54.416513,-165.734355,1470.0,272.34,1470.0,272.16
2017-06-03 09:53:39.484552,54.41652,-165.73434,1470.0,272.16,1470.0,273.66
2017-06-03 09:53:39.999355,54.416542,-165.734289,1470.0,272.16,1470.0,272.16
2017-06-03 09:53:40.498554,54.416549,-165.734273,1470.0,273.47,1470.0,273.28
2017-06-03 09:53:40.997757,54.41657,-165.734224,1470.0,272.34,1470.0,272.34
2017-06-03 09:53:41.496956,54.416577,-165.734208,1470.0,272.53,1470.0,273.47
2017-06-03 09:53:41.996159,54.416597,-165.734159,1470.0,272.72,1470.0,272.53
2017-06-03 09:53:42.495358,54.416604,-165.734143,1470.0,272.72,1470.0,272.72
2017-06-03 09:53:42.994560,54.416624,-165.734091,1470.0,272.72,1470.0,272.53
2017-06-03 09:53:43.493759,54.41663,-165.734074,1470.0,272.72,1470.0,272.72
2017-06-03 09:53:43.992962,54.41665,-165.734024,1470.0,272.53,1470.0,275.54
2017-06-03 09:53:44.492163,54.416657,-165.734008,1470.0,272.53,1470.0,275.35
2017-06-03 09:53:44.991364,54.416678,-165.73396,1470.0,272.53,1470.0,272.53
2017-06-03 09:53:45.490564,54.416685,-165.733945,1470.0,272.53,1470.0,273.66
2017-06-03 09:53:45.989763,54.416707,-165.733897,1470.0,272.53,1470.0,275.17
2017-06-03 09:53:46.488966,54.416714,-165.733882,1470.0,274.23,1470.0,274.98
2017-06-03 09:53:46.988165,54.416736,-165.733835,1470.0,273.47,1470.0,272.34
2017-06-03 09:53:47.487368,54.416743,-165.73382,1470.0,273.47,1470.0,273.85
2017-06-03 09:53:47.986567,54.416765,-165.733771,1470.0,273.1,1470.0,274.04
2017-06-03 09:53:48.485769,54.416772,-165.733755,1470.0,272.34,1470.0,274.04
2017-06-03 09:53:48.984968,54.416791,-165.733709,1470.0,272.53,1470.0,274.6
2017-06-03 09:53:49.484171,54.416798,-165.733693,1470.0,272.72,1470.0,273.66
2017-06-03 09:53:49.998972,54.416819,-165.733641,1470.0,273.1,1470.0,272.91
2017-06-03 09:53:50.498173,54.416825,-165.733624,1470.0,273.28,1470.0,272.91
2017-06-03 09:53:50.997374,54.416845,-165.733574,1470.0,273.1,1470.0,272.91
2017-06-03 09:53:51.496574,54.416852,-165.733558,1470.0,273.1,1470.0,272.91
2017-06-03 09:53:51.995775,54.416872,-165.733508,1470.0,273.1,1470.0,272.91
2017-06-03 09:53:52.494976,54.416879,-165.733491,1470.0,272.91,1470.0,272.91
2017-06-03 09:53:52.994177,54.4169,-165.733442,1470.0,272.91,1470.0,274.79
2017-06-03 09:53:53.493378,54.416908,-165.733426,1470.0,272.91,1470.0,273.28
2017-06-03 09:53:53.992579,54.416931,-165.733377,1470.0,272.72,1470.0,272.72
2017-06-03 09:53:54.491779,54.416939,-165.733362,1470.0,272.72,1470.0,272.72
2017-06-03 09:53:54.990980,54.416961,-165.733315,1470.0,274.04,1470.0,274.23
2017-06-03 09:53:55.490181,54.416968,-165.7333,1470.0,274.6,1470.0,272.72
2017-06-03 09:53:55.989382,54.416991,-165.733251,1470.0,272.91,1470.0,274.41
2017-06-03 09:53:56.488583,54.416998,-165.733235,1470.0,272.91,1470.0,272.91
2017-06-03 09:53:56.987783,54.417018,-165.733187,1470.0,272.91,1470.0,272.91
2017-06-03 09:53:57.486984,54.417025,-165.733171,1470.0,272.91,1470.0,272.72
2017-06-03 09:53:57.986185,54.417045,-165.733118,1470.0,272.72,1470.0,272.72
2017-06-03 09:53:58.485386,54.417052,-165.733101,1470.0,272.72,1470.0,274.6
2017-06-03 09:53:58.984589,54.41707,-165.733052,1470.0,272.53,1470.0,272.53
2017-06-03 09:53:59.483788,54.417076,-165.733036,1470.0,272.72,1470.0,273.47
2017-06-03 09:53:59.998590,54.417098,-165.732986,1470.0,272.91,1470.0,238.85
2017-06-03 09:54:00.497789,54.417105,-165.732969,1470.0,272.91,1470.0,272.91
2017-06-03 09:54:00.996992,54.417125,-165.732919,1470.0,273.1,1470.0,273.1
2017-06-03 09:54:01.496191,54.417132,-165.732903,1470.0,273.1,1470.0,273.1
2017-06-03 09:54:01.995394,54.417153,-165.732853,1470.0,273.1,1470.0,273.1
2017-06-03 09:54:02.494593,54.41716,-165.732836,1470.0,273.1,1470.0,273.1
2017-06-03 09:54:02.993795,54.41718,-165.732787,1470.0,273.1,1470.0,272.91
2017-06-03 09:54:03.492994,54.417187,-165.732772,1470.0,272.91,1470.0,272.72
2017-06-03 09:54:03.992197,54.41721,-165.732724,1470.0,272.72,1470.0,272.72
2017-06-03 09:54:04.491398,54.417217,-165.732709,1470.0,272.72,1470.0,274.41
2017-06-03 09:54:04.990599,54.417239,-165.732663,1470.0,272.72,1470.0,272.53
2017-06-03 09:54:05.489799,54.417247,-165.732648,1470.0,273.1,1470.0,272.53
2017-06-03 09:54:05.989000,54.417268,-165.732599,1470.0,272.72,1470.0,272.53
2017-06-03 09:54:06.488201,54.417275,-165.732583,1470.0,272.72,1470.0,272.53
2017-06-03 09:54:06.987400,54.417296,-165.732535,1470.0,272.72,1470.0,274.23
2017-06-03 09:54:07.486603,54.417303,-165.732519,1470.0,272.72,1470.0,272.72
2017-06-03 09:54:07.985802,54.417322,-165.732469,1470.0,272.91,1470.0,272.91
2017-06-03 09:54:08.485004,54.417328,-165.732453,1470.0,272.91,1470.0,272.91
2017-06-03 09:54:08.984203,54.417348,-165.732402,1470.0,273.1,1470.0,272.91
2017-06-03 09:54:09.499006,54.417355,-165.732384,1470.0,273.1,1470.0,272.91
2017-06-03 09:54:09.998207,54.417377,-165.732334,1470.0,273.28,1470.0,272.91
2017-06-03 09:54:10.497408,54.417384,-165.732318,1470.0,273.1,1470.0,178.08
2017-06-03 09:54:10.996609,54.417405,-165.732268,1470.0,272.91,1470.0,272.91
2017-06-03 09:54:11.495810,54.417412,-165.732251,1470.0,272.91,1470.0,272.91
2017-06-03 09:54:11.995010,54.417433,-165.732202,1470.0,272.91,1470.0,272.72
2017-06-03 09:54:12.494211,54.417441,-165.732187,1470.0,272.72,1470.0,273.85
2017-06-03 09:54:12.993412,54.417465,-165.732139,1470.0,272.72,1470.0,272.72
2017-06-03 09:54:13.492613,54.417472,-165.732123,1470.0,272.72,1470.0,272.72
2017-06-03 09:54:13.991814,54.417495,-165.732077,1470.0,272.72,1470.0,273.85
2017-06-03 09:54:14.491014,54.417502,-165.732062,1470.0,274.23,1470.0,273.85
2017-06-03 09:54:14.990215,54.417523,-165.732014,1470.0,274.41,1470.0,272.53
2017-06-03 09:54:15.489416,54.41753,-165.731998,1470.0,272.72,1470.0,272.53
2017-06-03 09:54:15.988617,54.417552,-165.731951,1470.0,272.53,1470.0,272.53
2017-06-03 09:54:16.487818,54.417558,-165.731935,1470.0,273.47,1470.0,272.53
2017-06-03 09:54:16.987019,54.417578,-165.731887,1470.0,272.72,1470.0,272.53
2017-06-03 09:54:17.486219,54.417585,-165.731871,1470.0,272.72,1470.0,272.72
2017-06-03 09:54:17.985420,54.417605,-165.731822,1470.0,272.72,1470.0,272.53
2017-06-03 09:54:18.484621,54.417611,-165.731806,1470.0,272.72,1470.0,272.72
2017-06-03 09:54:18.983822,54.417633,-165.731757,1470.0,272.72,1470.0,272.72
2017-06-03 09:54:19.498623,54.41764,-165.73174,1470.0,272.72,1470.0,274.98
2017-06-03 09:54:19.997826,54.417662,-165.731692,1470.0,272.91,1470.0,272.72
2017-06-03 09:54:20.497025,54.417669,-165.731676,1470.0,272.91,1470.0,274.6
2017-06-03 09:54:20.996227,54.41769,-165.731627,1470.0,272.91,1470.0,272.91
2017-06-03 09:54:21.495426,54.417697,-165.731612,1470.0,273.85,1470.0,274.6
2017-06-03 09:54:21.994629,54.41772,-165.731564,1470.0,272.72,1470.0,274.98
2017-06-03 09:54:22.493828,54.417727,-165.731548,1470.0,272.53,1470.0,272.53
2017-06-03 09:54:22.993031,54.41775,-165.731499,1470.0,274.79,1470.0,274.23
2017-06-03 09:54:23.492229,54.417757,-165.731483,1470.0,272.34,1470.0,273.47
2017-06-03 09:54:23.991432,54.41778,-165.731436,1470.0,272.34,1470.0,272.53
2017-06-03 09:54:24.490633,54.417787,-165.73142,1470.0,272.34,1470.0,273.66
2017-06-03 09:54:24.989834,54.417811,-165.731372,1470.0,272.34,1470.0,274.04
2017-06-03 09:54:25.489035,54.417818,-165.731356,1470.0,272.34,1470.0,273.47
2017-06-03 09:54:25.988235,54.417841,-165.731307,1470.0,272.34,1470.0,272.34
2017-06-03 09:54:26.487436,54.417849,-165.731291,1470.0,274.41,1470.0,272.34
2017-06-03 09:54:26.986637,54.41787,-165.731242,1470.0,272.53,1470.0,272.53
2017-06-03 09:54:27.485838,54.417876,-165.731226,1470.0,272.72,1470.0,272.53
2017-06-03 09:54:27.985039,54.417896,-165.731177,1470.0,272.72,1470.0,275.17
2017-06-03 09:54:28.484240,54.417903,-165.731161,1470.0,272.72,1470.0,272.53
2017-06-03 09:54:28.999039,54.417925,-165.731109,1470.0,272.53,1470.0,272.53
2017-06-03 09:54:29.498241,54.417932,-165.731093,1470.0,272.34,1470.0,272.34
2017-06-03 09:54:29.997442,54.417953,-165.731044,1470.0,272.16,1470.0,272.16
2017-06-03 09:54:30.496643,54.417961,-165.731028,1470.0,272.16,1470.0,271.97
2017-06-03 09:54:30.995844,54.417983,-165.730982,1470.0,274.04,1470.0,271.97
2017-06-03 09:54:31.495045,54.417991,-165.730967,1470.0,272.91,1470.0,271.97
2017-06-03 09:54:31.994246,54.418015,-165.73092,1470.0,273.66,1470.0,271.97
2017-06-03 09:54:32.493446,54.418022,-165.730905,1470.0,272.16,1470.0,273.1
2017-06-03 09:54:32.992647,54.418045,-165.730856,1470.0,272.16,1470.0,273.85
2017-06-03 09:54:33.491848,54.418052,-165.73084,1470.0,272.34,1470.0,272.16
2017-06-03 09:54:33.991049,54.418073,-165.730792,1470.0,274.23,1470.0,272.16
2017-06-03 09:54:34.490250,54.41808,-165.730777,1470.0,273.66,1470.0,272.16
2017-06-03 09:54:34.989450,54.4181,-165.73073,1470.0,272.34,1470.0,171.87
2017-06-03 09:54:35.488651,54.418107,-165.730714,1470.0,272.16,1470.0,274.98
2017-06-03 09:54:35.987852,54.418128,-165.730664,1470.0,272.16,1470.0,272.16
2017-06-03 09:54:36.487053,54.418135,-165.730648,1470.0,272.16,1470.0,272.16
2017-06-03 09:54:36.986254,54.418156,-165.730599,1470.0,272.16,1470.0,274.6
2017-06-03 09:54:37.485455,54.418163,-165.730583,1470.0,272.16,1470.0,272.72
2017-06-03 09:54:37.984655,54.418184,-165.730532,1470.0,272.16,1470.0,272.16
2017-06-03 09:54:38.483856,54.418191,-165.730516,1470.0,272.16,1470.0,272.16
2017-06-03 09:54:38.998657,54.418213,-165.730466,1470.0,272.16,1470.0,274.79
2017-06-03 09:54:39.497858,54.418221,-165.73045,1470.0,272.16,1470.0,271.97
2017-06-03 09:54:39.997059,54.418243,-165.730402,1470.0,271.97,1470.0,274.79
2017-06-03 09:54:40.496260,54.418251,-165.730387,1470.0,271.97,1470.0,271.78
2017-06-03 09:54:40.995462,54.418275,-165.730339,1470.0,274.04,1470.0,271.78
2017-06-03 09:54:41.494661,54.418282,-165.730323,1470.0,274.04,1470.0,271.78
2017-06-03 09:54:41.993864,54.418305,-165.730276,1470.0,271.97,1470.0,271.97
2017-06-03 09:54:42.493063,54.418312,-165.73026,1470.0,271.97,1470.0,270.65
2017-06-03 09:54:42.992266,54.418333,-165.730211,1470.0,271.97,1470.0,273.28
2017-06-03 09:54:43.491465,54.41834,-165.730195,1470.0,271.97,1470.0,274.04
2017-06-03 09:54:43.990667,54.418362,-165.730146,1470.0,271.97,1470.0,271.78
2017-06-03 09:54:44.489866,54.418368,-165.73013,1470.0,271.78,1470.0,271.78
2017-06-03 09:54:44.989069,54.418388,-165.730081,1470.0,271.78,1470.0,271.78
2017-06-03 09:54:45.488270,54.418395,-165.730065,1470.0,271.78,1470.0,271.78
2017-06-03 09:54:45.987471,54.418417,-165.730016,1470.0,273.1,1470.0,271.78
2017-06-03 09:54:46.486671,54.418424,-165.73,1470.0,274.6,1470.0,274.04
2017-06-03 09:54:46.985872,54.418445,-165.729952,1470.0,271.97,1470.0,271.78
2017-06-03 09:54:47.485073,54.418451,-165.729936,1470.0,271.78,1470.0,271.78
2017-06-03 09:54:47.984274,54.418473,-165.729887,1470.0,271.78,1470.0,271.78
2017-06-03 09:54:48.499075,54.418481,-165.72987,1470.0,272.34,1470.0,271.59
2017-06-03 09:54:48.998274,54.418503,-165.729822,1470.0,271.59,1470.0,271.59
2017-06-03 09:54:49.497477,54.41851,-165.729806,1470.0,272.72,1470.0,271.59
2017-06-03 09:54:49.996677,54.418532,-165.729757,1470.0,271.78,1470.0,271.78
2017-06-03 09:54:50.495878,54.418539,-165.729741,1470.0,271.78,1470.0,271.78
2017-06-03 09:54:50.995079,54.41856,-165.729689,1470.0,273.28,1470.0,271.78
2017-06-03 09:54:51.494280,54.418567,-165.729673,1470.0,271.78,1470.0,271.78
2017-06-03 09:54:51.993481,54.418588,-165.729623,1470.0,271.78,1470.0,271.78
2017-06-03 09:54:52.492682,54.418596,-165.729606,1470.0,271.78,1470.0,273.1
2017-06-03 09:54:52.991882,54.418618,-165.729557,1470.0,271.78,1470.0,273.47
2017-06-03 09:54:53.491083,54.418625,-165.729541,1470.0,271.78,1470.0,271.59
2017-06-03 09:54:53.990284,54.418647,-165.729491,1470.0,271.59,1470.0,273.66
2017-06-03 09:54:54.489485,54.418654,-165.729475,1470.0,271.59,1470.0,274.23
2017-06-03 09:54:54.988686,54.418676,-165.729427,1470.0,273.1,1470.0,271.4
2017-06-03 09:54:55.487888,54.418683,-165.729411,1470.0,271.59,1470.0,271.4
2017-06-03 09:54:55.987087,54.418706,-165.729362,1470.0,271.4,1470.0,271.4
2017-06-03 09:54:56.486288,54.418713,-165.729346,1470.0,271.4,1470.0,271.4
2017-06-03 09:54:56.985489,54.418734,-165.729299,1470.0,272.34,1470.0,271.4
2017-06-03 09:54:57.484690,54.418741,-165.729283,1470.0,272.53,1470.0,271.4
2017-06-03 09:54:57.983891,54.418761,-165.729234,1470.0,272.34,1470.0,271.4
2017-06-03 09:54:58.498692,54.418769,-165.729217,1470.0,271.78,1470.0,271.4
2017-06-03 09:54:58.997892,54.41879,-165.729169,1470.0,271.59,1470.0,271.4
2017-06-03 09:54:59.497093,54.418797,-165.729153,1470.0,271.4,1470.0,271.4
2017-06-03 09:54:59.996294,54.418818,-165.729104,1470.0,271.4,1470.0,218.34
2017-06-03 09:55:00.495495,54.418825,-165.729088,1470.0,272.91,1470.0,272.16
2017-06-03 09:55:00.994698,54.418847,-165.729039,1470.0,272.91,1470.0,271.21
2017-06-03 09:55:01.493896,54.418854,-165.729023,1470.0,272.34,1470.0,271.4
2017-06-03 09:55:01.993099,54.418877,-165.728974,1470.0,271.4,1470.0,272.72
2017-06-03 09:55:02.492298,54.418884,-165.728958,1470.0,271.4,1470.0,271.4
2017-06-03 09:55:02.991501,54.418905,-165.72891,1470.0,271.4,1470.0,272.34
2017-06-03 09:55:03.490700,54.418912,-165.728894,1470.0,273.47,1470.0,271.4
2017-06-03 09:55:03.989902,54.418933,-165.728843,1470.0,271.59,1470.0,108.64
2017-06-03 09:55:04.489101,54.41894,-165.728826,1470.0,271.59,1470.0,271.59
2017-06-03 09:55:04.988304,54.418961,-165.728776,1470.0,271.59,1470.0,273.85
2017-06-03 09:55:05.487503,54.418968,-165.728759,1470.0,271.59,1470.0,271.4
2017-06-03 09:55:05.986706,54.41899,-165.728709,1470.0,271.4,1470.0,271.4
2017-06-03 09:55:06.485907,54.418997,-165.728693,1470.0,271.4,1470.0,271.21
2017-06-03 09:55:06.985107,54.419019,-165.728645,1470.0,271.21,1470.0,274.04
2017-06-03 09:55:07.484308,54.419027,-165.72863,1470.0,271.21,1470.0,271.03
2017-06-03 09:55:07.999107,54.41905,-165.728581,1470.0,271.97,1470.0,271.03
2017-06-03 09:55:08.498310,54.419057,-165.728565,1470.0,271.21,1470.0,272.91
2017-06-03 09:55:08.997509,54.41908,-165.728519,1470.0,271.21,1470.0,273.1
2017-06-03 09:55:09.496712,54.419087,-165.728503,1470.0,273.1,1470.0,272.72
2017-06-03 09:55:09.995911,54.419107,-165.728454,1470.0,271.21,1470.0,271.21
2017-06-03 09:55:10.495113,54.419114,-165.728438,1470.0,271.21,1470.0,273.1
2017-06-03 09:55:10.994314,54.419135,-165.728391,1470.0,271.21,1470.0,272.91
2017-06-03 09:55:11.493515,54.419142,-165.728375,1470.0,271.03,1470.0,273.47
2017-06-03 09:55:11.992716,54.419165,-165.728326,1470.0,272.72,1470.0,272.34
2017-06-03 09:55:12.491917,54.419172,-165.72831,1470.0,272.72,1470.0,273.1
2017-06-03 09:55:12.991117,54.419193,-165.728262,1470.0,271.03,1470.0,272.72
2017-06-03 09:55:13.490318,54.4192,-165.728246,1470.0,271.21,1470.0,273.47
2017-06-03 09:55:13.989519,54.419222,-165.728196,1470.0,271.4,1470.0,271.21
2017-06-03 09:55:14.488720,54.419228,-165.72818,1470.0,271.59,1470.0,271.4
2017-06-03 09:55:14.987921,54.419248,-165.728131,1470.0,271.4,1470.0,271.4
2017-06-03 09:55:15.487123,54.419255,-165.728114,1470.0,271.4,1470.0,271.4
2017-06-03 09:55:15.986322,54.419278,-165.728064,1470.0,271.21,1470.0,271.21
2017-06-03 09:55:16.485525,54.419286,-165.728048,1470.0,271.03,1470.0,271.03
2017-06-03 09:55:16.984724,54.419308,-165.728,1470.0,272.34,1470.0,271.97
2017-06-03 09:55:17.483925,54.419315,-165.727985,1470.0,271.97,1470.0,270.65
2017-06-03 09:55:17.998726,54.41934,-165.727936,1470.0,270.65,1470.0,270.65
2017-06-03 09:55:18.497927,54.419347,-165.72792,1470.0,270.84,1470.0,252.21
2017-06-03 09:55:18.997128,54.41937,-165.727872,1470.0,271.03,1470.0,273.47
2017-06-03 09:55:19.496328,54.419377,-165.727856,1470.0,271.21,1470.0,271.21
2017-06-03 09:55:19.995529,54.4194,-165.727807,1470.0,271.4,1470.0,271.21
2017-06-03 09:55:20.494730,54.419407,-165.727791,1470.0,271.4,1470.0,271.4
2017-06-03 09:55:20.993933,54.419428,-165.727741,1470.0,271.59,1470.0,271.4
2017-06-03 09:55:21.493132,54.419435,-165.727724,1470.0,271.4,1470.0,271.59
2017-06-03 09:55:21.992334,54.419455,-165.727674,1470.0,271.59,1470.0,271.4
2017-06-03 09:55:22.491533,54.419462,-165.727658,1470.0,271.21,1470.0,271.21
2017-06-03 09:55:22.990736,54.419483,-165.72761,1470.0,271.03,1470.0,271.03
2017-06-03 09:55:23.489935,54.41949,-165.727595,1470.0,270.84,1470.0,273.1
2017-06-03 09:55:23.989138,54.419515,-165.727547,1470.0,272.53,1470.0,270.65
2017-06-03 09:55:24.488337,54.419522,-165.727532,1470.0,272.16,1470.0,270.46
2017-06-03 09:55:24.987539,54.419546,-165.727488,1470.0,271.97,1470.0,270.46
2017-06-03 09:55:25.486738,54.419554,-165.727473,1470.0,271.78,1470.0,270.65
2017-06-03 09:55:25.985941,54.419578,-165.727426,1470.0,272.16,1470.0,272.53
2017-06-03 09:55:26.485142,54.419585,-165.72741,1470.0,270.84,1470.0,270.65
2017-06-03 09:55:26.984343,54.419606,-165.727365,1470.0,272.16,1470.0,270.84
2017-06-03 09:55:27.499144,54.419614,-165.727348,1470.0,271.03,1470.0,270.84
2017-06-03 09:55:27.998343,54.419634,-165.727298,1470.0,271.03,1470.0,273.66
2017-06-03 09:55:28.497545,54.41964,-165.727281,1470.0,271.03,1470.0,271.03
2017-06-03 09:55:28.996744,54.419659,-165.727229,1470.0,271.03,1470.0,273.85
2017-06-03 09:55:29.495947,54.419665,-165.727213,1470.0,271.03,1470.0,271.03
2017-06-03 09:55:29.995146,54.419687,-165.727161,1470.0,271.21,1470.0,271.21
2017-06-03 09:55:30.494349,54.419694,-165.727144,1470.0,271.03,1470.0,271.03
2017-06-03 09:55:30.993547,54.419714,-165.727093,1470.0,271.03,1470.0,271.03
2017-06-03 09:55:31.492750,54.419721,-165.727076,1470.0,271.03,1470.0,271.03
2017-06-03 09:55:31.991951,54.419743,-165.727027,1470.0,271.03,1470.0,189.93
2017-06-03 09:55:32.491152,54.419751,-165.727012,1470.0,271.03,1470.0,271.03
2017-06-03 09:55:32.990353,54.419773,-165.726964,1470.0,270.84,1470.0,270.84
2017-06-03 09:55:33.489553,54.41978,-165.726948,1470.0,270.84,1470.0,272.53
2017-06-03 09:55:33.988754,54.419803,-165.726898,1470.0,270.65,1470.0,270.65
2017-06-03 09:55:34.487955,54.419811,-165.726882,1470.0,270.65,1470.0,272.72
2017-06-03 09:55:34.987156,54.419833,-165.726835,1470.0,271.78,1470.0,270.46
2017-06-03 09:55:35.486357,54.41984,-165.726819,1470.0,270.46,1470.0,272.16
2017-06-03 09:55:35.985558,54.419861,-165.726769,1470.0,270.46,1470.0,270.46
2017-06-03 09:55:36.484758,54.419868,-165.726753,1470.0,270.46,1470.0,270.46
2017-06-03 09:55:36.983959,54.419888,-165.726704,1470.0,270.46,1470.0,270.46
2017-06-03 09:55:37.498760,54.419895,-165.726686,1470.0,270.65,1470.0,271.78
2017-06-03 09:55:37.997961,54.419915,-165.726636,1470.0,270.65,1470.0,273.1
2017-06-03 09:55:38.497162,54.419922,-165.726619,1470.0,270.84,1470.0,270.65
2017-06-03 09:55:38.996363,54.419942,-165.726569,1470.0,270.65,1470.0,270.65
2017-06-03 09:55:39.495564,54.419949,-165.726553,1470.0,270.46,1470.0,272.53
2017-06-03 09:55:39.994764,54.41997,-165.726504,1470.0,270.46,1470.0,270.46
2017-06-03 09:55:40.493965,54.419977,-165.726488,1470.0,270.46,1470.0,270.46
2017-06-03 09:55:40.993168,54.42,-165.726441,1470.0,270.46,1470.0,272.91
2017-06-03 09:55:41.492367,54.420007,-165.726425,1470.0,271.97,1470.0,270.46
2017-06-03 09:55:41.991570,54.420028,-165.726377,1470.0,272.53,1470.0,270.46
2017-06-03 09:55:42.490768,54.420036,-165.726362,1470.0,270.65,1470.0,270.46
2017-06-03 09:55:42.989971,54.420058,-165.726314,1470.0,270.65,1470.0,270.46
2017-06-03 09:55:43.489170,54.420065,-165.726298,1470.0,270.46,1470.0,270.46
2017-06-03 09:55:43.988373,54.420088,-165.726248,1470.0,270.46,1470.0,272.72
2017-06-03 09:55:44.487572,54.420095,-165.726231,1470.0,270.46,1470.0,270.46
2017-06-03 09:55:44.986774,54.420116,-165.726182,1470.0,270.46,1470.0,271.97
2017-06-03 09:55:45.485973,54.420123,-165.726166,1470.0,270.46,1470.0,272.16
2017-06-03 09:55:45.985176,54.420144,-165.726116,1470.0,270.65,1470.0,272.16
2017-06-03 09:55:46.484377,54.420151,-165.7261,1470.0,270.65,1470.0,270.27
2017-06-03 09:55:46.999178,54.420172,-165.726049,1470.0,270.27,1470.0,270.27
2017-06-03 09:55:47.498379,54.420179,-165.726033,1470.0,270.27,1470.0,270.09
2017-06-03 09:55:47.997578,54.4202,-165.725983,1470.0,270.27,1470.0,270.09
2017-06-03 09:55:48.496780,54.420207,-165.725966,1470.0,270.09,1470.0,270.09
2017-06-03 09:55:48.995979,54.42023,-165.725917,1470.0,270.09,1470.0,270.09
2017-06-03 09:55:49.495182,54.420237,-165.725902,1470.0,270.27,1470.0,272.91
2017-06-03 09:55:49.994381,54.420258,-165.725854,1470.0,270.27,1470.0,272.34
2017-06-03 09:55:50.493584,54.420266,-165.725838,1470.0,270.27,1470.0,271.21
2017-06-03 09:55:50.992783,54.420288,-165.725792,1470.0,270.27,1470.0,270.27
2017-06-03 09:55:51.491985,54.420295,-165.725776,1470.0,270.27,1470.0,270.27
2017-06-03 09:55:51.991186,54.420318,-165.725727,1470.0,272.34,1470.0,270.27
2017-06-03 09:55:52.490387,54.420325,-165.725712,1470.0,270.46,1470.0,270.27
2017-06-03 09:55:52.989588,54.420346,-165.725665,1470.0,270.27,1470.0,270.27
2017-06-03 09:55:53.488789,54.420353,-165.72565,1470.0,271.4,1470.0,270.09
2017-06-03 09:55:53.987989,54.420376,-165.725601,1470.0,271.59,1470.0,272.72
2017-06-03 09:55:54.487190,54.420384,-165.725585,1470.0,270.84,1470.0,269.9
2017-06-03 09:55:54.986391,54.420405,-165.725539,1470.0,269.9,1470.0,269.9
2017-06-03 09:55:55.485592,54.420412,-165.725523,1470.0,269.9,1470.0,269.9
2017-06-03 09:55:55.984793,54.420434,-165.725474,1470.0,269.9,1470.0,271.78
2017-06-03 09:55:56.483994,54.420442,-165.725458,1470.0,269.9,1470.0,269.9
2017-06-03 09:55:56.998795,54.420465,-165.725407,1470.0,269.9,1470.0,269.9
2017-06-03 09:55:57.497995,54.420472,-165.725391,1470.0,270.09,1470.0,272.72
2017-06-03 09:55:57.997196,54.420493,-165.725341,1470.0,270.09,1470.0,14.0
2017-06-03 09:55:58.496397,54.420501,-165.725324,1470.0,270.27,1470.0,270.27
2017-06-03 09:55:58.995598,54.420523,-165.725274,1470.0,270.27,1470.0,174.5
2017-06-03 09:55:59.494799,54.42053,-165.725258,1470.0,270.27,1470.0,270.27
2017-06-03 09:55:59.993999,54.420552,-165.725209,1470.0,270.46,1470.0,273.47
2017-06-03 09:56:00.493200,54.420559,-165.725193,1470.0,270.27,1470.0,270.27
2017-06-03 09:56:00.992401,54.420581,-165.725145,1470.0,270.09,1470.0,270.09
2017-06-03 09:56:01.491602,54.420588,-165.725129,1470.0,271.59,1470.0,269.9
2017-06-03 09:56:01.990803,54.420611,-165.725079,1470.0,270.09,1470.0,271.03
2017-06-03 09:56:02.490004,54.420619,-165.725063,1470.0,269.71,1470.0,269.71
2017-06-03 09:56:02.989206,54.420642,-165.725017,1470.0,269.71,1470.0,271.21
2017-06-03 09:56:03.488405,54.42065,-165.725001,1470.0,271.59,1470.0,269.52
2017-06-03 09:56:03.987608,54.420673,-165.724954,1470.0,271.4,1470.0,269.52
2017-06-03 09:56:04.486807,54.42068,-165.724938,1470.0,269.71,1470.0,269.71
2017-06-03 09:56:04.986010,54.420701,-165.72489,1470.0,271.21,1470.0,271.21
2017-06-03 09:56:05.485209,54.420708,-165.724874,1470.0,271.78,1470.0,269.9
2017-06-03 09:56:05.984411,54.420728,-165.724824,1470.0,270.09,1470.0,270.09
2017-06-03 09:56:06.499212,54.420735,-165.724806,1470.0,269.9,1470.0,269.9
2017-06-03 09:56:06.998413,54.420757,-165.724756,1470.0,269.9,1470.0,269.9
2017-06-03 09:56:07.497614,54.420764,-165.724739,1470.0,269.9,1470.0,269.71
2017-06-03 09:56:07.996815,54.420785,-165.724689,1470.0,269.9,1470.0,269.71
2017-06-03 09:56:08.496016,54.420792,-165.724673,1470.0,269.71,1470.0,269.71
2017-06-03 09:56:08.995214,54.420815,-165.724623,1470.0,269.9,1470.0,269.9
2017-06-03 09:56:09.494417,54.420822,-165.724606,1470.0,270.09,1470.0,270.09
2017-06-03 09:56:09.993616,54.420845,-165.724557,1470.0,271.03,1470.0,270.27
2017-06-03 09:56:10.492819,54.420852,-165.724541,1470.0,270.27,1470.0,272.34
2017-06-03 09:56:10.992018,54.420875,-165.724491,1470.0,270.27,1470.0,272.53
2017-06-03 09:56:11.491220,54.420882,-165.724474,1470.0,270.09,1470.0,10.43
2017-06-03 09:56:11.990421,54.420905,-165.724424,1470.0,269.9,1470.0,269.9
2017-06-03 09:56:12.489622,54.420912,-165.724408,1470.0,269.71,1470.0,269.71
2017-06-03 09:56:12.988823,54.420934,-165.72436,1470.0,271.78,1470.0,269.52
2017-06-03 09:56:13.488024,54.420942,-165.724344,1470.0,269.52,1470.0,271.59
2017-06-03 09:56:13.987225,54.420965,-165.724294,1470.0,270.65,1470.0,269.9
2017-06-03 09:56:14.486425,54.420972,-165.724278,1470.0,270.46,1470.0,270.84
2017-06-03 09:56:14.985626,54.420994,-165.724232,1470.0,269.52,1470.0,271.4
2017-06-03 09:56:15.484827,54.421001,-165.724216,1470.0,269.52,1470.0,271.78
2017-06-03 09:56:15.984028,54.421021,-165.724167,1470.0,269.71,1470.0,269.52
2017-06-03 09:56:16.498829,54.421029,-165.724149,1470.0,269.71,1470.0,269.71
2017-06-03 09:56:16.998030,54.421049,-165.724099,1470.0,270.09,1470.0,269.9
2017-06-03 09:56:17.497231,54.421055,-165.724083,1470.0,270.09,1470.0,269.9
2017-06-03 09:56:17.996431,54.421075,-165.724034,1470.0,270.27,1470.0,269.9
2017-06-03 09:56:18.495632,54.421082,-165.724018,1470.0,269.9,1470.0,269.9
2017-06-03 09:56:18.994833,54.421103,-165.723969,1470.0,270.65,1470.0,272.16
2017-06-03 09:56:19.494034,54.421111,-165.723953,1470.0,269.9,1470.0,269.9
2017-06-03 09:56:19.993235,54.421133,-165.723906,1470.0,271.03,1470.0,269.52
2017-06-03 09:56:20.492435,54.421141,-165.72389,1470.0,269.52,1470.0,271.4
2017-06-03 09:56:20.991636,54.421164,-165.723844,1470.0,271.21,1470.0,269.52
2017-06-03 09:56:21.490837,54.421172,-165.723828,1470.0,271.03,1470.0,269.33
2017-06-03 09:56:21.990038,54.421198,-165.723779,1470.0,271.4,1470.0,255.97
2017-06-03 09:56:22.489239,54.421206,-165.723763,1470.0,269.71,1470.0,269.52
2017-06-03 09:56:22.988441,54.421228,-165.723714,1470.0,270.27,1470.0,269.71
2017-06-03 09:56:23.487640,54.421235,-165.723697,1470.0,270.09,1470.0,269.9
2017-06-03 09:56:23.986843,54.421255,-165.723645,1470.0,270.09,1470.0,270.09
2017-06-03 09:56:24.486042,54.421262,-165.723628,1470.0,270.27,1470.0,270.09
2017-06-03 09:56:24.985245,54.421281,-165.723576,1470.0,270.27,1470.0,270.09
2017-06-03 09:56:25.484444,54.421288,-165.723559,1470.0,270.27,1470.0,270.09
2017-06-03 09:56:25.999247,54.42131,-165.723508,1470.0,270.65,1470.0,269.71
2017-06-03 09:56:26.498446,54.421317,-165.723492,1470.0,269.71,1470.0,269.52
2017-06-03 09:56:26.997648,54.42134,-165.723444,1470.0,269.52,1470.0,270.84
2017-06-03 09:56:27.496847,54.421347,-165.723429,1470.0,269.33,1470.0,269.33
2017-06-03 09:56:27.996050,54.42137,-165.723384,1470.0,269.33,1470.0,271.03
2017-06-03 09:56:28.495251,54.421377,-165.723369,1470.0,269.33,1470.0,271.4
2017-06-03 09:56:28.994452,54.4214,-165.723324,1470.0,269.33,1470.0,271.03
2017-06-03 09:56:29.493652,54.421407,-165.723308,1470.0,269.52,1470.0,269.15
2017-06-03 09:56:29.992851,54.42143,-165.723261,1470.0,271.21,1470.0,269.15
2017-06-03 09:56:30.492054,54.421437,-165.723245,1470.0,269.33,1470.0,271.21
2017-06-03 09:56:30.991253,54.421456,-165.723197,1470.0,269.52,1470.0,269.33
2017-06-03 09:56:31.490456,54.421463,-165.723181,1470.0,269.52,1470.0,269.52
2017-06-03 09:56:31.989655,54.421484,-165.723129,1470.0,269.9,1470.0,269.71
2017-06-03 09:56:32.488857,54.42149,-165.723113,1470.0,269.9,1470.0,269.9
2017-06-03 09:56:32.988058,54.42151,-165.723064,1470.0,270.09,1470.0,269.9
2017-06-03 09:56:33.487259,54.421516,-165.723048,1470.0,270.09,1470.0,269.9
2017-06-03 09:56:33.986460,54.421538,-165.722997,1470.0,269.9,1470.0,269.9
2017-06-03 09:56:34.485661,54.421545,-165.722981,1470.0,269.71,1470.0,272.72
2017-06-03 09:56:34.984861,54.421568,-165.722932,1470.0,269.71,1470.0,269.52
2017-06-03 09:56:35.484062,54.421575,-165.722916,1470.0,269.52,1470.0,269.52
2017-06-03 09:56:35.998863,54.4216,-165.722866,1470.0,269.52,1470.0,271.78
2017-06-03 09:56:36.498064,54.421607,-165.72285,1470.0,269.52,1470.0,271.03
2017-06-03 09:56:36.997265,54.42163,-165.722804,1470.0,269.52,1470.0,269.52
2017-06-03 09:56:37.496466,54.421638,-165.722788,1470.0,269.52,1470.0,271.21
2017-06-03 09:56:37.995667,54.421661,-165.722742,1470.0,270.65,1470.0,269.33
2017-06-03 09:56:38.494867,54.421669,-165.722727,1470.0,269.33,1470.0,269.33
2017-06-03 09:56:38.994068,54.421691,-165.72268,1470.0,270.09,1470.0,271.03
2017-06-03 09:56:39.493269,54.421698,-165.722664,1470.0,271.03,1470.0,269.15
2017-06-03 09:56:39.992470,54.421719,-165.722613,1470.0,269.33,1470.0,270.84
2017-06-03 09:56:40.491671,54.421725,-165.722597,1470.0,269.33,1470.0,269.33
2017-06-03 09:56:40.990871,54.421746,-165.722549,1470.0,269.52,1470.0,271.78
2017-06-03 09:56:41.490072,54.421753,-165.722533,1470.0,269.52,1470.0,269.52
2017-06-03 09:56:41.989273,54.421774,-165.722481,1470.0,269.71,1470.0,269.52
2017-06-03 09:56:42.488474,54.42178,-165.722465,1470.0,269.52,1470.0,269.52
2017-06-03 09:56:42.987677,54.421801,-165.722416,1470.0,269.52,1470.0,269.52
2017-06-03 09:56:43.486876,54.421808,-165.7224,1470.0,269.71,1470.0,271.03
2017-06-03 09:56:43.986078,54.421831,-165.722351,1470.0,269.52,1470.0,271.4
2017-06-03 09:56:44.485277,54.421839,-165.722335,1470.0,269.52,1470.0,269.33
2017-06-03 09:56:44.984480,54.421861,-165.722289,1470.0,269.52,1470.0,269.33
2017-06-03 09:56:45.499279,54.421869,-165.722272,1470.0,269.33,1470.0,269.33
2017-06-03 09:56:45.998482,54.421893,-165.722224,1470.0,271.4,1470.0,269.33
2017-06-03 09:56:46.497681,54.421901,-165.722208,1470.0,269.33,1470.0,269.33
2017-06-03 09:56:46.996883,54.421925,-165.722161,1470.0,269.52,1470.0,269.33
2017-06-03 09:56:47.496082,54.421933,-165.722145,1470.0,269.33,1470.0,269.33
2017-06-03 09:56:47.995285,54.421956,-165.722099,1470.0,269.33,1470.0,271.21
2017-06-03 09:56:48.494486,54.421964,-165.722083,1470.0,269.33,1470.0,270.27
2017-06-03 09:56:48.993687,54.421986,-165.722037,1470.0,269.33,1470.0,269.15
2017-06-03 09:56:49.492887,54.421993,-165.722021,1470.0,269.33,1470.0,269.15
2017-06-03 09:56:49.992088,54.422015,-165.721969,1470.0,270.27,1470.0,269.15
2017-06-03 09:56:50.491289,54.422022,-165.721953,1470.0,269.33,1470.0,269.15
2017-06-03 09:56:50.990488,54.422043,-165.721905,1470.0,269.33,1470.0,272.16
2017-06-03 09:56:51.489691,54.42205,-165.721889,1470.0,269.52,1470.0,269.33
2017-06-03 09:56:51.988890,54.422072,-165.721839,1470.0,271.78,1470.0,269.33
2017-06-03 09:56:52.488092,54.422079,-165.721823,1470.0,269.33,1470.0,269.33
2017-06-03 09:56:52.987291,54.422101,-165.721775,1470.0,269.33,1470.0,269.33
2017-06-03 09:56:53.486494,54.422108,-165.72176,1470.0,269.33,1470.0,272.53
2017-06-03 09:56:53.985695,54.422129,-165.721712,1470.0,271.21,1470.0,269.71
2017-06-03 09:56:54.484896,54.422137,-165.721697,1470.0,269.15,1470.0,269.15
2017-06-03 09:56:54.984097,54.422161,-165.72165,1470.0,269.15,1470.0,271.21
2017-06-03 09:56:55.498898,54.422169,-165.721633,1470.0,268.96,1470.0,269.9
2017-06-03 09:56:55.998098,54.422192,-165.721586,1470.0,268.96,1470.0,268.96
2017-06-03 09:56:56.497299,54.422199,-165.72157,1470.0,268.96,1470.0,268.77
2017-06-03 09:56:56.996500,54.422222,-165.721522,1470.0,270.27,1470.0,269.33
2017-06-03 09:56:57.495701,54.422229,-165.721506,1470.0,268.96,1470.0,268.96
2017-06-03 09:56:57.994902,54.42225,-165.721456,1470.0,269.15,1470.0,269.15
2017-06-03 09:56:58.494102,54.422257,-165.721439,1470.0,269.33,1470.0,269.33
2017-06-03 09:56:58.993303,54.422276,-165.721389,1470.0,269.52,1470.0,269.33
2017-06-03 09:56:59.492504,54.422283,-165.721372,1470.0,269.52,1470.0,269.33
2017-06-03 09:56:59.991705,54.422304,-165.72132,1470.0,269.33,1470.0,269.15
2017-06-03 09:57:00.490906,54.42231,-165.721303,1470.0,269.15,1470.0,268.96
2017-06-03 09:57:00.990107,54.422331,-165.721254,1470.0,268.96,1470.0,268.96
2017-06-03 09:57:01.489307,54.422338,-165.721238,1470.0,268.96,1470.0,268.96
2017-06-03 09:57:01.988508,54.422361,-165.721186,1470.0,268.96,1470.0,269.9
2017-06-03 09:57:02.487709,54.422369,-165.72117,1470.0,269.15,1470.0,268.96
2017-06-03 09:57:02.986912,54.422391,-165.721125,1470.0,269.15,1470.0,270.27
2017-06-03 09:57:03.486111,54.422398,-165.72111,1470.0,270.46,1470.0,268.96
2017-06-03 09:57:03.985313,54.422421,-165.721062,1470.0,268.96,1470.0,268.96
2017-06-03 09:57:04.484512,54.422428,-165.721046,1470.0,270.46,1470.0,268.77
2017-06-03 09:57:04.999315,54.422452,-165.720997,1470.0,270.27,1470.0,268.58
2017-06-03 09:57:05.498514,54.422459,-165.720981,1470.0,268.58,1470.0,268.58
2017-06-03 09:57:05.997717,54.42248,-165.720932,1470.0,268.58,1470.0,268.58
2017-06-03 09:57:06.496916,54.422487,-165.720916,1470.0,268.58,1470.0,270.65
2017-06-03 09:57:06.996119,54.422508,-165.720867,1470.0,268.77,1470.0,268.77
2017-06-03 09:57:07.495317,54.422515,-165.720851,1470.0,268.77,1470.0,246.38
2017-06-03 09:57:07.994520,54.422537,-165.720799,1470.0,268.96,1470.0,268.96
2017-06-03 09:57:08.493721,54.422543,-165.720783,1470.0,269.15,1470.0,268.96
2017-06-03 09:57:08.992922,54.422563,-165.720734,1470.0,269.15,1470.0,268.96
2017-06-03 09:57:09.492123,54.42257,-165.720718,1470.0,269.15,1470.0,268.96
2017-06-03 09:57:09.991323,54.422592,-165.720666,1470.0,269.15,1470.0,268.96
2017-06-03 09:57:10.490524,54.422599,-165.72065,1470.0,268.96,1470.0,268.77
2017-06-03 09:57:10.989725,54.422622,-165.720602,1470.0,268.77,1470.0,268.77
2017-06-03 09:57:11.488926,54.42263,-165.720586,1470.0,268.58,1470.0,268.58
2017-06-03 09:57:11.988127,54.422655,-165.720537,1470.0,268.58,1470.0,268.58
2017-06-03 09:57:12.487328,54.422662,-165.720522,1470.0,270.09,1470.0,271.03
2017-06-03 09:57:12.986526,54.422686,-165.720475,1470.0,268.77,1470.0,268.58
2017-06-03 09:57:13.485729,54.422693,-165.72046,1470.0,268.77,1470.0,268.77
2017-06-03 09:57:13.984930,54.422716,-165.720411,1470.0,268.77,1470.0,268.77
2017-06-03 09:57:14.484131,54.422723,-165.720395,1470.0,268.77,1470.0,269.9
2017-06-03 09:57:14.998932,54.422745,-165.720344,1470.0,268.58,1470.0,268.58
2017-06-03 09:57:15.498133,54.422752,-165.720328,1470.0,268.39,1470.0,268.39
2017-06-03 09:57:15.997334,54.422775,-165.720278,1470.0,268.2,1470.0,268.2
2017-06-03 09:57:16.496534,54.422782,-165.720261,1470.0,268.39,1470.0,270.65
2017-06-03 09:57:16.995735,54.422805,-165.720212,1470.0,268.39,1470.0,270.27
2017-06-03 09:57:17.494936,54.422812,-165.720196,1470.0,268.39,1470.0,268.39
2017-06-03 09:57:17.994137,54.422833,-165.720147,1470.0,268.58,1470.0,268.58
2017-06-03 09:57:18.493338,54.42284,-165.720132,1470.0,268.77,1470.0,270.46
2017-06-03 09:57:18.992538,54.422861,-165.720084,1470.0,268.77,1470.0,268.77
2017-06-03 09:57:19.491739,54.422868,-165.720068,1470.0,268.77,1470.0,268.77
2017-06-03 09:57:19.990940,54.42289,-165.720016,1470.0,268.77,1470.0,268.58
2017-06-03 09:57:20.490141,54.422897,-165.72,1470.0,268.77,1470.0,268.58
2017-06-03 09:57:20.989342,54.422919,-165.719952,1470.0,268.39,1470.0,268.39
2017-06-03 09:57:21.488543,54.422927,-165.719936,1470.0,268.39,1470.0,268.2
2017-06-03 09:57:21.987743,54.422951,-165.719886,1470.0,268.2,1470.0,268.02
2017-06-03 09:57:22.486944,54.422959,-165.71987,1470.0,269.15,1470.0,269.9
2017-06-03 09:57:22.986145,54.422981,-165.719824,1470.0,269.52,1470.0,269.33
2017-06-03 09:57:23.485346,54.422988,-165.719808,1470.0,269.15,1470.0,269.9
2017-06-03 09:57:23.984549,54.423012,-165.71976,1470.0,269.52,1470.0,268.02
2017-06-03 09:57:24.499348,54.42302,-165.719743,1470.0,268.2,1470.0,268.2
2017-06-03 09:57:24.998550,54.423042,-165.719693,1470.0,268.39,1470.0,268.39
2017-06-03 09:57:25.497749,54.423049,-165.719676,1470.0,268.39,1470.0,268.39
2017-06-03 09:57:25.996952,54.42307,-165.719624,1470.0,268.77,1470.0,268.39
2017-06-03 09:57:26.496151,54.423077,-165.719608,1470.0,268.58,1470.0,268.39
2017-06-03 09:57:26.995354,54.423097,-165.719556,1470.0,268.39,1470.0,268.2
2017-06-03 09:57:27.494553,54.423104,-165.719539,1470.0,268.2,1470.0,268.2
2017-06-03 09:57:27.993755,54.423127,-165.719489,1470.0,268.02,1470.0,267.83
2017-06-03 09:57:28.492956,54.423134,-165.719473,1470.0,267.83,1470.0,267.64
2017-06-03 09:57:28.992157,54.423157,-165.719425,1470.0,269.33,1470.0,267.64
2017-06-03 09:57:29.491358,54.423165,-165.71941,1470.0,267.83,1470.0,269.33
2017-06-03 09:57:29.990559,54.42319,-165.719361,1470.0,268.02,1470.0,267.83
2017-06-03 09:57:30.489759,54.423197,-165.719345,1470.0,270.09,1470.0,268.02
2017-06-03 09:57:30.988960,54.423219,-165.719297,1470.0,268.2,1470.0,270.65
2017-06-03 09:57:31.488161,54.423227,-165.719281,1470.0,268.39,1470.0,268.39
2017-06-03 09:57:31.987362,54.423248,-165.719229,1470.0,268.2,1470.0,268.2
2017-06-03 09:57:32.486563,54.423255,-165.719213,1470.0,268.39,1470.0,269.52
2017-06-03 09:57:32.985764,54.423276,-165.719164,1470.0,268.2,1470.0,268.02
2017-06-03 09:57:33.484964,54.423283,-165.719148,1470.0,267.83,1470.0,267.83
2017-06-03 09:57:33.984165,54.423304,-165.719099,1470.0,267.64,1470.0,267.64
2017-06-03 09:57:34.498966,54.423313,-165.719081,1470.0,267.64,1470.0,248.82
2017-06-03 09:57:34.998167,54.423336,-165.719032,1470.0,267.45,1470.0,267.45
2017-06-03 09:57:35.497368,54.423344,-165.719017,1470.0,267.45,1470.0,269.71
2017-06-03 09:57:35.996569,54.423367,-165.718969,1470.0,268.96,1470.0,267.26
2017-06-03 09:57:36.495770,54.423374,-165.718953,1470.0,267.45,1470.0,269.15
2017-06-03 09:57:36.994970,54.423397,-165.718906,1470.0,267.45,1470.0,267.45
2017-06-03 09:57:37.494171,54.423404,-165.71889,1470.0,267.45,1470.0,267.45
2017-06-03 09:57:37.993372,54.423425,-165.718841,1470.0,268.39,1470.0,248.26
2017-06-03 09:57:38.492573,54.423432,-165.718824,1470.0,269.15,1470.0,268.39
2017-06-03 09:57:38.991774,54.423455,-165.718774,1470.0,267.64,1470.0,267.64
2017-06-03 09:57:39.490976,54.423462,-165.718758,1470.0,267.64,1470.0,267.83
2017-06-03 09:57:39.990175,54.423483,-165.718706,1470.0,267.64,1470.0,267.64
2017-06-03 09:57:40.489376,54.42349,-165.71869,1470.0,267.64,1470.0,267.64
2017-06-03 09:57:40.988577,54.423511,-165.718641,1470.0,267.64,1470.0,267.64
2017-06-03 09:57:41.487778,54.423518,-165.718624,1470.0,268.02,1470.0,269.52
2017-06-03 09:57:41.986979,54.423541,-165.718574,1470.0,267.64,1470.0,267.64
2017-06-03 09:57:42.486179,54.423548,-165.718558,1470.0,269.71,1470.0,267.45
2017-06-03 09:57:42.985380,54.423571,-165.718509,1470.0,267.45,1470.0,268.96
2017-06-03 09:57:43.484581,54.423578,-165.718493,1470.0,267.26,1470.0,268.39
2017-06-03 09:57:43.983782,54.423602,-165.718444,1470.0,268.39,1470.0,267.08
2017-06-03 09:57:44.498583,54.423611,-165.718427,1470.0,267.08,1470.0,266.89
2017-06-03 09:57:44.997786,54.423633,-165.71838,1470.0,268.58,1470.0,268.39
2017-06-03 09:57:45.496984,54.423641,-165.718365,1470.0,268.96,1470.0,266.89
2017-06-03 09:57:45.996187,54.423663,-165.718316,1470.0,266.89,1470.0,267.83
2017-06-03 09:57:46.495386,54.42367,-165.7183,1470.0,266.89,1470.0,236.97
2017-06-03 09:57:46.994589,54.423692,-165.718251,1470.0,267.08,1470.0,267.08
2017-06-03 09:57:47.493788,54.423698,-165.718234,1470.0,267.26,1470.0,267.64
2017-06-03 09:57:47.992990,54.423717,-165.718181,1470.0,267.45,1470.0,267.26
2017-06-03 09:57:48.492189,54.423723,-165.718164,1470.0,267.64,1470.0,267.45
2017-06-03 09:57:48.991392,54.42374,-165.718113,1470.0,267.64,1470.0,267.45
2017-06-03 09:57:49.490593,54.423746,-165.718096,1470.0,267.64,1470.0,267.45
2017-06-03 09:57:49.989794,54.423767,-165.718043,1470.0,267.45,1470.0,267.08
2017-06-03 09:57:50.488995,54.423774,-165.718026,1470.0,267.08,1470.0,266.89
2017-06-03 09:57:50.988195,54.423795,-165.717977,1470.0,266.89,1470.0,266.7
2017-06-03 09:57:51.487396,54.423802,-165.717961,1470.0,266.7,1470.0,268.39
2017-06-03 09:57:51.986597,54.423827,-165.717912,1470.0,266.51,1470.0,266.51
2017-06-03 09:57:52.485798,54.423835,-165.717896,1470.0,267.83,1470.0,266.51
2017-06-03 09:57:52.984999,54.423859,-165.717847,1470.0,266.7,1470.0,268.77
2017-06-03 09:57:53.484200,54.423866,-165.717831,1470.0,266.7,1470.0,266.7
2017-06-03 09:57:53.999001,54.423888,-165.717781,1470.0,266.89,1470.0,266.7
2017-06-03 09:57:54.498201,54.423895,-165.717764,1470.0,268.39,1470.0,266.7
2017-06-03 09:57:54.997402,54.423915,-165.717713,1470.0,268.58,1470.0,266.7
2017-06-03 09:57:55.496603,54.423922,-165.717696,1470.0,266.7,1470.0,266.89
2017-06-03 09:57:55.995804,54.423942,-165.717644,1470.0,266.89,1470.0,266.7
2017-06-03 09:57:56.495005,54.423948,-165.717628,1470.0,266.89,1470.0,266.7
2017-06-03 09:57:56.994205,54.423967,-165.717576,1470.0,267.08,1470.0,266.7
2017-06-03 09:57:57.493406,54.423973,-165.717559,1470.0,266.89,1470.0,266.7
2017-06-03 09:57:57.992607,54.423995,-165.717508,1470.0,266.7,1470.0,266.7
2017-06-03 09:57:58.491808,54.424002,-165.717492,1470.0,266.7,1470.0,266.51
2017-06-03 09:57:58.991009,54.424023,-165.717445,1470.0,266.51,1470.0,268.58
2017-06-03 09:57:59.490211,54.42403,-165.71743,1470.0,267.45,1470.0,267.64
2017-06-03 09:57:59.989410,54.424053,-165.717382,1470.0,266.32,1470.0,266.13
2017-06-03 09:58:00.488613,54.42406,-165.717366,1470.0,268.02,1470.0,265.95
2017-06-03 09:58:00.987812,54.424084,-165.717319,1470.0,267.64,1470.0,265.95
2017-06-03 09:58:01.487013,54.424092,-165.717303,1470.0,267.83,1470.0,265.95
2017-06-03 09:58:01.986214,54.424114,-165.717255,1470.0,266.13,1470.0,266.13
2017-06-03 09:58:02.485415,54.424121,-165.717239,1470.0,266.32,1470.0,266.32
2017-06-03 09:58:02.984615,54.424143,-165.717189,1470.0,266.51,1470.0,268.2
2017-06-03 09:58:03.483816,54.424149,-165.717173,1470.0,266.7,1470.0,268.77
2017-06-03 09:58:03.998617,54.424169,-165.717119,1470.0,266.51,1470.0,266.51
2017-06-03 09:58:04.497818,54.424175,-165.717103,1470.0,266.51,1470.0,270.09
2017-06-03 09:58:04.997021,54.424195,-165.717051,1470.0,266.32,1470.0,266.13
2017-06-03 09:58:05.496220,54.424202,-165.717034,1470.0,266.32,1470.0,265.95
2017-06-03 09:58:05.995422,54.424223,-165.716984,1470.0,265.95,1470.0,268.39
2017-06-03 09:58:06.494621,54.424231,-165.716968,1470.0,268.2,1470.0,265.76
2017-06-03 09:58:06.993824,54.424253,-165.71692,1470.0,265.95,1470.0,267.26
2017-06-03 09:58:07.493023,54.42426,-165.716904,1470.0,267.64,1470.0,267.83
2017-06-03 09:58:07.992226,54.424285,-165.716854,1470.0,266.89,1470.0,265.95
2017-06-03 09:58:08.491425,54.424292,-165.716838,1470.0,268.02,1470.0,265.95
2017-06-03 09:58:08.990627,54.424313,-165.716789,1470.0,267.64,1470.0,265.95
2017-06-03 09:58:09.489826,54.42432,-165.716773,1470.0,265.95,1470.0,265.95
2017-06-03 09:58:09.989029,54.424343,-165.716721,1470.0,265.95,1470.0,265.95
2017-06-03 09:58:10.488230,54.42435,-165.716705,1470.0,267.45,1470.0,265.76
2017-06-03 09:58:10.987431,54.424371,-165.716656,1470.0,265.76,1470.0,268.02
2017-06-03 09:58:11.486631,54.424378,-165.716639,1470.0,265.76,1470.0,268.2
2017-06-03 09:58:11.985832,54.424398,-165.716589,1470.0,265.76,1470.0,265.76
2017-06-03 09:58:12.485033,54.424405,-165.716573,1470.0,265.76,1470.0,265.76
2017-06-03 09:58:12.984234,54.424426,-165.716522,1470.0,265.76,1470.0,267.08
2017-06-03 09:58:13.499035,54.424434,-165.716504,1470.0,265.76,1470.0,267.64
2017-06-03 09:58:13.998234,54.424455,-165.716454,1470.0,265.76,1470.0,265.57
2017-06-03 09:58:14.497437,54.424462,-165.716438,1470.0,265.76,1470.0,265.57
2017-06-03 09:58:14.996637,54.424482,-165.716388,1470.0,265.57,1470.0,265.57
2017-06-03 09:58:15.495838,54.424489,-165.716371,1470.0,268.77,1470.0,265.57
2017-06-03 09:58:15.995039,54.424512,-165.716322,1470.0,266.89,1470.0,265.57
2017-06-03 09:58:16.494240,54.424519,-165.716306,1470.0,265.76,1470.0,267.83
2017-06-03 09:58:16.993441,54.42454,-165.716257,1470.0,265.76,1470.0,266.89
2017-06-03 09:58:17.492641,54.424547,-165.716241,1470.0,265.76,1470.0,265.57
2017-06-03 09:58:17.991842,54.424568,-165.716189,1470.0,265.57,1470.0,268.02
2017-06-03 09:58:18.491043,54.424575,-165.716173,1470.0,265.57,1470.0,265.38
2017-06-03 09:58:18.990244,54.424596,-165.716125,1470.0,265.38,1470.0,266.89
2017-06-03 09:58:19.489445,54.424603,-165.716109,1470.0,265.38,1470.0,268.02
2017-06-03 09:58:19.988646,54.424626,-165.716059,1470.0,265.57,1470.0,265.38
2017-06-03 09:58:20.487848,54.424633,-165.716043,1470.0,265.38,1470.0,265.38
2017-06-03 09:58:20.987047,54.424654,-165.715992,1470.0,266.89,1470.0,265.38
2017-06-03 09:58:21.486250,54.424661,-165.715976,1470.0,265.57,1470.0,265.38
2017-06-03 09:58:21.985449,54.424683,-165.715926,1470.0,265.38,1470.0,265.38
2017-06-03 09:58:22.484650,54.42469,-165.715909,1470.0,265.38,1470.0,265.19
2017-06-03 09:58:22.983850,54.42471,-165.715859,1470.0,265.19,1470.0,265.19
2017-06-03 09:58:23.498652,54.424717,-165.715841,1470.0,265.19,1470.0,265.01
2017-06-03 09:58:23.997852,54.42474,-165.715791,1470.0,265.19,1470.0,266.13
2017-06-03 09:58:24.497053,54.424747,-165.715774,1470.0,265.19,1470.0,265.95
2017-06-03 09:58:24.996256,54.424768,-165.715724,1470.0,265.38,1470.0,265.19
2017-06-03 09:58:25.495455,54.424775,-165.715708,1470.0,265.19,1470.0,265.19
2017-06-03 09:58:25.994658,54.424797,-165.715659,1470.0,265.38,1470.0,265.19
2017-06-03 09:58:26.493856,54.424804,-165.715643,1470.0,265.19,1470.0,267.26
2017-06-03 09:58:26.993059,54.424826,-165.715595,1470.0,265.19,1470.0,266.32
2017-06-03 09:58:27.492258,54.424833,-165.715579,1470.0,264.82,1470.0,266.51
2017-06-03 09:58:27.991461,54.424856,-165.715529,1470.0,266.51,1470.0,264.82
2017-06-03 09:58:28.490660,54.424864,-165.715513,1470.0,264.82,1470.0,264.63
2017-06-03 09:58:28.989862,54.424886,-165.715465,1470.0,264.82,1470.0,265.76
2017-06-03 09:58:29.489061,54.424893,-165.715449,1470.0,265.01,1470.0,264.82
2017-06-03 09:58:29.988264,54.424914,-165.715399,1470.0,265.01,1470.0,267.64
2017-06-03 09:58:30.487465,54.424921,-165.715383,1470.0,265.01,1470.0,265.01
2017-06-03 09:58:30.986666,54.424941,-165.715332,1470.0,265.01,1470.0,265.01
2017-06-03 09:58:31.485867,54.424948,-165.715316,1470.0,265.01,1470.0,265.95
2017-06-03 09:58:31.985067,54.424969,-165.715266,1470.0,266.7,1470.0,264.82
2017-06-03 09:58:32.484268,54.424976,-165.715249,1470.0,264.82,1470.0,264.63
2017-06-03 09:58:32.999067,54.424997,-165.715196,1470.0,266.89,1470.0,264.63
2017-06-03 09:58:33.498270,54.425004,-165.71518,1470.0,264.44,1470.0,264.44
2017-06-03 09:58:33.997469,54.425027,-165.715131,1470.0,264.44,1470.0,264.44
2017-06-03 09:58:34.496672,54.425034,-165.715114,1470.0,265.38,1470.0,264.25
2017-06-03 09:58:34.995871,54.425055,-165.715064,1470.0,266.51,1470.0,265.38
2017-06-03 09:58:35.495073,54.425062,-165.715048,1470.0,264.44,1470.0,264.44
2017-06-03 09:58:35.994274,54.425083,-165.714999,1470.0,264.44,1470.0,264.44
2017-06-03 09:58:36.493475,54.425091,-165.714983,1470.0,264.63,1470.0,163.96
2017-06-03 09:58:36.992676,54.425113,-165.714934,1470.0,264.63,1470.0,264.44
2017-06-03 09:58:37.491877,54.42512,-165.714917,1470.0,264.63,1470.0,264.44
2017-06-03 09:58:37.991077,54.425142,-165.714865,1470.0,264.44,1470.0,266.32
2017-06-03 09:58:38.490278,54.425148,-165.714848,1470.0,264.44,1470.0,266.89
2017-06-03 09:58:38.989479,54.425168,-165.714798,1470.0,264.44,1470.0,266.32
2017-06-03 09:58:39.488680,54.425175,-165.714781,1470.0,264.44,1470.0,264.44
2017-06-03 09:58:39.987881,54.425198,-165.714729,1470.0,264.63,1470.0,264.44
2017-06-03 09:58:40.487082,54.425205,-165.714713,1470.0,264.44,1470.0,264.44
2017-06-03 09:58:40.986282,54.425226,-165.714664,1470.0,264.25,1470.0,264.25
2017-06-03 09:58:41.485485,54.425233,-165.714648,1470.0,264.06,1470.0,265.76
2017-06-03 09:58:41.984684,54.425257,-165.7146,1470.0,263.88,1470.0,263.88
2017-06-03 09:58:42.483887,54.425265,-165.714585,1470.0,264.44,1470.0,263.69
2017-06-03 09:58:42.998686,54.425288,-165.714534,1470.0,263.69,1470.0,263.69
2017-06-03 09:58:43.497887,54.425295,-165.714518,1470.0,264.82,1470.0,263.69
2017-06-03 09:58:43.997087,54.425315,-165.714469,1470.0,263.88,1470.0,264.82
2017-06-03 09:58:44.496288,54.425322,-165.714453,1470.0,265.38,1470.0,263.88
2017-06-03 09:58:44.995489,54.425342,-165.714403,1470.0,264.06,1470.0,264.06
2017-06-03 09:58:45.494690,54.425348,-165.714386,1470.0,264.06,1470.0,264.44
2017-06-03 09:58:45.993893,54.425367,-165.714334,1470.0,264.06,1470.0,264.06
2017-06-03 09:58:46.493092,54.425374,-165.714318,1470.0,264.06,1470.0,264.82
2017-06-03 09:58:46.992294,54.425395,-165.714266,1470.0,264.06,1470.0,263.88
2017-06-03 09:58:47.491493,54.425401,-165.714249,1470.0,263.88,1470.0,266.89
2017-06-03 09:58:47.990696,54.425422,-165.714196,1470.0,263.88,1470.0,263.69
2017-06-03 09:58:48.489895,54.425429,-165.71418,1470.0,263.69,1470.0,265.38
2017-06-03 09:58:48.989098,54.425452,-165.714131,1470.0,263.69,1470.0,265.57
2017-06-03 09:58:49.488297,54.42546,-165.714115,1470.0,263.69,1470.0,263.5
2017-06-03 09:58:49.987499,54.425483,-165.714067,1470.0,265.01,1470.0,263.5
2017-06-03 09:58:50.486700,54.42549,-165.714051,1470.0,263.5,1470.0,265.57
2017-06-03 09:58:50.985901,54.425514,-165.714001,1470.0,263.5,1470.0,263.5
2017-06-03 09:58:51.485102,54.425521,-165.713984,1470.0,11.93,1470.0,265.19
2017-06-03 09:58:51.984303,54.425543,-165.713934,1470.0,263.5,1470.0,264.82
2017-06-03 09:58:52.499104,54.42555,-165.713916,1470.0,265.19,1470.0,263.5
2017-06-03 09:58:52.998302,54.425572,-165.713866,1470.0,263.5,1470.0,263.5
2017-06-03 09:58:53.497505,54.425579,-165.713849,1470.0,263.5,1470.0,263.5
2017-06-03 09:58:53.996704,54.425599,-165.713798,1470.0,263.5,1470.0,263.69
2017-06-03 09:58:54.495907,54.425605,-165.713781,1470.0,263.31,1470.0,263.31
2017-06-03 09:58:54.995106,54.425625,-165.713731,1470.0,263.31,1470.0,263.12
2017-06-03 09:58:55.494308,54.425632,-165.713714,1470.0,263.31,1470.0,263.12
2017-06-03 09:58:55.993509,54.425653,-165.713663,1470.0,263.31,1470.0,263.31
2017-06-03 09:58:56.492710,54.42566,-165.713647,1470.0,263.5,1470.0,263.31
2017-06-03 09:58:56.991911,54.425681,-165.713599,1470.0,263.5,1470.0,265.57
2017-06-03 09:58:57.491112,54.425688,-165.713583,1470.0,265.57,1470.0,265.19
2017-06-03 09:58:57.990313,54.425711,-165.713533,1470.0,263.5,1470.0,263.5
2017-06-03 09:58:58.489513,54.425719,-165.713516,1470.0,263.31,1470.0,263.31
2017-06-03 09:58:58.988714,54.425741,-165.713467,1470.0,263.31,1470.0,265.19
2017-06-03 09:58:59.487915,54.425748,-165.713451,1470.0,263.31,1470.0,263.31
2017-06-03 09:58:59.987116,54.425771,-165.713402,1470.0,265.19,1470.0,263.12
2017-06-03 09:59:00.486317,54.425778,-165.713386,1470.0,263.12,1470.0,265.57
2017-06-03 09:59:00.985518,54.425799,-165.713337,1470.0,263.12,1470.0,262.94
2017-06-03 09:59:01.484720,54.425807,-165.713321,1470.0,264.25,1470.0,262.94
2017-06-03 09:59:01.983919,54.425829,-165.713271,1470.0,262.94,1470.0,262.94
2017-06-03 09:59:02.498720,54.425837,-165.713253,1470.0,262.94,1470.0,262.94
2017-06-03 09:59:02.997921,54.425857,-165.713203,1470.0,262.94,1470.0,262.94
2017-06-03 09:59:03.497122,54.425864,-165.713186,1470.0,262.94,1470.0,262.94
2017-06-03 09:59:03.996323,54.425885,-165.713134,1470.0,262.94,1470.0,262.94
2017-06-03 09:59:04.495523,54.425892,-165.713118,1470.0,263.12,1470.0,264.25
2017-06-03 09:59:04.994724,54.425913,-165.713069,1470.0,263.12,1470.0,263.12
2017-06-03 09:59:05.493925,54.42592,-165.713052,1470.0,263.31,1470.0,263.12
2017-06-03 09:59:05.993126,54.425942,-165.713,1470.0,263.31,1470.0,265.01
2017-06-03 09:59:06.492327,54.425949,-165.712983,1470.0,263.12,1470.0,263.12
2017-06-03 09:59:06.991529,54.425971,-165.712934,1470.0,263.12,1470.0,263.12
2017-06-03 09:59:07.490728,54.425978,-165.712918,1470.0,263.5,1470.0,262.94
2017-06-03 09:59:07.989931,54.426001,-165.712868,1470.0,262.94,1470.0,262.94
2017-06-03 09:59:08.489130,54.426009,-165.712852,1470.0,262.75,1470.0,264.63
2017-06-03 09:59:08.988333,54.426031,-165.712805,1470.0,264.25,1470.0,262.56
2017-06-03 09:59:09.487532,54.426038,-165.71279,1470.0,263.88,1470.0,264.63
2017-06-03 09:59:09.986734,54.426062,-165.712741,1470.0,262.56,1470.0,262.56
2017-06-03 09:59:10.485933,54.42607,-165.712725,1470.0,262.56,1470.0,263.31
2017-06-03 09:59:10.985136,54.426091,-165.712676,1470.0,262.56,1470.0,263.12
2017-06-03 09:59:11.484337,54.426098,-165.712659,1470.0,262.56,1470.0,262.56
2017-06-03 09:59:11.999138,54.426119,-165.712608,1470.0,265.01,1470.0,262.56
2017-06-03 09:59:12.498339,54.426125,-165.712591,1470.0,262.75,1470.0,262.75
2017-06-03 09:59:12.997540,54.426145,-165.712541,1470.0,263.12,1470.0,262.75
2017-06-03 09:59:13.496740,54.426152,-165.712524,1470.0,262.94,1470.0,262.75
2017-06-03 09:59:13.995939,54.426172,-165.712473,1470.0,262.75,1470.0,262.75
2017-06-03 09:59:14.495142,54.426179,-165.712456,1470.0,262.75,1470.0,137.43
2017-06-03 09:59:14.994341,54.4262,-165.712406,1470.0,262.75,1470.0,262.75
2017-06-03 09:59:15.493544,54.426207,-165.712389,1470.0,262.56,1470.0,262.56
2017-06-03 09:59:15.992744,54.42623,-165.712338,1470.0,263.69,1470.0,264.25
2017-06-03 09:59:16.491945,54.426237,-165.712322,1470.0,262.37,1470.0,262.37
2017-06-03 09:59:16.991146,54.426261,-165.712274,1470.0,262.37,1470.0,262.37
2017-06-03 09:59:17.490347,54.426268,-165.712258,1470.0,262.37,1470.0,262.37
2017-06-03 09:59:17.989548,54.426291,-165.712206,1470.0,263.88,1470.0,262.37
2017-06-03 09:59:18.488749,54.426299,-165.71219,1470.0,262.56,1470.0,263.69
2017-06-03 09:59:18.987949,54.426321,-165.712142,1470.0,262.56,1470.0,265.57
2017-06-03 09:59:19.487150,54.426328,-165.712126,1470.0,264.44,1470.0,262.37
2017-06-03 09:59:19.986351,54.426349,-165.712076,1470.0,262.37,1470.0,264.44
2017-06-03 09:59:20.485552,54.426356,-165.712059,1470.0,262.37,1470.0,262.18
2017-06-03 09:59:20.984753,54.426378,-165.712008,1470.0,262.18,1470.0,262.18
2017-06-03 09:59:21.483955,54.426385,-165.711991,1470.0,263.5,1470.0,262.0
2017-06-03 09:59:21.998755,54.426407,-165.711941,1470.0,262.18,1470.0,262.75
2017-06-03 09:59:22.497955,54.426414,-165.711924,1470.0,262.18,1470.0,262.18
2017-06-03 09:59:22.997156,54.426435,-165.711874,1470.0,262.18,1470.0,262.18
2017-06-03 09:59:23.496357,54.426442,-165.711858,1470.0,262.18,1470.0,263.69
2017-06-03 09:59:23.995558,54.426465,-165.711809,1470.0,262.18,1470.0,263.31
2017-06-03 09:59:24.494759,54.426472,-165.711793,1470.0,262.94,1470.0,262.75
2017-06-03 09:59:24.993959,54.426494,-165.711745,1470.0,262.0,1470.0,262.0
2017-06-03 09:59:25.493160,54.426502,-165.711729,1470.0,262.0,1470.0,262.0
2017-06-03 09:59:25.992361,54.426525,-165.711679,1470.0,262.18,1470.0,262.0
2017-06-03 09:59:26.491562,54.426532,-165.711663,1470.0,264.63,1470.0,262.0
2017-06-03 09:59:26.990765,54.426554,-165.711615,1470.0,262.18,1470.0,262.18
2017-06-03 09:59:27.489964,54.426562,-165.711599,1470.0,263.5,1470.0,262.18
2017-06-03 09:59:27.989166,54.426585,-165.711549,1470.0,263.12,1470.0,262.0
2017-06-03 09:59:28.488365,54.426592,-165.711533,1470.0,262.18,1470.0,262.0
2017-06-03 09:59:28.987568,54.426614,-165.711484,1470.0,262.0,1470.0,262.0
2017-06-03 09:59:29.486767,54.426622,-165.711468,1470.0,262.0,1470.0,262.37
2017-06-03 09:59:29.985970,54.426644,-165.711417,1470.0,262.0,1470.0,263.88
2017-06-03 09:59:30.485168,54.426652,-165.711401,1470.0,262.0,1470.0,262.0
2017-06-03 09:59:30.984371,54.426674,-165.711351,1470.0,262.0,1470.0,262.0
2017-06-03 09:59:31.499170,54.426682,-165.711333,1470.0,262.0,1470.0,263.31
2017-06-03 09:59:31.998373,54.426705,-165.711284,1470.0,262.0,1470.0,262.37
2017-06-03 09:59:32.497574,54.426712,-165.711268,1470.0,262.0,1470.0,262.0
2017-06-03 09:59:32.996775,54.426735,-165.711219,1470.0,262.0,1470.0,263.12
2017-06-03 09:59:33.495975,54.426742,-165.711203,1470.0,262.0,1470.0,229.63
2017-06-03 09:59:33.995176,54.426765,-165.711154,1470.0,261.81,1470.0,263.31
2017-06-03 09:59:34.494377,54.426772,-165.711138,1470.0,261.62,1470.0,261.62
2017-06-03 09:59:34.993578,54.426794,-165.71109,1470.0,261.62,1470.0,261.43
2017-06-03 09:59:35.492779,54.426802,-165.711075,1470.0,261.43,1470.0,263.5
2017-06-03 09:59:35.991978,54.426825,-165.711026,1470.0,261.43,1470.0,261.43
2017-06-03 09:59:36.491180,54.426832,-165.71101,1470.0,262.75,1470.0,261.43
2017-06-03 09:59:36.990381,54.426853,-165.710964,1470.0,263.31,1470.0,263.88
2017-06-03 09:59:37.489582,54.42686,-165.710948,1470.0,261.62,1470.0,261.62
2017-06-03 09:59:37.988783,54.426881,-165.710897,1470.0,261.81,1470.0,261.62
2017-06-03 09:59:38.487984,54.426888,-165.710881,1470.0,261.81,1470.0,261.81
2017-06-03 09:59:38.987185,54.426909,-165.710829,1470.0,262.0,1470.0,265.57
2017-06-03 09:59:39.486385,54.426916,-165.710813,1470.0,262.0,1470.0,261.81
2017-06-03 09:59:39.985586,54.426938,-165.710761,1470.0,262.0,1470.0,261.81
2017-06-03 09:59:40.484787,54.426945,-165.710744,1470.0,261.81,1470.0,264.82
2017-06-03 09:59:40.983988,54.426968,-165.710694,1470.0,261.81,1470.0,261.62
2017-06-03 09:59:41.498791,54.426976,-165.710676,1470.0,262.56,1470.0,263.69
2017-06-03 09:59:41.997990,54.427,-165.710627,1470.0,261.43,1470.0,263.69
2017-06-03 09:59:42.497190,54.427008,-165.710612,1470.0,263.31,1470.0,261.24
2017-06-03 09:59:42.996391,54.427031,-165.710564,1470.0,261.24,1470.0,263.12
2017-06-03 09:59:43.495592,54.427039,-165.710548,1470.0,261.24,1470.0,261.05
2017-06-03 09:59:43.994793,54.427063,-165.710502,1470.0,261.24,1470.0,262.18
2017-06-03 09:59:44.493994,54.427071,-165.710487,1470.0,261.24,1470.0,262.94
2017-06-03 09:59:44.993195,54.427094,-165.71044,1470.0,263.5,1470.0,262.75
2017-06-03 09:59:45.492395,54.427102,-165.710424,1470.0,262.37,1470.0,261.05
2017-06-03 09:59:45.991596,54.427123,-165.710374,1470.0,261.05,1470.0,262.37
2017-06-03 09:59:46.490797,54.42713,-165.710358,1470.0,261.05,1470.0,261.05
2017-06-03 09:59:46.990000,54.427151,-165.71031,1470.0,260.87,1470.0,260.87
2017-06-03 09:59:47.489199,54.427158,-165.710295,1470.0,260.87,1470.0,260.87
2017-06-03 09:59:47.988401,54.427179,-165.710246,1470.0,260.87,1470.0,260.87
2017-06-03 09:59:48.487600,54.427187,-165.71023,1470.0,260.87,1470.0,262.18
2017-06-03 09:59:48.986803,54.427209,-165.710181,1470.0,260.87,1470.0,260.87
2017-06-03 09:59:49.486002,54.427217,-165.710165,1470.0,260.87,1470.0,260.68
2017-06-03 09:59:49.985205,54.427241,-165.710116,1470.0,260.87,1470.0,262.94
2017-06-03 09:59:50.484404,54.427248,-165.7101,1470.0,262.18,1470.0,260.68
2017-06-03 09:59:50.999207,54.427272,-165.710051,1470.0,262.56,1470.0,260.68
2017-06-03 09:59:51.498405,54.427279,-165.710035,1470.0,262.0,1470.0,260.68
2017-06-03 09:59:51.997608,54.427302,-165.709987,1470.0,260.68,1470.0,260.68
2017-06-03 09:59:52.496809,54.427309,-165.709971,1470.0,260.68,1470.0,260.49
2017-06-03 09:59:52.996010,54.427331,-165.709922,1470.0,260.49,1470.0,260.49
2017-06-03 09:59:53.495211,54.427338,-165.709906,1470.0,261.81,1470.0,260.3
2017-06-03 09:59:53.994411,54.427361,-165.709854,1470.0,260.3,1470.0,262.94
2017-06-03 09:59:54.493612,54.427369,-165.709838,1470.0,260.49,1470.0,260.3
2017-06-03 09:59:54.992813,54.42739,-165.70979,1470.0,260.3,1470.0,261.81
2017-06-03 09:59:55.492014,54.427397,-165.709774,1470.0,260.3,1470.0,262.18
2017-06-03 09:59:55.991215,54.427418,-165.709721,1470.0,260.3,1470.0,260.3
2017-06-03 09:59:56.490416,54.427425,-165.709705,1470.0,261.62,1470.0,260.11
2017-06-03 09:59:56.989614,54.427445,-165.709656,1470.0,260.11,1470.0,259.93
2017-06-03 09:59:57.488817,54.427451,-165.709639,1470.0,259.93,1470.0,259.74
2017-06-03 09:59:57.988018,54.427473,-165.709589,1470.0,259.55,1470.0,259.74
2017-06-03 09:59:58.487219,54.42748,-165.709573,1470.0,259.55,1470.0,259.74
2017-06-03 09:59:58.986420,54.427504,-165.709524,1470.0,259.36,1470.0,259.36
2017-06-03 09:59:59.485620,54.427511,-165.709508,1470.0,259.36,1470.0,259.36
2017-06-03 09:59:59.984821,54.427533,-165.70946,1470.0,260.49,1470.0,259.36
2017-06-03 10:00:00.484022,54.42754,-165.709444,1470.0,259.55,1470.0,259.93
2017-06-03 10:00:00.998823,54.427563,-165.709393,1470.0,259.55,1470.0,261.05
2017-06-03 10:00:01.498024,54.42757,-165.709376,1470.0,259.55,1470.0,259.36
2017-06-03 10:00:01.997225,54.427592,-165.709324,1470.0,259.36,1470.0,259.17
2017-06-03 10:00:02.496428,54.427599,-165.709308,1470.0,259.17,1470.0,260.49
2017-06-03 10:00:02.995626,54.42762,-165.709259,1470.0,258.98,1470.0,261.43
2017-06-03 10:00:03.494827,54.427627,-165.709243,1470.0,258.98,1470.0,258.8
2017-06-03 10:00:03.994028,54.427648,-165.709193,1470.0,258.98,1470.0,258.8
2017-06-03 10:00:04.493229,54.427656,-165.709176,1470.0,258.8,1470.0,258.8
2017-06-03 10:00:04.992430,54.427678,-165.709127,1470.0,258.8,1470.0,260.68
2017-06-03 10:00:05.491631,54.427685,-165.70911,1470.0,258.8,1470.0,259.36
2017-06-03 10:00:05.990831,54.427707,-165.709057,1470.0,258.8,1470.0,258.61
2017-06-03 10:00:06.490032,54.427713,-165.70904,1470.0,258.61,1470.0,258.61
2017-06-03 10:00:06.989235,54.427733,-165.708991,1470.0,258.61,1470.0,258.61
2017-06-03 10:00:07.488434,54.42774,-165.708974,1470.0,258.61,1470.0,258.8
2017-06-03 10:00:07.987637,54.427761,-165.708923,1470.0,258.42,1470.0,258.42
2017-06-03 10:00:08.486835,54.427768,-165.708906,1470.0,258.42,1470.0,258.42
2017-06-03 10:00:08.986038,54.427788,-165.708856,1470.0,258.42,1470.0,259.74
2017-06-03 10:00:09.485237,54.427795,-165.708839,1470.0,258.23,1470.0,258.04
2017-06-03 10:00:09.984440,54.427818,-165.708789,1470.0,258.23,1470.0,258.04
2017-06-03 10:00:10.499239,54.427825,-165.708771,1470.0,259.55,1470.0,258.04
2017-06-03 10:00:10.998442,54.427847,-165.708721,1470.0,258.23,1470.0,258.23
2017-06-03 10:00:11.497641,54.427854,-165.708704,1470.0,258.42,1470.0,258.42
2017-06-03 10:00:11.996843,54.427874,-165.708654,1470.0,258.42,1470.0,261.24
2017-06-03 10:00:12.496044,54.42788,-165.708638,1470.0,258.42,1470.0,260.3
2017-06-03 10:00:12.995245,54.427902,-165.708586,1470.0,258.23,1470.0,258.23
2017-06-03 10:00:13.494446,54.427909,-165.708569,1470.0,258.04,1470.0,258.04
2017-06-03 10:00:13.993647,54.427932,-165.708519,1470.0,257.86,1470.0,257.86
2017-06-03 10:00:14.492847,54.427939,-165.708503,1470.0,257.86,1470.0,259.36
2017-06-03 10:00:14.992048,54.427961,-165.708455,1470.0,259.74,1470.0,260.49
2017-06-03 10:00:15.491249,54.427968,-165.708439,1470.0,259.17,1470.0,259.36
2017-06-03 10:00:15.990450,54.427991,-165.708389,1470.0,257.86,1470.0,257.86
2017-06-03 10:00:16.489651,54.427999,-165.708373,1470.0,259.55,1470.0,257.86
2017-06-03 10:00:16.988852,54.42802,-165.708325,1470.0,259.93,1470.0,259.74
2017-06-03 10:00:17.488052,54.428026,-165.708309,1470.0,258.04,1470.0,257.86
2017-06-03 10:00:17.987253,54.428048,-165.708259,1470.0,257.86,1470.0,257.86
2017-06-03 10:00:18.486454,54.428055,-165.708243,1470.0,257.86,1470.0,257.86
2017-06-03 10:00:18.985655,54.428076,-165.708192,1470.0,257.86,1470.0,257.67
2017-06-03 10:00:19.484856,54.428083,-165.708176,1470.0,257.86,1470.0,257.86
2017-06-03 10:00:19.984056,54.428104,-165.708124,1470.0,257.86,1470.0,257.67
2017-06-03 10:00:20.498857,54.428112,-165.708106,1470.0,257.67,1470.0,257.67
2017-06-03 10:00:20.998058,54.428135,-165.708056,1470.0,257.67,1470.0,259.55
2017-06-03 10:00:21.497259,54.428143,-165.70804,1470.0,257.48,1470.0,259.55
2017-06-03 10:00:21.996460,54.428166,-165.707991,1470.0,257.29,1470.0,259.36
2017-06-03 10:00:22.495661,54.428174,-165.707975,1470.0,258.42,1470.0,208.75
2017-06-03 10:00:22.994862,54.428196,-165.707929,1470.0,257.29,1470.0,257.29
2017-06-03 10:00:23.494064,54.428203,-165.707913,1470.0,259.36,1470.0,257.29
2017-06-03 10:00:23.993263,54.428226,-165.707861,1470.0,257.48,1470.0,259.55
2017-06-03 10:00:24.492464,54.428234,-165.707845,1470.0,257.48,1470.0,257.48
2017-06-03 10:00:24.991665,54.428255,-165.707796,1470.0,257.48,1470.0,258.61
2017-06-03 10:00:25.490866,54.428262,-165.707779,1470.0,257.48,1470.0,258.98
2017-06-03 10:00:25.990067,54.428283,-165.707726,1470.0,257.48,1470.0,257.48
2017-06-03 10:00:26.489267,54.42829,-165.70771,1470.0,257.48,1470.0,257.48
2017-06-03 10:00:26.988468,54.428311,-165.707661,1470.0,257.48,1470.0,257.29
2017-06-03 10:00:27.487669,54.428318,-165.707644,1470.0,258.42,1470.0,257.29
2017-06-03 10:00:27.986870,54.428339,-165.707594,1470.0,257.29,1470.0,257.1
2017-06-03 10:00:28.486071,54.428347,-165.707578,1470.0,257.1,1470.0,259.55
2017-06-03 10:00:28.985273,54.428369,-165.707529,1470.0,257.1,1470.0,256.91
2017-06-03 10:00:29.484472,54.428377,-165.707513,1470.0,258.98,1470.0,256.91
2017-06-03 10:00:29.999275,54.428401,-165.707462,1470.0,258.61,1470.0,258.61
2017-06-03 10:00:30.498474,54.428409,-165.707446,1470.0,257.1,1470.0,257.1
2017-06-03 10:00:30.997677,54.42843,-165.707394,1470.0,257.29,1470.0,259.17
2017-06-03 10:00:31.496876,54.428437,-165.707378,1470.0,257.29,1470.0,257.29
2017-06-03 10:00:31.996078,54.428458,-165.707328,1470.0,257.48,1470.0,258.98
2017-06-03 10:00:32.495279,54.428465,-165.707311,1470.0,257.29,1470.0,257.29
2017-06-03 10:00:32.994480,54.428485,-165.707261,1470.0,257.1,1470.0,257.1
2017-06-03 10:00:33.493681,54.428492,-165.707244,1470.0,257.1,1470.0,258.61
2017-06-03 10:00:33.992882,54.428515,-165.707191,1470.0,257.1,1470.0,256.91
2017-06-03 10:00:34.492083,54.428522,-165.707175,1470.0,256.91,1470.0,256.91
2017-06-03 10:00:34.991283,54.428544,-165.707126,1470.0,256.91,1470.0,256.73
2017-06-03 10:00:35.490484,54.428552,-165.707109,1470.0,256.73,1470.0,258.61
2017-06-03 10:00:35.989685,54.428574,-165.707059,1470.0,256.73,1470.0,257.67
2017-06-03 10:00:36.488886,54.428582,-165.707043,1470.0,256.54,1470.0,256.54
2017-06-03 10:00:36.988087,54.428604,-165.706994,1470.0,257.86,1470.0,256.35
2017-06-03 10:00:37.487288,54.428612,-165.706978,1470.0,256.54,1470.0,256.35
2017-06-03 10:00:37.986488,54.428634,-165.706929,1470.0,256.35,1470.0,256.35
2017-06-03 10:00:38.485689,54.428641,-165.706913,1470.0,257.48,1470.0,256.35
2017-06-03 10:00:38.984890,54.428663,-165.706862,1470.0,256.54,1470.0,256.54
2017-06-03 10:00:39.484091,54.42867,-165.706846,1470.0,258.61,1470.0,257.48
2017-06-03 10:00:39.998892,54.42869,-165.706793,1470.0,256.73,1470.0,256.73
2017-06-03 10:00:40.498093,54.428697,-165.706776,1470.0,256.73,1470.0,256.73
2017-06-03 10:00:40.997293,54.428718,-165.706723,1470.0,256.91,1470.0,256.73
2017-06-03 10:00:41.496494,54.428725,-165.706706,1470.0,256.73,1470.0,256.54
2017-06-03 10:00:41.995695,54.428747,-165.706654,1470.0,256.54,1470.0,256.54
2017-06-03 10:00:42.494896,54.428754,-165.706638,1470.0,256.54,1470.0,256.35
2017-06-03 10:00:42.994097,54.428776,-165.706589,1470.0,258.23,1470.0,256.16
2017-06-03 10:00:43.493299,54.428783,-165.706573,1470.0,256.16,1470.0,256.91
2017-06-03 10:00:43.992498,54.428806,-165.706523,1470.0,257.67,1470.0,255.97
2017-06-03 10:00:44.491701,54.428814,-165.706506,1470.0,255.97,1470.0,255.97
2017-06-03 10:00:44.990900,54.428837,-165.706457,1470.0,255.97,1470.0,257.86
2017-06-03 10:00:45.490101,54.428845,-165.706441,1470.0,255.97,1470.0,255.97
2017-06-03 10:00:45.989302,54.428867,-165.706389,1470.0,258.61,1470.0,255.97
2017-06-03 10:00:46.488503,54.428873,-165.706373,1470.0,257.67,1470.0,255.97
2017-06-03 10:00:46.987703,54.428893,-165.706323,1470.0,255.97,1470.0,255.97
2017-06-03 10:00:47.486904,54.4289,-165.706306,1470.0,255.97,1470.0,255.97
2017-06-03 10:00:47.986105,54.42892,-165.706254,1470.0,256.16,1470.0,255.97
2017-06-03 10:00:48.485306,54.428926,-165.706238,1470.0,255.6,1470.0,255.6
2017-06-03 10:00:48.984509,54.428948,-165.706187,1470.0,255.6,1470.0,257.67
2017-06-03 10:00:49.499308,54.428955,-165.706169,1470.0,256.16,1470.0,255.41
2017-06-03 10:00:49.998510,54.428977,-165.706119,1470.0,255.6,1470.0,255.41
2017-06-03 10:00:50.497709,54.428984,-165.706103,1470.0,255.6,1470.0,255.41
2017-06-03 10:00:50.996912,54.429005,-165.706054,1470.0,255.6,1470.0,255.6
2017-06-03 10:00:51.496111,54.429012,-165.706038,1470.0,255.6,1470.0,258.23
2017-06-03 10:00:51.995314,54.429035,-165.705989,1470.0,257.67,1470.0,255.41
2017-06-03 10:00:52.494513,54.429042,-165.705973,1470.0,255.41,1470.0,255.41
2017-06-03 10:00:52.993715,54.429066,-165.705924,1470.0,255.41,1470.0,257.1
2017-06-03 10:00:53.492914,54.429073,-165.705907,1470.0,256.35,1470.0,255.22
2017-06-03 10:00:53.992117,54.429096,-165.705855,1470.0,255.22,1470.0,257.1
2017-06-03 10:00:54.491318,54.429104,-165.705838,1470.0,255.22,1470.0,257.29
2017-06-03 10:00:54.990519,54.429126,-165.705789,1470.0,255.22,1470.0,255.22
2017-06-03 10:00:55.489719,54.429133,-165.705773,1470.0,255.22,1470.0,255.22
2017-06-03 10:00:55.988920,54.429154,-165.705722,1470.0,256.54,1470.0,255.22
2017-06-03 10:00:56.488121,54.429162,-165.705706,1470.0,255.41,1470.0,255.22
2017-06-03 10:00:56.987322,54.429184,-165.705656,1470.0,255.22,1470.0,256.73
2017-06-03 10:00:57.486523,54.429192,-165.705639,1470.0,255.03,1470.0,255.03
2017-06-03 10:00:57.985723,54.429214,-165.705588,1470.0,254.84,1470.0,254.84
2017-06-03 10:00:58.484924,54.429222,-165.705571,1470.0,254.84,1470.0,254.84
2017-06-03 10:00:58.984125,54.429244,-165.705522,1470.0,256.54,1470.0,256.54
2017-06-03 10:00:59.498926,54.429252,-165.705505,1470.0,255.97,1470.0,254.66
2017-06-03 10:00:59.998127,54.429273,-165.705456,1470.0,254.84,1470.0,255.97
2017-06-03 10:01:00.497328,54.42928,-165.70544,1470.0,254.84,1470.0,254.84
2017-06-03 10:01:00.996529,54.429301,-165.705391,1470.0,255.03,1470.0,254.84
2017-06-03 10:01:01.495729,54.429308,-165.705374,1470.0,255.97,1470.0,254.84
2017-06-03 10:01:01.994930,54.42933,-165.705323,1470.0,255.03,1470.0,254.84
2017-06-03 10:01:02.494131,54.429337,-165.705306,1470.0,254.84,1470.0,256.73
2017-06-03 10:01:02.993332,54.429359,-165.705256,1470.0,254.84,1470.0,257.67
2017-06-03 10:01:03.492535,54.429367,-165.705239,1470.0,254.84,1470.0,255.6
2017-06-03 10:01:03.991734,54.42939,-165.705189,1470.0,255.03,1470.0,257.67
2017-06-03 10:01:04.490936,54.429397,-165.705173,1470.0,255.22,1470.0,255.03
2017-06-03 10:01:04.990135,54.429419,-165.705124,1470.0,256.73,1470.0,255.22
2017-06-03 10:01:05.489338,54.429427,-165.705108,1470.0,255.41,1470.0,255.41
2017-06-03 10:01:05.988537,54.429449,-165.705056,1470.0,255.6,1470.0,257.1
2017-06-03 10:01:06.487738,54.429456,-165.705039,1470.0,255.6,1470.0,255.41
2017-06-03 10:01:06.986938,54.429478,-165.704986,1470.0,255.41,1470.0,255.41
2017-06-03 10:01:07.486139,54.429485,-165.704969,1470.0,255.41,1470.0,256.91
2017-06-03 10:01:07.985340,54.429508,-165.704918,1470.0,257.48,1470.0,255.22
2017-06-03 10:01:08.484541,54.429515,-165.704901,1470.0,255.22,1470.0,256.54
2017-06-03 10:01:08.999344,54.429537,-165.704849,1470.0,257.1,1470.0,196.52
2017-06-03 10:01:09.498543,54.429544,-165.704833,1470.0,255.22,1470.0,255.03
2017-06-03 10:01:09.997746,54.429567,-165.704784,1470.0,256.54,1470.0,253.34
2017-06-03 10:01:10.496944,54.429574,-165.704768,1470.0,255.22,1470.0,257.29
2017-06-03 10:01:10.996147,54.429595,-165.704718,1470.0,256.91,1470.0,256.91
2017-06-03 10:01:11.495346,54.429602,-165.704701,1470.0,255.6,1470.0,257.67
2017-06-03 10:01:11.994549,54.429623,-165.704648,1470.0,255.79,1470.0,256.54
2017-06-03 10:01:12.493748,54.42963,-165.704631,1470.0,255.97,1470.0,255.79
2017-06-03 10:01:12.992950,54.42965,-165.704581,1470.0,256.16,1470.0,255.97
2017-06-03 10:01:13.492149,54.429656,-165.704564,1470.0,256.16,1470.0,259.17
2017-06-03 10:01:13.991352,54.429677,-165.704511,1470.0,255.97,1470.0,255.97
2017-06-03 10:01:14.490553,54.429684,-165.704495,1470.0,255.97,1470.0,255.97
2017-06-03 10:01:14.989754,54.429706,-165.704446,1470.0,255.97,1470.0,258.42
2017-06-03 10:01:15.488955,54.429713,-165.70443,1470.0,255.97,1470.0,255.79
2017-06-03 10:01:15.988155,54.429737,-165.704381,1470.0,255.79,1470.0,255.79
2017-06-03 10:01:16.487356,54.429745,-165.704365,1470.0,255.97,1470.0,255.79
2017-06-03 10:01:16.986557,54.429769,-165.704316,1470.0,255.97,1470.0,256.91
2017-06-03 10:01:17.485758,54.429777,-165.704299,1470.0,256.16,1470.0,258.04
2017-06-03 10:01:17.984959,54.429799,-165.704249,1470.0,257.67,1470.0,256.16
2017-06-03 10:01:18.484159,54.429807,-165.704233,1470.0,256.54,1470.0,256.35
2017-06-03 10:01:18.998959,54.42983,-165.704181,1470.0,256.54,1470.0,256.35
2017-06-03 10:01:19.498161,54.429837,-165.704164,1470.0,256.54,1470.0,256.54
2017-06-03 10:01:19.997362,54.429858,-165.704111,1470.0,256.54,1470.0,256.54
2017-06-03 10:01:20.496563,54.429865,-165.704095,1470.0,256.54,1470.0,258.8
2017-06-03 10:01:20.995764,54.429886,-165.704046,1470.0,256.54,1470.0,258.42
2017-06-03 10:01:21.494965,54.429893,-165.704029,1470.0,256.54,1470.0,256.54
2017-06-03 10:01:21.994165,54.429915,-165.703978,1470.0,256.54,1470.0,259.36
2017-06-03 10:01:22.493366,54.429922,-165.703962,1470.0,256.54,1470.0,258.98
2017-06-03 10:01:22.992567,54.429944,-165.703914,1470.0,256.54,1470.0,256.35
2017-06-03 10:01:23.491768,54.429952,-165.703898,1470.0,258.23,1470.0,256.35
2017-06-03 10:01:23.990969,54.429975,-165.703848,1470.0,257.67,1470.0,256.35
2017-06-03 10:01:24.490171,54.429982,-165.703832,1470.0,256.35,1470.0,256.35
2017-06-03 10:01:24.989370,54.430004,-165.703784,1470.0,258.23,1470.0,256.35
2017-06-03 10:01:25.488573,54.430012,-165.703768,1470.0,256.54,1470.0,257.67
2017-06-03 10:01:25.987772,54.430034,-165.703717,1470.0,256.73,1470.0,256.73
2017-06-03 10:01:26.486975,54.430041,-165.703701,1470.0,256.91,1470.0,256.91
2017-06-03 10:01:26.986174,54.430063,-165.703649,1470.0,257.1,1470.0,257.1
2017-06-03 10:01:27.485376,54.43007,-165.703632,1470.0,257.1,1470.0,257.1
2017-06-03 10:01:27.984575,54.430091,-165.70358,1470.0,257.1,1470.0,257.1
2017-06-03 10:01:28.483776,54.430098,-165.703562,1470.0,257.1,1470.0,257.1
2017-06-03 10:01:28.998579,54.43012,-165.703508,1470.0,256.91,1470.0,256.73
2017-06-03 10:01:29.497778,54.430127,-165.703491,1470.0,257.67,1470.0,256.73
2017-06-03 10:01:29.996981,54.43015,-165.703441,1470.0,256.73,1470.0,256.54
2017-06-03 10:01:30.496180,54.430157,-165.703425,1470.0,256.54,1470.0,256.54
2017-06-03 10:01:30.995382,54.430179,-165.703376,1470.0,256.54,1470.0,256.91
2017-06-03 10:01:31.494581,54.430187,-165.703359,1470.0,256.54,1470.0,256.54
2017-06-03 10:01:31.993784,54.430211,-165.703309,1470.0,256.54,1470.0,256.35
2017-06-03 10:01:32.492983,54.430219,-165.703293,1470.0,256.54,1470.0,256.35
2017-06-03 10:01:32.992186,54.430241,-165.703244,1470.0,257.29,1470.0,256.35
2017-06-03 10:01:33.491385,54.430248,-165.703228,1470.0,256.54,1470.0,256.54
2017-06-03 10:01:33.990587,54.430269,-165.703176,1470.0,256.73,1470.0,256.54
2017-06-03 10:01:34.489788,54.430275,-165.703159,1470.0,256.73,1470.0,256.73
2017-06-03 10:01:34.988989,54.430296,-165.703109,1470.0,256.73,1470.0,257.29
2017-06-03 10:01:35.488190,54.430303,-165.703093,1470.0,256.73,1470.0,256.54
2017-06-03 10:01:35.987391,54.430324,-165.703041,1470.0,256.73,1470.0,256.54
2017-06-03 10:01:36.486591,54.430331,-165.703024,1470.0,256.54,1470.0,256.54
2017-06-03 10:01:36.985792,54.430351,-165.702973,1470.0,256.54,1470.0,256.54
2017-06-03 10:01:37.484993,54.430358,-165.702956,1470.0,256.54,1470.0,257.29
2017-06-03 10:01:37.984194,54.430381,-165.702906,1470.0,256.54,1470.0,256.54
2017-06-03 10:01:38.498995,54.430389,-165.702888,1470.0,256.35,1470.0,256.35
2017-06-03 10:01:38.998194,54.430412,-165.702839,1470.0,256.35,1470.0,258.04
2017-06-03 10:01:39.497396,54.43042,-165.702823,1470.0,257.29,1470.0,256.16
2017-06-03 10:01:39.996597,54.430443,-165.702771,1470.0,258.04,1470.0,256.16
2017-06-03 10:01:40.495798,54.430451,-165.702754,1470.0,257.67,1470.0,256.16
2017-06-03 10:01:40.994999,54.430473,-165.702703,1470.0,258.04,1470.0,258.8
2017-06-03 10:01:41.494200,54.43048,-165.702686,1470.0,257.67,1470.0,257.29
2017-06-03 10:01:41.993401,54.430502,-165.702634,1470.0,256.35,1470.0,256.35
2017-06-03 10:01:42.492601,54.430508,-165.702618,1470.0,256.35,1470.0,256.35
2017-06-03 10:01:42.991802,54.430528,-165.702566,1470.0,256.35,1470.0,256.35
2017-06-03 10:01:43.491003,54.430535,-165.702549,1470.0,256.35,1470.0,256.35
2017-06-03 10:01:43.990204,54.430556,-165.702495,1470.0,256.35,1470.0,256.16
2017-06-03 10:01:44.489405,54.430563,-165.702478,1470.0,256.16,1470.0,256.16
2017-06-03 10:01:44.988605,54.430584,-165.702426,1470.0,255.97,1470.0,255.97
2017-06-03 10:01:45.487808,54.430592,-165.702409,1470.0,255.97,1470.0,255.79
2017-06-03 10:01:45.987007,54.430614,-165.702359,1470.0,255.79,1470.0,255.79
2017-06-03 10:01:46.486210,54.430622,-165.702343,1470.0,255.79,1470.0,257.1
2017-06-03 10:01:46.985409,54.430644,-165.702292,1470.0,255.6,1470.0,255.6
2017-06-03 10:01:47.484612,54.430652,-165.702276,1470.0,257.48,1470.0,256.73
2017-06-03 10:01:47.983810,54.430674,-165.702226,1470.0,255.41,1470.0,257.48
2017-06-03 10:01:48.498611,54.430682,-165.702208,1470.0,255.41,1470.0,257.67
2017-06-03 10:01:48.997812,54.430703,-165.702158,1470.0,255.41,1470.0,255.41
2017-06-03 10:01:49.497013,54.43071,-165.702141,1470.0,256.91,1470.0,255.41
2017-06-03 10:01:49.996216,54.430732,-165.702091,1470.0,255.6,1470.0,255.41
2017-06-03 10:01:50.495415,54.430739,-165.702074,1470.0,255.6,1470.0,255.41
2017-06-03 10:01:50.994617,54.43076,-165.702021,1470.0,255.41,1470.0,255.41
2017-06-03 10:01:51.493816,54.430766,-165.702004,1470.0,255.41,1470.0,255.41
2017-06-03 10:01:51.993019,54.430787,-165.70195,1470.0,255.41,1470.0,255.22
2017-06-03 10:01:52.492218,54.430794,-165.701933,1470.0,255.41,1470.0,255.22
2017-06-03 10:01:52.991421,54.430815,-165.701881,1470.0,255.41,1470.0,255.22
2017-06-03 10:01:53.490620,54.430821,-165.701864,1470.0,255.22,1470.0,257.67
2017-06-03 10:01:53.989822,54.430843,-165.701813,1470.0,254.84,1470.0,254.84
2017-06-03 10:01:54.489023,54.43085,-165.701796,1470.0,254.66,1470.0,254.47
2017-06-03 10:01:54.988224,54.430874,-165.701746,1470.0,254.28,1470.0,256.35
2017-06-03 10:01:55.487425,54.430882,-165.701729,1470.0,254.09,1470.0,256.35
2017-06-03 10:01:55.986626,54.430904,-165.701679,1470.0,254.09,1470.0,253.9
2017-06-03 10:01:56.485826,54.430912,-165.701663,1470.0,254.09,1470.0,253.9
2017-06-03 10:01:56.985027,54.430934,-165.701612,1470.0,254.28,1470.0,254.09
2017-06-03 10:01:57.484228,54.430941,-165.701595,1470.0,254.28,1470.0,254.28
2017-06-03 10:01:57.999027,54.430962,-165.70154,1470.0,254.28,1470.0,254.28
2017-06-03 10:01:58.498230,54.430968,-165.701523,1470.0,254.28,1470.0,248.64
2017-06-03 10:01:58.997429,54.430988,-165.701471,1470.0,254.28,1470.0,254.09
2017-06-03 10:01:59.496632,54.430995,-165.701454,1470.0,254.47,1470.0,254.09
2017-06-03 10:01:59.995832,54.431017,-165.701398,1470.0,254.09,1470.0,178.64
2017-06-03 10:02:00.495033,54.431024,-165.701381,1470.0,254.28,1470.0,257.29
2017-06-03 10:02:00.994234,54.431045,-165.701331,1470.0,253.72,1470.0,253.72
2017-06-03 10:02:01.493435,54.431052,-165.701314,1470.0,253.72,1470.0,255.6
2017-06-03 10:02:01.992636,54.431076,-165.701263,1470.0,253.53,1470.0,253.53
2017-06-03 10:02:02.491837,54.431084,-165.701247,1470.0,254.47,1470.0,253.34
2017-06-03 10:02:02.991037,54.431106,-165.701199,1470.0,253.34,1470.0,253.15
2017-06-03 10:02:03.490238,54.431113,-165.701183,1470.0,252.96,1470.0,255.03
2017-06-03 10:02:03.989439,54.431137,-165.701135,1470.0,252.78,1470.0,254.84
2017-06-03 10:02:04.488640,54.431145,-165.70112,1470.0,253.9,1470.0,252.59
2017-06-03 10:02:04.987841,54.431168,-165.701071,1470.0,253.9,1470.0,252.4
2017-06-03 10:02:05.487043,54.431175,-165.701054,1470.0,252.59,1470.0,252.4
2017-06-03 10:02:05.986242,54.431196,-165.701004,1470.0,252.4,1470.0,252.4
2017-06-03 10:02:06.485445,54.431203,-165.700988,1470.0,252.59,1470.0,252.59
2017-06-03 10:02:06.984644,54.431223,-165.700936,1470.0,252.78,1470.0,252.59
2017-06-03 10:02:07.483847,54.43123,-165.700919,1470.0,252.96,1470.0,252.78
2017-06-03 10:02:07.998646,54.43125,-165.700863,1470.0,252.78,1470.0,252.59
2017-06-03 10:02:08.497847,54.431257,-165.700846,1470.0,252.78,1470.0,252.59
2017-06-03 10:02:08.997047,54.431278,-165.700794,1470.0,252.78,1470.0,252.59
2017-06-03 10:02:09.496248,54.431285,-165.700777,1470.0,252.96,1470.0,252.4
2017-06-03 10:02:09.995449,54.431308,-165.700725,1470.0,252.4,1470.0,252.59
2017-06-03 10:02:10.494650,54.431316,-165.700708,1470.0,252.21,1470.0,253.53
2017-06-03 10:02:10.993853,54.431339,-165.700659,1470.0,252.02,1470.0,252.02
2017-06-03 10:02:11.493052,54.431347,-165.700643,1470.0,252.78,1470.0,251.65
2017-06-03 10:02:11.992254,54.431373,-165.700594,1470.0,251.46,1470.0,252.96
2017-06-03 10:02:12.491453,54.431381,-165.700578,1470.0,251.27,1470.0,252.96
2017-06-03 10:02:12.990656,54.431404,-165.700532,1470.0,251.08,1470.0,251.08
2017-06-03 10:02:13.489855,54.431412,-165.700516,1470.0,251.08,1470.0,251.08
2017-06-03 10:02:13.989058,54.431435,-165.700464,1470.0,251.08,1470.0,251.08
2017-06-03 10:02:14.488256,54.431442,-165.700448,1470.0,251.08,1470.0,251.08
2017-06-03 10:02:14.987459,54.431461,-165.700398,1470.0,252.59,1470.0,251.08
2017-06-03 10:02:15.486658,54.431468,-165.70038,1470.0,251.27,1470.0,251.83
2017-06-03 10:02:15.985861,54.431487,-165.700327,1470.0,251.27,1470.0,251.27
2017-06-03 10:02:16.485062,54.431493,-165.700309,1470.0,251.27,1470.0,251.08
2017-06-03 10:02:16.984262,54.431513,-165.700255,1470.0,251.27,1470.0,250.89
2017-06-03 10:02:17.499063,54.43152,-165.700236,1470.0,250.89,1470.0,250.71
2017-06-03 10:02:17.998264,54.431542,-165.700184,1470.0,250.71,1470.0,251.46
2017-06-03 10:02:18.497465,54.431549,-165.700168,1470.0,250.71,1470.0,250.52
2017-06-03 10:02:18.996666,54.43157,-165.70012,1470.0,250.71,1470.0,252.02
2017-06-03 10:02:19.495867,54.431577,-165.700104,1470.0,250.52,1470.0,250.52
2017-06-03 10:02:19.995068,54.431603,-165.700053,1470.0,250.33,1470.0,251.65
2017-06-03 10:02:20.494268,54.431611,-165.700037,1470.0,250.14,1470.0,252.02
2017-06-03 10:02:20.993469,54.431634,-165.699989,1470.0,251.46,1470.0,251.08
2017-06-03 10:02:21.492670,54.431642,-165.699973,1470.0,249.76,1470.0,249.76
2017-06-03 10:02:21.991871,54.431666,-165.699921,1470.0,251.08,1470.0,249.58
2017-06-03 10:02:22.491072,54.431674,-165.699904,1470.0,251.08,1470.0,249.58
2017-06-03 10:02:22.990273,54.431695,-165.699854,1470.0,249.76,1470.0,249.58
2017-06-03 10:02:23.489473,54.431701,-165.699837,1470.0,249.58,1470.0,249.58
2017-06-03 10:02:23.988674,54.431721,-165.699785,1470.0,251.27,1470.0,249.58
2017-06-03 10:02:24.487875,54.431728,-165.699767,1470.0,249.76,1470.0,249.58
2017-06-03 10:02:24.987076,54.431748,-165.699713,1470.0,249.76,1470.0,249.58
2017-06-03 10:02:25.486279,54.431755,-165.699696,1470.0,249.76,1470.0,249.58
2017-06-03 10:02:25.985477,54.431775,-165.699643,1470.0,249.58,1470.0,249.58
2017-06-03 10:02:26.484680,54.431781,-165.699626,1470.0,249.39,1470.0,249.39
2017-06-03 10:02:26.983879,54.431803,-165.699574,1470.0,249.39,1470.0,250.33
2017-06-03 10:02:27.498680,54.431811,-165.699556,1470.0,249.2,1470.0,252.4
2017-06-03 10:02:27.997881,54.431833,-165.699506,1470.0,249.2,1470.0,249.01
2017-06-03 10:02:28.497082,54.431841,-165.69949,1470.0,249.01,1470.0,249.01
2017-06-03 10:02:28.996283,54.431864,-165.699441,1470.0,248.82,1470.0,249.76
2017-06-03 10:02:29.495483,54.431872,-165.699424,1470.0,250.14,1470.0,248.64
2017-06-03 10:02:29.994684,54.431896,-165.699374,1470.0,248.64,1470.0,248.64
2017-06-03 10:02:30.493885,54.431904,-165.699358,1470.0,250.14,1470.0,250.52
2017-06-03 10:02:30.993088,54.431926,-165.699309,1470.0,248.64,1470.0,248.45
2017-06-03 10:02:31.492287,54.431933,-165.699293,1470.0,248.64,1470.0,251.08
2017-06-03 10:02:31.991489,54.431956,-165.699241,1470.0,248.64,1470.0,248.64
2017-06-03 10:02:32.490688,54.431964,-165.699224,1470.0,248.64,1470.0,248.64
2017-06-03 10:02:32.989891,54.431985,-165.699174,1470.0,248.82,1470.0,248.64
2017-06-03 10:02:33.489090,54.431991,-165.699158,1470.0,248.82,1470.0,248.82
2017-06-03 10:02:33.988293,54.432013,-165.699106,1470.0,248.82,1470.0,252.4
2017-06-03 10:02:34.487492,54.43202,-165.699089,1470.0,248.82,1470.0,248.64
2017-06-03 10:02:34.986694,54.432041,-165.699038,1470.0,248.64,1470.0,248.45
2017-06-03 10:02:35.485893,54.432048,-165.699021,1470.0,248.45,1470.0,250.89
2017-06-03 10:02:35.985096,54.432071,-165.698971,1470.0,248.26,1470.0,248.26
2017-06-03 10:02:36.484297,54.432078,-165.698954,1470.0,248.26,1470.0,249.95
2017-06-03 10:02:36.999098,54.432103,-165.698903,1470.0,248.07,1470.0,249.2
2017-06-03 10:02:37.498299,54.432111,-165.698886,1470.0,248.26,1470.0,248.07
2017-06-03 10:02:37.997499,54.432135,-165.698837,1470.0,249.2,1470.0,248.07
2017-06-03 10:02:38.496700,54.432142,-165.698821,1470.0,248.07,1470.0,248.07
2017-06-03 10:02:38.995901,54.432164,-165.698772,1470.0,248.26,1470.0,248.07
2017-06-03 10:02:39.495102,54.432172,-165.698756,1470.0,250.33,1470.0,248.07
2017-06-03 10:02:39.994303,54.432195,-165.698703,1470.0,248.26,1470.0,248.07
2017-06-03 10:02:40.493504,54.432202,-165.698686,1470.0,248.07,1470.0,248.07
2017-06-03 10:02:40.992702,54.432224,-165.698636,1470.0,248.07,1470.0,248.07
2017-06-03 10:02:41.491905,54.432232,-165.698619,1470.0,248.07,1470.0,248.07
2017-06-03 10:02:41.991106,54.432254,-165.698569,1470.0,248.07,1470.0,249.39
2017-06-03 10:02:42.490307,54.432262,-165.698553,1470.0,248.26,1470.0,248.07
2017-06-03 10:02:42.989508,54.432284,-165.698502,1470.0,248.07,1470.0,249.39
2017-06-03 10:02:43.488708,54.432292,-165.698486,1470.0,248.07,1470.0,248.07
2017-06-03 10:02:43.987909,54.432314,-165.698436,1470.0,247.88,1470.0,247.88
2017-06-03 10:02:44.487110,54.432322,-165.698419,1470.0,247.88,1470.0,247.69
2017-06-03 10:02:44.986311,54.432344,-165.698369,1470.0,248.82,1470.0,247.51
2017-06-03 10:02:45.485512,54.432352,-165.698353,1470.0,247.32,1470.0,247.32
2017-06-03 10:02:45.984713,54.432376,-165.698305,1470.0,248.64,1470.0,247.13
2017-06-03 10:02:46.483915,54.432383,-165.698289,1470.0,249.39,1470.0,246.94
2017-06-03 10:02:46.998714,54.432408,-165.698238,1470.0,247.13,1470.0,247.88
2017-06-03 10:02:47.497915,54.432415,-165.698221,1470.0,247.13,1470.0,247.13
2017-06-03 10:02:47.997116,54.432437,-165.698171,1470.0,247.32,1470.0,247.32
2017-06-03 10:02:48.496317,54.432444,-165.698154,1470.0,247.69,1470.0,247.32
2017-06-03 10:02:48.995518,54.432466,-165.698103,1470.0,247.51,1470.0,247.51
2017-06-03 10:02:49.494719,54.432473,-165.698086,1470.0,247.51,1470.0,247.51
2017-06-03 10:02:49.993919,54.432495,-165.698033,1470.0,247.69,1470.0,247.51
2017-06-03 10:02:50.493120,54.432502,-165.698016,1470.0,247.69,1470.0,247.51
2017-06-03 10:02:50.992323,54.432524,-165.697966,1470.0,247.32,1470.0,247.32
2017-06-03 10:02:51.491522,54.432532,-165.697949,1470.0,247.13,1470.0,247.13
2017-06-03 10:02:51.990725,54.432556,-165.697899,1470.0,247.13,1470.0,249.01
2017-06-03 10:02:52.489923,54.432563,-165.697883,1470.0,248.45,1470.0,246.75
2017-06-03 10:02:52.989126,54.432587,-165.697835,1470.0,248.45,1470.0,246.75
2017-06-03 10:02:53.488325,54.432595,-165.69782,1470.0,248.26,1470.0,248.45
2017-06-03 10:02:53.987528,54.432619,-165.697771,1470.0,246.94,1470.0,249.01
2017-06-03 10:02:54.486727,54.432626,-165.697755,1470.0,246.94,1470.0,248.26
2017-06-03 10:02:54.985929,54.432648,-165.697706,1470.0,246.75,1470.0,246.75
2017-06-03 10:02:55.485128,54.432655,-165.697689,1470.0,246.75,1470.0,246.57
2017-06-03 10:02:55.984331,54.432678,-165.697638,1470.0,246.57,1470.0,247.88
2017-06-03 10:02:56.499132,54.432685,-165.697619,1470.0,246.57,1470.0,246.57
2017-06-03 10:02:56.998333,54.432707,-165.697568,1470.0,246.57,1470.0,246.57
2017-06-03 10:02:57.497534,54.432714,-165.697551,1470.0,246.75,1470.0,246.75
2017-06-03 10:02:57.996735,54.432734,-165.697499,1470.0,246.75,1470.0,246.75
2017-06-03 10:02:58.495935,54.43274,-165.697483,1470.0,246.94,1470.0,246.75
2017-06-03 10:02:58.995136,54.432761,-165.697431,1470.0,246.94,1470.0,246.94
2017-06-03 10:02:59.494337,54.432768,-165.697414,1470.0,246.75,1470.0,246.75
2017-06-03 10:02:59.993538,54.432791,-165.697361,1470.0,246.57,1470.0,246.57
2017-06-03 10:03:00.492739,54.432799,-165.697344,1470.0,248.45,1470.0,246.38
2017-06-03 10:03:00.991940,54.432822,-165.697294,1470.0,246.38,1470.0,246.19
2017-06-03 10:03:01.491140,54.43283,-165.697278,1470.0,248.07,1470.0,247.32
2017-06-03 10:03:01.990341,54.432854,-165.697227,1470.0,246.19,1470.0,246.19
2017-06-03 10:03:02.489542,54.432862,-165.697211,1470.0,246.19,1470.0,246.75
2017-06-03 10:03:02.988743,54.432884,-165.697162,1470.0,246.19,1470.0,246.19
2017-06-03 10:03:03.487944,54.432891,-165.697146,1470.0,246.19,1470.0,247.32
2017-06-03 10:03:03.987144,54.432913,-165.697094,1470.0,246.0,1470.0,247.32
2017-06-03 10:03:04.486345,54.43292,-165.697078,1470.0,247.69,1470.0,248.07
2017-06-03 10:03:04.985546,54.432941,-165.697026,1470.0,248.45,1470.0,245.81
2017-06-03 10:03:05.484747,54.432948,-165.697009,1470.0,246.0,1470.0,247.88
2017-06-03 10:03:05.983948,54.432968,-165.696958,1470.0,246.0,1470.0,245.81
2017-06-03 10:03:06.498749,54.432975,-165.696939,1470.0,246.19,1470.0,246.94
2017-06-03 10:03:06.997950,54.432996,-165.696886,1470.0,246.0,1470.0,247.32
2017-06-03 10:03:07.497152,54.433003,-165.696869,1470.0,246.0,1470.0,246.0
2017-06-03 10:03:07.996351,54.433025,-165.696816,1470.0,246.0,1470.0,246.0
2017-06-03 10:03:08.495552,54.433032,-165.696799,1470.0,246.0,1470.0,249.01
2017-06-03 10:03:08.994753,54.433056,-165.696749,1470.0,246.19,1470.0,246.19
2017-06-03 10:03:09.493954,54.433063,-165.696732,1470.0,246.0,1470.0,246.94
2017-06-03 10:03:09.993155,54.433086,-165.69668,1470.0,246.0,1470.0,248.45
2017-06-03 10:03:10.492355,54.433094,-165.696663,1470.0,246.0,1470.0,248.26
2017-06-03 10:03:10.991556,54.433116,-165.696614,1470.0,246.38,1470.0,245.81
2017-06-03 10:03:11.490757,54.433123,-165.696598,1470.0,245.81,1470.0,247.69
2017-06-03 10:03:11.989960,54.433147,-165.696549,1470.0,245.44,1470.0,247.13
2017-06-03 10:03:12.489159,54.433155,-165.696533,1470.0,245.25,1470.0,149.1
2017-06-03 10:03:12.988361,54.433178,-165.696482,1470.0,245.06,1470.0,246.57
2017-06-03 10:03:13.487560,54.433185,-165.696466,1470.0,245.06,1470.0,244.87
2017-06-03 10:03:13.986763,54.433208,-165.696417,1470.0,246.38,1470.0,247.13
2017-06-03 10:03:14.485962,54.433215,-165.696401,1470.0,245.06,1470.0,245.06
2017-06-03 10:03:14.985165,54.433236,-165.696349,1470.0,246.94,1470.0,247.32
2017-06-03 10:03:15.484364,54.433243,-165.696333,1470.0,245.25,1470.0,245.25
2017-06-03 10:03:15.999166,54.433264,-165.696279,1470.0,245.44,1470.0,248.07
2017-06-03 10:03:16.498367,54.43327,-165.696263,1470.0,245.44,1470.0,245.25
2017-06-03 10:03:16.997568,54.433291,-165.696211,1470.0,245.44,1470.0,245.25
2017-06-03 10:03:17.496769,54.433298,-165.696194,1470.0,245.44,1470.0,245.44
2017-06-03 10:03:17.995970,54.433321,-165.696141,1470.0,245.25,1470.0,245.25
2017-06-03 10:03:18.495171,54.433329,-165.696125,1470.0,245.25,1470.0,245.25
2017-06-03 10:03:18.994371,54.433352,-165.696076,1470.0,245.25,1470.0,245.25
2017-06-03 10:03:19.493572,54.43336,-165.696059,1470.0,245.25,1470.0,246.0
2017-06-03 10:03:19.992773,54.433386,-165.696008,1470.0,246.75,1470.0,245.06
2017-06-03 10:03:20.491974,54.433394,-165.695991,1470.0,245.06,1470.0,247.13
2017-06-03 10:03:20.991175,54.433417,-165.695942,1470.0,246.75,1470.0,244.87
2017-06-03 10:03:21.490376,54.433425,-165.695926,1470.0,244.87,1470.0,246.75
2017-06-03 10:03:21.989576,54.433449,-165.695876,1470.0,244.87,1470.0,246.38
2017-06-03 10:03:22.488777,54.433457,-165.695859,1470.0,246.38,1470.0,246.57
2017-06-03 10:03:22.987978,54.433479,-165.695808,1470.0,244.68,1470.0,245.81
2017-06-03 10:03:23.487179,54.433486,-165.695791,1470.0,246.19,1470.0,246.75
2017-06-03 10:03:23.986380,54.433506,-165.695739,1470.0,246.19,1470.0,246.19
2017-06-03 10:03:24.485580,54.433513,-165.695723,1470.0,244.68,1470.0,246.94
2017-06-03 10:03:24.984781,54.433534,-165.695671,1470.0,244.5,1470.0,244.5
2017-06-03 10:03:25.483982,54.433541,-165.695654,1470.0,244.5,1470.0,246.57
2017-06-03 10:03:25.998783,54.433562,-165.695601,1470.0,245.81,1470.0,244.68
2017-06-03 10:03:26.497984,54.433569,-165.695584,1470.0,244.31,1470.0,244.31
2017-06-03 10:03:26.997185,54.43359,-165.695534,1470.0,244.31,1470.0,244.31
2017-06-03 10:03:27.496387,54.433597,-165.695518,1470.0,244.31,1470.0,246.19
2017-06-03 10:03:27.995586,54.43362,-165.695466,1470.0,244.31,1470.0,244.68
2017-06-03 10:03:28.494789,54.433627,-165.695449,1470.0,244.31,1470.0,245.06
2017-06-03 10:03:28.993988,54.433649,-165.695399,1470.0,244.31,1470.0,247.51
2017-06-03 10:03:29.493189,54.433657,-165.695382,1470.0,244.31,1470.0,244.31
2017-06-03 10:03:29.992390,54.433681,-165.69533,1470.0,244.5,1470.0,244.31
2017-06-03 10:03:30.491590,54.433689,-165.695313,1470.0,246.0,1470.0,244.31
2017-06-03 10:03:30.990791,54.433711,-165.695261,1470.0,246.75,1470.0,245.81
2017-06-03 10:03:31.489992,54.433718,-165.695244,1470.0,245.63,1470.0,246.19
2017-06-03 10:03:31.989193,54.433739,-165.695191,1470.0,246.19,1470.0,244.31
2017-06-03 10:03:32.488394,54.433747,-165.695174,1470.0,244.31,1470.0,244.31
2017-06-03 10:03:32.987597,54.433769,-165.695121,1470.0,244.12,1470.0,244.12
2017-06-03 10:03:33.486795,54.433777,-165.695104,1470.0,243.93,1470.0,243.93
2017-06-03 10:03:33.985998,54.433799,-165.695051,1470.0,245.63,1470.0,243.74
2017-06-03 10:03:34.485197,54.433807,-165.695034,1470.0,245.06,1470.0,243.74
2017-06-03 10:03:34.984400,54.433829,-165.694983,1470.0,243.74,1470.0,243.74
2017-06-03 10:03:35.499199,54.433837,-165.694964,1470.0,244.87,1470.0,243.74
2017-06-03 10:03:35.998402,54.43386,-165.694913,1470.0,243.74,1470.0,245.44
2017-06-03 10:03:36.497601,54.433867,-165.694896,1470.0,243.74,1470.0,243.74
2017-06-03 10:03:36.996803,54.433888,-165.694847,1470.0,243.74,1470.0,243.74
2017-06-03 10:03:37.496004,54.433895,-165.694831,1470.0,243.74,1470.0,245.44
2017-06-03 10:03:37.995205,54.433918,-165.694779,1470.0,243.74,1470.0,243.56
2017-06-03 10:03:38.494406,54.433925,-165.694763,1470.0,243.56,1470.0,244.87
2017-06-03 10:03:38.993607,54.433946,-165.694715,1470.0,243.56,1470.0,243.37
2017-06-03 10:03:39.492807,54.433953,-165.694699,1470.0,243.37,1470.0,243.37
2017-06-03 10:03:39.992008,54.433976,-165.694648,1470.0,243.56,1470.0,243.37
2017-06-03 10:03:40.491209,54.433984,-165.694631,1470.0,243.56,1470.0,245.25
2017-06-03 10:03:40.990410,54.434005,-165.694582,1470.0,243.56,1470.0,243.56
2017-06-03 10:03:41.489611,54.434012,-165.694566,1470.0,243.56,1470.0,244.31
2017-06-03 10:03:41.988811,54.434034,-165.694514,1470.0,243.37,1470.0,245.06
2017-06-03 10:03:42.488012,54.434042,-165.694498,1470.0,245.06,1470.0,243.18
2017-06-03 10:03:42.987213,54.434064,-165.694446,1470.0,243.18,1470.0,245.63
2017-06-03 10:03:43.486414,54.434072,-165.694429,1470.0,243.37,1470.0,243.18
2017-06-03 10:03:43.985615,54.434094,-165.694378,1470.0,243.37,1470.0,243.37
2017-06-03 10:03:44.484816,54.434102,-165.694361,1470.0,243.37,1470.0,245.44
2017-06-03 10:03:44.984016,54.434125,-165.694311,1470.0,243.37,1470.0,243.37
2017-06-03 10:03:45.498817,54.434133,-165.694292,1470.0,243.37,1470.0,245.44
2017-06-03 10:03:45.998018,54.434156,-165.694238,1470.0,243.18,1470.0,244.31
2017-06-03 10:03:46.497219,54.434164,-165.694221,1470.0,245.06,1470.0,242.99
2017-06-03 10:03:46.996420,54.434189,-165.694171,1470.0,244.12,1470.0,242.99
2017-06-03 10:03:47.495623,54.434197,-165.694154,1470.0,242.99,1470.0,245.44
2017-06-03 10:03:47.994822,54.43422,-165.694103,1470.0,242.99,1470.0,244.31
2017-06-03 10:03:48.494024,54.434227,-165.694086,1470.0,242.99,1470.0,244.5
2017-06-03 10:03:48.993223,54.434249,-165.694037,1470.0,242.99,1470.0,242.99
2017-06-03 10:03:49.492426,54.434257,-165.694021,1470.0,242.99,1470.0,243.56
2017-06-03 10:03:49.991625,54.434279,-165.693969,1470.0,243.56,1470.0,242.8
2017-06-03 10:03:50.490826,54.434286,-165.693953,1470.0,242.8,1470.0,243.93
2017-06-03 10:03:50.990026,54.434308,-165.693902,1470.0,242.61,1470.0,242.61
2017-06-03 10:03:51.489227,54.434315,-165.693886,1470.0,242.61,1470.0,245.06
2017-06-03 10:03:51.988428,54.434338,-165.693834,1470.0,242.61,1470.0,244.12
2017-06-03 10:03:52.487629,54.434345,-165.693818,1470.0,243.74,1470.0,242.43
2017-06-03 10:03:52.986832,54.434366,-165.693767,1470.0,242.61,1470.0,242.61
2017-06-03 10:03:53.486031,54.434373,-165.693751,1470.0,242.61,1470.0,245.63
2017-06-03 10:03:53.985233,54.434394,-165.693698,1470.0,242.61,1470.0,242.61
2017-06-03 10:03:54.484432,54.434402,-165.693681,1470.0,242.61,1470.0,242.61
2017-06-03 10:03:54.999235,54.434425,-165.693628,1470.0,242.61,1470.0,244.68
2017-06-03 10:03:55.498434,54.434433,-165.693611,1470.0,242.43,1470.0,242.43
2017-06-03 10:03:55.997637,54.434456,-165.693559,1470.0,242.43,1470.0,243.74
2017-06-03 10:03:56.496836,54.434464,-165.693543,1470.0,242.43,1470.0,244.5
2017-06-03 10:03:56.996038,54.434486,-165.693493,1470.0,242.43,1470.0,242.24
2017-06-03 10:03:57.495237,54.434494,-165.693475,1470.0,242.61,1470.0,244.68
2017-06-03 10:03:57.994440,54.434518,-165.693422,1470.0,242.61,1470.0,244.31
2017-06-03 10:03:58.493641,54.434525,-165.693404,1470.0,242.61,1470.0,244.87
2017-06-03 10:03:58.992842,54.434546,-165.693353,1470.0,242.61,1470.0,243.93
2017-06-03 10:03:59.492043,54.434553,-165.693335,1470.0,242.61,1470.0,242.43
2017-06-03 10:03:59.991243,54.434574,-165.693282,1470.0,242.61,1470.0,244.12
2017-06-03 10:04:00.490444,54.434582,-165.693264,1470.0,242.24,1470.0,242.05
2017-06-03 10:04:00.989645,54.434604,-165.693213,1470.0,242.05,1470.0,243.74
2017-06-03 10:04:01.488846,54.434611,-165.693196,1470.0,241.86,1470.0,243.37
2017-06-03 10:04:01.988047,54.434633,-165.693144,1470.0,241.86,1470.0,241.86
2017-06-03 10:04:02.487247,54.43464,-165.693128,1470.0,241.86,1470.0,242.99
2017-06-03 10:04:02.986448,54.434661,-165.693076,1470.0,241.86,1470.0,243.37
2017-06-03 10:04:03.485649,54.434668,-165.693059,1470.0,241.86,1470.0,241.67
2017-06-03 10:04:03.984850,54.434691,-165.693009,1470.0,241.67,1470.0,244.31
2017-06-03 10:04:04.484051,54.434698,-165.692993,1470.0,243.18,1470.0,241.67
2017-06-03 10:04:04.998852,54.434721,-165.692941,1470.0,241.67,1470.0,241.67
2017-06-03 10:04:05.498053,54.434728,-165.692924,1470.0,241.86,1470.0,243.74
2017-06-03 10:04:05.997253,54.43475,-165.692871,1470.0,242.05,1470.0,241.86
2017-06-03 10:04:06.496454,54.434757,-165.692854,1470.0,242.05,1470.0,242.05
2017-06-03 10:04:06.995655,54.434778,-165.692804,1470.0,242.24,1470.0,242.05
2017-06-03 10:04:07.494858,54.434785,-165.692787,1470.0,242.05,1470.0,244.12
2017-06-03 10:04:07.994057,54.434808,-165.692735,1470.0,241.86,1470.0,241.67
2017-06-03 10:04:08.493259,54.434816,-165.692718,1470.0,243.56,1470.0,241.49
2017-06-03 10:04:08.992458,54.434838,-165.692666,1470.0,241.49,1470.0,241.49
2017-06-03 10:04:09.491661,54.434845,-165.69265,1470.0,241.49,1470.0,242.8
2017-06-03 10:04:09.990860,54.434869,-165.692601,1470.0,241.49,1470.0,241.49
2017-06-03 10:04:10.490063,54.434877,-165.692584,1470.0,243.56,1470.0,241.67
2017-06-03 10:04:10.989262,54.434899,-165.692534,1470.0,243.37,1470.0,243.37
2017-06-03 10:04:11.488464,54.434907,-165.692518,1470.0,241.67,1470.0,241.67
2017-06-03 10:04:11.987663,54.434929,-165.692467,1470.0,241.49,1470.0,242.24
2017-06-03 10:04:12.486864,54.434937,-165.692451,1470.0,242.99,1470.0,241.3
2017-06-03 10:04:12.986067,54.434959,-165.692399,1470.0,241.11,1470.0,242.8
2017-06-03 10:04:13.485266,54.434967,-165.692383,1470.0,240.92,1470.0,240.92
2017-06-03 10:04:13.984468,54.434989,-165.692331,1470.0,240.92,1470.0,240.92
2017-06-03 10:04:14.499268,54.434997,-165.692313,1470.0,241.11,1470.0,243.74
2017-06-03 10:04:14.998470,54.43502,-165.692263,1470.0,241.3,1470.0,242.61
2017-06-03 10:04:15.497669,54.435027,-165.692246,1470.0,241.49,1470.0,241.3
2017-06-03 10:04:15.996872,54.435048,-165.692193,1470.0,241.3,1470.0,241.3
2017-06-03 10:04:16.496071,54.435056,-165.692176,1470.0,241.3,1470.0,241.49
2017-06-03 10:04:16.995274,54.435078,-165.692126,1470.0,241.11,1470.0,242.24
2017-06-03 10:04:17.494473,54.435085,-165.692109,1470.0,240.92,1470.0,242.8
2017-06-03 10:04:17.993675,54.435109,-165.692059,1470.0,242.99,1470.0,240.73
2017-06-03 10:04:18.492876,54.435117,-165.692043,1470.0,240.92,1470.0,240.73
2017-06-03 10:04:18.992077,54.435141,-165.691994,1470.0,242.43,1470.0,240.73
2017-06-03 10:04:19.491278,54.435148,-165.691978,1470.0,240.92,1470.0,240.73
2017-06-03 10:04:19.990479,54.435171,-165.691927,1470.0,240.92,1470.0,243.56
2017-06-03 10:04:20.489679,54.435178,-165.691911,1470.0,240.92,1470.0,241.67
2017-06-03 10:04:20.988880,54.435201,-165.691859,1470.0,240.92,1470.0,242.61
2017-06-03 10:04:21.488081,54.435208,-165.691843,1470.0,240.73,1470.0,240.92
2017-06-03 10:04:21.987282,54.435229,-165.691791,1470.0,240.73,1470.0,242.99
2017-06-03 10:04:22.486483,54.435237,-165.691774,1470.0,240.73,1470.0,240.54
2017-06-03 10:04:22.985683,54.435259,-165.691724,1470.0,240.73,1470.0,240.54
2017-06-03 10:04:23.484884,54.435267,-165.691707,1470.0,242.05,1470.0,240.54
2017-06-03 10:04:23.984085,54.435289,-165.691655,1470.0,240.92,1470.0,240.54
2017-06-03 10:04:24.498886,54.435297,-165.691636,1470.0,240.54,1470.0,240.54
2017-06-03 10:04:24.998087,54.435319,-165.691586,1470.0,240.73,1470.0,240.54
2017-06-03 10:04:25.497288,54.435327,-165.691569,1470.0,240.73,1470.0,240.54
2017-06-03 10:04:25.996489,54.43535,-165.691518,1470.0,240.73,1470.0,240.54
2017-06-03 10:04:26.495689,54.435357,-165.691501,1470.0,242.24,1470.0,229.44
2017-06-03 10:04:26.994890,54.435379,-165.691451,1470.0,240.54,1470.0,242.24
2017-06-03 10:04:27.494091,54.435387,-165.691434,1470.0,241.86,1470.0,240.36
2017-06-03 10:04:27.993292,54.43541,-165.691383,1470.0,240.17,1470.0,241.67
2017-06-03 10:04:28.492495,54.435417,-165.691366,1470.0,241.67,1470.0,239.98
2017-06-03 10:04:28.991693,54.435439,-165.691317,1470.0,241.86,1470.0,239.98
2017-06-03 10:04:29.490896,54.435446,-165.691301,1470.0,241.86,1470.0,239.98
2017-06-03 10:04:29.990095,54.435468,-165.691249,1470.0,241.86,1470.0,239.98
2017-06-03 10:04:30.489298,54.435475,-165.691232,1470.0,240.17,1470.0,241.3
2017-06-03 10:04:30.988497,54.435496,-165.69118,1470.0,240.17,1470.0,240.17
2017-06-03 10:04:31.487700,54.435503,-165.691162,1470.0,240.17,1470.0,240.17
2017-06-03 10:04:31.986898,54.435523,-165.69111,1470.0,240.17,1470.0,239.98
2017-06-03 10:04:32.486101,54.43553,-165.691092,1470.0,239.98,1470.0,239.98
2017-06-03 10:04:32.985302,54.435553,-165.69104,1470.0,239.98,1470.0,242.43
2017-06-03 10:04:33.484501,54.43556,-165.691023,1470.0,241.67,1470.0,239.98
2017-06-03 10:04:33.999304,54.435583,-165.690969,1470.0,239.98,1470.0,239.98
2017-06-03 10:04:34.498503,54.435591,-165.690953,1470.0,240.17,1470.0,239.98
2017-06-03 10:04:34.997705,54.435613,-165.690903,1470.0,239.98,1470.0,239.98
2017-06-03 10:04:35.496904,54.43562,-165.690885,1470.0,239.98,1470.0,242.43
2017-06-03 10:04:35.996107,54.435643,-165.690832,1470.0,242.24,1470.0,239.79
2017-06-03 10:04:36.495306,54.435651,-165.690815,1470.0,239.79,1470.0,239.79
2017-06-03 10:04:36.994509,54.435673,-165.690766,1470.0,239.79,1470.0,239.6
2017-06-03 10:04:37.493708,54.43568,-165.690749,1470.0,239.6,1470.0,241.49
2017-06-03 10:04:37.992910,54.435705,-165.690698,1470.0,239.42,1470.0,241.49
2017-06-03 10:04:38.492111,54.435712,-165.690681,1470.0,239.42,1470.0,241.3
2017-06-03 10:04:38.991312,54.435734,-165.690632,1470.0,241.11,1470.0,241.3
2017-06-03 10:04:39.490513,54.435742,-165.690616,1470.0,241.3,1470.0,239.23
2017-06-03 10:04:39.989714,54.435764,-165.690566,1470.0,240.92,1470.0,241.11
2017-06-03 10:04:40.488914,54.435771,-165.690549,1470.0,239.42,1470.0,241.49
2017-06-03 10:04:40.988115,54.435791,-165.690498,1470.0,239.42,1470.0,239.42
2017-06-03 10:04:41.487316,54.435798,-165.690481,1470.0,241.3,1470.0,241.11
2017-06-03 10:04:41.986517,54.435819,-165.690429,1470.0,239.42,1470.0,240.54
2017-06-03 10:04:42.485718,54.435826,-165.690412,1470.0,239.42,1470.0,239.23
2017-06-03 10:04:42.984919,54.435848,-165.69036,1470.0,239.23,1470.0,239.23
2017-06-03 10:04:43.484119,54.435855,-165.690343,1470.0,239.23,1470.0,241.3
2017-06-03 10:04:43.998920,54.435878,-165.690289,1470.0,239.23,1470.0,239.23
2017-06-03 10:04:44.498121,54.435886,-165.690273,1470.0,239.23,1470.0,240.73
2017-06-03 10:04:44.997322,54.435908,-165.690223,1470.0,239.23,1470.0,239.23
2017-06-03 10:04:45.496523,54.435915,-165.690206,1470.0,239.23,1470.0,239.04
2017-06-03 10:04:45.995724,54.43594,-165.690153,1470.0,239.23,1470.0,239.04
2017-06-03 10:04:46.494925,54.435947,-165.690136,1470.0,239.04,1470.0,240.17
2017-06-03 10:04:46.994125,54.435969,-165.690086,1470.0,239.04,1470.0,240.73
2017-06-03 10:04:47.493326,54.435977,-165.690069,1470.0,238.85,1470.0,240.36
2017-06-03 10:04:47.992527,54.436001,-165.690016,1470.0,238.85,1470.0,239.79
2017-06-03 10:04:48.491728,54.436009,-165.689999,1470.0,238.85,1470.0,240.17
2017-06-03 10:04:48.990929,54.436031,-165.689948,1470.0,240.54,1470.0,241.11
2017-06-03 10:04:49.490131,54.436038,-165.68993,1470.0,241.11,1470.0,238.85
2017-06-03 10:04:49.989330,54.436059,-165.689877,1470.0,239.04,1470.0,239.04
2017-06-03 10:04:50.488533,54.436066,-165.689859,1470.0,239.04,1470.0,241.3
2017-06-03 10:04:50.987732,54.436088,-165.689806,1470.0,238.85,1470.0,238.85
2017-06-03 10:04:51.486935,54.436095,-165.689789,1470.0,238.85,1470.0,240.73
2017-06-03 10:04:51.986134,54.436116,-165.689738,1470.0,238.66,1470.0,240.92
2017-06-03 10:04:52.485336,54.436123,-165.689721,1470.0,238.48,1470.0,238.48
2017-06-03 10:04:52.984535,54.436144,-165.689671,1470.0,238.29,1470.0,239.98
2017-06-03 10:04:53.499336,54.436153,-165.689653,1470.0,238.1,1470.0,239.6
2017-06-03 10:04:53.998539,54.436176,-165.689603,1470.0,237.91,1470.0,240.36
2017-06-03 10:04:54.497738,54.436184,-165.689586,1470.0,239.23,1470.0,237.72
2017-06-03 10:04:54.996941,54.436207,-165.689537,1470.0,237.72,1470.0,237.72
2017-06-03 10:04:55.496140,54.436215,-165.689521,1470.0,239.6,1470.0,239.04
2017-06-03 10:04:55.995342,54.436238,-165.689469,1470.0,237.91,1470.0,239.79
2017-06-03 10:04:56.494541,54.436245,-165.689453,1470.0,238.1,1470.0,239.98
2017-06-03 10:04:56.993744,54.436265,-165.689401,1470.0,238.29,1470.0,238.1
2017-06-03 10:04:57.492943,54.436271,-165.689384,1470.0,238.66,1470.0,238.1
2017-06-03 10:04:57.992146,54.436293,-165.68933,1470.0,238.48,1470.0,238.1
2017-06-03 10:04:58.491346,54.4363,-165.689312,1470.0,238.29,1470.0,239.6
2017-06-03 10:04:58.990547,54.436323,-165.68926,1470.0,238.1,1470.0,237.91
2017-06-03 10:04:59.489748,54.43633,-165.689243,1470.0,237.91,1470.0,237.91
2017-06-03 10:04:59.988949,54.436354,-165.689191,1470.0,238.85,1470.0,237.72
2017-06-03 10:05:00.488150,54.436362,-165.689175,1470.0,239.23,1470.0,237.72
2017-06-03 10:05:00.987350,54.436387,-165.689126,1470.0,237.91,1470.0,239.04
2017-06-03 10:05:01.486551,54.436395,-165.689109,1470.0,239.42,1470.0,239.42
2017-06-03 10:05:01.985752,54.436419,-165.689059,1470.0,237.91,1470.0,239.98
2017-06-03 10:05:02.484953,54.436427,-165.689043,1470.0,239.6,1470.0,239.04
2017-06-03 10:05:02.984154,54.436451,-165.688994,1470.0,238.85,1470.0,237.53
2017-06-03 10:05:03.498955,54.436459,-165.688976,1470.0,237.53,1470.0,239.42
2017-06-03 10:05:03.998156,54.436483,-165.688927,1470.0,237.35,1470.0,185.6
2017-06-03 10:05:04.497356,54.436491,-165.688911,1470.0,237.35,1470.0,237.16
2017-06-03 10:05:04.996557,54.436513,-165.688862,1470.0,238.48,1470.0,237.16
2017-06-03 10:05:05.495758,54.43652,-165.688846,1470.0,237.35,1470.0,238.85
2017-06-03 10:05:05.994959,54.436542,-165.688793,1470.0,237.53,1470.0,237.35
2017-06-03 10:05:06.494160,54.436549,-165.688776,1470.0,237.53,1470.0,239.23
2017-06-03 10:05:06.993361,54.43657,-165.688726,1470.0,237.53,1470.0,237.53
2017-06-03 10:05:07.492561,54.436576,-165.688709,1470.0,237.72,1470.0,237.53
2017-06-03 10:05:07.991762,54.436598,-165.688656,1470.0,237.53,1470.0,237.53
2017-06-03 10:05:08.490963,54.436605,-165.688639,1470.0,237.53,1470.0,237.35
2017-06-03 10:05:08.990164,54.436629,-165.688589,1470.0,237.16,1470.0,237.16
2017-06-03 10:05:09.489367,54.436637,-165.688573,1470.0,238.48,1470.0,236.97
2017-06-03 10:05:09.988565,54.436663,-165.688523,1470.0,236.97,1470.0,238.66
2017-06-03 10:05:10.487768,54.436671,-165.688507,1470.0,237.91,1470.0,236.78
2017-06-03 10:05:10.986967,54.436696,-165.688459,1470.0,238.1,1470.0,236.78
2017-06-03 10:05:11.486170,54.436704,-165.688443,1470.0,236.78,1470.0,236.78
2017-06-03 10:05:11.985369,54.436729,-165.688392,1470.0,236.78,1470.0,237.91
2017-06-03 10:05:12.484571,54.436737,-165.688376,1470.0,237.91,1470.0,236.59
2017-06-03 10:05:12.999371,54.436759,-165.688327,1470.0,238.1,1470.0,236.59
2017-06-03 10:05:13.498571,54.436767,-165.68831,1470.0,236.59,1470.0,236.59
2017-06-03 10:05:13.997772,54.43679,-165.688257,1470.0,236.59,1470.0,236.59
2017-06-03 10:05:14.496973,54.436797,-165.688239,1470.0,236.59,1470.0,236.78
2017-06-03 10:05:14.996176,54.436818,-165.688189,1470.0,236.59,1470.0,238.85
2017-06-03 10:05:15.495375,54.436825,-165.688172,1470.0,237.35,1470.0,236.41
2017-06-03 10:05:15.994577,54.436848,-165.68812,1470.0,236.97,1470.0,236.41
2017-06-03 10:05:16.493776,54.436855,-165.688103,1470.0,236.41,1470.0,236.41
2017-06-03 10:05:16.992979,54.436876,-165.688054,1470.0,236.41,1470.0,236.41
2017-06-03 10:05:17.492178,54.436883,-165.688038,1470.0,237.53,1470.0,237.72
2017-06-03 10:05:17.991381,54.436906,-165.687986,1470.0,237.91,1470.0,236.41
2017-06-03 10:05:18.490580,54.436913,-165.687969,1470.0,236.41,1470.0,238.1
2017-06-03 10:05:18.989782,54.436937,-165.687919,1470.0,236.59,1470.0,236.41
2017-06-03 10:05:19.488981,54.436945,-165.687903,1470.0,236.41,1470.0,238.29
2017-06-03 10:05:19.988184,54.436968,-165.687851,1470.0,236.41,1470.0,237.91
2017-06-03 10:05:20.487385,54.436975,-165.687834,1470.0,236.41,1470.0,237.91
2017-06-03 10:05:20.986586,54.436998,-165.687784,1470.0,237.72,1470.0,236.22
2017-06-03 10:05:21.485786,54.437005,-165.687768,1470.0,237.35,1470.0,236.03
2017-06-03 10:05:21.984987,54.437029,-165.687716,1470.0,236.97,1470.0,235.84
2017-06-03 10:05:22.484188,54.437037,-165.6877,1470.0,237.35,1470.0,237.91
2017-06-03 10:05:22.998989,54.437059,-165.687649,1470.0,235.65,1470.0,236.97
2017-06-03 10:05:23.498190,54.437067,-165.687632,1470.0,235.65,1470.0,236.78
2017-06-03 10:05:23.997391,54.43709,-165.68758,1470.0,237.35,1470.0,235.65
2017-06-03 10:05:24.496592,54.437097,-165.687563,1470.0,235.84,1470.0,235.84
2017-06-03 10:05:24.995792,54.437118,-165.687511,1470.0,235.84,1470.0,235.84
2017-06-03 10:05:25.494993,54.437125,-165.687494,1470.0,237.53,1470.0,235.84
2017-06-03 10:05:25.994194,54.437147,-165.687441,1470.0,236.97,1470.0,235.84
2017-06-03 10:05:26.493395,54.437154,-165.687424,1470.0,236.97,1470.0,235.84
2017-06-03 10:05:26.992596,54.437175,-165.687371,1470.0,236.97,1470.0,235.84
2017-06-03 10:05:27.491796,54.437181,-165.687354,1470.0,236.03,1470.0,237.35
2017-06-03 10:05:27.990997,54.437203,-165.687303,1470.0,237.35,1470.0,238.1
2017-06-03 10:05:28.490198,54.43721,-165.687286,1470.0,237.35,1470.0,237.53
2017-06-03 10:05:28.989399,54.437233,-165.687234,1470.0,236.78,1470.0,235.84
2017-06-03 10:05:29.488602,54.43724,-165.687218,1470.0,235.84,1470.0,237.72
2017-06-03 10:05:29.987801,54.437263,-165.687167,1470.0,235.65,1470.0,235.65
2017-06-03 10:05:30.487003,54.43727,-165.687151,1470.0,237.16,1470.0,235.46
2017-06-03 10:05:30.986202,54.437294,-165.687101,1470.0,235.46,1470.0,236.59
2017-06-03 10:05:31.485405,54.437302,-165.687084,1470.0,235.46,1470.0,235.28
2017-06-03 10:05:31.984604,54.437324,-165.687033,1470.0,237.35,1470.0,235.28
2017-06-03 10:05:32.483807,54.437331,-165.687016,1470.0,235.46,1470.0,235.46
2017-06-03 10:05:32.998606,54.437352,-165.686963,1470.0,237.16,1470.0,236.78
2017-06-03 10:05:33.497807,54.437359,-165.686945,1470.0,235.46,1470.0,235.46
2017-06-03 10:05:33.997007,54.437379,-165.686891,1470.0,235.65,1470.0,235.46
2017-06-03 10:05:34.496208,54.437385,-165.686874,1470.0,235.65,1470.0,235.46
2017-06-03 10:05:34.995411,54.437406,-165.686823,1470.0,235.65,1470.0,235.46
2017-06-03 10:05:35.494610,54.437413,-165.686805,1470.0,235.46,1470.0,238.1
2017-06-03 10:05:35.993813,54.437435,-165.686752,1470.0,235.28,1470.0,235.28
2017-06-03 10:05:36.493011,54.437442,-165.686734,1470.0,236.59,1470.0,235.09
2017-06-03 10:05:36.992214,54.437464,-165.686684,1470.0,235.09,1470.0,235.09
2017-06-03 10:05:37.491413,54.437472,-165.686668,1470.0,235.09,1470.0,235.65
2017-06-03 10:05:37.990616,54.437496,-165.686619,1470.0,235.09,1470.0,237.35
2017-06-03 10:05:38.489815,54.437503,-165.686603,1470.0,235.09,1470.0,236.97
2017-06-03 10:05:38.989017,54.437526,-165.686552,1470.0,236.22,1470.0,234.9
2017-06-03 10:05:39.488216,54.437533,-165.686536,1470.0,236.78,1470.0,234.9
2017-06-03 10:05:39.987419,54.437556,-165.686484,1470.0,236.03,1470.0,237.16
2017-06-03 10:05:40.486620,54.437563,-165.686468,1470.0,236.22,1470.0,236.59
2017-06-03 10:05:40.985821,54.437584,-165.686416,1470.0,234.9,1470.0,234.71
2017-06-03 10:05:41.485022,54.437591,-165.686399,1470.0,234.9,1470.0,234.71
2017-06-03 10:05:41.984222,54.437613,-165.686349,1470.0,234.71,1470.0,234.71
2017-06-03 10:05:42.499023,54.437621,-165.686331,1470.0,236.22,1470.0,236.03
2017-06-03 10:05:42.998224,54.437643,-165.686278,1470.0,234.71,1470.0,235.46
2017-06-03 10:05:43.497425,54.437651,-165.686261,1470.0,236.03,1470.0,236.97
2017-06-03 10:05:43.996626,54.437673,-165.686209,1470.0,234.71,1470.0,236.78
2017-06-03 10:05:44.495827,54.43768,-165.686193,1470.0,235.84,1470.0,234.71
2017-06-03 10:05:44.995028,54.437701,-165.686144,1470.0,236.03,1470.0,237.35
2017-06-03 10:05:45.494228,54.437708,-165.686127,1470.0,234.9,1470.0,236.59
2017-06-03 10:05:45.993429,54.437731,-165.686075,1470.0,236.22,1470.0,236.78
2017-06-03 10:05:46.492630,54.437739,-165.686058,1470.0,234.71,1470.0,234.71
2017-06-03 10:05:46.991831,54.437762,-165.686008,1470.0,234.52,1470.0,234.52
2017-06-03 10:05:47.491032,54.43777,-165.685991,1470.0,235.84,1470.0,234.34
2017-06-03 10:05:47.990232,54.437793,-165.685939,1470.0,234.34,1470.0,235.46
2017-06-03 10:05:48.489433,54.4378,-165.685923,1470.0,234.34,1470.0,235.65
2017-06-03 10:05:48.988634,54.437823,-165.685874,1470.0,234.34,1470.0,236.22
2017-06-03 10:05:49.487835,54.43783,-165.685857,1470.0,235.65,1470.0,234.34
2017-06-03 10:05:49.987036,54.437853,-165.685805,1470.0,235.65,1470.0,234.34
2017-06-03 10:05:50.486238,54.43786,-165.685788,1470.0,235.65,1470.0,234.34
2017-06-03 10:05:50.985437,54.437881,-165.685736,1470.0,234.15,1470.0,235.46
2017-06-03 10:05:51.484640,54.437888,-165.685719,1470.0,233.96,1470.0,236.59
2017-06-03 10:05:51.983839,54.437911,-165.685666,1470.0,233.77,1470.0,233.77
2017-06-03 10:05:52.498640,54.437919,-165.685648,1470.0,233.77,1470.0,236.22
2017-06-03 10:05:52.997841,54.43794,-165.6856,1470.0,233.96,1470.0,233.77
2017-06-03 10:05:53.497042,54.437947,-165.685584,1470.0,233.96,1470.0,236.22
2017-06-03 10:05:53.996243,54.43797,-165.685533,1470.0,234.15,1470.0,233.96
2017-06-03 10:05:54.495443,54.437977,-165.685516,1470.0,234.15,1470.0,234.34
2017-06-03 10:05:54.994646,54.437999,-165.685467,1470.0,235.28,1470.0,236.03
2017-06-03 10:05:55.493845,54.438006,-165.685451,1470.0,233.96,1470.0,235.46
2017-06-03 10:05:55.993048,54.438028,-165.685399,1470.0,233.77,1470.0,235.46
2017-06-03 10:05:56.492247,54.438035,-165.685383,1470.0,233.58,1470.0,235.09
2017-06-03 10:05:56.991449,54.438059,-165.685332,1470.0,234.71,1470.0,233.39
2017-06-03 10:05:57.490648,54.438067,-165.685316,1470.0,233.21,1470.0,233.21
2017-06-03 10:05:57.989851,54.438089,-165.685267,1470.0,233.02,1470.0,233.02
2017-06-03 10:05:58.489050,54.438097,-165.685251,1470.0,235.09,1470.0,235.09
2017-06-03 10:05:58.988253,54.438121,-165.685201,1470.0,233.02,1470.0,233.96
2017-06-03 10:05:59.487452,54.438128,-165.685184,1470.0,233.02,1470.0,233.58
2017-06-03 10:05:59.986654,54.438151,-165.685133,1470.0,233.02,1470.0,233.02
2017-06-03 10:06:00.485855,54.438158,-165.685116,1470.0,233.21,1470.0,233.21
2017-06-03 10:06:00.985056,54.438179,-165.685064,1470.0,233.77,1470.0,233.21
2017-06-03 10:06:01.484257,54.438187,-165.685047,1470.0,233.58,1470.0,210.44
2017-06-03 10:06:01.999058,54.438211,-165.684993,1470.0,233.39,1470.0,235.28
2017-06-03 10:06:02.498259,54.438219,-165.684976,1470.0,233.39,1470.0,233.21
2017-06-03 10:06:02.997459,54.438241,-165.684926,1470.0,233.39,1470.0,234.9
2017-06-03 10:06:03.496660,54.438249,-165.684909,1470.0,233.21,1470.0,233.02
2017-06-03 10:06:03.995861,54.438274,-165.684858,1470.0,233.02,1470.0,233.02
2017-06-03 10:06:04.495062,54.438282,-165.684842,1470.0,233.02,1470.0,233.02
2017-06-03 10:06:04.994263,54.438306,-165.684795,1470.0,233.02,1470.0,233.02
2017-06-03 10:06:05.493464,54.438313,-165.684779,1470.0,233.02,1470.0,232.83
2017-06-03 10:06:05.992664,54.438337,-165.684729,1470.0,234.34,1470.0,234.52
2017-06-03 10:06:06.491865,54.438345,-165.684713,1470.0,234.15,1470.0,232.64
2017-06-03 10:06:06.991066,54.438369,-165.684664,1470.0,233.77,1470.0,232.45
2017-06-03 10:06:07.490267,54.438376,-165.684648,1470.0,232.64,1470.0,232.45
2017-06-03 10:06:07.989468,54.438398,-165.684597,1470.0,232.45,1470.0,232.45
2017-06-03 10:06:08.488668,54.438405,-165.684581,1470.0,232.45,1470.0,232.45
2017-06-03 10:06:08.987869,54.438426,-165.684529,1470.0,232.83,1470.0,232.64
2017-06-03 10:06:09.487070,54.438433,-165.684512,1470.0,232.83,1470.0,232.64
2017-06-03 10:06:09.986271,54.438453,-165.68446,1470.0,232.83,1470.0,232.83
2017-06-03 10:06:10.485472,54.43846,-165.684443,1470.0,233.02,1470.0,232.83
2017-06-03 10:06:10.984673,54.438479,-165.684391,1470.0,232.83,1470.0,232.83
2017-06-03 10:06:11.483875,54.438486,-165.684374,1470.0,232.64,1470.0,232.64
2017-06-03 10:06:11.998674,54.43851,-165.68432,1470.0,232.64,1470.0,232.45
2017-06-03 10:06:12.497877,54.438517,-165.684303,1470.0,232.45,1470.0,232.27
2017-06-03 10:06:12.997076,54.438541,-165.684254,1470.0,232.45,1470.0,232.27
2017-06-03 10:06:13.496277,54.438548,-165.684238,1470.0,232.45,1470.0,232.27
2017-06-03 10:06:13.995478,54.438572,-165.684187,1470.0,232.45,1470.0,232.45
2017-06-03 10:06:14.494678,54.43858,-165.684171,1470.0,232.45,1470.0,232.45
2017-06-03 10:06:14.993879,54.438604,-165.684121,1470.0,233.77,1470.0,232.45
2017-06-03 10:06:15.493080,54.438611,-165.684104,1470.0,232.45,1470.0,232.45
2017-06-03 10:06:15.992283,54.438633,-165.68405,1470.0,234.34,1470.0,233.39
2017-06-03 10:06:16.491482,54.43864,-165.684032,1470.0,232.27,1470.0,232.27
2017-06-03 10:06:16.990685,54.438661,-165.68398,1470.0,232.08,1470.0,233.77
2017-06-03 10:06:17.489883,54.438668,-165.683963,1470.0,233.21,1470.0,231.89
2017-06-03 10:06:17.989086,54.438691,-165.683911,1470.0,231.89,1470.0,231.89
2017-06-03 10:06:18.488285,54.438698,-165.683894,1470.0,231.89,1470.0,234.15
2017-06-03 10:06:18.987488,54.438719,-165.683844,1470.0,231.89,1470.0,231.7
2017-06-03 10:06:19.486687,54.438726,-165.683828,1470.0,231.7,1470.0,231.7
2017-06-03 10:06:19.985889,54.438748,-165.683776,1470.0,231.7,1470.0,233.21
2017-06-03 10:06:20.485090,54.438755,-165.683759,1470.0,232.64,1470.0,233.21
2017-06-03 10:06:20.984291,54.438776,-165.683709,1470.0,231.51,1470.0,233.58
2017-06-03 10:06:21.499092,54.438783,-165.683691,1470.0,231.51,1470.0,232.08
2017-06-03 10:06:21.998293,54.438806,-165.683639,1470.0,232.27,1470.0,231.32
2017-06-03 10:06:22.497494,54.438814,-165.683623,1470.0,231.51,1470.0,231.32
2017-06-03 10:06:22.996695,54.438836,-165.683573,1470.0,231.32,1470.0,233.02
2017-06-03 10:06:23.495895,54.438843,-165.683556,1470.0,231.32,1470.0,231.32
2017-06-03 10:06:23.995096,54.438866,-165.683503,1470.0,231.32,1470.0,231.7
2017-06-03 10:06:24.494297,54.438873,-165.683486,1470.0,231.32,1470.0,231.51
2017-06-03 10:06:24.993498,54.438894,-165.683433,1470.0,231.51,1470.0,231.32
2017-06-03 10:06:25.492699,54.438902,-165.683416,1470.0,231.51,1470.0,234.15
2017-06-03 10:06:25.991899,54.438924,-165.683363,1470.0,231.51,1470.0,231.51
2017-06-03 10:06:26.491100,54.438931,-165.683345,1470.0,231.51,1470.0,231.51
2017-06-03 10:06:26.990301,54.438951,-165.683292,1470.0,231.51,1470.0,231.32
2017-06-03 10:06:27.489502,54.438958,-165.683274,1470.0,231.32,1470.0,231.32
2017-06-03 10:06:27.988703,54.438981,-165.683221,1470.0,231.14,1470.0,231.14
2017-06-03 10:06:28.487904,54.438988,-165.683204,1470.0,232.27,1470.0,230.95
2017-06-03 10:06:28.987104,54.439009,-165.683153,1470.0,230.95,1470.0,230.95
2017-06-03 10:06:29.486305,54.439017,-165.683136,1470.0,231.89,1470.0,232.83
2017-06-03 10:06:29.985506,54.439039,-165.683084,1470.0,232.45,1470.0,231.51
2017-06-03 10:06:30.484707,54.439046,-165.683068,1470.0,231.7,1470.0,232.64
2017-06-03 10:06:30.983908,54.439067,-165.683017,1470.0,231.14,1470.0,230.76
2017-06-03 10:06:31.498711,54.439075,-165.682999,1470.0,230.95,1470.0,230.95
2017-06-03 10:06:31.997910,54.439097,-165.682946,1470.0,230.95,1470.0,230.95
2017-06-03 10:06:32.497112,54.439103,-165.682929,1470.0,230.95,1470.0,230.95
2017-06-03 10:06:32.996311,54.439123,-165.682876,1470.0,230.95,1470.0,230.95
2017-06-03 10:06:33.495514,54.43913,-165.682859,1470.0,230.95,1470.0,232.45
2017-06-03 10:06:33.994713,54.439151,-165.682805,1470.0,230.95,1470.0,230.76
2017-06-03 10:06:34.493916,54.439158,-165.682788,1470.0,230.76,1470.0,230.76
2017-06-03 10:06:34.993114,54.439181,-165.682736,1470.0,232.83,1470.0,232.64
2017-06-03 10:06:35.492315,54.439188,-165.682719,1470.0,230.76,1470.0,230.95
2017-06-03 10:06:35.991516,54.439211,-165.682666,1470.0,231.7,1470.0,232.27
2017-06-03 10:06:36.490717,54.439218,-165.682649,1470.0,230.76,1470.0,230.57
2017-06-03 10:06:36.989920,54.439239,-165.682598,1470.0,230.57,1470.0,232.64
2017-06-03 10:06:37.489119,54.439247,-165.682581,1470.0,230.38,1470.0,230.38
2017-06-03 10:06:37.988321,54.439269,-165.682528,1470.0,230.38,1470.0,230.2
2017-06-03 10:06:38.487520,54.439277,-165.682511,1470.0,230.01,1470.0,230.01
2017-06-03 10:06:38.986723,54.439299,-165.682461,1470.0,230.01,1470.0,230.01
2017-06-03 10:06:39.485922,54.439306,-165.682444,1470.0,232.08,1470.0,230.01
2017-06-03 10:06:39.985125,54.439328,-165.682393,1470.0,230.01,1470.0,230.01
2017-06-03 10:06:40.484324,54.439335,-165.682376,1470.0,230.01,1470.0,230.01
2017-06-03 10:06:40.999126,54.439356,-165.682324,1470.0,230.95,1470.0,232.45
2017-06-03 10:06:41.498327,54.439363,-165.682307,1470.0,230.2,1470.0,230.01
2017-06-03 10:06:41.997528,54.439385,-165.682252,1470.0,230.01,1470.0,230.01
2017-06-03 10:06:42.496729,54.439392,-165.682234,1470.0,230.01,1470.0,231.7
2017-06-03 10:06:42.995930,54.439413,-165.682181,1470.0,230.01,1470.0,230.01
2017-06-03 10:06:43.495131,54.43942,-165.682164,1470.0,230.2,1470.0,230.01
2017-06-03 10:06:43.994331,54.439441,-165.682113,1470.0,230.2,1470.0,230.2
2017-06-03 10:06:44.493532,54.439448,-165.682096,1470.0,230.38,1470.0,230.2
2017-06-03 10:06:44.992733,54.439469,-165.682044,1470.0,230.38,1470.0,231.89
2017-06-03 10:06:45.491934,54.439477,-165.682028,1470.0,230.38,1470.0,232.27
2017-06-03 10:06:45.991135,54.439501,-165.681976,1470.0,231.7,1470.0,230.2
2017-06-03 10:06:46.490335,54.439508,-165.681959,1470.0,230.01,1470.0,230.01
2017-06-03 10:06:46.989536,54.439532,-165.681908,1470.0,231.32,1470.0,230.57
2017-06-03 10:06:47.488737,54.43954,-165.681891,1470.0,230.95,1470.0,231.14
2017-06-03 10:06:47.987938,54.439564,-165.681842,1470.0,230.95,1470.0,229.44
2017-06-03 10:06:48.487139,54.439571,-165.681826,1470.0,229.63,1470.0,230.76
2017-06-03 10:06:48.986340,54.439593,-165.681776,1470.0,231.32,1470.0,229.82
2017-06-03 10:06:49.485540,54.4396,-165.681759,1470.0,230.01,1470.0,229.82
2017-06-03 10:06:49.984741,54.43962,-165.681706,1470.0,230.01,1470.0,232.27
2017-06-03 10:06:50.483942,54.439626,-165.681689,1470.0,230.01,1470.0,228.88
2017-06-03 10:06:50.998743,54.439646,-165.681633,1470.0,230.2,1470.0,230.01
2017-06-03 10:06:51.497946,54.439653,-165.681615,1470.0,230.76,1470.0,230.01
2017-06-03 10:06:51.997145,54.439675,-165.68156,1470.0,230.2,1470.0,230.01
2017-06-03 10:06:52.496347,54.439682,-165.681543,1470.0,230.38,1470.0,230.01
2017-06-03 10:06:52.995546,54.439704,-165.681493,1470.0,230.2,1470.0,221.73
2017-06-03 10:06:53.494749,54.439712,-165.681476,1470.0,230.01,1470.0,230.76
2017-06-03 10:06:53.993948,54.439737,-165.681427,1470.0,230.01,1470.0,229.82
2017-06-03 10:06:54.493151,54.439745,-165.681411,1470.0,229.82,1470.0,231.14
2017-06-03 10:06:54.992350,54.43977,-165.681362,1470.0,231.14,1470.0,231.51
2017-06-03 10:06:55.491552,54.439779,-165.681346,1470.0,229.63,1470.0,231.51
2017-06-03 10:06:55.990751,54.439804,-165.681297,1470.0,229.63,1470.0,229.44
2017-06-03 10:06:56.489952,54.439812,-165.681281,1470.0,230.76,1470.0,162.83
2017-06-03 10:06:56.989155,54.439834,-165.681231,1470.0,229.63,1470.0,229.44
2017-06-03 10:06:57.488354,54.439841,-165.681214,1470.0,230.76,1470.0,229.44
2017-06-03 10:06:57.987556,54.439863,-165.681164,1470.0,230.01,1470.0,229.44
2017-06-03 10:06:58.486755,54.43987,-165.681148,1470.0,229.44,1470.0,229.44
2017-06-03 10:06:58.985958,54.439891,-165.681096,1470.0,229.44,1470.0,229.44
2017-06-03 10:06:59.485157,54.439897,-165.681079,1470.0,229.44,1470.0,229.44
2017-06-03 10:06:59.984360,54.439918,-165.681026,1470.0,229.63,1470.0,229.44
2017-06-03 10:07:00.499159,54.439925,-165.681008,1470.0,229.63,1470.0,229.44
2017-06-03 10:07:00.998362,54.439946,-165.680958,1470.0,229.63,1470.0,229.44
2017-06-03 10:07:01.497561,54.439954,-165.680941,1470.0,229.63,1470.0,229.44
2017-06-03 10:07:01.996763,54.439978,-165.680888,1470.0,229.44,1470.0,229.44
2017-06-03 10:07:02.495964,54.439986,-165.680871,1470.0,229.26,1470.0,229.26
2017-06-03 10:07:02.995165,54.440009,-165.680822,1470.0,230.38,1470.0,229.26
2017-06-03 10:07:03.494366,54.440017,-165.680806,1470.0,230.57,1470.0,229.07
2017-06-03 10:07:03.993567,54.440041,-165.680756,1470.0,230.57,1470.0,229.82
2017-06-03 10:07:04.492767,54.440049,-165.680739,1470.0,229.26,1470.0,230.76
2017-06-03 10:07:04.991968,54.440074,-165.680689,1470.0,230.76,1470.0,230.95
2017-06-03 10:07:05.491169,54.440082,-165.680673,1470.0,229.07,1470.0,229.82
2017-06-03 10:07:05.990370,54.440106,-165.680621,1470.0,228.88,1470.0,229.63
2017-06-03 10:07:06.489571,54.440113,-165.680604,1470.0,228.69,1470.0,230.2
2017-06-03 10:07:06.988771,54.440137,-165.680553,1470.0,228.5,1470.0,228.5
2017-06-03 10:07:07.487972,54.440145,-165.680536,1470.0,228.5,1470.0,228.5
2017-06-03 10:07:07.987173,54.440168,-165.680484,1470.0,228.5,1470.0,230.2
2017-06-03 10:07:08.486374,54.440175,-165.680468,1470.0,228.69,1470.0,228.5
2017-06-03 10:07:08.985575,54.440196,-165.680419,1470.0,229.63,1470.0,228.69
2017-06-03 10:07:09.484776,54.440203,-165.680402,1470.0,228.69,1470.0,230.38
2017-06-03 10:07:09.983976,54.440226,-165.68035,1470.0,228.69,1470.0,228.5
2017-06-03 10:07:10.498777,54.440234,-165.680331,1470.0,230.2,1470.0,230.01
2017-06-03 10:07:10.997978,54.440256,-165.680281,1470.0,229.26,1470.0,228.31
2017-06-03 10:07:11.497181,54.440263,-165.680264,1470.0,228.31,1470.0,229.82
2017-06-03 10:07:11.996380,54.440287,-165.680214,1470.0,228.31,1470.0,229.63
2017-06-03 10:07:12.495583,54.440295,-165.680198,1470.0,228.31,1470.0,228.31
2017-06-03 10:07:12.994781,54.440318,-165.680147,1470.0,228.31,1470.0,230.01
2017-06-03 10:07:13.493984,54.440325,-165.680131,1470.0,230.38,1470.0,228.31
2017-06-03 10:07:13.993183,54.440348,-165.680081,1470.0,228.5,1470.0,230.2
2017-06-03 10:07:14.492386,54.440355,-165.680064,1470.0,228.5,1470.0,228.5
2017-06-03 10:07:14.991585,54.440378,-165.680014,1470.0,228.5,1470.0,229.07
2017-06-03 10:07:15.490788,54.440385,-165.679997,1470.0,229.63,1470.0,197.08
2017-06-03 10:07:15.989986,54.440409,-165.679945,1470.0,230.2,1470.0,230.2
2017-06-03 10:07:16.489189,54.440417,-165.679928,1470.0,229.44,1470.0,228.31
2017-06-03 10:07:16.988390,54.440439,-165.679876,1470.0,228.31,1470.0,228.31
2017-06-03 10:07:17.487589,54.440447,-165.679859,1470.0,228.31,1470.0,229.82
2017-06-03 10:07:17.986792,54.440469,-165.679806,1470.0,228.5,1470.0,230.01
2017-06-03 10:07:18.485991,54.440477,-165.679789,1470.0,228.31,1470.0,229.82
2017-06-03 10:07:18.985193,54.4405,-165.679739,1470.0,228.88,1470.0,228.31
2017-06-03 10:07:19.484392,54.440508,-165.679722,1470.0,228.5,1470.0,228.31
2017-06-03 10:07:19.999195,54.440533,-165.679668,1470.0,228.5,1470.0,228.31
2017-06-03 10:07:20.498394,54.440541,-165.679651,1470.0,228.5,1470.0,229.63
2017-06-03 10:07:20.997597,54.440563,-165.679601,1470.0,228.5,1470.0,228.5
2017-06-03 10:07:21.496796,54.44057,-165.679584,1470.0,228.5,1470.0,229.44
2017-06-03 10:07:21.995998,54.440593,-165.679531,1470.0,228.5,1470.0,230.57
2017-06-03 10:07:22.495199,54.440601,-165.679514,1470.0,230.2,1470.0,228.31
2017-06-03 10:07:22.994400,54.440623,-165.679463,1470.0,228.5,1470.0,228.31
2017-06-03 10:07:23.493601,54.44063,-165.679446,1470.0,228.31,1470.0,228.31
2017-06-03 10:07:23.992802,54.440651,-165.679393,1470.0,228.5,1470.0,228.31
2017-06-03 10:07:24.492002,54.440658,-165.679376,1470.0,228.31,1470.0,228.31
2017-06-03 10:07:24.991203,54.440679,-165.679324,1470.0,228.31,1470.0,230.2
2017-06-03 10:07:25.490404,54.440687,-165.679308,1470.0,228.31,1470.0,228.13
2017-06-03 10:07:25.989605,54.440709,-165.679256,1470.0,228.13,1470.0,228.13
2017-06-03 10:07:26.488806,54.440717,-165.679239,1470.0,227.94,1470.0,227.94
2017-06-03 10:07:26.988007,54.440739,-165.679188,1470.0,227.94,1470.0,227.75
2017-06-03 10:07:27.487207,54.440747,-165.679171,1470.0,227.75,1470.0,227.75
2017-06-03 10:07:27.986408,54.440769,-165.679119,1470.0,227.75,1470.0,227.75
2017-06-03 10:07:28.485609,54.440777,-165.679103,1470.0,227.75,1470.0,227.56
2017-06-03 10:07:28.984810,54.4408,-165.679052,1470.0,227.75,1470.0,227.56
2017-06-03 10:07:29.484011,54.440807,-165.679035,1470.0,227.75,1470.0,227.75
2017-06-03 10:07:29.998812,54.44083,-165.67898,1470.0,227.56,1470.0,227.56
2017-06-03 10:07:30.498013,54.440837,-165.678963,1470.0,227.56,1470.0,227.94
2017-06-03 10:07:30.997213,54.440859,-165.678913,1470.0,227.56,1470.0,227.37
2017-06-03 10:07:31.496414,54.440867,-165.678896,1470.0,227.37,1470.0,227.37
2017-06-03 10:07:31.995615,54.440891,-165.678844,1470.0,227.37,1470.0,227.19
2017-06-03 10:07:32.494816,54.440898,-165.678828,1470.0,227.37,1470.0,227.19
2017-06-03 10:07:32.994017,54.440921,-165.678776,1470.0,227.19,1470.0,227.19
2017-06-03 10:07:33.493219,54.440928,-165.678759,1470.0,227.19,1470.0,229.44
2017-06-03 10:07:33.992418,54.440951,-165.678708,1470.0,229.44,1470.0,229.07
2017-06-03 10:07:34.491621,54.440958,-165.678691,1470.0,226.81,1470.0,226.81
2017-06-03 10:07:34.990820,54.440982,-165.678639,1470.0,226.62,1470.0,228.5
2017-06-03 10:07:35.490023,54.44099,-165.678623,1470.0,226.43,1470.0,226.43
2017-06-03 10:07:35.989222,54.441014,-165.678572,1470.0,226.43,1470.0,226.43
2017-06-03 10:07:36.488424,54.441022,-165.678556,1470.0,227.56,1470.0,227.37
2017-06-03 10:07:36.987623,54.441044,-165.678506,1470.0,226.43,1470.0,228.13
2017-06-03 10:07:37.486826,54.441051,-165.678489,1470.0,226.43,1470.0,226.43
2017-06-03 10:07:37.986027,54.441073,-165.678436,1470.0,226.62,1470.0,226.62
2017-06-03 10:07:38.485226,54.44108,-165.678419,1470.0,226.62,1470.0,226.62
2017-06-03 10:07:38.984428,54.441099,-165.678366,1470.0,226.62,1470.0,226.81
2017-06-03 10:07:39.499228,54.441107,-165.678347,1470.0,226.43,1470.0,227.56
2017-06-03 10:07:39.998430,54.441128,-165.678292,1470.0,226.24,1470.0,226.24
2017-06-03 10:07:40.497629,54.441136,-165.678274,1470.0,226.06,1470.0,227.75
2017-06-03 10:07:40.996832,54.441158,-165.678224,1470.0,226.06,1470.0,225.87
2017-06-03 10:07:41.496031,54.441165,-165.678208,1470.0,225.87,1470.0,227.94
2017-06-03 10:07:41.995234,54.441189,-165.678156,1470.0,226.81,1470.0,225.68
2017-06-03 10:07:42.494434,54.441197,-165.678139,1470.0,225.68,1470.0,226.81
2017-06-03 10:07:42.993635,54.441221,-165.678088,1470.0,227.19,1470.0,225.49
2017-06-03 10:07:43.492836,54.441228,-165.678071,1470.0,226.81,1470.0,218.72
2017-06-03 10:07:43.992037,54.441252,-165.678021,1470.0,225.68,1470.0,227.94
2017-06-03 10:07:44.491238,54.44126,-165.678004,1470.0,225.68,1470.0,227.0
2017-06-03 10:07:44.990438,54.441283,-165.677953,1470.0,227.19,1470.0,149.29
2017-06-03 10:07:45.489639,54.44129,-165.677936,1470.0,225.68,1470.0,225.68
2017-06-03 10:07:45.988840,54.441311,-165.677883,1470.0,225.49,1470.0,225.49
2017-06-03 10:07:46.488041,54.441318,-165.677866,1470.0,225.49,1470.0,227.37
2017-06-03 10:07:46.987242,54.441341,-165.677813,1470.0,225.3,1470.0,225.3
2017-06-03 10:07:47.486443,54.441348,-165.677796,1470.0,225.12,1470.0,225.12
2017-06-03 10:07:47.985643,54.441369,-165.677744,1470.0,225.12,1470.0,225.12
2017-06-03 10:07:48.484844,54.441377,-165.677728,1470.0,226.06,1470.0,196.7
2017-06-03 10:07:48.984045,54.441399,-165.677679,1470.0,224.93,1470.0,224.93
2017-06-03 10:07:49.498846,54.441407,-165.677661,1470.0,224.93,1470.0,224.74
2017-06-03 10:07:49.998047,54.441431,-165.677609,1470.0,224.74,1470.0,224.74
2017-06-03 10:07:50.497248,54.441439,-165.677593,1470.0,225.49,1470.0,225.87
2017-06-03 10:07:50.996449,54.441462,-165.677545,1470.0,225.68,1470.0,225.49
2017-06-03 10:07:51.495649,54.44147,-165.677529,1470.0,225.68,1470.0,226.62
2017-06-03 10:07:51.994850,54.441495,-165.677479,1470.0,224.93,1470.0,214.96
2017-06-03 10:07:52.494051,54.441503,-165.677463,1470.0,224.36,1470.0,226.43
2017-06-03 10:07:52.993252,54.441526,-165.677411,1470.0,224.36,1470.0,224.36
2017-06-03 10:07:53.492455,54.441533,-165.677394,1470.0,226.06,1470.0,226.24
2017-06-03 10:07:53.991653,54.441556,-165.677341,1470.0,224.55,1470.0,226.62
2017-06-03 10:07:54.490856,54.441563,-165.677324,1470.0,224.74,1470.0,224.55
2017-06-03 10:07:54.990055,54.441584,-165.677273,1470.0,224.74,1470.0,224.55
2017-06-03 10:07:55.489258,54.441592,-165.677256,1470.0,224.55,1470.0,226.43
2017-06-03 10:07:55.988457,54.441616,-165.677203,1470.0,224.36,1470.0,224.36
2017-06-03 10:07:56.487659,54.441624,-165.677186,1470.0,224.17,1470.0,224.17
2017-06-03 10:07:56.986858,54.441648,-165.677139,1470.0,223.99,1470.0,225.87
2017-06-03 10:07:57.486061,54.441656,-165.677122,1470.0,223.99,1470.0,225.3
2017-06-03 10:07:57.985260,54.441681,-165.677071,1470.0,224.17,1470.0,223.99
2017-06-03 10:07:58.484463,54.441688,-165.677055,1470.0,225.3,1470.0,225.49
2017-06-03 10:07:58.999264,54.441712,-165.677005,1470.0,224.93,1470.0,223.8
2017-06-03 10:07:59.498463,54.44172,-165.676989,1470.0,223.8,1470.0,223.8
2017-06-03 10:07:59.997665,54.441744,-165.676939,1470.0,223.8,1470.0,223.8
2017-06-03 10:08:00.496864,54.441752,-165.676923,1470.0,223.8,1470.0,223.8
2017-06-03 10:08:00.996067,54.441774,-165.676872,1470.0,225.3,1470.0,225.12
2017-06-03 10:08:01.495266,54.441782,-165.676856,1470.0,223.99,1470.0,225.49
2017-06-03 10:08:01.994469,54.441804,-165.676804,1470.0,223.99,1470.0,223.99
2017-06-03 10:08:02.493668,54.441812,-165.676788,1470.0,223.99,1470.0,225.12
2017-06-03 10:08:02.992870,54.441836,-165.676737,1470.0,224.74,1470.0,223.8
2017-06-03 10:08:03.492071,54.441843,-165.676721,1470.0,223.99,1470.0,223.8
2017-06-03 10:08:03.991272,54.441867,-165.676671,1470.0,223.8,1470.0,223.8
2017-06-03 10:08:04.490473,54.441875,-165.676655,1470.0,223.8,1470.0,225.3
2017-06-03 10:08:04.989674,54.441899,-165.676606,1470.0,223.8,1470.0,225.68
2017-06-03 10:08:05.488874,54.441907,-165.676589,1470.0,223.8,1470.0,223.8
2017-06-03 10:08:05.988075,54.441931,-165.676539,1470.0,223.8,1470.0,225.3
2017-06-03 10:08:06.487276,54.441938,-165.676523,1470.0,224.93,1470.0,223.61
2017-06-03 10:08:06.986477,54.441962,-165.676474,1470.0,223.61,1470.0,223.61
2017-06-03 10:08:07.485678,54.44197,-165.676457,1470.0,225.12,1470.0,223.42
2017-06-03 10:08:07.984879,54.441995,-165.676406,1470.0,223.42,1470.0,223.42
2017-06-03 10:08:08.484079,54.442003,-165.67639,1470.0,223.42,1470.0,225.49
2017-06-03 10:08:08.998880,54.442026,-165.67634,1470.0,223.61,1470.0,223.42
2017-06-03 10:08:09.498081,54.442033,-165.676324,1470.0,223.61,1470.0,223.61
2017-06-03 10:08:09.997282,54.442056,-165.676271,1470.0,225.87,1470.0,223.61
2017-06-03 10:08:10.496483,54.442064,-165.676254,1470.0,223.8,1470.0,225.3
2017-06-03 10:08:10.995684,54.442086,-165.676204,1470.0,223.8,1470.0,223.61
2017-06-03 10:08:11.494884,54.442093,-165.676188,1470.0,223.8,1470.0,223.8
2017-06-03 10:08:11.994085,54.442117,-165.676136,1470.0,223.42,1470.0,223.42
2017-06-03 10:08:12.493286,54.442125,-165.676119,1470.0,224.93,1470.0,223.23
2017-06-03 10:08:12.992487,54.442149,-165.676069,1470.0,223.23,1470.0,223.23
2017-06-03 10:08:13.491690,54.442157,-165.676053,1470.0,224.17,1470.0,224.74
2017-06-03 10:08:13.990889,54.442182,-165.676002,1470.0,223.23,1470.0,224.17
2017-06-03 10:08:14.490091,54.44219,-165.675986,1470.0,223.23,1470.0,224.36
2017-06-03 10:08:14.989290,54.442213,-165.675937,1470.0,224.55,1470.0,223.05
2017-06-03 10:08:15.488493,54.442221,-165.675921,1470.0,223.05,1470.0,224.55
2017-06-03 10:08:15.987692,54.442247,-165.675871,1470.0,222.86,1470.0,224.55
2017-06-03 10:08:16.486895,54.442255,-165.675854,1470.0,222.67,1470.0,224.74
2017-06-03 10:08:16.986094,54.442279,-165.675804,1470.0,222.48,1470.0,222.48
2017-06-03 10:08:17.485296,54.442286,-165.675788,1470.0,222.48,1470.0,222.48
2017-06-03 10:08:17.984495,54.442308,-165.675737,1470.0,222.67,1470.0,224.93
2017-06-03 10:08:18.499296,54.442315,-165.675719,1470.0,224.55,1470.0,222.86
2017-06-03 10:08:18.998499,54.442336,-165.675668,1470.0,222.86,1470.0,222.86
2017-06-03 10:08:19.497698,54.442343,-165.675651,1470.0,223.05,1470.0,222.86
2017-06-03 10:08:19.996901,54.442364,-165.675599,1470.0,222.86,1470.0,222.86
2017-06-03 10:08:20.496099,54.442372,-165.675583,1470.0,223.61,1470.0,222.48
2017-06-03 10:08:20.995302,54.442396,-165.675531,1470.0,223.42,1470.0,222.29
2017-06-03 10:08:21.494501,54.442404,-165.675515,1470.0,222.29,1470.0,224.17
2017-06-03 10:08:21.993704,54.442429,-165.675466,1470.0,222.29,1470.0,223.61
2017-06-03 10:08:22.492903,54.442437,-165.67545,1470.0,224.36,1470.0,222.29
2017-06-03 10:08:22.992105,54.442461,-165.675401,1470.0,222.48,1470.0,224.55
2017-06-03 10:08:23.491304,54.442468,-165.675385,1470.0,224.36,1470.0,224.17
2017-06-03 10:08:23.990507,54.442492,-165.675336,1470.0,222.67,1470.0,224.36
2017-06-03 10:08:24.489708,54.4425,-165.675319,1470.0,222.67,1470.0,222.67
2017-06-03 10:08:24.988909,54.442524,-165.675269,1470.0,223.99,1470.0,222.48
2017-06-03 10:08:25.488110,54.442532,-165.675253,1470.0,223.99,1470.0,222.48
2017-06-03 10:08:25.987310,54.442554,-165.675202,1470.0,224.17,1470.0,222.48
2017-06-03 10:08:26.486511,54.442562,-165.675186,1470.0,222.67,1470.0,223.61
2017-06-03 10:08:26.985712,54.442584,-165.675137,1470.0,224.55,1470.0,224.17
2017-06-03 10:08:27.484913,54.442591,-165.675121,1470.0,222.67,1470.0,222.67
2017-06-03 10:08:27.984114,54.442614,-165.675069,1470.0,222.67,1470.0,222.48
2017-06-03 10:08:28.498915,54.442622,-165.675051,1470.0,222.48,1470.0,222.48
2017-06-03 10:08:28.998116,54.442646,-165.675002,1470.0,222.48,1470.0,222.86
2017-06-03 10:08:29.497316,54.442653,-165.674986,1470.0,222.48,1470.0,222.48
2017-06-03 10:08:29.996517,54.442677,-165.674937,1470.0,222.48,1470.0,222.29
2017-06-03 10:08:30.495718,54.442685,-165.674921,1470.0,222.29,1470.0,224.36
2017-06-03 10:08:30.994919,54.44271,-165.674872,1470.0,222.29,1470.0,222.29
2017-06-03 10:08:31.494120,54.442718,-165.674856,1470.0,222.29,1470.0,223.61
2017-06-03 10:08:31.993320,54.442742,-165.674807,1470.0,223.8,1470.0,222.29
2017-06-03 10:08:32.492521,54.44275,-165.674791,1470.0,222.48,1470.0,222.29
2017-06-03 10:08:32.991722,54.442773,-165.674742,1470.0,223.99,1470.0,222.48
2017-06-03 10:08:33.490925,54.44278,-165.674726,1470.0,222.67,1470.0,223.99
2017-06-03 10:08:33.990124,54.442804,-165.674676,1470.0,222.29,1470.0,222.29
2017-06-03 10:08:34.489326,54.442812,-165.67466,1470.0,222.67,1470.0,223.8
2017-06-03 10:08:34.988525,54.442836,-165.674611,1470.0,222.11,1470.0,222.11
2017-06-03 10:08:35.487728,54.442843,-165.674595,1470.0,223.8,1470.0,223.42
2017-06-03 10:08:35.986927,54.442867,-165.674546,1470.0,223.05,1470.0,221.92
2017-06-03 10:08:36.486130,54.442875,-165.67453,1470.0,223.8,1470.0,221.92
2017-06-03 10:08:36.985329,54.442897,-165.674482,1470.0,222.11,1470.0,222.11
2017-06-03 10:08:37.484531,54.442904,-165.674466,1470.0,223.99,1470.0,223.61
2017-06-03 10:08:37.999331,54.442928,-165.674413,1470.0,222.29,1470.0,222.29
2017-06-03 10:08:38.498531,54.442936,-165.674396,1470.0,222.29,1470.0,223.42
2017-06-03 10:08:38.997734,54.442958,-165.674346,1470.0,222.29,1470.0,223.99
2017-06-03 10:08:39.496933,54.442965,-165.674329,1470.0,222.11,1470.0,222.11
2017-06-03 10:08:39.996136,54.442988,-165.674278,1470.0,222.29,1470.0,222.11
2017-06-03 10:08:40.495335,54.442995,-165.674261,1470.0,222.11,1470.0,222.11
2017-06-03 10:08:40.994537,54.443018,-165.674211,1470.0,222.11,1470.0,222.11
2017-06-03 10:08:41.493736,54.443025,-165.674195,1470.0,222.29,1470.0,222.11
2017-06-03 10:08:41.992939,54.443049,-165.674146,1470.0,222.29,1470.0,224.36
2017-06-03 10:08:42.492138,54.443057,-165.67413,1470.0,223.99,1470.0,223.42
2017-06-03 10:08:42.991341,54.443079,-165.674082,1470.0,222.11,1470.0,222.11
2017-06-03 10:08:43.490540,54.443087,-165.674066,1470.0,221.92,1470.0,221.92
2017-06-03 10:08:43.989742,54.443112,-165.674017,1470.0,222.86,1470.0,221.73
2017-06-03 10:08:44.488943,54.44312,-165.674001,1470.0,221.73,1470.0,221.73
2017-06-03 10:08:44.988144,54.443143,-165.673954,1470.0,221.73,1470.0,221.73
2017-06-03 10:08:45.487345,54.44315,-165.673938,1470.0,221.73,1470.0,221.73
2017-06-03 10:08:45.986546,54.443173,-165.673889,1470.0,221.92,1470.0,221.73
2017-06-03 10:08:46.485746,54.44318,-165.673873,1470.0,221.92,1470.0,223.23
2017-06-03 10:08:46.984947,54.443201,-165.673825,1470.0,222.11,1470.0,221.92
2017-06-03 10:08:47.484148,54.443208,-165.673809,1470.0,222.11,1470.0,222.11
2017-06-03 10:08:47.998949,54.443231,-165.673758,1470.0,222.11,1470.0,224.55
2017-06-03 10:08:48.498150,54.443239,-165.673741,1470.0,222.11,1470.0,222.11
2017-06-03 10:08:48.997351,54.443261,-165.673692,1470.0,222.29,1470.0,222.11
2017-06-03 10:08:49.496552,54.443269,-165.673676,1470.0,222.11,1470.0,222.11
2017-06-03 10:08:49.995752,54.443294,-165.673627,1470.0,222.29,1470.0,224.74
2017-06-03 10:08:50.494953,54.443302,-165.673612,1470.0,222.11,1470.0,222.11
2017-06-03 10:08:50.994154,54.443326,-165.673565,1470.0,223.42,1470.0,222.11
2017-06-03 10:08:51.493355,54.443334,-165.67355,1470.0,222.29,1470.0,223.8
2017-06-03 10:08:51.992556,54.443359,-165.673503,1470.0,222.29,1470.0,222.29
2017-06-03 10:08:52.491756,54.443367,-165.673488,1470.0,224.36,1470.0,222.11
2017-06-03 10:08:52.990957,54.443391,-165.673442,1470.0,222.11,1470.0,222.29
2017-06-03 10:08:53.490158,54.443398,-165.673426,1470.0,223.61,1470.0,221.92
2017-06-03 10:08:53.989359,54.443421,-165.673379,1470.0,221.92,1470.0,221.92
2017-06-03 10:08:54.488562,54.443428,-165.673364,1470.0,221.92,1470.0,221.73
2017-06-03 10:08:54.987761,54.44345,-165.673319,1470.0,222.29,1470.0,221.73
2017-06-03 10:08:55.486963,54.443458,-165.673304,1470.0,221.73,1470.0,222.86
2017-06-03 10:08:55.986162,54.443481,-165.673256,1470.0,223.61,1470.0,221.54
2017-06-03 10:08:56.485365,54.443488,-165.67324,1470.0,221.54,1470.0,221.54
2017-06-03 10:08:56.984564,54.44351,-165.673195,1470.0,221.54,1470.0,221.54
2017-06-03 10:08:57.499365,54.443518,-165.673178,1470.0,221.73,1470.0,221.73
2017-06-03 10:08:57.998566,54.443541,-165.673129,1470.0,221.73,1470.0,221.73
2017-06-03 10:08:58.497766,54.443549,-165.673113,1470.0,221.92,1470.0,196.7
2017-06-03 10:08:58.996969,54.443571,-165.673067,1470.0,222.11,1470.0,221.92
2017-06-03 10:08:59.496168,54.443578,-165.673051,1470.0,222.11,1470.0,222.11
2017-06-03 10:08:59.995371,54.443601,-165.673002,1470.0,222.29,1470.0,222.11
2017-06-03 10:09:00.494570,54.443608,-165.672986,1470.0,222.29,1470.0,222.29
2017-06-03 10:09:00.993773,54.443632,-165.672939,1470.0,222.29,1470.0,222.29
2017-06-03 10:09:01.492971,54.44364,-165.672923,1470.0,222.29,1470.0,224.17
2017-06-03 10:09:01.992174,54.443664,-165.672875,1470.0,222.29,1470.0,222.11
2017-06-03 10:09:02.491373,54.443672,-165.67286,1470.0,222.11,1470.0,222.11
2017-06-03 10:09:02.990576,54.443697,-165.672813,1470.0,222.11,1470.0,222.11
2017-06-03 10:09:03.489775,54.443705,-165.672798,1470.0,222.11,1470.0,221.92
2017-06-03 10:09:03.988977,54.443729,-165.672752,1470.0,223.23,1470.0,223.05
2017-06-03 10:09:04.488178,54.443737,-165.672737,1470.0,221.92,1470.0,221.73
2017-06-03 10:09:04.987379,54.443761,-165.672693,1470.0,221.73,1470.0,221.73
2017-06-03 10:09:05.486580,54.443769,-165.672678,1470.0,221.73,1470.0,221.54
2017-06-03 10:09:05.985781,54.443792,-165.672629,1470.0,222.67,1470.0,223.23
2017-06-03 10:09:06.484982,54.4438,-165.672613,1470.0,221.73,1470.0,223.05
2017-06-03 10:09:06.984182,54.443821,-165.672567,1470.0,221.92,1470.0,223.23
2017-06-03 10:09:07.498983,54.443828,-165.67255,1470.0,221.73,1470.0,221.73
2017-06-03 10:09:07.998184,54.44385,-165.672501,1470.0,221.73,1470.0,221.73
2017-06-03 10:09:08.497385,54.443857,-165.672485,1470.0,221.73,1470.0,221.73
2017-06-03 10:09:08.996586,54.443878,-165.67244,1470.0,221.73,1470.0,221.73
2017-06-03 10:09:09.495787,54.443885,-165.672425,1470.0,221.73,1470.0,221.54
2017-06-03 10:09:09.994987,54.443908,-165.672377,1470.0,221.54,1470.0,221.54
2017-06-03 10:09:10.494188,54.443915,-165.672362,1470.0,221.35,1470.0,223.23
2017-06-03 10:09:10.993389,54.443939,-165.672315,1470.0,221.35,1470.0,222.29
2017-06-03 10:09:11.492590,54.443947,-165.6723,1470.0,221.16,1470.0,221.16
2017-06-03 10:09:11.991791,54.443972,-165.672253,1470.0,221.16,1470.0,142.51
2017-06-03 10:09:12.490992,54.44398,-165.672238,1470.0,221.35,1470.0,221.16
2017-06-03 10:09:12.990192,54.444004,-165.672192,1470.0,221.35,1470.0,221.35
2017-06-03 10:09:13.489393,54.444012,-165.672176,1470.0,221.35,1470.0,221.35
2017-06-03 10:09:13.988594,54.444034,-165.672129,1470.0,221.35,1470.0,222.86
2017-06-03 10:09:14.487795,54.444041,-165.672113,1470.0,221.35,1470.0,221.35
2017-06-03 10:09:14.986996,54.444062,-165.672064,1470.0,221.16,1470.0,221.16
2017-06-03 10:09:15.486198,54.444069,-165.672048,1470.0,222.29,1470.0,220.98
2017-06-03 10:09:15.985397,54.44409,-165.671997,1470.0,222.11,1470.0,220.79
2017-06-03 10:09:16.484600,54.444096,-165.671982,1470.0,220.6,1470.0,220.6
2017-06-03 10:09:16.983799,54.444117,-165.671935,1470.0,222.48,1470.0,220.6
2017-06-03 10:09:17.498602,54.444125,-165.671918,1470.0,220.41,1470.0,220.41
2017-06-03 10:09:17.997801,54.444148,-165.671872,1470.0,220.22,1470.0,220.22
2017-06-03 10:09:18.497004,54.444155,-165.671857,1470.0,221.54,1470.0,220.04
2017-06-03 10:09:18.996202,54.444178,-165.67181,1470.0,220.04,1470.0,220.04
2017-06-03 10:09:19.495403,54.444185,-165.671795,1470.0,220.98,1470.0,221.35
2017-06-03 10:09:19.994606,54.444208,-165.671747,1470.0,219.85,1470.0,219.85
2017-06-03 10:09:20.493805,54.444215,-165.671731,1470.0,220.04,1470.0,220.04
2017-06-03 10:09:20.993008,54.444236,-165.671684,1470.0,220.04,1470.0,220.04
2017-06-03 10:09:21.492207,54.444243,-165.671668,1470.0,220.04,1470.0,220.04
2017-06-03 10:09:21.991409,54.444262,-165.671619,1470.0,220.22,1470.0,220.04
2017-06-03 10:09:22.490608,54.444268,-165.671603,1470.0,220.04,1470.0,220.04
2017-06-03 10:09:22.989811,54.444289,-165.671552,1470.0,220.04,1470.0,220.04
2017-06-03 10:09:23.489010,54.444297,-165.671536,1470.0,219.66,1470.0,219.66
2017-06-03 10:09:23.988213,54.444319,-165.671489,1470.0,219.47,1470.0,219.47
2017-06-03 10:09:24.487411,54.444327,-165.671473,1470.0,219.47,1470.0,219.28
2017-06-03 10:09:24.986614,54.444349,-165.671425,1470.0,219.28,1470.0,220.79
2017-06-03 10:09:25.485815,54.444356,-165.67141,1470.0,219.09,1470.0,219.09
2017-06-03 10:09:25.985016,54.444381,-165.671363,1470.0,218.91,1470.0,218.91
2017-06-03 10:09:26.484217,54.444388,-165.671349,1470.0,218.72,1470.0,218.72
2017-06-03 10:09:26.999018,54.444412,-165.671303,1470.0,219.85,1470.0,218.91
2017-06-03 10:09:27.498219,54.44442,-165.671288,1470.0,218.34,1470.0,218.34
2017-06-03 10:09:27.997419,54.444443,-165.671242,1470.0,218.34,1470.0,218.15
2017-06-03 10:09:28.496620,54.44445,-165.671227,1470.0,217.97,1470.0,217.97
2017-06-03 10:09:28.995821,54.444471,-165.671182,1470.0,217.78,1470.0,217.97
2017-06-03 10:09:29.495022,54.444478,-165.671166,1470.0,217.78,1470.0,217.78
2017-06-03 10:09:29.994223,54.444499,-165.671119,1470.0,217.59,1470.0,217.59
2017-06-03 10:09:30.493423,54.444506,-165.671103,1470.0,217.59,1470.0,217.4
2017-06-03 10:09:30.992624,54.444528,-165.671055,1470.0,217.4,1470.0,217.21
2017-06-03 10:09:31.491825,54.444535,-165.67104,1470.0,217.21,1470.0,217.02
2017-06-03 10:09:31.991026,54.444556,-165.670993,1470.0,217.02,1470.0,217.21
2017-06-03 10:09:32.490227,54.444563,-165.670978,1470.0,217.02,1470.0,216.84
2017-06-03 10:09:32.989428,54.444584,-165.670932,1470.0,216.84,1470.0,216.65
2017-06-03 10:09:33.488628,54.444592,-165.670917,1470.0,216.46,1470.0,216.46
2017-06-03 10:09:33.987829,54.444616,-165.67087,1470.0,216.46,1470.0,216.27
2017-06-03 10:09:34.487030,54.444623,-165.670855,1470.0,215.9,1470.0,215.9
2017-06-03 10:09:34.986231,54.444647,-165.67081,1470.0,215.71,1470.0,215.71
2017-06-03 10:09:35.485434,54.444654,-165.670795,1470.0,215.33,1470.0,215.33
2017-06-03 10:09:35.984632,54.444677,-165.670747,1470.0,215.14,1470.0,215.14
2017-06-03 10:09:36.483835,54.444685,-165.670732,1470.0,214.96,1470.0,214.96
2017-06-03 10:09:36.998634,54.444709,-165.670686,1470.0,214.77,1470.0,214.96
2017-06-03 10:09:37.497837,54.444717,-165.670671,1470.0,214.58,1470.0,214.39
2017-06-03 10:09:37.997036,54.444739,-165.670624,1470.0,214.2,1470.0,214.2
2017-06-03 10:09:38.496239,54.444747,-165.670608,1470.0,213.83,1470.0,213.83
2017-06-03 10:09:38.995438,54.444769,-165.670562,1470.0,213.64,1470.0,213.64
2017-06-03 10:09:39.494640,54.444777,-165.670547,1470.0,213.45,1470.0,213.45
2017-06-03 10:09:39.993839,54.444799,-165.6705,1470.0,213.26,1470.0,213.26
2017-06-03 10:09:40.493040,54.444806,-165.670485,1470.0,213.26,1470.0,213.07
2017-06-03 10:09:40.992243,54.444828,-165.67044,1470.0,213.07,1470.0,213.07
2017-06-03 10:09:41.491442,54.444835,-165.670425,1470.0,213.07,1470.0,212.89
2017-06-03 10:09:41.990644,54.444858,-165.670377,1470.0,213.07,1470.0,212.89
2017-06-03 10:09:42.489843,54.444865,-165.670362,1470.0,213.26,1470.0,212.89
2017-06-03 10:09:42.989046,54.444886,-165.670315,1470.0,212.89,1470.0,212.7
2017-06-03 10:09:43.488245,54.444893,-165.6703,1470.0,212.7,1470.0,212.51
2017-06-03 10:09:43.987448,54.444914,-165.670252,1470.0,212.51,1470.0,212.51
2017-06-03 10:09:44.486647,54.444922,-165.670237,1470.0,212.13,1470.0,212.13
2017-06-03 10:09:44.985849,54.444946,-165.67019,1470.0,211.94,1470.0,211.94
2017-06-03 10:09:45.485048,54.444953,-165.670175,1470.0,211.76,1470.0,211.57
2017-06-03 10:09:45.984251,54.444977,-165.670128,1470.0,211.57,1470.0,211.38
2017-06-03 10:09:46.499052,54.444986,-165.670112,1470.0,211.38,1470.0,212.7
2017-06-03 10:09:46.998253,54.445009,-165.670068,1470.0,212.51,1470.0,211.38
2017-06-03 10:09:47.497454,54.445017,-165.670053,1470.0,211.19,1470.0,211.19
2017-06-03 10:09:47.996655,54.445041,-165.670008,1470.0,212.51,1470.0,211.19
2017-06-03 10:09:48.495855,54.445048,-165.669993,1470.0,210.82,1470.0,210.82
2017-06-03 10:09:48.995056,54.445071,-165.669947,1470.0,210.63,1470.0,210.63
2017-06-03 10:09:49.494257,54.445078,-165.669932,1470.0,210.44,1470.0,210.44
2017-06-03 10:09:49.993458,54.445101,-165.669887,1470.0,210.44,1470.0,212.13
2017-06-03 10:09:50.492659,54.445108,-165.669872,1470.0,210.44,1470.0,210.63
2017-06-03 10:09:50.991859,54.445129,-165.669825,1470.0,210.44,1470.0,210.44
2017-06-03 10:09:51.491060,54.445136,-165.66981,1470.0,210.44,1470.0,210.44
2017-06-03 10:09:51.990261,54.445158,-165.669763,1470.0,210.44,1470.0,210.25
2017-06-03 10:09:52.489462,54.445165,-165.669748,1470.0,210.25,1470.0,210.25
2017-06-03 10:09:52.988663,54.445188,-165.6697,1470.0,210.25,1470.0,122.0
2017-06-03 10:09:53.487864,54.445195,-165.669685,1470.0,210.25,1470.0,212.7
2017-06-03 10:09:53.987064,54.445218,-165.66964,1470.0,210.25,1470.0,210.25
2017-06-03 10:09:54.486265,54.445225,-165.669625,1470.0,210.25,1470.0,210.25
2017-06-03 10:09:54.985466,54.445248,-165.66958,1470.0,210.25,1470.0,210.25
2017-06-03 10:09:55.484669,54.445256,-165.669565,1470.0,211.94,1470.0,211.76
2017-06-03 10:09:55.983868,54.445279,-165.669517,1470.0,210.44,1470.0,210.25
2017-06-03 10:09:56.498671,54.445287,-165.6695,1470.0,211.19,1470.0,210.25
2017-06-03 10:09:56.997869,54.445309,-165.669455,1470.0,210.25,1470.0,210.06
2017-06-03 10:09:57.497072,54.445317,-165.66944,1470.0,211.38,1470.0,210.06
2017-06-03 10:09:57.996271,54.445339,-165.669393,1470.0,211.38,1470.0,209.87
2017-06-03 10:09:58.495474,54.445347,-165.669378,1470.0,209.87,1470.0,210.25
2017-06-03 10:09:58.994673,54.445371,-165.669333,1470.0,209.87,1470.0,209.69
2017-06-03 10:09:59.493876,54.445378,-165.669318,1470.0,209.69,1470.0,209.69
2017-06-03 10:09:59.993074,54.445401,-165.669273,1470.0,209.69,1470.0,209.69
2017-06-03 10:10:00.492277,54.445408,-165.669258,1470.0,209.87,1470.0,209.69
2017-06-03 10:10:00.991478,54.445431,-165.669212,1470.0,209.87,1470.0,209.87
2017-06-03 10:10:01.490677,54.445438,-165.669197,1470.0,210.06,1470.0,210.06
2017-06-03 10:10:01.989880,54.445459,-165.669152,1470.0,210.06,1470.0,210.06
2017-06-03 10:10:02.489079,54.445466,-165.669137,1470.0,210.25,1470.0,210.25
2017-06-03 10:10:02.988281,54.445487,-165.669091,1470.0,210.44,1470.0,210.25
2017-06-03 10:10:03.487480,54.445494,-165.669076,1470.0,210.44,1470.0,210.25
2017-06-03 10:10:03.986683,54.445517,-165.669029,1470.0,210.63,1470.0,210.44
2017-06-03 10:10:04.485882,54.445525,-165.669013,1470.0,210.44,1470.0,210.25
2017-06-03 10:10:04.985085,54.445548,-165.668968,1470.0,210.44,1470.0,211.94
2017-06-03 10:10:05.484283,54.445556,-165.668953,1470.0,210.44,1470.0,211.0
2017-06-03 10:10:05.999086,54.445581,-165.668907,1470.0,210.63,1470.0,210.44
2017-06-03 10:10:06.498287,54.445589,-165.668892,1470.0,210.44,1470.0,210.44
2017-06-03 10:10:06.997488,54.445612,-165.668848,1470.0,210.44,1470.0,210.44
2017-06-03 10:10:07.496689,54.44562,-165.668833,1470.0,211.94,1470.0,210.44
2017-06-03 10:10:07.995890,54.445644,-165.668788,1470.0,210.63,1470.0,210.63
2017-06-03 10:10:08.495090,54.445652,-165.668773,1470.0,212.32,1470.0,210.63
2017-06-03 10:10:08.994291,54.445674,-165.668728,1470.0,210.82,1470.0,212.89
2017-06-03 10:10:09.493492,54.445682,-165.668713,1470.0,210.82,1470.0,210.82
2017-06-03 10:10:09.992693,54.445704,-165.668667,1470.0,211.0,1470.0,212.7
2017-06-03 10:10:10.491894,54.445712,-165.668651,1470.0,211.0,1470.0,211.0
2017-06-03 10:10:10.991095,54.445734,-165.668604,1470.0,211.19,1470.0,211.19
2017-06-03 10:10:11.490295,54.445742,-165.668588,1470.0,211.19,1470.0,211.19
2017-06-03 10:10:11.989496,54.445764,-165.668543,1470.0,211.38,1470.0,212.89
2017-06-03 10:10:12.488697,54.445772,-165.668529,1470.0,211.38,1470.0,211.38
2017-06-03 10:10:12.987898,54.445795,-165.668484,1470.0,211.57,1470.0,211.57
2017-06-03 10:10:13.487099,54.445803,-165.66847,1470.0,211.57,1470.0,211.38
2017-06-03 10:10:13.986300,54.445827,-165.668422,1470.0,211.57,1470.0,213.64
2017-06-03 10:10:14.485500,54.445835,-165.668407,1470.0,213.64,1470.0,213.45
2017-06-03 10:10:14.984701,54.445857,-165.668363,1470.0,211.76,1470.0,211.76
2017-06-03 10:10:15.483902,54.445864,-165.668348,1470.0,211.94,1470.0,213.64
2017-06-03 10:10:15.998703,54.44589,-165.6683,1470.0,212.13,1470.0,211.94
2017-06-03 10:10:16.497906,54.445897,-165.668285,1470.0,212.32,1470.0,214.01
2017-06-03 10:10:16.997105,54.445919,-165.66824,1470.0,212.32,1470.0,213.83
2017-06-03 10:10:17.496307,54.445927,-165.668225,1470.0,212.32,1470.0,212.32
2017-06-03 10:10:17.995506,54.44595,-165.668177,1470.0,212.51,1470.0,212.32
2017-06-03 10:10:18.494709,54.445957,-165.668162,1470.0,212.51,1470.0,214.58
2017-06-03 10:10:18.993908,54.445979,-165.668117,1470.0,212.7,1470.0,212.7
2017-06-03 10:10:19.493111,54.445986,-165.668101,1470.0,213.64,1470.0,215.14
2017-06-03 10:10:19.992310,54.446008,-165.668054,1470.0,212.89,1470.0,212.89
2017-06-03 10:10:20.491512,54.446015,-165.668038,1470.0,214.58,1470.0,212.89
2017-06-03 10:10:20.990713,54.446038,-165.667992,1470.0,213.07,1470.0,213.64
2017-06-03 10:10:21.489914,54.446045,-165.667976,1470.0,213.07,1470.0,213.07
2017-06-03 10:10:21.989115,54.446068,-165.667929,1470.0,213.26,1470.0,213.26
2017-06-03 10:10:22.488314,54.446075,-165.667913,1470.0,214.96,1470.0,213.26
2017-06-03 10:10:22.987516,54.446097,-165.667868,1470.0,213.45,1470.0,213.45
2017-06-03 10:10:23.486715,54.446104,-165.667853,1470.0,213.83,1470.0,215.71
2017-06-03 10:10:23.985918,54.446127,-165.667804,1470.0,215.14,1470.0,213.64
2017-06-03 10:10:24.485117,54.446135,-165.667788,1470.0,214.01,1470.0,213.83
2017-06-03 10:10:24.984320,54.446158,-165.667743,1470.0,214.96,1470.0,213.83
2017-06-03 10:10:25.499119,54.446167,-165.667727,1470.0,214.01,1470.0,216.27
2017-06-03 10:10:25.998322,54.446189,-165.66768,1470.0,214.96,1470.0,214.01
2017-06-03 10:10:26.497522,54.446197,-165.667665,1470.0,214.2,1470.0,214.2
2017-06-03 10:10:26.996723,54.446219,-165.667617,1470.0,214.2,1470.0,216.27
2017-06-03 10:10:27.495924,54.446227,-165.667601,1470.0,214.2,1470.0,215.71
2017-06-03 10:10:27.995125,54.446249,-165.667554,1470.0,214.2,1470.0,215.9
2017-06-03 10:10:28.494326,54.446257,-165.667538,1470.0,214.96,1470.0,214.2
2017-06-03 10:10:28.993526,54.446279,-165.66749,1470.0,215.9,1470.0,214.39
2017-06-03 10:10:29.492727,54.446286,-165.667475,1470.0,214.58,1470.0,214.58
2017-06-03 10:10:29.991928,54.446308,-165.667427,1470.0,214.77,1470.0,214.77
2017-06-03 10:10:30.491129,54.446315,-165.667411,1470.0,214.96,1470.0,216.84
2017-06-03 10:10:30.990330,54.446338,-165.667362,1470.0,215.14,1470.0,214.96
2017-06-03 10:10:31.489531,54.446345,-165.667346,1470.0,215.14,1470.0,217.21
2017-06-03 10:10:31.988731,54.446368,-165.667299,1470.0,215.14,1470.0,215.14
2017-06-03 10:10:32.487932,54.446375,-165.667283,1470.0,215.33,1470.0,215.14
2017-06-03 10:10:32.987133,54.446396,-165.667238,1470.0,215.33,1470.0,215.33
2017-06-03 10:10:33.486334,54.446403,-165.667223,1470.0,215.33,1470.0,215.14
2017-06-03 10:10:33.985535,54.446426,-165.667175,1470.0,215.14,1470.0,215.14
2017-06-03 10:10:34.484735,54.446433,-165.66716,1470.0,215.14,1470.0,217.4
2017-06-03 10:10:34.983936,54.446457,-165.667116,1470.0,215.14,1470.0,214.96
2017-06-03 10:10:35.498737,54.446465,-165.6671,1470.0,215.14,1470.0,214.96
2017-06-03 10:10:35.997938,54.44649,-165.667053,1470.0,216.27,1470.0,214.96
2017-06-03 10:10:36.497139,54.446498,-165.667038,1470.0,215.14,1470.0,215.9
2017-06-03 10:10:36.996340,54.446521,-165.66699,1470.0,215.33,1470.0,216.65
2017-06-03 10:10:37.495543,54.446528,-165.666975,1470.0,215.52,1470.0,215.52
2017-06-03 10:10:37.994741,54.446549,-165.666927,1470.0,215.71,1470.0,215.71
2017-06-03 10:10:38.493944,54.446556,-165.666911,1470.0,215.9,1470.0,215.71
2017-06-03 10:10:38.993143,54.446578,-165.666864,1470.0,215.9,1470.0,215.71
2017-06-03 10:10:39.492346,54.446585,-165.666848,1470.0,215.71,1470.0,215.71
2017-06-03 10:10:39.991545,54.446608,-165.666799,1470.0,215.71,1470.0,215.71
2017-06-03 10:10:40.490747,54.446615,-165.666783,1470.0,215.71,1470.0,215.71
2017-06-03 10:10:40.989946,54.446638,-165.666734,1470.0,215.71,1470.0,215.71
2017-06-03 10:10:41.489149,54.446645,-165.666718,1470.0,215.71,1470.0,215.71
2017-06-03 10:10:41.988350,54.446669,-165.666672,1470.0,215.71,1470.0,215.71
2017-06-03 10:10:42.487551,54.446677,-165.666657,1470.0,215.71,1470.0,215.71
2017-06-03 10:10:42.986752,54.446701,-165.666613,1470.0,216.65,1470.0,217.59
2017-06-03 10:10:43.485950,54.446709,-165.666598,1470.0,215.52,1470.0,215.52
2017-06-03 10:10:43.985153,54.446734,-165.666552,1470.0,215.52,1470.0,217.59
2017-06-03 10:10:44.484352,54.446742,-165.666537,1470.0,215.52,1470.0,215.52
2017-06-03 10:10:44.999155,54.446766,-165.666491,1470.0,215.52,1470.0,215.52
2017-06-03 10:10:45.498354,54.446773,-165.666477,1470.0,215.71,1470.0,217.02
2017-06-03 10:10:45.997557,54.446794,-165.66643,1470.0,216.65,1470.0,215.71
2017-06-03 10:10:46.496758,54.446802,-165.666415,1470.0,215.9,1470.0,215.9
2017-06-03 10:10:46.995958,54.446824,-165.666366,1470.0,215.9,1470.0,215.9
2017-06-03 10:10:47.495159,54.446832,-165.66635,1470.0,215.9,1470.0,215.9
2017-06-03 10:10:47.994360,54.446854,-165.666302,1470.0,215.9,1470.0,215.71
2017-06-03 10:10:48.493561,54.446862,-165.666287,1470.0,215.71,1470.0,215.9
2017-06-03 10:10:48.992762,54.446886,-165.66624,1470.0,215.71,1470.0,216.08
2017-06-03 10:10:49.491962,54.446893,-165.666225,1470.0,215.71,1470.0,215.71
2017-06-03 10:10:49.991163,54.446917,-165.666178,1470.0,217.97,1470.0,215.71
2017-06-03 10:10:50.490364,54.446925,-165.666163,1470.0,215.71,1470.0,215.71
2017-06-03 10:10:50.989565,54.44695,-165.666118,1470.0,215.9,1470.0,215.71
2017-06-03 10:10:51.488766,54.446959,-165.666103,1470.0,215.71,1470.0,217.4
2017-06-03 10:10:51.987967,54.446984,-165.666057,1470.0,215.71,1470.0,216.65
2017-06-03 10:10:52.487167,54.446992,-165.666042,1470.0,215.71,1470.0,215.71
2017-06-03 10:10:52.986368,54.447015,-165.665998,1470.0,215.71,1470.0,215.71
2017-06-03 10:10:53.485569,54.447023,-165.665983,1470.0,216.08,1470.0,215.71
2017-06-03 10:10:53.984770,54.447047,-165.665932,1470.0,215.9,1470.0,215.9
2017-06-03 10:10:54.483971,54.447055,-165.665916,1470.0,215.9,1470.0,215.71
2017-06-03 10:10:54.998772,54.447076,-165.665867,1470.0,215.71,1470.0,215.71
2017-06-03 10:10:55.497972,54.447083,-165.665851,1470.0,215.71,1470.0,215.71
2017-06-03 10:10:55.997173,54.447104,-165.665804,1470.0,215.71,1470.0,215.71
2017-06-03 10:10:56.496374,54.447112,-165.665788,1470.0,215.52,1470.0,215.52
2017-06-03 10:10:56.995575,54.447134,-165.66574,1470.0,215.52,1470.0,215.71
2017-06-03 10:10:57.494778,54.447142,-165.665725,1470.0,215.52,1470.0,215.52
2017-06-03 10:10:57.993977,54.447166,-165.665678,1470.0,215.52,1470.0,215.52
2017-06-03 10:10:58.493179,54.447173,-165.665663,1470.0,215.52,1470.0,215.52
2017-06-03 10:10:58.992378,54.447197,-165.665617,1470.0,215.71,1470.0,216.46
2017-06-03 10:10:59.491581,54.447205,-165.665601,1470.0,215.71,1470.0,215.71
2017-06-03 10:10:59.990780,54.447228,-165.665554,1470.0,217.21,1470.0,215.71
2017-06-03 10:11:00.489983,54.447235,-165.665538,1470.0,215.9,1470.0,215.71
2017-06-03 10:11:00.989182,54.447258,-165.66549,1470.0,215.71,1470.0,215.9
2017-06-03 10:11:01.488384,54.447265,-165.665475,1470.0,215.71,1470.0,215.71
2017-06-03 10:11:01.987583,54.447289,-165.665426,1470.0,215.71,1470.0,216.46
2017-06-03 10:11:02.486786,54.447297,-165.66541,1470.0,217.02,1470.0,217.21
2017-06-03 10:11:02.985987,54.447319,-165.665362,1470.0,215.71,1470.0,217.4
2017-06-03 10:11:03.485188,54.447326,-165.665346,1470.0,217.02,1470.0,215.71
2017-06-03 10:11:03.984388,54.447351,-165.665297,1470.0,215.9,1470.0,217.59
2017-06-03 10:11:04.499187,54.447359,-165.66528,1470.0,215.9,1470.0,215.9
2017-06-03 10:11:04.998390,54.447382,-165.665234,1470.0,215.71,1470.0,217.97
2017-06-03 10:11:05.497589,54.44739,-165.665218,1470.0,215.71,1470.0,217.97
2017-06-03 10:11:05.996792,54.447415,-165.66517,1470.0,215.71,1470.0,216.46
2017-06-03 10:11:06.495991,54.447423,-165.665155,1470.0,215.71,1470.0,217.59
2017-06-03 10:11:06.995193,54.447447,-165.665108,1470.0,218.15,1470.0,215.71
2017-06-03 10:11:07.494394,54.447455,-165.665093,1470.0,215.9,1470.0,216.46
2017-06-03 10:11:07.993595,54.447479,-165.665047,1470.0,215.9,1470.0,215.71
2017-06-03 10:11:08.492796,54.447487,-165.665032,1470.0,215.71,1470.0,215.71
2017-06-03 10:11:08.991997,54.447511,-165.664985,1470.0,215.52,1470.0,215.52
2017-06-03 10:11:09.491198,54.447518,-165.66497,1470.0,215.33,1470.0,216.27
2017-06-03 10:11:09.990398,54.447542,-165.664925,1470.0,216.84,1470.0,215.14
2017-06-03 10:11:10.489599,54.44755,-165.66491,1470.0,216.84,1470.0,215.14
2017-06-03 10:11:10.988800,54.447575,-165.664865,1470.0,216.27,1470.0,216.65
2017-06-03 10:11:11.488001,54.447583,-165.66485,1470.0,215.52,1470.0,217.21
2017-06-03 10:11:11.987202,54.447606,-165.664802,1470.0,215.52,1470.0,215.52
2017-06-03 10:11:12.486403,54.447613,-165.664786,1470.0,216.65,1470.0,216.08
2017-06-03 10:11:12.985603,54.447637,-165.664739,1470.0,215.71,1470.0,217.59
2017-06-03 10:11:13.484804,54.447645,-165.664723,1470.0,215.71,1470.0,215.71
2017-06-03 10:11:13.984005,54.447668,-165.664674,1470.0,216.08,1470.0,215.71
2017-06-03 10:11:14.498806,54.447676,-165.664657,1470.0,215.71,1470.0,217.02
2017-06-03 10:11:14.998007,54.447699,-165.66461,1470.0,215.71,1470.0,215.71
2017-06-03 10:11:15.497208,54.447707,-165.664595,1470.0,215.71,1470.0,216.65
2017-06-03 10:11:15.996408,54.447732,-165.66455,1470.0,215.52,1470.0,215.52
2017-06-03 10:11:16.495609,54.44774,-165.664535,1470.0,215.33,1470.0,215.33
2017-06-03 10:11:16.994810,54.447765,-165.664488,1470.0,215.14,1470.0,215.14
2017-06-03 10:11:17.494013,54.447774,-165.664473,1470.0,215.14,1470.0,214.96
2017-06-03 10:11:17.993212,54.4478,-165.664428,1470.0,214.96,1470.0,214.96
2017-06-03 10:11:18.492414,54.447808,-165.664413,1470.0,215.14,1470.0,217.4
2017-06-03 10:11:18.991613,54.447831,-165.664365,1470.0,215.14,1470.0,215.52
2017-06-03 10:11:19.490816,54.447838,-165.66435,1470.0,215.33,1470.0,216.27
2017-06-03 10:11:19.990015,54.447862,-165.664301,1470.0,215.33,1470.0,215.33
2017-06-03 10:11:20.489218,54.44787,-165.664285,1470.0,215.33,1470.0,215.33
2017-06-03 10:11:20.988417,54.447891,-165.664237,1470.0,215.33,1470.0,215.33
2017-06-03 10:11:21.487619,54.447898,-165.664221,1470.0,215.33,1470.0,215.33
2017-06-03 10:11:21.986818,54.447922,-165.664171,1470.0,215.52,1470.0,215.33
2017-06-03 10:11:22.486021,54.44793,-165.664155,1470.0,215.33,1470.0,215.14
2017-06-03 10:11:22.985222,54.447953,-165.66411,1470.0,217.4,1470.0,215.14
2017-06-03 10:11:23.484423,54.447961,-165.664095,1470.0,215.14,1470.0,215.14
2017-06-03 10:11:23.999224,54.447988,-165.664046,1470.0,215.14,1470.0,216.84
2017-06-03 10:11:24.498423,54.447996,-165.66403,1470.0,216.46,1470.0,215.9
2017-06-03 10:11:24.997625,54.448022,-165.663985,1470.0,214.96,1470.0,214.96
2017-06-03 10:11:25.496824,54.448031,-165.66397,1470.0,216.46,1470.0,215.33
2017-06-03 10:11:25.996027,54.448057,-165.663923,1470.0,214.96,1470.0,214.77
2017-06-03 10:11:26.495226,54.448065,-165.663908,1470.0,214.96,1470.0,214.77
2017-06-03 10:11:26.994429,54.448089,-165.66386,1470.0,216.46,1470.0,216.46
2017-06-03 10:11:27.493628,54.448097,-165.663845,1470.0,216.27,1470.0,214.96
2017-06-03 10:11:27.992830,54.448121,-165.663797,1470.0,214.96,1470.0,216.08
2017-06-03 10:11:28.492031,54.448128,-165.663781,1470.0,214.96,1470.0,214.96
2017-06-03 10:11:28.991232,54.448151,-165.663731,1470.0,214.96,1470.0,214.96
2017-06-03 10:11:29.490433,54.448158,-165.663715,1470.0,214.96,1470.0,217.21
2017-06-03 10:11:29.989634,54.448181,-165.663666,1470.0,214.77,1470.0,214.77
2017-06-03 10:11:30.488834,54.448188,-165.66365,1470.0,217.59,1470.0,215.71
2017-06-03 10:11:30.988035,54.448212,-165.663602,1470.0,214.39,1470.0,214.39
2017-06-03 10:11:31.487236,54.44822,-165.663586,1470.0,215.33,1470.0,214.2
2017-06-03 10:11:31.986437,54.448245,-165.663539,1470.0,214.2,1470.0,214.2
2017-06-03 10:11:32.485638,54.448254,-165.663523,1470.0,214.2,1470.0,214.2
2017-06-03 10:11:32.984838,54.448279,-165.663478,1470.0,214.2,1470.0,214.2
2017-06-03 10:11:33.484039,54.448288,-165.663463,1470.0,214.2,1470.0,214.2
2017-06-03 10:11:33.998840,54.448314,-165.663414,1470.0,216.27,1470.0,193.13
2017-06-03 10:11:34.498041,54.448322,-165.663398,1470.0,214.39,1470.0,216.08
2017-06-03 10:11:34.997242,54.448344,-165.663349,1470.0,214.39,1470.0,214.39
2017-06-03 10:11:35.496443,54.448352,-165.663333,1470.0,216.08,1470.0,214.39
2017-06-03 10:11:35.995644,54.448376,-165.663282,1470.0,214.39,1470.0,214.2
2017-06-03 10:11:36.494844,54.448383,-165.663266,1470.0,214.39,1470.0,214.2
2017-06-03 10:11:36.994045,54.448407,-165.663217,1470.0,214.01,1470.0,214.2
2017-06-03 10:11:37.493248,54.448415,-165.663201,1470.0,214.01,1470.0,214.77
2017-06-03 10:11:37.992447,54.448439,-165.663152,1470.0,213.83,1470.0,213.83
2017-06-03 10:11:38.491650,54.448447,-165.663136,1470.0,213.83,1470.0,214.58
2017-06-03 10:11:38.990849,54.448471,-165.663089,1470.0,213.64,1470.0,214.96
2017-06-03 10:11:39.490051,54.448478,-165.663073,1470.0,213.45,1470.0,213.45
2017-06-03 10:11:39.989250,54.448502,-165.663025,1470.0,213.26,1470.0,214.39
2017-06-03 10:11:40.488453,54.44851,-165.66301,1470.0,214.39,1470.0,213.07
2017-06-03 10:11:40.987652,54.448533,-165.662963,1470.0,212.89,1470.0,212.89
2017-06-03 10:11:41.486855,54.448541,-165.662948,1470.0,212.7,1470.0,212.7
2017-06-03 10:11:41.986053,54.448566,-165.662899,1470.0,212.7,1470.0,212.7
2017-06-03 10:11:42.485256,54.448573,-165.662883,1470.0,212.7,1470.0,212.7
2017-06-03 10:11:42.984457,54.448595,-165.662835,1470.0,212.7,1470.0,212.89
2017-06-03 10:11:43.499256,54.448603,-165.662818,1470.0,212.89,1470.0,213.64
2017-06-03 10:11:43.998459,54.448624,-165.662767,1470.0,212.89,1470.0,212.89
2017-06-03 10:11:44.497658,54.448632,-165.662751,1470.0,213.07,1470.0,212.89
2017-06-03 10:11:44.996861,54.448654,-165.662699,1470.0,213.07,1470.0,213.07
2017-06-03 10:11:45.496059,54.448662,-165.662683,1470.0,212.89,1470.0,212.89
2017-06-03 10:11:45.995262,54.448684,-165.662634,1470.0,212.7,1470.0,212.7
2017-06-03 10:11:46.494461,54.448692,-165.662618,1470.0,212.7,1470.0,212.51
2017-06-03 10:11:46.993664,54.448717,-165.662569,1470.0,212.32,1470.0,212.32
2017-06-03 10:11:47.492863,54.448726,-165.662553,1470.0,212.32,1470.0,214.58
2017-06-03 10:11:47.992065,54.448752,-165.662507,1470.0,212.13,1470.0,212.13
2017-06-03 10:11:48.491266,54.44876,-165.662492,1470.0,213.45,1470.0,211.94
2017-06-03 10:11:48.990467,54.448785,-165.662445,1470.0,211.94,1470.0,211.94
2017-06-03 10:11:49.489668,54.448794,-165.66243,1470.0,212.89,1470.0,187.86
2017-06-03 10:11:49.988869,54.448819,-165.662383,1470.0,211.57,1470.0,214.01
2017-06-03 10:11:50.488070,54.448827,-165.662368,1470.0,211.38,1470.0,212.13
2017-06-03 10:11:50.987270,54.44885,-165.662323,1470.0,211.19,1470.0,211.0
2017-06-03 10:11:51.486471,54.448858,-165.662308,1470.0,211.94,1470.0,212.13
2017-06-03 10:11:51.985672,54.448882,-165.662259,1470.0,210.82,1470.0,210.82
2017-06-03 10:11:52.484873,54.44889,-165.662243,1470.0,210.82,1470.0,210.82
2017-06-03 10:11:52.984074,54.448912,-165.662195,1470.0,211.0,1470.0,211.38
2017-06-03 10:11:53.498875,54.44892,-165.662178,1470.0,211.0,1470.0,211.0
2017-06-03 10:11:53.998075,54.448941,-165.662129,1470.0,211.19,1470.0,211.19
2017-06-03 10:11:54.497276,54.448948,-165.662113,1470.0,211.19,1470.0,211.19
2017-06-03 10:11:54.996477,54.448969,-165.662061,1470.0,211.0,1470.0,211.0
2017-06-03 10:11:55.495678,54.448977,-165.662045,1470.0,210.82,1470.0,210.82
2017-06-03 10:11:55.994879,54.449002,-165.661997,1470.0,210.44,1470.0,210.44
2017-06-03 10:11:56.494080,54.449011,-165.661981,1470.0,210.25,1470.0,210.25
2017-06-03 10:11:56.993280,54.449037,-165.661932,1470.0,210.06,1470.0,210.06
2017-06-03 10:11:57.492481,54.449046,-165.661917,1470.0,211.57,1470.0,209.87
2017-06-03 10:11:57.991682,54.449072,-165.66187,1470.0,209.87,1470.0,209.87
2017-06-03 10:11:58.490883,54.44908,-165.661855,1470.0,211.38,1470.0,209.87
2017-06-03 10:11:58.990084,54.449105,-165.661807,1470.0,211.0,1470.0,209.87
2017-06-03 10:11:59.489286,54.449113,-165.661791,1470.0,211.38,1470.0,209.87
2017-06-03 10:11:59.988485,54.449137,-165.661742,1470.0,209.87,1470.0,211.94
2017-06-03 10:12:00.487688,54.449145,-165.661726,1470.0,209.69,1470.0,209.69
2017-06-03 10:12:00.986887,54.449167,-165.661679,1470.0,209.5,1470.0,209.5
2017-06-03 10:12:01.486090,54.449174,-165.661663,1470.0,211.19,1470.0,209.31
2017-06-03 10:12:01.985289,54.449199,-165.661612,1470.0,209.12,1470.0,210.63
2017-06-03 10:12:02.484491,54.449207,-165.661596,1470.0,208.93,1470.0,208.93
2017-06-03 10:12:02.999292,54.449231,-165.661547,1470.0,208.93,1470.0,208.93
2017-06-03 10:12:03.498491,54.449238,-165.661532,1470.0,210.06,1470.0,208.75
2017-06-03 10:12:03.997694,54.449262,-165.661485,1470.0,209.12,1470.0,208.75
2017-06-03 10:12:04.496893,54.44927,-165.66147,1470.0,211.0,1470.0,210.44
2017-06-03 10:12:04.996096,54.449294,-165.661422,1470.0,209.5,1470.0,208.56
2017-06-03 10:12:05.495295,54.449302,-165.661407,1470.0,210.06,1470.0,208.56
2017-06-03 10:12:05.994497,54.449326,-165.66136,1470.0,208.37,1470.0,208.37
2017-06-03 10:12:06.493696,54.449334,-165.661345,1470.0,208.18,1470.0,208.18
2017-06-03 10:12:06.992899,54.449359,-165.661296,1470.0,208.18,1470.0,208.18
2017-06-03 10:12:07.492098,54.449367,-165.66128,1470.0,208.18,1470.0,209.5
2017-06-03 10:12:07.991301,54.449391,-165.661233,1470.0,208.18,1470.0,208.18
2017-06-03 10:12:08.490501,54.449399,-165.661218,1470.0,208.93,1470.0,207.99
2017-06-03 10:12:08.989702,54.449423,-165.66117,1470.0,207.99,1470.0,207.99
2017-06-03 10:12:09.488903,54.449431,-165.661154,1470.0,208.93,1470.0,207.8
2017-06-03 10:12:09.988104,54.449456,-165.661104,1470.0,207.8,1470.0,207.8
2017-06-03 10:12:10.487305,54.449463,-165.661088,1470.0,207.62,1470.0,207.62
2017-06-03 10:12:10.986506,54.449487,-165.66104,1470.0,208.93,1470.0,209.5
2017-06-03 10:12:11.485706,54.449494,-165.661024,1470.0,209.5,1470.0,207.43
2017-06-03 10:12:11.984907,54.449518,-165.660975,1470.0,207.62,1470.0,207.62
2017-06-03 10:12:12.484108,54.449526,-165.66096,1470.0,207.62,1470.0,207.62
2017-06-03 10:12:12.998909,54.449552,-165.66091,1470.0,209.69,1470.0,207.8
2017-06-03 10:12:13.498110,54.44956,-165.660895,1470.0,207.8,1470.0,209.12
2017-06-03 10:12:13.997311,54.449583,-165.660846,1470.0,208.93,1470.0,207.62
2017-06-03 10:12:14.496511,54.44959,-165.66083,1470.0,208.75,1470.0,208.75
2017-06-03 10:12:14.995712,54.449614,-165.660781,1470.0,207.43,1470.0,208.93
2017-06-03 10:12:15.494913,54.449622,-165.660765,1470.0,207.43,1470.0,207.24
2017-06-03 10:12:15.994114,54.449647,-165.660717,1470.0,208.56,1470.0,209.12
2017-06-03 10:12:16.493315,54.449655,-165.660702,1470.0,207.05,1470.0,207.05
2017-06-03 10:12:16.992516,54.44968,-165.660655,1470.0,208.75,1470.0,207.05
2017-06-03 10:12:17.491716,54.449688,-165.66064,1470.0,208.75,1470.0,204.98
2017-06-03 10:12:17.990917,54.449712,-165.660592,1470.0,207.24,1470.0,209.12
2017-06-03 10:12:18.490118,54.44972,-165.660576,1470.0,208.56,1470.0,207.24
2017-06-03 10:12:18.989319,54.449744,-165.660527,1470.0,207.43,1470.0,207.24
2017-06-03 10:12:19.488522,54.449752,-165.660511,1470.0,207.24,1470.0,207.24
2017-06-03 10:12:19.987720,54.449774,-165.660461,1470.0,207.05,1470.0,206.68
2017-06-03 10:12:20.486923,54.449782,-165.660445,1470.0,206.68,1470.0,206.68
2017-06-03 10:12:20.986122,54.449805,-165.660397,1470.0,207.05,1470.0,206.49
2017-06-03 10:12:21.485325,54.449813,-165.660381,1470.0,207.24,1470.0,206.49
2017-06-03 10:12:21.984524,54.449836,-165.660331,1470.0,206.86,1470.0,206.68
2017-06-03 10:12:22.499327,54.449844,-165.660313,1470.0,207.05,1470.0,206.68
2017-06-03 10:12:22.998526,54.449866,-165.660265,1470.0,207.43,1470.0,206.86
2017-06-03 10:12:23.497728,54.449874,-165.66025,1470.0,207.24,1470.0,208.93
2017-06-03 10:12:23.996927,54.449899,-165.660201,1470.0,208.93,1470.0,207.05
2017-06-03 10:12:24.496128,54.449907,-165.660185,1470.0,208.75,1470.0,207.05
2017-06-03 10:12:24.995331,54.449931,-165.660136,1470.0,208.56,1470.0,206.86
2017-06-03 10:12:25.494530,54.449939,-165.66012,1470.0,208.56,1470.0,206.86
2017-06-03 10:12:25.993732,54.449964,-165.660072,1470.0,208.75,1470.0,208.18
2017-06-03 10:12:26.492931,54.449972,-165.660056,1470.0,207.05,1470.0,207.05
2017-06-03 10:12:26.992134,54.449996,-165.660009,1470.0,209.12,1470.0,207.24
2017-06-03 10:12:27.491333,54.450003,-165.659993,1470.0,207.24,1470.0,207.24
2017-06-03 10:12:27.990536,54.450026,-165.659942,1470.0,207.24,1470.0,207.24
2017-06-03 10:12:28.489735,54.450033,-165.659926,1470.0,208.56,1470.0,207.24
2017-06-03 10:12:28.988937,54.450055,-165.659877,1470.0,207.43,1470.0,207.43
2017-06-03 10:12:29.488138,54.450063,-165.659861,1470.0,208.75,1470.0,207.62
2017-06-03 10:12:29.987339,54.450086,-165.659811,1470.0,208.93,1470.0,207.24
2017-06-03 10:12:30.486540,54.450094,-165.659795,1470.0,207.24,1470.0,207.24
2017-06-03 10:12:30.985741,54.450118,-165.659748,1470.0,207.24,1470.0,207.24
2017-06-03 10:12:31.484941,54.450126,-165.659733,1470.0,207.24,1470.0,207.05
2017-06-03 10:12:31.984142,54.45015,-165.659685,1470.0,209.12,1470.0,207.05
2017-06-03 10:12:32.498943,54.450159,-165.659668,1470.0,207.24,1470.0,207.24
2017-06-03 10:12:32.998144,54.450184,-165.65962,1470.0,207.24,1470.0,207.24
2017-06-03 10:12:33.497345,54.450192,-165.659605,1470.0,207.24,1470.0,207.24
2017-06-03 10:12:33.996546,54.450216,-165.659557,1470.0,207.24,1470.0,207.24
2017-06-03 10:12:34.495747,54.450224,-165.659541,1470.0,207.24,1470.0,209.31
2017-06-03 10:12:34.994947,54.450249,-165.659491,1470.0,207.24,1470.0,207.24
2017-06-03 10:12:35.494148,54.450257,-165.659475,1470.0,208.37,1470.0,207.24
2017-06-03 10:12:35.993349,54.450279,-165.659426,1470.0,207.43,1470.0,207.24
2017-06-03 10:12:36.492550,54.450287,-165.65941,1470.0,207.43,1470.0,207.24
2017-06-03 10:12:36.991751,54.450311,-165.659361,1470.0,207.43,1470.0,207.43
2017-06-03 10:12:37.490952,54.450318,-165.659345,1470.0,207.43,1470.0,208.75
2017-06-03 10:12:37.990152,54.450342,-165.659296,1470.0,207.24,1470.0,207.24
2017-06-03 10:12:38.489353,54.45035,-165.65928,1470.0,208.56,1470.0,207.24
2017-06-03 10:12:38.988554,54.450375,-165.659235,1470.0,208.75,1470.0,207.05
2017-06-03 10:12:39.487757,54.450383,-165.659219,1470.0,207.05,1470.0,207.05
2017-06-03 10:12:39.986956,54.450409,-165.659171,1470.0,207.24,1470.0,209.12
2017-06-03 10:12:40.486158,54.450417,-165.659155,1470.0,207.05,1470.0,207.05
2017-06-03 10:12:40.985357,54.450441,-165.65911,1470.0,207.05,1470.0,207.05
2017-06-03 10:12:41.484560,54.450449,-165.659094,1470.0,207.05,1470.0,207.05
2017-06-03 10:12:41.999359,54.450474,-165.659044,1470.0,207.99,1470.0,207.05
2017-06-03 10:12:42.498562,54.450482,-165.659028,1470.0,207.24,1470.0,207.8
2017-06-03 10:12:42.997761,54.450504,-165.658979,1470.0,207.43,1470.0,207.24
2017-06-03 10:12:43.496964,54.450512,-165.658963,1470.0,207.43,1470.0,209.69
2017-06-03 10:12:43.996162,54.450536,-165.658914,1470.0,207.43,1470.0,207.43
2017-06-03 10:12:44.495365,54.450543,-165.658898,1470.0,207.43,1470.0,207.43
2017-06-03 10:12:44.994566,54.450566,-165.658846,1470.0,207.43,1470.0,208.37
2017-06-03 10:12:45.493765,54.450573,-165.65883,1470.0,207.43,1470.0,207.24
2017-06-03 10:12:45.992968,54.450597,-165.658781,1470.0,207.24,1470.0,207.24
2017-06-03 10:12:46.492167,54.450605,-165.658765,1470.0,207.24,1470.0,208.75
2017-06-03 10:12:46.991369,54.45063,-165.658717,1470.0,207.24,1470.0,207.24
2017-06-03 10:12:47.490568,54.450639,-165.658701,1470.0,207.24,1470.0,207.24
2017-06-03 10:12:47.989771,54.450664,-165.658654,1470.0,208.56,1470.0,207.24
2017-06-03 10:12:48.488970,54.450672,-165.658638,1470.0,207.43,1470.0,207.24
2017-06-03 10:12:48.988173,54.450695,-165.65859,1470.0,207.24,1470.0,207.62
2017-06-03 10:12:49.487371,54.450703,-165.658574,1470.0,208.75,1470.0,207.24
2017-06-03 10:12:49.986574,54.450727,-165.658526,1470.0,209.5,1470.0,207.24
2017-06-03 10:12:50.485775,54.450735,-165.65851,1470.0,207.43,1470.0,207.24
2017-06-03 10:12:50.984976,54.450758,-165.658462,1470.0,207.43,1470.0,207.43
2017-06-03 10:12:51.484177,54.450766,-165.658446,1470.0,207.43,1470.0,207.43
2017-06-03 10:12:51.998978,54.45079,-165.658396,1470.0,207.24,1470.0,207.24
2017-06-03 10:12:52.498178,54.450798,-165.65838,1470.0,208.56,1470.0,207.05
2017-06-03 10:12:52.997379,54.450822,-165.658332,1470.0,207.05,1470.0,208.56
2017-06-03 10:12:53.496580,54.45083,-165.658316,1470.0,207.05,1470.0,207.43
2017-06-03 10:12:53.995781,54.450853,-165.658266,1470.0,207.24,1470.0,207.24
2017-06-03 10:12:54.494982,54.45086,-165.65825,1470.0,207.43,1470.0,207.43
2017-06-03 10:12:54.994183,54.450883,-165.658201,1470.0,207.62,1470.0,207.62
2017-06-03 10:12:55.493383,54.45089,-165.658184,1470.0,207.8,1470.0,207.8
2017-06-03 10:12:55.992584,54.450913,-165.658133,1470.0,207.8,1470.0,207.8
2017-06-03 10:12:56.491785,54.45092,-165.658116,1470.0,208.93,1470.0,207.8
2017-06-03 10:12:56.990986,54.450944,-165.658066,1470.0,208.93,1470.0,208.56
2017-06-03 10:12:57.490187,54.450952,-165.65805,1470.0,207.43,1470.0,207.24
2017-06-03 10:12:57.989388,54.450977,-165.658001,1470.0,208.56,1470.0,207.24
2017-06-03 10:12:58.488588,54.450985,-165.657985,1470.0,209.12,1470.0,207.24
2017-06-03 10:12:58.987789,54.451011,-165.657938,1470.0,207.62,1470.0,207.43
2017-06-03 10:12:59.486992,54.451019,-165.657923,1470.0,207.8,1470.0,208.75
2017-06-03 10:12:59.986191,54.451042,-165.657872,1470.0,207.99,1470.0,207.99
2017-06-03 10:13:00.485394,54.45105,-165.657856,1470.0,208.37,1470.0,208.18
2017-06-03 10:13:00.984592,54.451072,-165.657806,1470.0,208.37,1470.0,208.37
2017-06-03 10:13:01.483795,54.451079,-165.657789,1470.0,208.56,1470.0,208.56
2017-06-03 10:13:01.998594,54.451101,-165.657737,1470.0,208.56,1470.0,208.37
2017-06-03 10:13:02.497797,54.451108,-165.657721,1470.0,208.18,1470.0,208.18
2017-06-03 10:13:02.996996,54.451132,-165.657674,1470.0,208.18,1470.0,207.99
2017-06-03 10:13:03.496199,54.45114,-165.657658,1470.0,208.93,1470.0,207.99
2017-06-03 10:13:03.995398,54.451164,-165.65761,1470.0,208.18,1470.0,210.63
2017-06-03 10:13:04.494600,54.451172,-165.657595,1470.0,209.69,1470.0,208.18
2017-06-03 10:13:04.993801,54.451196,-165.657547,1470.0,208.56,1470.0,208.37
2017-06-03 10:13:05.493002,54.451203,-165.657531,1470.0,208.56,1470.0,208.56
2017-06-03 10:13:05.992203,54.451227,-165.657484,1470.0,210.82,1470.0,208.75
2017-06-03 10:13:06.491402,54.451235,-165.657468,1470.0,208.75,1470.0,208.75
2017-06-03 10:13:06.990604,54.451258,-165.65742,1470.0,208.93,1470.0,208.75
2017-06-03 10:13:07.489803,54.451266,-165.657404,1470.0,208.93,1470.0,208.93
2017-06-03 10:13:07.989006,54.451292,-165.657356,1470.0,209.31,1470.0,208.93
2017-06-03 10:13:08.488205,54.4513,-165.65734,1470.0,209.31,1470.0,210.06
2017-06-03 10:13:08.987408,54.451323,-165.657292,1470.0,209.5,1470.0,209.31
2017-06-03 10:13:09.486607,54.451331,-165.657276,1470.0,209.69,1470.0,209.5
2017-06-03 10:13:09.985809,54.451356,-165.657224,1470.0,209.69,1470.0,209.5
2017-06-03 10:13:10.485010,54.451364,-165.657208,1470.0,209.69,1470.0,209.69
2017-06-03 10:13:10.984211,54.451388,-165.657162,1470.0,209.69,1470.0,209.5
2017-06-03 10:13:11.499012,54.451397,-165.657145,1470.0,209.69,1470.0,209.5
2017-06-03 10:13:11.998213,54.451422,-165.657098,1470.0,210.63,1470.0,209.5
2017-06-03 10:13:12.497414,54.451431,-165.657083,1470.0,209.69,1470.0,209.5
2017-06-03 10:13:12.996614,54.451457,-165.657038,1470.0,209.69,1470.0,210.06
2017-06-03 10:13:13.495815,54.451465,-165.657023,1470.0,209.87,1470.0,209.69
2017-06-03 10:13:13.995016,54.45149,-165.656977,1470.0,209.87,1470.0,209.87
2017-06-03 10:13:14.494217,54.451498,-165.656962,1470.0,210.06,1470.0,210.06
2017-06-03 10:13:14.993418,54.451522,-165.656915,1470.0,210.25,1470.0,211.19
2017-06-03 10:13:15.492619,54.45153,-165.6569,1470.0,210.44,1470.0,210.25
2017-06-03 10:13:15.991819,54.451554,-165.656851,1470.0,210.44,1470.0,211.19
2017-06-03 10:13:16.491020,54.451562,-165.656835,1470.0,210.44,1470.0,210.44
2017-06-03 10:13:16.990221,54.451585,-165.656788,1470.0,210.44,1470.0,210.25
2017-06-03 10:13:17.489422,54.451593,-165.656773,1470.0,210.44,1470.0,210.44
2017-06-03 10:13:17.988623,54.451619,-165.656725,1470.0,210.44,1470.0,210.25
2017-06-03 10:13:18.487823,54.451627,-165.65671,1470.0,212.13,1470.0,210.25
2017-06-03 10:13:18.987024,54.451653,-165.656665,1470.0,210.25,1470.0,210.25
2017-06-03 10:13:19.486225,54.451661,-165.65665,1470.0,210.44,1470.0,210.25
2017-06-03 10:13:19.985426,54.451687,-165.656602,1470.0,212.13,1470.0,210.63
2017-06-03 10:13:20.484629,54.451695,-165.656587,1470.0,210.44,1470.0,210.44
2017-06-03 10:13:20.983828,54.45172,-165.65654,1470.0,210.44,1470.0,210.44
2017-06-03 10:13:21.498631,54.451729,-165.656523,1470.0,210.44,1470.0,210.44
2017-06-03 10:13:21.997829,54.451754,-165.656475,1470.0,210.44,1470.0,210.44
2017-06-03 10:13:22.497032,54.451762,-165.65646,1470.0,210.44,1470.0,210.44
2017-06-03 10:13:22.996231,54.451786,-165.656412,1470.0,210.63,1470.0,210.63
2017-06-03 10:13:23.495434,54.451793,-165.656396,1470.0,210.82,1470.0,210.82
2017-06-03 10:13:23.994633,54.451817,-165.656347,1470.0,211.0,1470.0,210.82
2017-06-03 10:13:24.493835,54.451825,-165.656331,1470.0,211.19,1470.0,211.0
2017-06-03 10:13:24.993036,54.451848,-165.656282,1470.0,211.19,1470.0,211.19
2017-06-03 10:13:25.492237,54.451855,-165.656266,1470.0,211.0,1470.0,211.0
2017-06-03 10:13:25.991438,54.451879,-165.656219,1470.0,211.0,1470.0,210.63
2017-06-03 10:13:26.490639,54.451887,-165.656203,1470.0,210.44,1470.0,210.63
2017-06-03 10:13:26.989840,54.451913,-165.656155,1470.0,210.25,1470.0,210.25
2017-06-03 10:13:27.489038,54.451921,-165.65614,1470.0,211.76,1470.0,210.25
2017-06-03 10:13:27.988241,54.451947,-165.656093,1470.0,210.25,1470.0,211.76
2017-06-03 10:13:28.487440,54.451955,-165.656078,1470.0,211.0,1470.0,211.57
2017-06-03 10:13:28.986643,54.45198,-165.656033,1470.0,210.44,1470.0,210.44
2017-06-03 10:13:29.485842,54.451988,-165.656018,1470.0,210.44,1470.0,210.44
2017-06-03 10:13:29.985044,54.452012,-165.655969,1470.0,210.44,1470.0,211.19
2017-06-03 10:13:30.484245,54.452019,-165.655953,1470.0,210.44,1470.0,210.44
2017-06-03 10:13:30.999046,54.452043,-165.655901,1470.0,210.44,1470.0,210.44
2017-06-03 10:13:31.498247,54.45205,-165.655884,1470.0,210.63,1470.0,211.57
2017-06-03 10:13:31.997448,54.452071,-165.655834,1470.0,210.63,1470.0,210.63
2017-06-03 10:13:32.496649,54.452078,-165.655818,1470.0,210.63,1470.0,210.44
2017-06-03 10:13:32.995850,54.452101,-165.655767,1470.0,210.44,1470.0,210.25
2017-06-03 10:13:33.495050,54.452109,-165.655751,1470.0,210.06,1470.0,210.06
2017-06-03 10:13:33.994251,54.452134,-165.655704,1470.0,209.87,1470.0,210.82
2017-06-03 10:13:34.493452,54.452142,-165.655688,1470.0,209.87,1470.0,209.87
2017-06-03 10:13:34.992653,54.452166,-165.65564,1470.0,211.57,1470.0,209.69
2017-06-03 10:13:35.491854,54.452173,-165.655625,1470.0,209.87,1470.0,209.87
2017-06-03 10:13:35.991055,54.452197,-165.655577,1470.0,209.87,1470.0,209.87
2017-06-03 10:13:36.490255,54.452205,-165.655561,1470.0,209.87,1470.0,209.87
2017-06-03 10:13:36.989456,54.452228,-165.655514,1470.0,209.87,1470.0,209.87
2017-06-03 10:13:37.488657,54.452236,-165.655497,1470.0,209.87,1470.0,209.87
2017-06-03 10:13:37.987858,54.452259,-165.655446,1470.0,209.87,1470.0,209.69
2017-06-03 10:13:38.487059,54.452267,-165.65543,1470.0,209.69,1470.0,209.69
2017-06-03 10:13:38.986259,54.452289,-165.65538,1470.0,209.69,1470.0,209.5
2017-06-03 10:13:39.485460,54.452296,-165.655364,1470.0,209.5,1470.0,209.5
2017-06-03 10:13:39.984661,54.452319,-165.655314,1470.0,209.69,1470.0,209.5
2017-06-03 10:13:40.483862,54.452326,-165.655298,1470.0,209.5,1470.0,209.5
2017-06-03 10:13:40.998663,54.452349,-165.655247,1470.0,209.31,1470.0,209.31
2017-06-03 10:13:41.497866,54.452357,-165.655231,1470.0,209.31,1470.0,209.31
2017-06-03 10:13:41.997065,54.452381,-165.655182,1470.0,209.31,1470.0,157.0
2017-06-03 10:13:42.496267,54.452389,-165.655166,1470.0,209.12,1470.0,208.93
2017-06-03 10:13:42.995466,54.452414,-165.655119,1470.0,208.93,1470.0,208.93
2017-06-03 10:13:43.494669,54.452422,-165.655103,1470.0,208.93,1470.0,209.69
2017-06-03 10:13:43.993868,54.452447,-165.655054,1470.0,208.75,1470.0,208.75
2017-06-03 10:13:44.493071,54.452455,-165.655038,1470.0,208.75,1470.0,208.75
2017-06-03 10:13:44.992270,54.452479,-165.65499,1470.0,208.75,1470.0,208.75
2017-06-03 10:13:45.491472,54.452487,-165.654975,1470.0,208.75,1470.0,208.75
2017-06-03 10:13:45.990673,54.452511,-165.654927,1470.0,208.56,1470.0,208.56
2017-06-03 10:13:46.489874,54.452518,-165.654911,1470.0,209.87,1470.0,208.56
2017-06-03 10:13:46.989075,54.452542,-165.654864,1470.0,208.37,1470.0,208.37
2017-06-03 10:13:47.488276,54.45255,-165.654848,1470.0,208.18,1470.0,209.87
2017-06-03 10:13:47.987476,54.452574,-165.654799,1470.0,207.99,1470.0,207.99
2017-06-03 10:13:48.486675,54.452582,-165.654783,1470.0,207.8,1470.0,207.8
2017-06-03 10:13:48.985878,54.452605,-165.654738,1470.0,207.8,1470.0,208.93
2017-06-03 10:13:49.485077,54.452613,-165.654723,1470.0,207.8,1470.0,207.8
2017-06-03 10:13:49.984280,54.452637,-165.654675,1470.0,207.8,1470.0,207.99
2017-06-03 10:13:50.499081,54.452645,-165.654658,1470.0,207.8,1470.0,207.62
2017-06-03 10:13:50.998281,54.452669,-165.654609,1470.0,207.62,1470.0,207.62
2017-06-03 10:13:51.497482,54.452677,-165.654593,1470.0,207.62,1470.0,207.62
2017-06-03 10:13:51.996683,54.452702,-165.654542,1470.0,207.62,1470.0,207.43
2017-06-03 10:13:52.495884,54.45271,-165.654526,1470.0,207.62,1470.0,207.43
2017-06-03 10:13:52.995085,54.452734,-165.654476,1470.0,207.43,1470.0,207.43
2017-06-03 10:13:53.494286,54.452742,-165.65446,1470.0,207.62,1470.0,207.43
2017-06-03 10:13:53.993486,54.452767,-165.654412,1470.0,207.43,1470.0,207.43
2017-06-03 10:13:54.492687,54.452776,-165.654396,1470.0,207.43,1470.0,207.24
2017-06-03 10:13:54.991888,54.452802,-165.654349,1470.0,207.24,1470.0,208.37
2017-06-03 10:13:55.491089,54.45281,-165.654333,1470.0,207.05,1470.0,207.05
2017-06-03 10:13:55.990290,54.452835,-165.654285,1470.0,206.86,1470.0,206.86
2017-06-03 10:13:56.489491,54.452844,-165.65427,1470.0,206.68,1470.0,208.37
2017-06-03 10:13:56.988691,54.452868,-165.654223,1470.0,206.49,1470.0,206.49
2017-06-03 10:13:57.487892,54.452876,-165.654208,1470.0,206.3,1470.0,206.11
2017-06-03 10:13:57.987093,54.452903,-165.65416,1470.0,207.05,1470.0,206.11
2017-06-03 10:13:58.486294,54.452912,-165.654145,1470.0,207.05,1470.0,205.92
2017-06-03 10:13:58.985495,54.452935,-165.6541,1470.0,206.11,1470.0,206.11
2017-06-03 10:13:59.484695,54.452943,-165.654084,1470.0,206.11,1470.0,206.11
2017-06-03 10:13:59.983896,54.452967,-165.654036,1470.0,206.11,1470.0,206.11
2017-06-03 10:14:00.498697,54.452976,-165.654018,1470.0,206.3,1470.0,206.3
2017-06-03 10:14:00.997898,54.452999,-165.65397,1470.0,206.3,1470.0,133.86
2017-06-03 10:14:01.497101,54.453007,-165.653955,1470.0,206.11,1470.0,206.11
2017-06-03 10:14:01.996300,54.453032,-165.653907,1470.0,205.92,1470.0,205.92
2017-06-03 10:14:02.495502,54.45304,-165.653891,1470.0,205.92,1470.0,206.11
2017-06-03 10:14:02.994701,54.453065,-165.653842,1470.0,205.74,1470.0,205.74
2017-06-03 10:14:03.493904,54.453074,-165.653826,1470.0,205.74,1470.0,205.74
2017-06-03 10:14:03.993103,54.4531,-165.653779,1470.0,205.74,1470.0,205.55
2017-06-03 10:14:04.492306,54.453109,-165.653763,1470.0,205.55,1470.0,205.55
2017-06-03 10:14:04.991505,54.453134,-165.653718,1470.0,205.55,1470.0,205.36
2017-06-03 10:14:05.490707,54.453143,-165.653703,1470.0,205.36,1470.0,206.3
2017-06-03 10:14:05.989906,54.45317,-165.653655,1470.0,206.86,1470.0,205.17
2017-06-03 10:14:06.489109,54.453179,-165.65364,1470.0,205.17,1470.0,205.17
2017-06-03 10:14:06.988310,54.453203,-165.653593,1470.0,204.98,1470.0,204.98
2017-06-03 10:14:07.487511,54.453211,-165.653578,1470.0,206.11,1470.0,206.11
2017-06-03 10:14:07.986712,54.453236,-165.653527,1470.0,204.61,1470.0,204.61
2017-06-03 10:14:08.485912,54.453243,-165.653512,1470.0,206.86,1470.0,204.61
2017-06-03 10:14:08.985113,54.453267,-165.653465,1470.0,204.61,1470.0,204.61
2017-06-03 10:14:09.484312,54.453274,-165.653449,1470.0,204.61,1470.0,204.61
2017-06-03 10:14:09.999115,54.453298,-165.653399,1470.0,204.79,1470.0,204.79
2017-06-03 10:14:10.498314,54.453305,-165.653383,1470.0,204.61,1470.0,204.61
2017-06-03 10:14:10.997517,54.453329,-165.653334,1470.0,204.42,1470.0,204.42
2017-06-03 10:14:11.496717,54.453337,-165.653318,1470.0,204.42,1470.0,204.23
2017-06-03 10:14:11.995918,54.453361,-165.653269,1470.0,204.04,1470.0,205.74
2017-06-03 10:14:12.495119,54.453369,-165.653253,1470.0,205.17,1470.0,203.67
2017-06-03 10:14:12.994320,54.453394,-165.653205,1470.0,203.67,1470.0,205.92
2017-06-03 10:14:13.493521,54.453402,-165.65319,1470.0,203.48,1470.0,203.48
2017-06-03 10:14:13.992722,54.453429,-165.653142,1470.0,203.48,1470.0,203.48
2017-06-03 10:14:14.491922,54.453437,-165.653127,1470.0,204.79,1470.0,203.48
2017-06-03 10:14:14.991123,54.453461,-165.65308,1470.0,203.29,1470.0,203.29
2017-06-03 10:14:15.490324,54.45347,-165.653064,1470.0,203.1,1470.0,203.1
2017-06-03 10:14:15.989525,54.453495,-165.653014,1470.0,204.79,1470.0,203.1
2017-06-03 10:14:16.488726,54.453503,-165.652998,1470.0,202.91,1470.0,204.23
2017-06-03 10:14:16.987926,54.453527,-165.65295,1470.0,202.72,1470.0,203.85
2017-06-03 10:14:17.487127,54.453534,-165.652934,1470.0,202.54,1470.0,202.54
2017-06-03 10:14:17.986328,54.453558,-165.652885,1470.0,202.54,1470.0,202.54
2017-06-03 10:14:18.485529,54.453566,-165.652869,1470.0,202.35,1470.0,202.35
2017-06-03 10:14:18.984730,54.45359,-165.652819,1470.0,202.16,1470.0,202.16
2017-06-03 10:14:19.483931,54.453598,-165.652802,1470.0,202.16,1470.0,202.16
2017-06-03 10:14:19.998732,54.453621,-165.652749,1470.0,201.97,1470.0,201.97
2017-06-03 10:14:20.497932,54.453629,-165.652733,1470.0,201.97,1470.0,201.78
2017-06-03 10:14:20.997133,54.453652,-165.652687,1470.0,201.78,1470.0,201.78
2017-06-03 10:14:21.496336,54.45366,-165.652671,1470.0,202.72,1470.0,201.6
2017-06-03 10:14:21.995535,54.453684,-165.652624,1470.0,201.6,1470.0,201.6
2017-06-03 10:14:22.494738,54.453692,-165.652608,1470.0,201.41,1470.0,201.41
2017-06-03 10:14:22.993937,54.453717,-165.65256,1470.0,201.22,1470.0,201.22
2017-06-03 10:14:23.493139,54.453725,-165.652545,1470.0,201.22,1470.0,201.22
2017-06-03 10:14:23.992338,54.45375,-165.652496,1470.0,203.29,1470.0,201.22
2017-06-03 10:14:24.491541,54.453758,-165.65248,1470.0,203.48,1470.0,201.22
2017-06-03 10:14:24.990740,54.45378,-165.652432,1470.0,201.41,1470.0,201.41
2017-06-03 10:14:25.489943,54.453788,-165.652416,1470.0,201.41,1470.0,201.41
2017-06-03 10:14:25.989141,54.453811,-165.652364,1470.0,201.41,1470.0,201.22
2017-06-03 10:14:26.488344,54.453818,-165.652348,1470.0,201.22,1470.0,201.22
2017-06-03 10:14:26.987545,54.453842,-165.652299,1470.0,201.03,1470.0,201.03
2017-06-03 10:14:27.486746,54.45385,-165.652283,1470.0,201.03,1470.0,200.65
2017-06-03 10:14:27.985947,54.453875,-165.652232,1470.0,200.65,1470.0,200.47
2017-06-03 10:14:28.485147,54.453884,-165.652217,1470.0,201.6,1470.0,200.28
2017-06-03 10:14:28.984348,54.453908,-165.652171,1470.0,200.28,1470.0,200.28
2017-06-03 10:14:29.499147,54.453917,-165.652155,1470.0,200.09,1470.0,200.09
2017-06-03 10:14:29.998350,54.453942,-165.652107,1470.0,200.09,1470.0,199.9
2017-06-03 10:14:30.497549,54.45395,-165.652091,1470.0,199.9,1470.0,201.41
2017-06-03 10:14:30.996752,54.453975,-165.652044,1470.0,199.9,1470.0,201.41
2017-06-03 10:14:31.495951,54.453983,-165.652028,1470.0,199.71,1470.0,199.71
2017-06-03 10:14:31.995153,54.454007,-165.65198,1470.0,199.71,1470.0,199.71
2017-06-03 10:14:32.494354,54.454015,-165.651965,1470.0,199.71,1470.0,200.65
2017-06-03 10:14:32.993555,54.454039,-165.651916,1470.0,199.53,1470.0,199.53
2017-06-03 10:14:33.492756,54.454047,-165.6519,1470.0,199.34,1470.0,199.53
2017-06-03 10:14:33.991957,54.454071,-165.651851,1470.0,199.15,1470.0,199.15
2017-06-03 10:14:34.491158,54.454079,-165.651835,1470.0,198.96,1470.0,198.96
2017-06-03 10:14:34.990358,54.454103,-165.651788,1470.0,198.77,1470.0,198.77
2017-06-03 10:14:35.489559,54.454111,-165.651773,1470.0,198.59,1470.0,198.59
2017-06-03 10:14:35.988760,54.454137,-165.651724,1470.0,198.4,1470.0,198.4
2017-06-03 10:14:36.487961,54.454145,-165.651708,1470.0,198.4,1470.0,199.71
2017-06-03 10:14:36.987162,54.45417,-165.651663,1470.0,199.71,1470.0,200.47
2017-06-03 10:14:37.486362,54.454178,-165.651648,1470.0,198.21,1470.0,198.4
2017-06-03 10:14:37.985563,54.454202,-165.6516,1470.0,198.21,1470.0,198.21
2017-06-03 10:14:38.484764,54.454209,-165.651584,1470.0,198.02,1470.0,198.02
2017-06-03 10:14:38.983965,54.454233,-165.651535,1470.0,199.71,1470.0,197.83
2017-06-03 10:14:39.498766,54.454242,-165.651518,1470.0,197.46,1470.0,197.46
2017-06-03 10:14:39.997967,54.454266,-165.651467,1470.0,198.02,1470.0,198.77
2017-06-03 10:14:40.497168,54.454273,-165.651451,1470.0,196.89,1470.0,196.89
2017-06-03 10:14:40.996368,54.454297,-165.651402,1470.0,197.83,1470.0,196.89
2017-06-03 10:14:41.495569,54.454305,-165.651386,1470.0,196.7,1470.0,196.7
2017-06-03 10:14:41.994770,54.454328,-165.651337,1470.0,196.7,1470.0,196.7
2017-06-03 10:14:42.493973,54.454335,-165.651321,1470.0,196.7,1470.0,198.77
2017-06-03 10:14:42.993172,54.454359,-165.651272,1470.0,196.52,1470.0,198.02
2017-06-03 10:14:43.492374,54.454367,-165.651256,1470.0,196.33,1470.0,196.33
2017-06-03 10:14:43.991573,54.454391,-165.651207,1470.0,197.46,1470.0,198.02
2017-06-03 10:14:44.490776,54.454398,-165.651192,1470.0,195.76,1470.0,195.76
2017-06-03 10:14:44.989975,54.454422,-165.651145,1470.0,195.57,1470.0,195.57
2017-06-03 10:14:45.489178,54.45443,-165.65113,1470.0,195.57,1470.0,195.57
2017-06-03 10:14:45.988377,54.454455,-165.651082,1470.0,195.57,1470.0,195.39
2017-06-03 10:14:46.487579,54.454463,-165.651067,1470.0,196.89,1470.0,195.39
2017-06-03 10:14:46.986780,54.454487,-165.65102,1470.0,195.39,1470.0,184.1
2017-06-03 10:14:47.485981,54.454494,-165.651004,1470.0,195.39,1470.0,195.2
2017-06-03 10:14:47.985182,54.454518,-165.650955,1470.0,195.2,1470.0,195.2
2017-06-03 10:14:48.484383,54.454526,-165.650939,1470.0,195.01,1470.0,197.46
2017-06-03 10:14:48.999184,54.454551,-165.650889,1470.0,195.01,1470.0,194.82
2017-06-03 10:14:49.498383,54.454558,-165.650873,1470.0,196.14,1470.0,194.82
2017-06-03 10:14:49.997585,54.454582,-165.650824,1470.0,194.63,1470.0,194.63
2017-06-03 10:14:50.496784,54.45459,-165.650808,1470.0,194.63,1470.0,194.63
2017-06-03 10:14:50.995987,54.454614,-165.65076,1470.0,194.63,1470.0,194.45
2017-06-03 10:14:51.495186,54.454622,-165.650745,1470.0,194.45,1470.0,196.33
2017-06-03 10:14:51.994389,54.454646,-165.650696,1470.0,194.26,1470.0,194.45
2017-06-03 10:14:52.493589,54.454654,-165.65068,1470.0,195.39,1470.0,193.88
2017-06-03 10:14:52.992790,54.454679,-165.650632,1470.0,193.69,1470.0,195.76
2017-06-03 10:14:53.491991,54.454687,-165.650616,1470.0,193.32,1470.0,193.32
2017-06-03 10:14:53.991192,54.454712,-165.650569,1470.0,193.13,1470.0,193.13
2017-06-03 10:14:54.490393,54.45472,-165.650553,1470.0,192.94,1470.0,192.94
2017-06-03 10:14:54.989594,54.454745,-165.650508,1470.0,192.94,1470.0,195.39
2017-06-03 10:14:55.488794,54.454753,-165.650493,1470.0,192.94,1470.0,192.75
2017-06-03 10:14:55.987995,54.454777,-165.650444,1470.0,195.01,1470.0,194.63
2017-06-03 10:14:56.487196,54.454785,-165.650428,1470.0,192.56,1470.0,192.56
2017-06-03 10:14:56.986397,54.454807,-165.65038,1470.0,192.56,1470.0,192.56
2017-06-03 10:14:57.485598,54.454814,-165.650364,1470.0,192.38,1470.0,192.38
2017-06-03 10:14:57.984800,54.454838,-165.650315,1470.0,192.19,1470.0,194.63
2017-06-03 10:14:58.483999,54.454846,-165.6503,1470.0,192.0,1470.0,194.26
2017-06-03 10:14:58.998800,54.454869,-165.65025,1470.0,191.81,1470.0,191.62
2017-06-03 10:14:59.498001,54.454877,-165.650235,1470.0,191.44,1470.0,194.07
2017-06-03 10:14:59.997202,54.454902,-165.650188,1470.0,191.06,1470.0,191.06
2017-06-03 10:15:00.496403,54.45491,-165.650173,1470.0,191.06,1470.0,190.87
2017-06-03 10:15:00.995604,54.454935,-165.650125,1470.0,190.68,1470.0,190.68
2017-06-03 10:15:01.494804,54.454944,-165.65011,1470.0,190.49,1470.0,190.49
2017-06-03 10:15:01.994005,54.454969,-165.650065,1470.0,190.31,1470.0,190.31
2017-06-03 10:15:02.493206,54.454977,-165.65005,1470.0,190.12,1470.0,189.93
2017-06-03 10:15:02.992407,54.455004,-165.650001,1470.0,189.74,1470.0,189.74
2017-06-03 10:15:03.491610,54.455012,-165.649985,1470.0,189.55,1470.0,191.06
2017-06-03 10:15:03.990808,54.455036,-165.649937,1470.0,189.37,1470.0,189.37
2017-06-03 10:15:04.490011,54.455043,-165.649921,1470.0,189.37,1470.0,189.37
2017-06-03 10:15:04.989210,54.455065,-165.649874,1470.0,189.55,1470.0,189.55
2017-06-03 10:15:05.488413,54.455072,-165.649857,1470.0,189.55,1470.0,189.37
2017-06-03 10:15:05.987612,54.455094,-165.649806,1470.0,189.37,1470.0,189.18
2017-06-03 10:15:06.486814,54.455102,-165.64979,1470.0,188.99,1470.0,188.99
2017-06-03 10:15:06.986013,54.455125,-165.64974,1470.0,188.42,1470.0,188.42
2017-06-03 10:15:07.485216,54.455133,-165.649725,1470.0,188.05,1470.0,188.05
2017-06-03 10:15:07.984417,54.455158,-165.649677,1470.0,187.48,1470.0,187.67
2017-06-03 10:15:08.499216,54.455167,-165.64966,1470.0,187.3,1470.0,187.3
2017-06-03 10:15:08.998419,54.455194,-165.649615,1470.0,187.3,1470.0,171.49
2017-06-03 10:15:09.497618,54.455202,-165.6496,1470.0,187.3,1470.0,187.3
2017-06-03 10:15:09.996820,54.455226,-165.649555,1470.0,187.3,1470.0,187.11
2017-06-03 10:15:10.496019,54.455234,-165.64954,1470.0,187.11,1470.0,187.11
2017-06-03 10:15:10.995222,54.455259,-165.649492,1470.0,186.92,1470.0,186.73
2017-06-03 10:15:11.494421,54.455267,-165.649476,1470.0,186.54,1470.0,186.54
2017-06-03 10:15:11.993624,54.455291,-165.649427,1470.0,186.35,1470.0,186.35
2017-06-03 10:15:12.492825,54.455298,-165.649411,1470.0,186.17,1470.0,186.17
2017-06-03 10:15:12.992025,54.45532,-165.649364,1470.0,186.17,1470.0,186.17
2017-06-03 10:15:13.491226,54.455328,-165.649348,1470.0,186.17,1470.0,186.17
2017-06-03 10:15:13.990427,54.455351,-165.649297,1470.0,186.17,1470.0,186.17
2017-06-03 10:15:14.489628,54.455358,-165.649281,1470.0,185.98,1470.0,185.98
2017-06-03 10:15:14.988829,54.455382,-165.649232,1470.0,185.6,1470.0,185.6
2017-06-03 10:15:15.488029,54.45539,-165.649216,1470.0,185.23,1470.0,185.23
2017-06-03 10:15:15.987230,54.455415,-165.649167,1470.0,184.85,1470.0,184.85
2017-06-03 10:15:16.486431,54.455424,-165.649152,1470.0,184.47,1470.0,184.47
2017-06-03 10:15:16.985632,54.455448,-165.649105,1470.0,184.28,1470.0,184.28
2017-06-03 10:15:17.484833,54.455456,-165.64909,1470.0,184.28,1470.0,184.28
2017-06-03 10:15:17.984035,54.455481,-165.649043,1470.0,184.47,1470.0,184.47
2017-06-03 10:15:18.498835,54.45549,-165.649026,1470.0,184.47,1470.0,185.41
2017-06-03 10:15:18.998035,54.455513,-165.648979,1470.0,184.28,1470.0,184.28
2017-06-03 10:15:19.497236,54.45552,-165.648963,1470.0,184.1,1470.0,184.1
2017-06-03 10:15:19.996437,54.455544,-165.648914,1470.0,183.72,1470.0,183.91
2017-06-03 10:15:20.495638,54.455552,-165.648898,1470.0,183.34,1470.0,183.34
2017-06-03 10:15:20.994839,54.455574,-165.648849,1470.0,183.34,1470.0,183.16
2017-06-03 10:15:21.494040,54.455582,-165.648833,1470.0,183.16,1470.0,183.16
2017-06-03 10:15:21.993240,54.455606,-165.648785,1470.0,183.16,1470.0,183.16
2017-06-03 10:15:22.492441,54.455613,-165.64877,1470.0,183.34,1470.0,183.16
2017-06-03 10:15:22.991642,54.455635,-165.648723,1470.0,183.16,1470.0,183.53
2017-06-03 10:15:23.490845,54.455643,-165.648707,1470.0,183.16,1470.0,183.16
2017-06-03 10:15:23.990044,54.455667,-165.648656,1470.0,182.78,1470.0,182.78
2017-06-03 10:15:24.489246,54.455675,-165.64864,1470.0,182.59,1470.0,182.59
2017-06-03 10:15:24.988445,54.455698,-165.648593,1470.0,182.4,1470.0,182.4
2017-06-03 10:15:25.487648,54.455706,-165.648578,1470.0,182.4,1470.0,182.22
2017-06-03 10:15:25.986847,54.455731,-165.64853,1470.0,182.22,1470.0,182.22
2017-06-03 10:15:26.486050,54.455738,-165.648515,1470.0,184.47,1470.0,182.03
2017-06-03 10:15:26.985249,54.455762,-165.648468,1470.0,182.03,1470.0,182.97
2017-06-03 10:15:27.484451,54.455769,-165.648453,1470.0,181.84,1470.0,181.84
2017-06-03 10:15:27.999250,54.455794,-165.648402,1470.0,182.78,1470.0,181.65
2017-06-03 10:15:28.498453,54.455802,-165.648386,1470.0,181.46,1470.0,181.46
2017-06-03 10:15:28.997654,54.455826,-165.648339,1470.0,181.46,1470.0,181.46
2017-06-03 10:15:29.496853,54.455833,-165.648323,1470.0,181.65,1470.0,181.46
2017-06-03 10:15:29.996056,54.455857,-165.648275,1470.0,181.65,1470.0,182.59
2017-06-03 10:15:30.495255,54.455865,-165.64826,1470.0,181.65,1470.0,181.46
2017-06-03 10:15:30.994457,54.455889,-165.648211,1470.0,181.46,1470.0,181.46
2017-06-03 10:15:31.493656,54.455897,-165.648195,1470.0,182.97,1470.0,181.09
2017-06-03 10:15:31.992859,54.455921,-165.648147,1470.0,180.9,1470.0,181.09
2017-06-03 10:15:32.492058,54.455929,-165.648132,1470.0,180.71,1470.0,180.71
2017-06-03 10:15:32.991261,54.455953,-165.648086,1470.0,182.22,1470.0,181.84
2017-06-03 10:15:33.490461,54.455961,-165.648071,1470.0,180.52,1470.0,180.52
2017-06-03 10:15:33.989662,54.455986,-165.648024,1470.0,182.03,1470.0,182.22
2017-06-03 10:15:34.488863,54.455993,-165.648009,1470.0,182.4,1470.0,180.52
2017-06-03 10:15:34.988064,54.456017,-165.647964,1470.0,180.33,1470.0,180.33
2017-06-03 10:15:35.487265,54.456024,-165.647949,1470.0,180.15,1470.0,180.15
2017-06-03 10:15:35.986465,54.456048,-165.6479,1470.0,181.65,1470.0,179.96
2017-06-03 10:15:36.485666,54.456056,-165.647885,1470.0,179.96,1470.0,179.96
2017-06-03 10:15:36.984867,54.456079,-165.647837,1470.0,179.96,1470.0,179.96
2017-06-03 10:15:37.484068,54.456086,-165.647821,1470.0,180.15,1470.0,180.15
2017-06-03 10:15:37.998869,54.456108,-165.647771,1470.0,180.15,1470.0,180.15
2017-06-03 10:15:38.498070,54.456115,-165.647755,1470.0,180.15,1470.0,180.15
2017-06-03 10:15:38.997271,54.456138,-165.647706,1470.0,179.96,1470.0,179.96
2017-06-03 10:15:39.496471,54.456145,-165.64769,1470.0,179.58,1470.0,179.58
2017-06-03 10:15:39.995672,54.45617,-165.647641,1470.0,179.39,1470.0,179.39
2017-06-03 10:15:40.494873,54.456179,-165.647625,1470.0,179.39,1470.0,179.2
2017-06-03 10:15:40.994074,54.456204,-165.647578,1470.0,179.2,1470.0,179.58
2017-06-03 10:15:41.493275,54.456212,-165.647563,1470.0,179.2,1470.0,179.2
2017-06-03 10:15:41.992476,54.456236,-165.647515,1470.0,179.2,1470.0,179.2
2017-06-03 10:15:42.491676,54.456243,-165.6475,1470.0,179.2,1470.0,179.2
2017-06-03 10:15:42.990877,54.456267,-165.647453,1470.0,179.2,1470.0,179.2
2017-06-03 10:15:43.490080,54.456274,-165.647437,1470.0,179.02,1470.0,179.02
2017-06-03 10:15:43.989279,54.456297,-165.647386,1470.0,178.83,1470.0,178.83
2017-06-03 10:15:44.488482,54.456305,-165.64737,1470.0,178.64,1470.0,178.64
2017-06-03 10:15:44.987680,54.456327,-165.647322,1470.0,178.45,1470.0,178.45
2017-06-03 10:15:45.486883,54.456334,-165.647306,1470.0,178.26,1470.0,178.26
2017-06-03 10:15:45.986082,54.456357,-165.647259,1470.0,178.26,1470.0,178.26
2017-06-03 10:15:46.485285,54.456364,-165.647243,1470.0,178.26,1470.0,178.45
2017-06-03 10:15:46.984484,54.456385,-165.647195,1470.0,178.26,1470.0,178.26
2017-06-03 10:15:47.499287,54.456393,-165.647178,1470.0,178.26,1470.0,179.58
2017-06-03 10:15:47.998486,54.456416,-165.64713,1470.0,178.26,1470.0,178.26
2017-06-03 10:15:48.497688,54.456423,-165.647115,1470.0,178.08,1470.0,178.08
2017-06-03 10:15:48.996889,54.456447,-165.647067,1470.0,179.39,1470.0,177.89
2017-06-03 10:15:49.496090,54.456455,-165.647051,1470.0,177.89,1470.0,177.89
2017-06-03 10:15:49.995291,54.456478,-165.647002,1470.0,177.89,1470.0,177.89
2017-06-03 10:15:50.494490,54.456485,-165.646986,1470.0,177.89,1470.0,178.08
2017-06-03 10:15:50.993692,54.456508,-165.646936,1470.0,177.89,1470.0,177.89
2017-06-03 10:15:51.492891,54.456515,-165.646919,1470.0,177.89,1470.0,178.08
2017-06-03 10:15:51.992094,54.456536,-165.646869,1470.0,177.89,1470.0,177.89
2017-06-03 10:15:52.491293,54.456543,-165.646853,1470.0,177.89,1470.0,177.89
2017-06-03 10:15:52.990496,54.456564,-165.646802,1470.0,177.89,1470.0,177.89
2017-06-03 10:15:53.489695,54.456571,-165.646786,1470.0,177.89,1470.0,177.7
2017-06-03 10:15:53.988897,54.456594,-165.646734,1470.0,178.83,1470.0,177.51
2017-06-03 10:15:54.488098,54.456602,-165.646718,1470.0,179.02,1470.0,177.32
2017-06-03 10:15:54.987299,54.456625,-165.646669,1470.0,177.32,1470.0,177.32
2017-06-03 10:15:55.486500,54.456633,-165.646653,1470.0,178.26,1470.0,177.32
2017-06-03 10:15:55.985701,54.456655,-165.646602,1470.0,178.83,1470.0,178.45
2017-06-03 10:15:56.484901,54.456663,-165.646586,1470.0,177.51,1470.0,177.51
2017-06-03 10:15:56.984102,54.456685,-165.646539,1470.0,177.7,1470.0,177.51
2017-06-03 10:15:57.498903,54.456693,-165.646521,1470.0,177.51,1470.0,177.51
2017-06-03 10:15:57.998104,54.456716,-165.646472,1470.0,177.51,1470.0,177.32
2017-06-03 10:15:58.497305,54.456723,-165.646456,1470.0,177.32,1470.0,177.32
2017-06-03 10:15:58.996506,54.456746,-165.646409,1470.0,177.51,1470.0,177.13
2017-06-03 10:15:59.495707,54.456753,-165.646393,1470.0,178.45,1470.0,177.13
2017-06-03 10:15:59.994907,54.456776,-165.646345,1470.0,176.95,1470.0,176.95
2017-06-03 10:16:00.494108,54.456783,-165.64633,1470.0,177.13,1470.0,176.95
2017-06-03 10:16:00.993309,54.456806,-165.646282,1470.0,176.95,1470.0,178.26
2017-06-03 10:16:01.492510,54.456813,-165.646266,1470.0,176.95,1470.0,176.95
2017-06-03 10:16:01.991711,54.456836,-165.646219,1470.0,177.51,1470.0,176.95
2017-06-03 10:16:02.490911,54.456843,-165.646203,1470.0,177.13,1470.0,177.89
2017-06-03 10:16:02.990112,54.456865,-165.646155,1470.0,176.95,1470.0,176.95
2017-06-03 10:16:03.489315,54.456872,-165.646139,1470.0,176.95,1470.0,176.95
2017-06-03 10:16:03.988514,54.456894,-165.646088,1470.0,176.95,1470.0,177.32
2017-06-03 10:16:04.487717,54.456902,-165.646071,1470.0,176.95,1470.0,176.95
2017-06-03 10:16:04.986916,54.456925,-165.646024,1470.0,177.13,1470.0,179.02
2017-06-03 10:16:05.486118,54.456933,-165.646008,1470.0,177.13,1470.0,177.51
2017-06-03 10:16:05.985317,54.456955,-165.645957,1470.0,177.32,1470.0,177.32
2017-06-03 10:16:06.484520,54.456963,-165.645941,1470.0,177.32,1470.0,177.7
2017-06-03 10:16:06.999319,54.456987,-165.645889,1470.0,177.32,1470.0,177.13
2017-06-03 10:16:07.498522,54.456995,-165.645873,1470.0,177.32,1470.0,177.7
2017-06-03 10:16:07.997721,54.457019,-165.645824,1470.0,178.64,1470.0,171.11
2017-06-03 10:16:08.496923,54.457027,-165.645808,1470.0,176.95,1470.0,176.76
2017-06-03 10:16:08.996124,54.457051,-165.645762,1470.0,178.26,1470.0,177.51
2017-06-03 10:16:09.495325,54.457059,-165.645747,1470.0,176.76,1470.0,178.08
2017-06-03 10:16:09.994526,54.457084,-165.6457,1470.0,178.08,1470.0,176.57
2017-06-03 10:16:10.493727,54.457092,-165.645685,1470.0,176.76,1470.0,176.76
2017-06-03 10:16:10.992928,54.457115,-165.645638,1470.0,177.13,1470.0,176.95
2017-06-03 10:16:11.492126,54.457122,-165.645623,1470.0,177.13,1470.0,179.02
2017-06-03 10:16:11.991329,54.457144,-165.645574,1470.0,177.13,1470.0,177.13
2017-06-03 10:16:12.490528,54.457152,-165.645558,1470.0,177.13,1470.0,178.64
2017-06-03 10:16:12.989731,54.457175,-165.645512,1470.0,176.95,1470.0,176.95
2017-06-03 10:16:13.488930,54.457183,-165.645496,1470.0,176.95,1470.0,176.76
2017-06-03 10:16:13.988132,54.457207,-165.645447,1470.0,177.51,1470.0,178.45
2017-06-03 10:16:14.487333,54.457215,-165.645432,1470.0,176.57,1470.0,176.57
2017-06-03 10:16:14.986534,54.45724,-165.645385,1470.0,176.57,1470.0,176.57
2017-06-03 10:16:15.485735,54.457248,-165.64537,1470.0,176.76,1470.0,176.76
2017-06-03 10:16:15.984936,54.457273,-165.645323,1470.0,176.95,1470.0,176.95
2017-06-03 10:16:16.484137,54.457281,-165.645308,1470.0,178.45,1470.0,177.13
2017-06-03 10:16:16.998938,54.457306,-165.645259,1470.0,178.83,1470.0,177.32
2017-06-03 10:16:17.498138,54.457313,-165.645243,1470.0,177.32,1470.0,178.64
2017-06-03 10:16:17.997339,54.457337,-165.645194,1470.0,178.45,1470.0,177.13
2017-06-03 10:16:18.496540,54.457346,-165.645178,1470.0,176.95,1470.0,178.26
2017-06-03 10:16:18.995741,54.457372,-165.645129,1470.0,176.76,1470.0,178.26
2017-06-03 10:16:19.494942,54.45738,-165.645113,1470.0,176.57,1470.0,176.57
2017-06-03 10:16:19.994143,54.457405,-165.645065,1470.0,176.57,1470.0,177.89
2017-06-03 10:16:20.493343,54.457414,-165.64505,1470.0,177.7,1470.0,176.57
2017-06-03 10:16:20.992544,54.457439,-165.645005,1470.0,176.76,1470.0,176.76
2017-06-03 10:16:21.491745,54.457447,-165.64499,1470.0,178.08,1470.0,176.76
2017-06-03 10:16:21.990946,54.457471,-165.644943,1470.0,176.95,1470.0,178.45
2017-06-03 10:16:22.490147,54.457479,-165.644928,1470.0,176.95,1470.0,176.76
2017-06-03 10:16:22.989347,54.457503,-165.644882,1470.0,177.89,1470.0,176.76
2017-06-03 10:16:23.488548,54.457511,-165.644866,1470.0,176.57,1470.0,178.08
2017-06-03 10:16:23.987749,54.457536,-165.64482,1470.0,176.57,1470.0,176.57
2017-06-03 10:16:24.486950,54.457545,-165.644805,1470.0,176.57,1470.0,176.57
2017-06-03 10:16:24.986151,54.45757,-165.644758,1470.0,178.45,1470.0,176.76
2017-06-03 10:16:25.485353,54.457578,-165.644743,1470.0,176.95,1470.0,176.95
2017-06-03 10:16:25.984552,54.457602,-165.644695,1470.0,177.13,1470.0,177.13
2017-06-03 10:16:26.499355,54.45761,-165.644678,1470.0,177.32,1470.0,177.13
2017-06-03 10:16:26.998554,54.457635,-165.64463,1470.0,177.32,1470.0,177.13
2017-06-03 10:16:27.497757,54.457643,-165.644615,1470.0,178.64,1470.0,176.95
2017-06-03 10:16:27.996956,54.457667,-165.644566,1470.0,176.76,1470.0,176.76
2017-06-03 10:16:28.496159,54.457676,-165.64455,1470.0,176.57,1470.0,176.57
2017-06-03 10:16:28.995359,54.457702,-165.644502,1470.0,176.57,1470.0,176.38
2017-06-03 10:16:29.494560,54.45771,-165.644487,1470.0,177.51,1470.0,176.38
2017-06-03 10:16:29.993761,54.457735,-165.64444,1470.0,176.57,1470.0,177.51
2017-06-03 10:16:30.492962,54.457743,-165.644425,1470.0,178.26,1470.0,176.57
2017-06-03 10:16:30.992163,54.457767,-165.644377,1470.0,176.76,1470.0,176.76
2017-06-03 10:16:31.491364,54.457774,-165.644361,1470.0,178.08,1470.0,176.76
2017-06-03 10:16:31.990564,54.457797,-165.644309,1470.0,176.76,1470.0,176.76
2017-06-03 10:16:32.489763,54.457805,-165.644293,1470.0,176.76,1470.0,176.57
2017-06-03 10:16:32.988966,54.457828,-165.644245,1470.0,176.57,1470.0,176.38
2017-06-03 10:16:33.488165,54.457836,-165.644229,1470.0,176.38,1470.0,176.38
2017-06-03 10:16:33.987368,54.45786,-165.64418,1470.0,176.38,1470.0,177.51
2017-06-03 10:16:34.486568,54.457868,-165.644165,1470.0,176.38,1470.0,178.64
2017-06-03 10:16:34.985769,54.457894,-165.644118,1470.0,176.38,1470.0,176.38
2017-06-03 10:16:35.484970,54.457903,-165.644103,1470.0,176.38,1470.0,176.38
2017-06-03 10:16:35.984171,54.457928,-165.644057,1470.0,176.38,1470.0,176.38
2017-06-03 10:16:36.498972,54.457937,-165.64404,1470.0,176.19,1470.0,177.32
2017-06-03 10:16:36.998173,54.457962,-165.643992,1470.0,176.01,1470.0,177.32
2017-06-03 10:16:37.497374,54.45797,-165.643977,1470.0,175.82,1470.0,175.63
2017-06-03 10:16:37.996574,54.457995,-165.64393,1470.0,175.63,1470.0,175.44
2017-06-03 10:16:38.495775,54.458004,-165.643915,1470.0,175.44,1470.0,177.13
2017-06-03 10:16:38.994976,54.458029,-165.643868,1470.0,175.25,1470.0,175.82
2017-06-03 10:16:39.494177,54.458037,-165.643853,1470.0,175.25,1470.0,175.82
2017-06-03 10:16:39.993378,54.458059,-165.643807,1470.0,175.07,1470.0,175.07
2017-06-03 10:16:40.492579,54.458067,-165.643791,1470.0,175.07,1470.0,175.07
2017-06-03 10:16:40.991779,54.458089,-165.643744,1470.0,175.07,1470.0,175.07
2017-06-03 10:16:41.490980,54.458096,-165.643727,1470.0,175.07,1470.0,175.07
2017-06-03 10:16:41.990181,54.458118,-165.643676,1470.0,175.07,1470.0,175.07
2017-06-03 10:16:42.489382,54.458125,-165.64366,1470.0,175.07,1470.0,175.07
2017-06-03 10:16:42.988583,54.458146,-165.64361,1470.0,175.07,1470.0,174.88
2017-06-03 10:16:43.487783,54.458153,-165.643594,1470.0,174.69,1470.0,174.5
2017-06-03 10:16:43.986984,54.458177,-165.643545,1470.0,174.5,1470.0,174.5
2017-06-03 10:16:44.486185,54.458185,-165.64353,1470.0,174.12,1470.0,174.12
2017-06-03 10:16:44.985386,54.45821,-165.643482,1470.0,173.94,1470.0,173.94
2017-06-03 10:16:45.484589,54.458218,-165.643466,1470.0,173.75,1470.0,173.56
2017-06-03 10:16:45.983788,54.458243,-165.643419,1470.0,175.07,1470.0,173.37
2017-06-03 10:16:46.498590,54.458252,-165.643401,1470.0,173.18,1470.0,175.07
2017-06-03 10:16:46.997789,54.458277,-165.643354,1470.0,173.18,1470.0,173.0
2017-06-03 10:16:47.496992,54.458285,-165.643338,1470.0,173.0,1470.0,173.0
2017-06-03 10:16:47.996191,54.458309,-165.643292,1470.0,172.81,1470.0,172.81
2017-06-03 10:16:48.495394,54.458317,-165.643276,1470.0,172.62,1470.0,172.62
2017-06-03 10:16:48.994593,54.458341,-165.643229,1470.0,172.43,1470.0,172.62
2017-06-03 10:16:49.493795,54.458348,-165.643213,1470.0,172.43,1470.0,172.24
2017-06-03 10:16:49.992994,54.458369,-165.643164,1470.0,172.05,1470.0,172.05
2017-06-03 10:16:50.492197,54.458377,-165.643148,1470.0,171.87,1470.0,171.68
2017-06-03 10:16:50.991398,54.458399,-165.643102,1470.0,171.68,1470.0,171.68
2017-06-03 10:16:51.490599,54.458406,-165.643086,1470.0,171.68,1470.0,171.3
2017-06-03 10:16:51.989799,54.458429,-165.643039,1470.0,171.49,1470.0,171.3
2017-06-03 10:16:52.489000,54.458437,-165.643023,1470.0,171.3,1470.0,171.3
2017-06-03 10:16:52.988201,54.45846,-165.642978,1470.0,171.11,1470.0,171.11
2017-06-03 10:16:53.487400,54.458468,-165.642963,1470.0,170.93,1470.0,170.93
2017-06-03 10:16:53.986603,54.458492,-165.642915,1470.0,170.74,1470.0,170.74
2017-06-03 10:16:54.485802,54.4585,-165.6429,1470.0,170.36,1470.0,170.55
2017-06-03 10:16:54.985004,54.458525,-165.642853,1470.0,170.17,1470.0,170.17
2017-06-03 10:16:55.484205,54.458533,-165.642838,1470.0,172.24,1470.0,170.17
2017-06-03 10:16:55.999006,54.458557,-165.64279,1470.0,170.17,1470.0,169.98
2017-06-03 10:16:56.498207,54.458565,-165.642775,1470.0,169.98,1470.0,169.98
2017-06-03 10:16:56.997408,54.45859,-165.642727,1470.0,169.98,1470.0,169.98
2017-06-03 10:16:57.496609,54.458598,-165.642711,1470.0,169.8,1470.0,169.8
2017-06-03 10:16:57.995810,54.458621,-165.642662,1470.0,170.55,1470.0,169.61
2017-06-03 10:16:58.495010,54.458629,-165.642646,1470.0,169.23,1470.0,169.23
2017-06-03 10:16:58.994211,54.458654,-165.642599,1470.0,169.04,1470.0,169.04
2017-06-03 10:16:59.493412,54.458662,-165.642583,1470.0,168.67,1470.0,168.67
2017-06-03 10:16:59.992615,54.458686,-165.642535,1470.0,168.48,1470.0,168.48
2017-06-03 10:17:00.491814,54.458694,-165.64252,1470.0,168.29,1470.0,168.29
2017-06-03 10:17:00.991014,54.458718,-165.642475,1470.0,168.29,1470.0,168.29
2017-06-03 10:17:01.490215,54.458726,-165.64246,1470.0,168.1,1470.0,168.29
2017-06-03 10:17:01.989416,54.458751,-165.642412,1470.0,168.1,1470.0,168.1
2017-06-03 10:17:02.488617,54.458758,-165.642397,1470.0,168.1,1470.0,168.1
2017-06-03 10:17:02.987818,54.45878,-165.64235,1470.0,168.1,1470.0,168.1
2017-06-03 10:17:03.487019,54.458788,-165.642334,1470.0,167.92,1470.0,167.92
2017-06-03 10:17:03.986219,54.45881,-165.642285,1470.0,167.73,1470.0,167.54
2017-06-03 10:17:04.485420,54.458818,-165.64227,1470.0,167.54,1470.0,167.35
2017-06-03 10:17:04.984621,54.458842,-165.642222,1470.0,167.16,1470.0,166.97
2017-06-03 10:17:05.483824,54.458849,-165.642206,1470.0,166.6,1470.0,166.6
2017-06-03 10:17:05.998623,54.458874,-165.642157,1470.0,166.22,1470.0,166.22
2017-06-03 10:17:06.497826,54.458882,-165.642141,1470.0,166.03,1470.0,166.22
2017-06-03 10:17:06.997025,54.458907,-165.642094,1470.0,166.03,1470.0,165.85
2017-06-03 10:17:07.496227,54.458915,-165.642078,1470.0,165.66,1470.0,165.66
2017-06-03 10:17:07.995426,54.458939,-165.642029,1470.0,165.66,1470.0,165.47
2017-06-03 10:17:08.494629,54.458947,-165.642013,1470.0,165.28,1470.0,165.28
2017-06-03 10:17:08.993828,54.458972,-165.641964,1470.0,165.09,1470.0,165.09
2017-06-03 10:17:09.493031,54.45898,-165.641948,1470.0,164.9,1470.0,167.16
2017-06-03 10:17:09.992229,54.459005,-165.641899,1470.0,164.9,1470.0,164.72
2017-06-03 10:17:10.491432,54.459013,-165.641883,1470.0,164.53,1470.0,164.53
2017-06-03 10:17:10.990633,54.459035,-165.641837,1470.0,164.53,1470.0,164.53
2017-06-03 10:17:11.489834,54.459043,-165.641821,1470.0,164.53,1470.0,164.34
2017-06-03 10:17:11.989035,54.459066,-165.641771,1470.0,164.15,1470.0,164.15
2017-06-03 10:17:12.488235,54.459073,-165.641755,1470.0,163.96,1470.0,163.78
2017-06-03 10:17:12.987436,54.459097,-165.641707,1470.0,163.59,1470.0,163.78
2017-06-03 10:17:13.486637,54.459104,-165.641691,1470.0,163.4,1470.0,163.4
2017-06-03 10:17:13.985838,54.459127,-165.641644,1470.0,163.4,1470.0,163.21
2017-06-03 10:17:14.485039,54.459134,-165.641628,1470.0,163.4,1470.0,165.66
2017-06-03 10:17:14.984240,54.459158,-165.641579,1470.0,163.4,1470.0,163.4
2017-06-03 10:17:15.499039,54.459167,-165.641561,1470.0,163.4,1470.0,163.4
2017-06-03 10:17:15.998241,54.459189,-165.641512,1470.0,163.4,1470.0,163.21
2017-06-03 10:17:16.497442,54.459197,-165.641496,1470.0,163.21,1470.0,163.21
2017-06-03 10:17:16.996643,54.459219,-165.641447,1470.0,163.02,1470.0,162.83
2017-06-03 10:17:17.495844,54.459227,-165.641431,1470.0,162.83,1470.0,162.65
2017-06-03 10:17:17.995045,54.459251,-165.641382,1470.0,162.65,1470.0,162.46
2017-06-03 10:17:18.494246,54.459258,-165.641367,1470.0,162.27,1470.0,162.27
2017-06-03 10:17:18.993446,54.459282,-165.64132,1470.0,162.27,1470.0,163.02
2017-06-03 10:17:19.492647,54.45929,-165.641304,1470.0,162.27,1470.0,162.08
2017-06-03 10:17:19.991848,54.459315,-165.641256,1470.0,162.27,1470.0,162.27
2017-06-03 10:17:20.491049,54.459323,-165.64124,1470.0,162.27,1470.0,162.27
2017-06-03 10:17:20.990252,54.459347,-165.641193,1470.0,162.46,1470.0,162.27
2017-06-03 10:17:21.489450,54.459354,-165.641177,1470.0,162.46,1470.0,162.46
2017-06-03 10:17:21.988651,54.459377,-165.641126,1470.0,162.46,1470.0,163.78
2017-06-03 10:17:22.487852,54.459385,-165.64111,1470.0,162.46,1470.0,162.46
2017-06-03 10:17:22.987053,54.459407,-165.64106,1470.0,162.46,1470.0,162.46
2017-06-03 10:17:23.486254,54.459414,-165.641044,1470.0,162.46,1470.0,162.27
2017-06-03 10:17:23.985455,54.459437,-165.640995,1470.0,162.46,1470.0,162.65
2017-06-03 10:17:24.484655,54.459444,-165.64098,1470.0,162.65,1470.0,162.46
2017-06-03 10:17:24.983856,54.459468,-165.640932,1470.0,162.46,1470.0,162.27
2017-06-03 10:17:25.498659,54.459477,-165.640915,1470.0,162.27,1470.0,162.27
2017-06-03 10:17:25.997858,54.459502,-165.640866,1470.0,162.27,1470.0,162.08
2017-06-03 10:17:26.497061,54.45951,-165.64085,1470.0,162.08,1470.0,163.21
2017-06-03 10:17:26.996260,54.459535,-165.640805,1470.0,162.08,1470.0,162.08
2017-06-03 10:17:27.495462,54.459544,-165.64079,1470.0,162.27,1470.0,162.08
2017-06-03 10:17:27.994661,54.459569,-165.640743,1470.0,162.46,1470.0,162.27
2017-06-03 10:17:28.493864,54.459577,-165.640728,1470.0,162.46,1470.0,162.46
2017-06-03 10:17:28.993063,54.459599,-165.64068,1470.0,162.65,1470.0,162.65
2017-06-03 10:17:29.492266,54.459606,-165.640664,1470.0,162.83,1470.0,162.65
2017-06-03 10:17:29.991465,54.459629,-165.640614,1470.0,162.65,1470.0,162.65
2017-06-03 10:17:30.490667,54.459637,-165.640598,1470.0,162.65,1470.0,162.65
2017-06-03 10:17:30.989868,54.459659,-165.640552,1470.0,162.65,1470.0,162.65
2017-06-03 10:17:31.489069,54.459666,-165.640536,1470.0,162.65,1470.0,162.65
2017-06-03 10:17:31.988270,54.459691,-165.640487,1470.0,162.65,1470.0,162.65
2017-06-03 10:17:32.487471,54.459698,-165.640472,1470.0,162.65,1470.0,162.65
2017-06-03 10:17:32.986671,54.459722,-165.640426,1470.0,162.65,1470.0,162.65
2017-06-03 10:17:33.485872,54.45973,-165.640411,1470.0,162.65,1470.0,162.65
2017-06-03 10:17:33.985073,54.459755,-165.640364,1470.0,162.65,1470.0,162.65
2017-06-03 10:17:34.484274,54.459763,-165.640348,1470.0,163.78,1470.0,162.65
2017-06-03 10:17:34.999075,54.459787,-165.640297,1470.0,162.83,1470.0,164.15
2017-06-03 10:17:35.498274,54.459795,-165.640281,1470.0,163.02,1470.0,163.02
2017-06-03 10:17:35.997477,54.459818,-165.640232,1470.0,163.21,1470.0,163.78
2017-06-03 10:17:36.496677,54.459825,-165.640216,1470.0,164.53,1470.0,163.4
2017-06-03 10:17:36.995878,54.459849,-165.640166,1470.0,163.4,1470.0,163.59
2017-06-03 10:17:37.495079,54.459857,-165.640149,1470.0,163.4,1470.0,163.4
2017-06-03 10:17:37.994280,54.459879,-165.640098,1470.0,163.4,1470.0,163.4
2017-06-03 10:17:38.493481,54.459887,-165.640081,1470.0,163.4,1470.0,163.21
2017-06-03 10:17:38.992682,54.459909,-165.640032,1470.0,163.21,1470.0,163.21
2017-06-03 10:17:39.491882,54.459916,-165.640016,1470.0,163.21,1470.0,163.96
2017-06-03 10:17:39.991083,54.459941,-165.639967,1470.0,163.21,1470.0,163.21
2017-06-03 10:17:40.490284,54.459948,-165.639952,1470.0,163.4,1470.0,163.21
2017-06-03 10:17:40.989485,54.459972,-165.639906,1470.0,163.21,1470.0,163.21
2017-06-03 10:17:41.488686,54.459979,-165.639891,1470.0,163.21,1470.0,164.53
2017-06-03 10:17:41.987888,54.460003,-165.639845,1470.0,164.53,1470.0,163.02
2017-06-03 10:17:42.487087,54.460011,-165.63983,1470.0,163.96,1470.0,164.53
2017-06-03 10:17:42.986288,54.460035,-165.639782,1470.0,163.02,1470.0,163.02
2017-06-03 10:17:43.485489,54.460043,-165.639766,1470.0,164.53,1470.0,163.78
2017-06-03 10:17:43.984690,54.460065,-165.639719,1470.0,163.02,1470.0,163.02
2017-06-03 10:17:44.483891,54.460073,-165.639703,1470.0,163.21,1470.0,163.21
2017-06-03 10:17:44.998692,54.460096,-165.639654,1470.0,163.4,1470.0,164.15
2017-06-03 10:17:45.497892,54.460103,-165.639638,1470.0,163.59,1470.0,163.59
2017-06-03 10:17:45.997093,54.460126,-165.639589,1470.0,163.78,1470.0,163.78
2017-06-03 10:17:46.496296,54.460133,-165.639573,1470.0,163.96,1470.0,164.72
2017-06-03 10:17:46.995495,54.460157,-165.639522,1470.0,163.96,1470.0,163.78
2017-06-03 10:17:47.494698,54.460165,-165.639506,1470.0,163.96,1470.0,163.96
2017-06-03 10:17:47.993896,54.460189,-165.639456,1470.0,163.96,1470.0,165.28
2017-06-03 10:17:48.493099,54.460197,-165.63944,1470.0,164.9,1470.0,163.78
2017-06-03 10:17:48.992298,54.460221,-165.639391,1470.0,163.78,1470.0,163.78
2017-06-03 10:17:49.491501,54.460229,-165.639375,1470.0,163.78,1470.0,163.78
2017-06-03 10:17:49.990700,54.460254,-165.639327,1470.0,164.9,1470.0,163.78
2017-06-03 10:17:50.489902,54.460262,-165.639312,1470.0,163.78,1470.0,163.59
2017-06-03 10:17:50.989103,54.460286,-165.639266,1470.0,165.09,1470.0,163.78
2017-06-03 10:17:51.488304,54.460294,-165.639251,1470.0,165.09,1470.0,163.59
2017-06-03 10:17:51.987505,54.460317,-165.639202,1470.0,164.72,1470.0,163.59
2017-06-03 10:17:52.486706,54.460324,-165.639186,1470.0,165.28,1470.0,163.59
2017-06-03 10:17:52.985907,54.460347,-165.639137,1470.0,163.78,1470.0,163.78
2017-06-03 10:17:53.485107,54.460354,-165.639121,1470.0,165.28,1470.0,163.78
2017-06-03 10:17:53.984308,54.460374,-165.639072,1470.0,163.96,1470.0,163.78
2017-06-03 10:17:54.499107,54.460382,-165.639054,1470.0,163.78,1470.0,163.96
2017-06-03 10:17:54.998310,54.460404,-165.639004,1470.0,163.96,1470.0,163.78
2017-06-03 10:17:55.497509,54.460412,-165.638988,1470.0,163.96,1470.0,163.96
2017-06-03 10:17:55.996712,54.460434,-165.638939,1470.0,163.96,1470.0,163.96
2017-06-03 10:17:56.495913,54.460442,-165.638923,1470.0,163.96,1470.0,163.96
2017-06-03 10:17:56.995113,54.460466,-165.638875,1470.0,163.96,1470.0,163.96
2017-06-03 10:17:57.494314,54.460474,-165.63886,1470.0,163.96,1470.0,165.09
2017-06-03 10:17:57.993515,54.460499,-165.638812,1470.0,163.96,1470.0,163.96
2017-06-03 10:17:58.492716,54.460507,-165.638797,1470.0,164.15,1470.0,163.96
2017-06-03 10:17:58.991917,54.460531,-165.63875,1470.0,164.15,1470.0,163.96
2017-06-03 10:17:59.491117,54.46054,-165.638734,1470.0,164.15,1470.0,163.96
2017-06-03 10:17:59.990318,54.460565,-165.638686,1470.0,163.96,1470.0,163.96
2017-06-03 10:18:00.489519,54.460573,-165.63867,1470.0,163.96,1470.0,163.96
2017-06-03 10:18:00.988720,54.460595,-165.63862,1470.0,165.28,1470.0,163.96
2017-06-03 10:18:01.487921,54.460602,-165.638604,1470.0,164.15,1470.0,165.47
2017-06-03 10:18:01.987123,54.460624,-165.638554,1470.0,164.15,1470.0,164.72
2017-06-03 10:18:02.486322,54.460631,-165.638538,1470.0,164.15,1470.0,165.09
2017-06-03 10:18:02.985525,54.460652,-165.638489,1470.0,163.96,1470.0,163.96
2017-06-03 10:18:03.484724,54.460659,-165.638473,1470.0,163.78,1470.0,164.15
2017-06-03 10:18:03.983925,54.460683,-165.638425,1470.0,163.59,1470.0,163.59
2017-06-03 10:18:04.498726,54.460692,-165.638408,1470.0,163.59,1470.0,163.59
2017-06-03 10:18:04.997927,54.460716,-165.63836,1470.0,163.59,1470.0,163.59
2017-06-03 10:18:05.497128,54.460723,-165.638345,1470.0,163.78,1470.0,164.9
2017-06-03 10:18:05.996328,54.460746,-165.638296,1470.0,165.28,1470.0,163.78
2017-06-03 10:18:06.495529,54.460753,-165.63828,1470.0,163.96,1470.0,163.96
2017-06-03 10:18:06.994730,54.460774,-165.638231,1470.0,163.96,1470.0,163.96
2017-06-03 10:18:07.493933,54.460781,-165.638214,1470.0,164.15,1470.0,163.96
2017-06-03 10:18:07.993132,54.460803,-165.638164,1470.0,163.96,1470.0,163.96
2017-06-03 10:18:08.492334,54.46081,-165.638148,1470.0,163.78,1470.0,163.78
2017-06-03 10:18:08.991533,54.460832,-165.6381,1470.0,163.78,1470.0,163.78
2017-06-03 10:18:09.490736,54.46084,-165.638084,1470.0,163.59,1470.0,163.59
2017-06-03 10:18:09.989935,54.460865,-165.638034,1470.0,164.53,1470.0,163.4
2017-06-03 10:18:10.489138,54.460873,-165.638018,1470.0,163.59,1470.0,163.4
2017-06-03 10:18:10.988337,54.460897,-165.63797,1470.0,163.59,1470.0,163.4
2017-06-03 10:18:11.487539,54.460904,-165.637954,1470.0,163.59,1470.0,164.72
2017-06-03 10:18:11.986740,54.460928,-165.637905,1470.0,164.9,1470.0,163.59
2017-06-03 10:18:12.485941,54.460936,-165.637889,1470.0,163.78,1470.0,165.09
2017-06-03 10:18:12.985142,54.460957,-165.637838,1470.0,163.78,1470.0,163.78
2017-06-03 10:18:13.484343,54.460964,-165.637821,1470.0,163.78,1470.0,163.78
2017-06-03 10:18:13.999144,54.460986,-165.637769,1470.0,164.9,1470.0,163.59
2017-06-03 10:18:14.498343,54.460993,-165.637753,1470.0,164.9,1470.0,163.59
2017-06-03 10:18:14.997545,54.461016,-165.637702,1470.0,163.4,1470.0,163.4
2017-06-03 10:18:15.496744,54.461023,-165.637686,1470.0,164.15,1470.0,164.53
2017-06-03 10:18:15.995947,54.461046,-165.637637,1470.0,163.4,1470.0,163.59
2017-06-03 10:18:16.495148,54.461053,-165.637621,1470.0,163.4,1470.0,163.4
2017-06-03 10:18:16.994349,54.461074,-165.637574,1470.0,164.72,1470.0,163.4
2017-06-03 10:18:17.493549,54.461081,-165.637558,1470.0,163.59,1470.0,164.72
2017-06-03 10:18:17.992750,54.461103,-165.637507,1470.0,163.59,1470.0,163.96
2017-06-03 10:18:18.491951,54.46111,-165.637491,1470.0,163.21,1470.0,163.21
2017-06-03 10:18:18.991152,54.461131,-165.637442,1470.0,163.02,1470.0,163.21
2017-06-03 10:18:19.490353,54.461138,-165.637426,1470.0,163.02,1470.0,163.02
2017-06-03 10:18:19.989553,54.461161,-165.637376,1470.0,164.72,1470.0,163.02
2017-06-03 10:18:20.488754,54.461168,-165.63736,1470.0,163.02,1470.0,163.02
2017-06-03 10:18:20.987955,54.46119,-165.637312,1470.0,163.21,1470.0,163.02
2017-06-03 10:18:21.487156,54.461198,-165.637296,1470.0,163.21,1470.0,163.21
2017-06-03 10:18:21.986359,54.461221,-165.637244,1470.0,163.4,1470.0,164.34
2017-06-03 10:18:22.485558,54.461228,-165.637228,1470.0,163.4,1470.0,163.4
2017-06-03 10:18:22.984760,54.461249,-165.637179,1470.0,163.4,1470.0,163.4
2017-06-03 10:18:23.483959,54.461256,-165.637163,1470.0,163.4,1470.0,163.21
2017-06-03 10:18:23.998760,54.461279,-165.637111,1470.0,163.21,1470.0,163.21
2017-06-03 10:18:24.497961,54.461287,-165.637095,1470.0,164.53,1470.0,163.02
2017-06-03 10:18:24.997162,54.461309,-165.637046,1470.0,163.02,1470.0,164.72
2017-06-03 10:18:25.496363,54.461317,-165.63703,1470.0,163.96,1470.0,162.83
2017-06-03 10:18:25.995564,54.461339,-165.636981,1470.0,162.83,1470.0,162.83
2017-06-03 10:18:26.494764,54.461346,-165.636965,1470.0,162.83,1470.0,164.53
2017-06-03 10:18:26.993965,54.461367,-165.636918,1470.0,162.83,1470.0,162.83
2017-06-03 10:18:27.493168,54.461374,-165.636903,1470.0,164.34,1470.0,162.83
2017-06-03 10:18:27.992367,54.461396,-165.636854,1470.0,164.34,1470.0,163.21
2017-06-03 10:18:28.491570,54.461403,-165.636838,1470.0,162.83,1470.0,163.02
2017-06-03 10:18:28.990768,54.461425,-165.63679,1470.0,162.65,1470.0,162.65
2017-06-03 10:18:29.489971,54.461433,-165.636774,1470.0,162.46,1470.0,162.46
2017-06-03 10:18:29.989170,54.461455,-165.636724,1470.0,162.46,1470.0,162.46
2017-06-03 10:18:30.488373,54.461463,-165.636708,1470.0,162.65,1470.0,162.46
2017-06-03 10:18:30.987572,54.461485,-165.636657,1470.0,162.83,1470.0,162.65
2017-06-03 10:18:31.486774,54.461492,-165.636641,1470.0,163.02,1470.0,163.02
2017-06-03 10:18:31.985973,54.461512,-165.636592,1470.0,163.21,1470.0,163.21
2017-06-03 10:18:32.485176,54.461519,-165.636576,1470.0,163.4,1470.0,163.21
2017-06-03 10:18:32.984377,54.461542,-165.636524,1470.0,163.21,1470.0,163.02
2017-06-03 10:18:33.499178,54.46155,-165.636506,1470.0,162.83,1470.0,162.83
2017-06-03 10:18:33.998379,54.461575,-165.636457,1470.0,162.65,1470.0,162.65
2017-06-03 10:18:34.497578,54.461584,-165.636441,1470.0,162.27,1470.0,162.27
2017-06-03 10:18:34.996780,54.461609,-165.636394,1470.0,163.21,1470.0,162.27
2017-06-03 10:18:35.495979,54.461617,-165.636378,1470.0,162.27,1470.0,162.27
2017-06-03 10:18:35.995182,54.461641,-165.636332,1470.0,162.27,1470.0,162.27
2017-06-03 10:18:36.494381,54.461648,-165.636317,1470.0,163.59,1470.0,163.21
2017-06-03 10:18:36.993584,54.461672,-165.636271,1470.0,162.46,1470.0,162.46
2017-06-03 10:18:37.492785,54.461679,-165.636256,1470.0,162.27,1470.0,162.27
2017-06-03 10:18:37.991985,54.461702,-165.636206,1470.0,162.27,1470.0,162.27
2017-06-03 10:18:38.491186,54.46171,-165.63619,1470.0,162.08,1470.0,162.08
2017-06-03 10:18:38.990387,54.461731,-165.636142,1470.0,162.08,1470.0,162.08
2017-06-03 10:18:39.489588,54.461738,-165.636126,1470.0,162.27,1470.0,162.27
2017-06-03 10:18:39.988789,54.46176,-165.636077,1470.0,162.27,1470.0,162.27
2017-06-03 10:18:40.487989,54.461767,-165.636061,1470.0,162.46,1470.0,164.15
2017-06-03 10:18:40.987190,54.461789,-165.636012,1470.0,162.46,1470.0,162.46
2017-06-03 10:18:41.486391,54.461796,-165.635996,1470.0,162.46,1470.0,162.27
2017-06-03 10:18:41.985592,54.461821,-165.635949,1470.0,162.27,1470.0,162.27
2017-06-03 10:18:42.484793,54.46183,-165.635933,1470.0,162.08,1470.0,163.02
2017-06-03 10:18:42.983995,54.461855,-165.635885,1470.0,163.4,1470.0,161.89
2017-06-03 10:18:43.498795,54.461864,-165.635868,1470.0,161.89,1470.0,161.89
2017-06-03 10:18:43.997995,54.461889,-165.635822,1470.0,161.89,1470.0,161.89
2017-06-03 10:18:44.497196,54.461897,-165.635806,1470.0,161.89,1470.0,161.89
2017-06-03 10:18:44.996397,54.461922,-165.635759,1470.0,162.08,1470.0,161.89
2017-06-03 10:18:45.495598,54.46193,-165.635743,1470.0,162.08,1470.0,163.4
2017-06-03 10:18:45.994799,54.461954,-165.635692,1470.0,162.08,1470.0,162.08
2017-06-03 10:18:46.493999,54.461962,-165.635676,1470.0,162.08,1470.0,162.08
2017-06-03 10:18:46.993200,54.461984,-165.635629,1470.0,162.27,1470.0,162.46
2017-06-03 10:18:47.492403,54.461991,-165.635612,1470.0,162.08,1470.0,162.08
2017-06-03 10:18:47.991602,54.462016,-165.635561,1470.0,162.08,1470.0,162.08
2017-06-03 10:18:48.490805,54.462023,-165.635545,1470.0,162.08,1470.0,161.89
2017-06-03 10:18:48.990004,54.462045,-165.635497,1470.0,163.4,1470.0,161.89
2017-06-03 10:18:49.489206,54.462053,-165.635481,1470.0,163.4,1470.0,161.71
2017-06-03 10:18:49.988405,54.462078,-165.635435,1470.0,161.71,1470.0,161.71
2017-06-03 10:18:50.487608,54.462086,-165.63542,1470.0,161.52,1470.0,161.52
2017-06-03 10:18:50.986807,54.462111,-165.635373,1470.0,163.02,1470.0,161.52
2017-06-03 10:18:51.486010,54.462119,-165.635358,1470.0,161.71,1470.0,162.65
2017-06-03 10:18:51.985209,54.462143,-165.635312,1470.0,162.83,1470.0,161.52
2017-06-03 10:18:52.484411,54.462151,-165.635296,1470.0,161.52,1470.0,161.52
2017-06-03 10:18:52.999212,54.462176,-165.635247,1470.0,161.52,1470.0,161.33
2017-06-03 10:18:53.498413,54.462183,-165.635231,1470.0,161.33,1470.0,162.27
2017-06-03 10:18:53.997614,54.462207,-165.635181,1470.0,161.14,1470.0,161.14
2017-06-03 10:18:54.496815,54.462215,-165.635164,1470.0,161.14,1470.0,161.14
2017-06-03 10:18:54.996016,54.462239,-165.635114,1470.0,161.14,1470.0,161.14
2017-06-03 10:18:55.495214,54.462247,-165.635098,1470.0,161.33,1470.0,161.33
2017-06-03 10:18:55.994417,54.462269,-165.635046,1470.0,161.52,1470.0,162.27
2017-06-03 10:18:56.493616,54.462277,-165.635029,1470.0,161.71,1470.0,163.21
2017-06-03 10:18:56.992819,54.462299,-165.634979,1470.0,161.71,1470.0,162.46
2017-06-03 10:18:57.492018,54.462306,-165.634962,1470.0,161.52,1470.0,161.52
2017-06-03 10:18:57.991220,54.462329,-165.634911,1470.0,161.33,1470.0,161.33
2017-06-03 10:18:58.490421,54.462337,-165.634895,1470.0,161.14,1470.0,161.14
2017-06-03 10:18:58.989622,54.462361,-165.634845,1470.0,161.14,1470.0,162.46
2017-06-03 10:18:59.488823,54.46237,-165.63483,1470.0,160.95,1470.0,160.76
2017-06-03 10:18:59.988024,54.462395,-165.634782,1470.0,162.27,1470.0,160.76
2017-06-03 10:19:00.487225,54.462403,-165.634766,1470.0,161.89,1470.0,160.76
2017-06-03 10:19:00.986425,54.462427,-165.634719,1470.0,160.95,1470.0,162.27
2017-06-03 10:19:01.485626,54.462434,-165.634703,1470.0,162.27,1470.0,160.76
2017-06-03 10:19:01.984827,54.462458,-165.634654,1470.0,160.76,1470.0,160.76
2017-06-03 10:19:02.484028,54.462466,-165.634638,1470.0,160.58,1470.0,160.58
2017-06-03 10:19:02.998829,54.462489,-165.634587,1470.0,160.39,1470.0,160.39
2017-06-03 10:19:03.498030,54.462496,-165.634571,1470.0,160.39,1470.0,160.39
2017-06-03 10:19:03.997231,54.462518,-165.634521,1470.0,160.39,1470.0,160.39
2017-06-03 10:19:04.496431,54.462525,-165.634504,1470.0,160.58,1470.0,161.71
2017-06-03 10:19:04.995632,54.462546,-165.634453,1470.0,160.76,1470.0,160.76
2017-06-03 10:19:05.494833,54.462553,-165.634436,1470.0,161.14,1470.0,162.08
2017-06-03 10:19:05.994034,54.462576,-165.634386,1470.0,160.95,1470.0,160.95
2017-06-03 10:19:06.493235,54.462583,-165.634369,1470.0,160.95,1470.0,160.76
2017-06-03 10:19:06.992435,54.462605,-165.634318,1470.0,160.76,1470.0,160.76
2017-06-03 10:19:07.491636,54.462613,-165.634301,1470.0,160.76,1470.0,160.76
2017-06-03 10:19:07.990837,54.462637,-165.634249,1470.0,161.89,1470.0,160.58
2017-06-03 10:19:08.490040,54.462645,-165.634233,1470.0,160.76,1470.0,160.58
2017-06-03 10:19:08.989239,54.46267,-165.634187,1470.0,160.58,1470.0,161.89
2017-06-03 10:19:09.488441,54.462678,-165.634171,1470.0,160.58,1470.0,161.71
2017-06-03 10:19:09.987640,54.462703,-165.634122,1470.0,160.58,1470.0,160.58
2017-06-03 10:19:10.486843,54.462711,-165.634106,1470.0,161.71,1470.0,161.71
2017-06-03 10:19:10.986042,54.462735,-165.634059,1470.0,160.39,1470.0,160.39
2017-06-03 10:19:11.485245,54.462743,-165.634043,1470.0,160.39,1470.0,161.71
2017-06-03 10:19:11.984444,54.462767,-165.633992,1470.0,161.52,1470.0,161.33
2017-06-03 10:19:12.499247,54.462775,-165.633974,1470.0,160.39,1470.0,160.39
2017-06-03 10:19:12.998447,54.462796,-165.633924,1470.0,160.39,1470.0,160.39
2017-06-03 10:19:13.497648,54.462803,-165.633908,1470.0,160.39,1470.0,161.33
2017-06-03 10:19:13.996849,54.462824,-165.633856,1470.0,161.89,1470.0,160.39
2017-06-03 10:19:14.496050,54.462832,-165.633839,1470.0,160.39,1470.0,160.39
2017-06-03 10:19:14.995251,54.462854,-165.633789,1470.0,160.39,1470.0,160.39
2017-06-03 10:19:15.494452,54.462862,-165.633773,1470.0,160.39,1470.0,160.39
2017-06-03 10:19:15.993652,54.462884,-165.633722,1470.0,162.08,1470.0,160.39
2017-06-03 10:19:16.492851,54.462892,-165.633706,1470.0,161.52,1470.0,160.2
2017-06-03 10:19:16.992054,54.462917,-165.633657,1470.0,160.2,1470.0,160.2
2017-06-03 10:19:17.491253,54.462925,-165.633641,1470.0,161.14,1470.0,160.01
2017-06-03 10:19:17.990456,54.46295,-165.633594,1470.0,161.14,1470.0,161.33
2017-06-03 10:19:18.489656,54.462958,-165.633578,1470.0,159.82,1470.0,159.82
2017-06-03 10:19:18.988857,54.462982,-165.63353,1470.0,161.33,1470.0,159.82
2017-06-03 10:19:19.488058,54.462989,-165.633514,1470.0,160.01,1470.0,159.82
2017-06-03 10:19:19.987259,54.463013,-165.633464,1470.0,160.01,1470.0,160.76
2017-06-03 10:19:20.486460,54.463021,-165.633447,1470.0,160.01,1470.0,160.01
2017-06-03 10:19:20.985661,54.463044,-165.633396,1470.0,160.01,1470.0,160.01
2017-06-03 10:19:21.484861,54.463051,-165.633379,1470.0,160.01,1470.0,160.01
2017-06-03 10:19:21.984062,54.463074,-165.633328,1470.0,160.01,1470.0,160.58
2017-06-03 10:19:22.498863,54.463082,-165.633309,1470.0,160.01,1470.0,159.82
2017-06-03 10:19:22.998064,54.463106,-165.633258,1470.0,160.01,1470.0,159.82
2017-06-03 10:19:23.497265,54.463113,-165.633241,1470.0,161.52,1470.0,159.82
2017-06-03 10:19:23.996466,54.463136,-165.633191,1470.0,160.01,1470.0,161.14
2017-06-03 10:19:24.495667,54.463144,-165.633175,1470.0,160.01,1470.0,161.71
2017-06-03 10:19:24.994867,54.463168,-165.633127,1470.0,161.33,1470.0,161.52
2017-06-03 10:19:25.494068,54.463176,-165.633111,1470.0,161.33,1470.0,159.82
2017-06-03 10:19:25.993269,54.463202,-165.633061,1470.0,159.82,1470.0,161.52
2017-06-03 10:19:26.492470,54.46321,-165.633045,1470.0,159.82,1470.0,161.33
2017-06-03 10:19:26.991671,54.463233,-165.632997,1470.0,161.14,1470.0,159.64
2017-06-03 10:19:27.490871,54.463241,-165.632981,1470.0,159.64,1470.0,160.95
2017-06-03 10:19:27.990072,54.463266,-165.632931,1470.0,159.64,1470.0,160.95
2017-06-03 10:19:28.489273,54.463273,-165.632915,1470.0,159.64,1470.0,160.95
2017-06-03 10:19:28.988474,54.463295,-165.632865,1470.0,160.76,1470.0,159.64
2017-06-03 10:19:29.487677,54.463303,-165.632849,1470.0,160.39,1470.0,159.45
2017-06-03 10:19:29.986876,54.463325,-165.632799,1470.0,161.14,1470.0,159.45
2017-06-03 10:19:30.486078,54.463333,-165.632783,1470.0,159.45,1470.0,159.45
2017-06-03 10:19:30.985277,54.463355,-165.632732,1470.0,159.64,1470.0,159.45
2017-06-03 10:19:31.484480,54.463363,-165.632716,1470.0,159.45,1470.0,159.45
2017-06-03 10:19:31.999279,54.463387,-165.632664,1470.0,160.58,1470.0,159.45
2017-06-03 10:19:32.498482,54.463395,-165.632648,1470.0,159.45,1470.0,159.45
2017-06-03 10:19:32.997681,54.463419,-165.632597,1470.0,159.45,1470.0,161.33
2017-06-03 10:19:33.496883,54.463427,-165.632581,1470.0,160.39,1470.0,160.2
2017-06-03 10:19:33.996084,54.463454,-165.632531,1470.0,159.45,1470.0,160.76
2017-06-03 10:19:34.495285,54.463462,-165.632514,1470.0,159.45,1470.0,160.76
2017-06-03 10:19:34.994486,54.463485,-165.632464,1470.0,159.64,1470.0,159.45
2017-06-03 10:19:35.493687,54.463493,-165.632447,1470.0,159.45,1470.0,159.45
2017-06-03 10:19:35.992887,54.463517,-165.632396,1470.0,160.58,1470.0,159.45
2017-06-03 10:19:36.492088,54.463525,-165.632379,1470.0,159.45,1470.0,160.95
2017-06-03 10:19:36.991289,54.463548,-165.632329,1470.0,160.76,1470.0,159.26
2017-06-03 10:19:37.490488,54.463556,-165.632312,1470.0,159.26,1470.0,160.58
2017-06-03 10:19:37.989691,54.463581,-165.632261,1470.0,159.26,1470.0,159.07
2017-06-03 10:19:38.488892,54.463588,-165.632245,1470.0,159.07,1470.0,159.07
2017-06-03 10:19:38.988092,54.463612,-165.632198,1470.0,159.07,1470.0,160.95
2017-06-03 10:19:39.487293,54.463619,-165.632183,1470.0,159.07,1470.0,159.07
2017-06-03 10:19:39.986494,54.463643,-165.632135,1470.0,160.58,1470.0,160.01
2017-06-03 10:19:40.485695,54.463651,-165.632119,1470.0,159.07,1470.0,159.07
2017-06-03 10:19:40.984896,54.463675,-165.63207,1470.0,159.07,1470.0,158.88
2017-06-03 10:19:41.484097,54.463682,-165.632054,1470.0,159.07,1470.0,160.58
2017-06-03 10:19:41.998898,54.463704,-165.632004,1470.0,159.07,1470.0,159.07
2017-06-03 10:19:42.498098,54.463712,-165.631988,1470.0,159.26,1470.0,160.76
2017-06-03 10:19:42.997299,54.463734,-165.631937,1470.0,160.2,1470.0,159.07
2017-06-03 10:19:43.496500,54.463742,-165.631921,1470.0,159.26,1470.0,160.2
2017-06-03 10:19:43.995703,54.463766,-165.631871,1470.0,158.88,1470.0,158.88
2017-06-03 10:19:44.494902,54.463773,-165.631855,1470.0,158.88,1470.0,159.26
2017-06-03 10:19:44.994102,54.463797,-165.631805,1470.0,160.39,1470.0,158.7
2017-06-03 10:19:45.493303,54.463805,-165.631789,1470.0,158.88,1470.0,158.88
2017-06-03 10:19:45.992504,54.46383,-165.631738,1470.0,160.58,1470.0,158.88
2017-06-03 10:19:46.491705,54.463838,-165.631721,1470.0,159.26,1470.0,159.07
2017-06-03 10:19:46.990906,54.46386,-165.631671,1470.0,159.26,1470.0,160.39
2017-06-03 10:19:47.490107,54.463868,-165.631654,1470.0,159.26,1470.0,159.26
2017-06-03 10:19:47.989307,54.463893,-165.631603,1470.0,159.26,1470.0,159.07
2017-06-03 10:19:48.488508,54.463901,-165.631586,1470.0,159.07,1470.0,158.88
2017-06-03 10:19:48.987709,54.463925,-165.631534,1470.0,159.07,1470.0,160.76
2017-06-03 10:19:49.486912,54.463933,-165.631518,1470.0,158.88,1470.0,160.01
2017-06-03 10:19:49.986111,54.463957,-165.631467,1470.0,159.07,1470.0,160.58
2017-06-03 10:19:50.485313,54.463965,-165.631452,1470.0,158.88,1470.0,158.88
2017-06-03 10:19:50.984512,54.46399,-165.631405,1470.0,158.88,1470.0,158.88
2017-06-03 10:19:51.499315,54.463998,-165.631388,1470.0,158.88,1470.0,158.7
2017-06-03 10:19:51.998514,54.464022,-165.631339,1470.0,158.88,1470.0,158.7
2017-06-03 10:19:52.497717,54.46403,-165.631323,1470.0,158.7,1470.0,159.45
2017-06-03 10:19:52.996916,54.464054,-165.631274,1470.0,158.7,1470.0,158.51
2017-06-03 10:19:53.496119,54.464062,-165.631258,1470.0,158.51,1470.0,158.51
2017-06-03 10:19:53.995317,54.464086,-165.63121,1470.0,158.51,1470.0,160.39
2017-06-03 10:19:54.494520,54.464093,-165.631195,1470.0,158.51,1470.0,158.32
2017-06-03 10:19:54.993721,54.464117,-165.631148,1470.0,159.82,1470.0,158.32
2017-06-03 10:19:55.492922,54.464124,-165.631132,1470.0,158.51,1470.0,158.32
2017-06-03 10:19:55.992123,54.464149,-165.631081,1470.0,158.51,1470.0,158.32
2017-06-03 10:19:56.491323,54.464157,-165.631065,1470.0,158.51,1470.0,159.82
2017-06-03 10:19:56.990524,54.464179,-165.631015,1470.0,158.51,1470.0,159.26
2017-06-03 10:19:57.489725,54.464186,-165.630999,1470.0,158.51,1470.0,158.32
2017-06-03 10:19:57.988926,54.46421,-165.630948,1470.0,158.51,1470.0,159.82
2017-06-03 10:19:58.488127,54.464218,-165.630931,1470.0,158.7,1470.0,158.51
2017-06-03 10:19:58.987328,54.464242,-165.630879,1470.0,158.51,1470.0,158.51
2017-06-03 10:19:59.486528,54.464249,-165.630862,1470.0,158.51,1470.0,159.45
2017-06-03 10:19:59.985729,54.464273,-165.630811,1470.0,158.51,1470.0,158.32
2017-06-03 10:20:00.484930,54.464281,-165.630794,1470.0,158.32,1470.0,159.07
2017-06-03 10:20:00.984131,54.464306,-165.630745,1470.0,158.32,1470.0,158.13
2017-06-03 10:20:01.498932,54.464315,-165.630728,1470.0,158.13,1470.0,158.51
2017-06-03 10:20:01.998133,54.464339,-165.630676,1470.0,158.32,1470.0,157.94
2017-06-03 10:20:02.497334,54.464347,-165.630659,1470.0,157.94,1470.0,157.94
2017-06-03 10:20:02.996534,54.464371,-165.630609,1470.0,157.94,1470.0,157.94
2017-06-03 10:20:03.495735,54.464378,-165.630593,1470.0,157.94,1470.0,157.94
2017-06-03 10:20:03.994938,54.464401,-165.630542,1470.0,157.94,1470.0,158.51
2017-06-03 10:20:04.494137,54.464408,-165.630526,1470.0,157.94,1470.0,157.75
2017-06-03 10:20:04.993340,54.46443,-165.630476,1470.0,157.94,1470.0,157.75
2017-06-03 10:20:05.492538,54.464438,-165.630459,1470.0,157.94,1470.0,157.75
2017-06-03 10:20:05.991739,54.464461,-165.630406,1470.0,157.75,1470.0,157.57
2017-06-03 10:20:06.490940,54.464468,-165.63039,1470.0,157.57,1470.0,157.57
2017-06-03 10:20:06.990141,54.464489,-165.63034,1470.0,157.57,1470.0,157.57
2017-06-03 10:20:07.489342,54.464496,-165.630324,1470.0,157.57,1470.0,157.57
2017-06-03 10:20:07.988543,54.46452,-165.630273,1470.0,157.75,1470.0,157.57
2017-06-03 10:20:08.487743,54.464528,-165.630256,1470.0,157.75,1470.0,157.57
2017-06-03 10:20:08.986944,54.46455,-165.630206,1470.0,157.75,1470.0,157.57
2017-06-03 10:20:09.486147,54.464558,-165.630189,1470.0,157.75,1470.0,159.07
2017-06-03 10:20:09.985346,54.46458,-165.630139,1470.0,157.57,1470.0,158.51
2017-06-03 10:20:10.484549,54.464588,-165.630122,1470.0,157.57,1470.0,157.38
2017-06-03 10:20:10.999348,54.464614,-165.630069,1470.0,157.38,1470.0,157.38
2017-06-03 10:20:11.498550,54.464622,-165.630053,1470.0,157.19,1470.0,157.19
2017-06-03 10:20:11.997749,54.464646,-165.630004,1470.0,157.19,1470.0,157.19
2017-06-03 10:20:12.496952,54.464653,-165.629988,1470.0,157.19,1470.0,157.19
2017-06-03 10:20:12.996151,54.464677,-165.629937,1470.0,157.19,1470.0,157.19
2017-06-03 10:20:13.495354,54.464685,-165.629921,1470.0,157.19,1470.0,157.0
2017-06-03 10:20:13.994553,54.464708,-165.629871,1470.0,157.19,1470.0,157.0
2017-06-03 10:20:14.493755,54.464715,-165.629855,1470.0,156.81,1470.0,159.07
2017-06-03 10:20:14.992956,54.46474,-165.629805,1470.0,156.63,1470.0,157.75
2017-06-03 10:20:15.492157,54.464748,-165.629789,1470.0,156.63,1470.0,156.81
2017-06-03 10:20:15.991358,54.464772,-165.629738,1470.0,156.44,1470.0,156.44
2017-06-03 10:20:16.490559,54.46478,-165.629721,1470.0,156.44,1470.0,156.44
2017-06-03 10:20:16.989759,54.464803,-165.629674,1470.0,156.63,1470.0,156.44
2017-06-03 10:20:17.488960,54.464811,-165.629658,1470.0,156.81,1470.0,158.13
2017-06-03 10:20:17.988161,54.464834,-165.629607,1470.0,156.63,1470.0,156.63
2017-06-03 10:20:18.487362,54.464841,-165.629591,1470.0,156.63,1470.0,156.63
2017-06-03 10:20:18.986563,54.464864,-165.629539,1470.0,156.63,1470.0,156.44
2017-06-03 10:20:19.485764,54.464871,-165.629523,1470.0,156.63,1470.0,156.44
2017-06-03 10:20:19.984964,54.464894,-165.629472,1470.0,156.44,1470.0,156.63
2017-06-03 10:20:20.484165,54.464901,-165.629456,1470.0,156.44,1470.0,156.81
2017-06-03 10:20:20.998966,54.464926,-165.629403,1470.0,156.44,1470.0,156.25
2017-06-03 10:20:21.498167,54.464933,-165.629386,1470.0,156.44,1470.0,156.25
2017-06-03 10:20:21.997368,54.464957,-165.629336,1470.0,156.44,1470.0,156.25
2017-06-03 10:20:22.496569,54.464965,-165.629319,1470.0,156.25,1470.0,156.25
2017-06-03 10:20:22.995770,54.464989,-165.629268,1470.0,156.25,1470.0,156.06
2017-06-03 10:20:23.494970,54.464997,-165.629251,1470.0,157.38,1470.0,156.06
2017-06-03 10:20:23.994171,54.465022,-165.629201,1470.0,156.25,1470.0,156.06
2017-06-03 10:20:24.493372,54.46503,-165.629185,1470.0,156.25,1470.0,156.06
2017-06-03 10:20:24.992575,54.465053,-165.629135,1470.0,156.25,1470.0,156.06
2017-06-03 10:20:25.491774,54.465061,-165.629119,1470.0,156.25,1470.0,156.06
2017-06-03 10:20:25.990976,54.465086,-165.629066,1470.0,156.25,1470.0,156.06
2017-06-03 10:20:26.490175,54.465093,-165.62905,1470.0,156.06,1470.0,156.06
2017-06-03 10:20:26.989376,54.465115,-165.629,1470.0,156.06,1470.0,155.87
2017-06-03 10:20:27.488577,54.465123,-165.628984,1470.0,155.87,1470.0,155.87
2017-06-03 10:20:27.987778,54.465147,-165.628934,1470.0,157.38,1470.0,155.68
2017-06-03 10:20:28.486979,54.465154,-165.628918,1470.0,155.87,1470.0,156.81
2017-06-03 10:20:28.986179,54.465177,-165.628867,1470.0,155.68,1470.0,156.81
2017-06-03 10:20:29.485382,54.465184,-165.628851,1470.0,155.68,1470.0,155.5
2017-06-03 10:20:29.984581,54.465208,-165.628802,1470.0,155.68,1470.0,156.63
2017-06-03 10:20:30.483784,54.465216,-165.628786,1470.0,155.5,1470.0,155.5
2017-06-03 10:20:30.998583,54.465241,-165.628736,1470.0,155.31,1470.0,155.31
2017-06-03 10:20:31.497786,54.465248,-165.628719,1470.0,155.31,1470.0,155.31
2017-06-03 10:20:31.996984,54.465272,-165.628669,1470.0,155.5,1470.0,155.31
2017-06-03 10:20:32.496187,54.46528,-165.628653,1470.0,155.68,1470.0,155.5
2017-06-03 10:20:32.995386,54.465303,-165.628604,1470.0,155.87,1470.0,155.68
2017-06-03 10:20:33.494589,54.465311,-165.628587,1470.0,155.87,1470.0,157.94
2017-06-03 10:20:33.993788,54.465336,-165.628535,1470.0,156.06,1470.0,155.87
2017-06-03 10:20:34.492990,54.465343,-165.628518,1470.0,156.06,1470.0,155.87
2017-06-03 10:20:34.992191,54.465367,-165.628466,1470.0,156.06,1470.0,155.87
2017-06-03 10:20:35.491392,54.465375,-165.628449,1470.0,155.87,1470.0,157.19
2017-06-03 10:20:35.990593,54.4654,-165.628399,1470.0,155.87,1470.0,157.57
2017-06-03 10:20:36.489794,54.465408,-165.628383,1470.0,155.68,1470.0,155.5
2017-06-03 10:20:36.988995,54.465433,-165.628332,1470.0,155.68,1470.0,155.5
2017-06-03 10:20:37.488195,54.465441,-165.628316,1470.0,155.5,1470.0,155.31
2017-06-03 10:20:37.987396,54.465465,-165.628267,1470.0,155.87,1470.0,156.81
2017-06-03 10:20:38.486597,54.465473,-165.628251,1470.0,155.5,1470.0,156.25
2017-06-03 10:20:38.985798,54.465498,-165.628202,1470.0,155.31,1470.0,155.31
2017-06-03 10:20:39.484999,54.465506,-165.628186,1470.0,155.5,1470.0,155.31
2017-06-03 10:20:39.984200,54.465529,-165.628136,1470.0,155.5,1470.0,155.31
2017-06-03 10:20:40.499001,54.465536,-165.628118,1470.0,155.31,1470.0,157.0
2017-06-03 10:20:40.998201,54.465558,-165.628067,1470.0,155.5,1470.0,155.31
2017-06-03 10:20:41.497402,54.465565,-165.628051,1470.0,155.31,1470.0,157.0
2017-06-03 10:20:41.996603,54.465589,-165.628001,1470.0,155.31,1470.0,155.12
2017-06-03 10:20:42.495804,54.465597,-165.627985,1470.0,155.31,1470.0,155.12
2017-06-03 10:20:42.995005,54.46562,-165.627935,1470.0,155.31,1470.0,155.12
2017-06-03 10:20:43.494205,54.465628,-165.627919,1470.0,155.31,1470.0,156.06
2017-06-03 10:20:43.993406,54.465654,-165.627869,1470.0,155.31,1470.0,155.31
2017-06-03 10:20:44.492607,54.465662,-165.627853,1470.0,155.5,1470.0,155.31
2017-06-03 10:20:44.991808,54.465685,-165.627802,1470.0,155.5,1470.0,155.5
2017-06-03 10:20:45.491009,54.465693,-165.627786,1470.0,155.5,1470.0,156.81
2017-06-03 10:20:45.990211,54.465717,-165.627736,1470.0,155.5,1470.0,157.0
2017-06-03 10:20:46.489410,54.465724,-165.627719,1470.0,156.44,1470.0,156.63
2017-06-03 10:20:46.988613,54.465748,-165.627669,1470.0,155.31,1470.0,156.81
2017-06-03 10:20:47.487812,54.465756,-165.627652,1470.0,156.06,1470.0,156.63
2017-06-03 10:20:47.987013,54.46578,-165.627601,1470.0,155.12,1470.0,156.44
2017-06-03 10:20:48.486214,54.465788,-165.627584,1470.0,155.12,1470.0,156.25
2017-06-03 10:20:48.985415,54.465813,-165.627533,1470.0,156.06,1470.0,156.63
2017-06-03 10:20:49.484615,54.465821,-165.627516,1470.0,155.12,1470.0,156.81
2017-06-03 10:20:49.983816,54.465842,-165.627464,1470.0,156.44,1470.0,155.12
2017-06-03 10:20:50.498619,54.46585,-165.627446,1470.0,155.31,1470.0,155.12
2017-06-03 10:20:50.997818,54.465873,-165.627394,1470.0,155.12,1470.0,155.12
2017-06-03 10:20:51.497021,54.46588,-165.627378,1470.0,156.44,1470.0,155.12
2017-06-03 10:20:51.996220,54.465905,-165.627327,1470.0,156.25,1470.0,156.63
2017-06-03 10:20:52.495422,54.465913,-165.627311,1470.0,154.74,1470.0,156.25
2017-06-03 10:20:52.994621,54.465937,-165.627261,1470.0,154.74,1470.0,154.74
2017-06-03 10:20:53.493824,54.465944,-165.627244,1470.0,154.93,1470.0,155.68
2017-06-03 10:20:53.993023,54.465967,-165.627193,1470.0,156.25,1470.0,154.93
2017-06-03 10:20:54.492226,54.465975,-165.627176,1470.0,155.12,1470.0,155.12
2017-06-03 10:20:54.991426,54.465998,-165.627126,1470.0,155.31,1470.0,157.19
2017-06-03 10:20:55.490627,54.466006,-165.627109,1470.0,155.31,1470.0,156.81
2017-06-03 10:20:55.989828,54.466029,-165.627056,1470.0,155.12,1470.0,155.12
2017-06-03 10:20:56.489029,54.466037,-165.627039,1470.0,156.44,1470.0,156.44
2017-06-03 10:20:56.988230,54.46606,-165.626989,1470.0,154.93,1470.0,154.93
2017-06-03 10:20:57.487431,54.466068,-165.626973,1470.0,156.06,1470.0,154.74
2017-06-03 10:20:57.986631,54.466093,-165.626922,1470.0,154.74,1470.0,154.74
2017-06-03 10:20:58.485832,54.466101,-165.626906,1470.0,154.74,1470.0,154.74
2017-06-03 10:20:58.985033,54.466125,-165.626856,1470.0,155.87,1470.0,154.74
2017-06-03 10:20:59.484234,54.466133,-165.626839,1470.0,156.44,1470.0,156.44
2017-06-03 10:20:59.999035,54.466157,-165.626787,1470.0,154.93,1470.0,156.25
2017-06-03 10:21:00.498236,54.466165,-165.626771,1470.0,156.44,1470.0,156.06
2017-06-03 10:21:00.997437,54.466189,-165.626719,1470.0,155.87,1470.0,154.74
2017-06-03 10:21:01.496637,54.466197,-165.626702,1470.0,155.68,1470.0,154.74
2017-06-03 10:21:01.995838,54.466221,-165.62665,1470.0,154.74,1470.0,156.06
2017-06-03 10:21:02.495039,54.466228,-165.626633,1470.0,154.74,1470.0,154.56
2017-06-03 10:21:02.994240,54.46625,-165.626584,1470.0,156.25,1470.0,154.74
2017-06-03 10:21:03.493441,54.466258,-165.626567,1470.0,154.93,1470.0,154.74
2017-06-03 10:21:03.992641,54.466282,-165.626513,1470.0,154.93,1470.0,154.93
2017-06-03 10:21:04.491842,54.46629,-165.626496,1470.0,156.63,1470.0,156.63
2017-06-03 10:21:04.991043,54.466312,-165.626446,1470.0,156.25,1470.0,155.87
2017-06-03 10:21:05.490244,54.466319,-165.626429,1470.0,155.87,1470.0,154.93
2017-06-03 10:21:05.989447,54.466342,-165.626376,1470.0,154.93,1470.0,154.74
2017-06-03 10:21:06.488646,54.466349,-165.626359,1470.0,156.44,1470.0,154.74
2017-06-03 10:21:06.987848,54.466372,-165.626308,1470.0,154.56,1470.0,156.06
2017-06-03 10:21:07.487047,54.46638,-165.626291,1470.0,154.56,1470.0,154.37
2017-06-03 10:21:07.986250,54.466405,-165.626242,1470.0,154.37,1470.0,154.37
2017-06-03 10:21:08.485449,54.466413,-165.626226,1470.0,154.56,1470.0,154.37
2017-06-03 10:21:08.984650,54.466437,-165.626176,1470.0,154.56,1470.0,154.56
2017-06-03 10:21:09.483850,54.466444,-165.626159,1470.0,155.87,1470.0,154.56
2017-06-03 10:21:09.998652,54.466468,-165.626107,1470.0,155.87,1470.0,154.74
2017-06-03 10:21:10.497852,54.466475,-165.626091,1470.0,155.87,1470.0,154.74
2017-06-03 10:21:10.997053,54.466499,-165.626039,1470.0,155.87,1470.0,154.56
2017-06-03 10:21:11.496256,54.466507,-165.626022,1470.0,156.25,1470.0,154.56
2017-06-03 10:21:11.995455,54.466529,-165.62597,1470.0,154.74,1470.0,155.5
2017-06-03 10:21:12.494658,54.466537,-165.625953,1470.0,154.74,1470.0,154.74
2017-06-03 10:21:12.993856,54.466559,-165.625902,1470.0,154.93,1470.0,156.63
2017-06-03 10:21:13.493059,54.466566,-165.625885,1470.0,154.93,1470.0,155.12
2017-06-03 10:21:13.992258,54.466591,-165.625832,1470.0,155.87,1470.0,154.74
2017-06-03 10:21:14.491461,54.466599,-165.625814,1470.0,156.06,1470.0,155.87
2017-06-03 10:21:14.990660,54.466623,-165.625764,1470.0,154.56,1470.0,154.56
2017-06-03 10:21:15.489862,54.466631,-165.625748,1470.0,154.56,1470.0,155.68
2017-06-03 10:21:15.989061,54.466656,-165.625697,1470.0,154.56,1470.0,154.37
2017-06-03 10:21:16.488264,54.466664,-165.625681,1470.0,155.68,1470.0,154.37
2017-06-03 10:21:16.987465,54.466688,-165.625631,1470.0,154.37,1470.0,156.25
2017-06-03 10:21:17.486666,54.466696,-165.625614,1470.0,154.37,1470.0,154.37
2017-06-03 10:21:17.985867,54.466721,-165.625564,1470.0,155.5,1470.0,156.06
2017-06-03 10:21:18.485067,54.466729,-165.625547,1470.0,155.5,1470.0,154.18
2017-06-03 10:21:18.984268,54.466752,-165.625495,1470.0,154.37,1470.0,155.31
2017-06-03 10:21:19.499067,54.46676,-165.625476,1470.0,154.37,1470.0,154.37
2017-06-03 10:21:19.998270,54.466781,-165.625423,1470.0,154.37,1470.0,154.37
2017-06-03 10:21:20.497471,54.466788,-165.625406,1470.0,154.37,1470.0,154.37
2017-06-03 10:21:20.996672,54.46681,-165.625356,1470.0,154.56,1470.0,154.37
2017-06-03 10:21:21.495872,54.466818,-165.625339,1470.0,154.56,1470.0,154.37
2017-06-03 10:21:21.995073,54.466841,-165.625286,1470.0,155.31,1470.0,154.37
2017-06-03 10:21:22.494274,54.466848,-165.625269,1470.0,154.37,1470.0,154.37
2017-06-03 10:21:22.993475,54.46687,-165.625219,1470.0,154.37,1470.0,154.37
2017-06-03 10:21:23.492676,54.466878,-165.625202,1470.0,155.31,1470.0,154.18
2017-06-03 10:21:23.991877,54.466902,-165.62515,1470.0,155.31,1470.0,154.18
2017-06-03 10:21:24.491077,54.46691,-165.625133,1470.0,155.5,1470.0,155.12
2017-06-03 10:21:24.990278,54.466933,-165.625085,1470.0,155.5,1470.0,153.99
2017-06-03 10:21:25.489479,54.466941,-165.625069,1470.0,155.12,1470.0,153.99
2017-06-03 10:21:25.988682,54.466965,-165.625018,1470.0,155.31,1470.0,153.99
2017-06-03 10:21:26.487881,54.466973,-165.625001,1470.0,153.99,1470.0,155.31
2017-06-03 10:21:26.987083,54.466995,-165.624948,1470.0,153.99,1470.0,153.99
2017-06-03 10:21:27.486282,54.467002,-165.624931,1470.0,153.99,1470.0,154.93
2017-06-03 10:21:27.985485,54.467024,-165.624877,1470.0,153.99,1470.0,153.99
2017-06-03 10:21:28.484684,54.467031,-165.624859,1470.0,154.18,1470.0,154.18
2017-06-03 10:21:28.983887,54.467052,-165.624806,1470.0,154.18,1470.0,154.18
2017-06-03 10:21:29.498686,54.46706,-165.624787,1470.0,154.18,1470.0,154.18
2017-06-03 10:21:29.997887,54.467083,-165.624735,1470.0,155.5,1470.0,154.74
2017-06-03 10:21:30.497087,54.46709,-165.624718,1470.0,153.99,1470.0,153.99
2017-06-03 10:21:30.996288,54.467113,-165.624667,1470.0,153.99,1470.0,153.99
2017-06-03 10:21:31.495491,54.467121,-165.624651,1470.0,154.93,1470.0,154.56
2017-06-03 10:21:31.994690,54.467146,-165.624598,1470.0,155.5,1470.0,155.5
2017-06-03 10:21:32.493893,54.467154,-165.624581,1470.0,155.31,1470.0,153.8
2017-06-03 10:21:32.993092,54.467178,-165.624532,1470.0,153.8,1470.0,154.56
2017-06-03 10:21:33.492294,54.467186,-165.624516,1470.0,153.8,1470.0,153.61
2017-06-03 10:21:33.991493,54.467211,-165.624464,1470.0,153.8,1470.0,153.61
2017-06-03 10:21:34.490696,54.467218,-165.624448,1470.0,153.61,1470.0,154.93
2017-06-03 10:21:34.989895,54.467242,-165.6244,1470.0,153.61,1470.0,153.61
2017-06-03 10:21:35.489098,54.467249,-165.624384,1470.0,153.61,1470.0,153.61
2017-06-03 10:21:35.988297,54.467272,-165.624333,1470.0,154.93,1470.0,153.61
2017-06-03 10:21:36.487499,54.467279,-165.624316,1470.0,153.8,1470.0,153.8
2017-06-03 10:21:36.986700,54.467302,-165.624264,1470.0,153.8,1470.0,153.8
2017-06-03 10:21:37.485901,54.467309,-165.624247,1470.0,153.8,1470.0,153.8
2017-06-03 10:21:37.985102,54.467332,-165.624195,1470.0,153.8,1470.0,155.12
2017-06-03 10:21:38.484303,54.467339,-165.624177,1470.0,153.61,1470.0,153.61
2017-06-03 10:21:38.999104,54.467364,-165.624123,1470.0,153.61,1470.0,154.93
2017-06-03 10:21:39.498302,54.467372,-165.624106,1470.0,153.61,1470.0,153.61
2017-06-03 10:21:39.997505,54.467397,-165.624057,1470.0,153.61,1470.0,153.61
2017-06-03 10:21:40.496704,54.467405,-165.624041,1470.0,153.61,1470.0,153.61
2017-06-03 10:21:40.995907,54.467431,-165.623994,1470.0,153.8,1470.0,153.8
2017-06-03 10:21:41.495106,54.46744,-165.623977,1470.0,154.74,1470.0,153.61
2017-06-03 10:21:41.994308,54.467465,-165.623925,1470.0,153.8,1470.0,153.61
2017-06-03 10:21:42.493509,54.467473,-165.623908,1470.0,154.93,1470.0,153.61
2017-06-03 10:21:42.992710,54.467495,-165.623859,1470.0,153.8,1470.0,155.5
2017-06-03 10:21:43.491911,54.467503,-165.623842,1470.0,154.93,1470.0,153.8
2017-06-03 10:21:43.991112,54.467527,-165.62379,1470.0,155.31,1470.0,155.5
2017-06-03 10:21:44.490313,54.467535,-165.623773,1470.0,154.93,1470.0,153.61
2017-06-03 10:21:44.989513,54.467557,-165.623724,1470.0,153.61,1470.0,155.12
2017-06-03 10:21:45.488714,54.467565,-165.623707,1470.0,153.43,1470.0,153.43
2017-06-03 10:21:45.987915,54.46759,-165.623656,1470.0,153.43,1470.0,153.43
2017-06-03 10:21:46.487116,54.467598,-165.623639,1470.0,153.61,1470.0,153.43
2017-06-03 10:21:46.986319,54.467622,-165.623589,1470.0,153.61,1470.0,154.56
2017-06-03 10:21:47.485518,54.467629,-165.623573,1470.0,153.61,1470.0,153.61
2017-06-03 10:21:47.984720,54.467652,-165.623522,1470.0,153.61,1470.0,153.61
2017-06-03 10:21:48.483919,54.46766,-165.623506,1470.0,154.56,1470.0,154.93
2017-06-03 10:21:48.998720,54.467685,-165.623454,1470.0,153.43,1470.0,153.43
2017-06-03 10:21:49.497921,54.467694,-165.623438,1470.0,154.56,1470.0,154.93
2017-06-03 10:21:49.997122,54.467719,-165.623387,1470.0,153.43,1470.0,154.93
2017-06-03 10:21:50.496323,54.467727,-165.623371,1470.0,154.74,1470.0,153.43
2017-06-03 10:21:50.995523,54.467751,-165.623321,1470.0,153.61,1470.0,154.37
2017-06-03 10:21:51.494726,54.467758,-165.623304,1470.0,154.93,1470.0,153.61
2017-06-03 10:21:51.993925,54.467781,-165.623253,1470.0,153.8,1470.0,155.31
2017-06-03 10:21:52.493128,54.467788,-165.623236,1470.0,153.8,1470.0,153.99
2017-06-03 10:21:52.992327,54.467812,-165.623184,1470.0,153.61,1470.0,154.74
2017-06-03 10:21:53.491529,54.467819,-165.623167,1470.0,153.43,1470.0,153.43
2017-06-03 10:21:53.990728,54.467843,-165.623116,1470.0,154.56,1470.0,153.43
2017-06-03 10:21:54.489931,54.467851,-165.623099,1470.0,153.24,1470.0,153.24
2017-06-03 10:21:54.989130,54.467875,-165.623048,1470.0,153.24,1470.0,153.24
2017-06-03 10:21:55.488333,54.467883,-165.623031,1470.0,153.24,1470.0,153.24
2017-06-03 10:21:55.987532,54.467907,-165.622979,1470.0,153.24,1470.0,153.24
2017-06-03 10:21:56.486734,54.467915,-165.622962,1470.0,153.24,1470.0,154.93
2017-06-03 10:21:56.985935,54.46794,-165.622911,1470.0,153.24,1470.0,153.24
2017-06-03 10:21:57.485136,54.467948,-165.622894,1470.0,153.24,1470.0,152.3
2017-06-03 10:21:57.984337,54.46797,-165.622844,1470.0,153.24,1470.0,153.24
2017-06-03 10:21:58.499138,54.467978,-165.622826,1470.0,155.12,1470.0,153.43
2017-06-03 10:21:58.998339,54.468002,-165.622774,1470.0,153.43,1470.0,153.43
2017-06-03 10:21:59.497540,54.46801,-165.622757,1470.0,153.43,1470.0,153.43
2017-06-03 10:21:59.996740,54.468034,-165.622705,1470.0,153.43,1470.0,154.93
2017-06-03 10:22:00.495939,54.468042,-165.622688,1470.0,154.37,1470.0,155.12
2017-06-03 10:22:00.995142,54.468065,-165.622637,1470.0,153.43,1470.0,153.24
2017-06-03 10:22:01.494341,54.468073,-165.622621,1470.0,154.74,1470.0,153.24
2017-06-03 10:22:01.993544,54.468099,-165.622569,1470.0,154.56,1470.0,153.05
2017-06-03 10:22:02.492744,54.468107,-165.622553,1470.0,153.05,1470.0,153.05
2017-06-03 10:22:02.991945,54.46813,-165.622504,1470.0,153.05,1470.0,154.74
2017-06-03 10:22:03.491146,54.468138,-165.622487,1470.0,153.05,1470.0,153.99
2017-06-03 10:22:03.990347,54.468162,-165.622436,1470.0,153.05,1470.0,154.56
2017-06-03 10:22:04.489548,54.468169,-165.622419,1470.0,154.18,1470.0,153.05
2017-06-03 10:22:04.988749,54.468193,-165.622368,1470.0,153.24,1470.0,153.05
2017-06-03 10:22:05.487949,54.468201,-165.622351,1470.0,153.24,1470.0,154.56
2017-06-03 10:22:05.987150,54.468224,-165.622298,1470.0,153.24,1470.0,154.93
2017-06-03 10:22:06.486351,54.468231,-165.622281,1470.0,153.24,1470.0,154.74
2017-06-03 10:22:06.985552,54.468254,-165.622228,1470.0,153.24,1470.0,153.24
2017-06-03 10:22:07.484753,54.468261,-165.622211,1470.0,153.24,1470.0,154.93
2017-06-03 10:22:07.983955,54.468284,-165.622158,1470.0,153.24,1470.0,153.05
2017-06-03 10:22:08.498755,54.468292,-165.622139,1470.0,153.05,1470.0,154.37
2017-06-03 10:22:08.997955,54.468316,-165.622088,1470.0,153.05,1470.0,154.37
2017-06-03 10:22:09.497156,54.468324,-165.622071,1470.0,153.99,1470.0,153.99
2017-06-03 10:22:09.996357,54.468349,-165.622019,1470.0,153.05,1470.0,152.86
2017-06-03 10:22:10.495558,54.468357,-165.622003,1470.0,153.99,1470.0,154.56
2017-06-03 10:22:10.994759,54.46838,-165.621954,1470.0,153.05,1470.0,153.99
2017-06-03 10:22:11.493959,54.468388,-165.621937,1470.0,154.37,1470.0,153.99
2017-06-03 10:22:11.993160,54.468412,-165.621883,1470.0,154.37,1470.0,153.61
2017-06-03 10:22:12.492363,54.46842,-165.621866,1470.0,154.37,1470.0,152.86
2017-06-03 10:22:12.991562,54.468442,-165.621816,1470.0,152.86,1470.0,154.18
2017-06-03 10:22:13.490765,54.468449,-165.621799,1470.0,154.37,1470.0,154.37
2017-06-03 10:22:13.989964,54.468473,-165.621748,1470.0,153.99,1470.0,152.67
2017-06-03 10:22:14.489166,54.468481,-165.621731,1470.0,152.86,1470.0,152.67
2017-06-03 10:22:14.988365,54.468505,-165.621678,1470.0,154.56,1470.0,153.61
2017-06-03 10:22:15.487568,54.468513,-165.621661,1470.0,152.86,1470.0,152.86
2017-06-03 10:22:15.986767,54.468535,-165.621608,1470.0,153.05,1470.0,152.86
2017-06-03 10:22:16.485970,54.468543,-165.621591,1470.0,153.05,1470.0,154.74
2017-06-03 10:22:16.985170,54.468565,-165.621538,1470.0,154.56,1470.0,153.05
2017-06-03 10:22:17.484371,54.468573,-165.621521,1470.0,154.37,1470.0,152.86
2017-06-03 10:22:17.999172,54.468597,-165.621466,1470.0,154.18,1470.0,152.86
2017-06-03 10:22:18.498373,54.468605,-165.621449,1470.0,152.86,1470.0,154.56
2017-06-03 10:22:18.997574,54.468629,-165.621398,1470.0,153.8,1470.0,153.99
2017-06-03 10:22:19.496775,54.468637,-165.621381,1470.0,153.99,1470.0,152.67
2017-06-03 10:22:19.995975,54.468659,-165.621328,1470.0,154.18,1470.0,152.67
2017-06-03 10:22:20.495176,54.468667,-165.621311,1470.0,152.67,1470.0,152.67
2017-06-03 10:22:20.994377,54.46869,-165.621261,1470.0,152.67,1470.0,152.67
2017-06-03 10:22:21.493578,54.468698,-165.621244,1470.0,153.99,1470.0,153.99
2017-06-03 10:22:21.992779,54.468721,-165.62119,1470.0,152.49,1470.0,153.24
2017-06-03 10:22:22.491980,54.468728,-165.621173,1470.0,152.3,1470.0,152.3
2017-06-03 10:22:22.991180,54.46875,-165.621121,1470.0,153.61,1470.0,153.43
2017-06-03 10:22:23.490381,54.468758,-165.621104,1470.0,152.3,1470.0,153.61
2017-06-03 10:22:23.989582,54.468781,-165.62105,1470.0,152.3,1470.0,152.3
2017-06-03 10:22:24.488783,54.468788,-165.621032,1470.0,152.49,1470.0,152.49
2017-06-03 10:22:24.987984,54.468809,-165.62098,1470.0,154.37,1470.0,152.67
2017-06-03 10:22:25.487185,54.468816,-165.620962,1470.0,152.86,1470.0,153.99
2017-06-03 10:22:25.986385,54.468837,-165.620907,1470.0,152.86,1470.0,152.86
2017-06-03 10:22:26.485586,54.468844,-165.620889,1470.0,152.86,1470.0,154.93
2017-06-03 10:22:26.984787,54.468868,-165.620835,1470.0,152.67,1470.0,152.67
2017-06-03 10:22:27.483988,54.468876,-165.620817,1470.0,152.49,1470.0,152.49
2017-06-03 10:22:27.998791,54.468899,-165.620763,1470.0,152.49,1470.0,153.8
2017-06-03 10:22:28.497990,54.468907,-165.620746,1470.0,153.43,1470.0,153.8
2017-06-03 10:22:28.997190,54.46893,-165.620696,1470.0,153.61,1470.0,152.3
2017-06-03 10:22:29.496391,54.468938,-165.620679,1470.0,152.3,1470.0,153.43
2017-06-03 10:22:29.995592,54.468964,-165.620626,1470.0,153.24,1470.0,154.37
2017-06-03 10:22:30.494793,54.468972,-165.620609,1470.0,153.61,1470.0,152.11
2017-06-03 10:22:30.993994,54.468994,-165.620558,1470.0,152.11,1470.0,152.11
2017-06-03 10:22:31.493195,54.469001,-165.620541,1470.0,153.43,1470.0,152.11
2017-06-03 10:22:31.992395,54.469022,-165.620487,1470.0,152.3,1470.0,153.24
2017-06-03 10:22:32.491596,54.469029,-165.620469,1470.0,152.49,1470.0,152.3
2017-06-03 10:22:32.990797,54.469049,-165.620413,1470.0,152.67,1470.0,153.8
2017-06-03 10:22:33.490000,54.469056,-165.620395,1470.0,152.67,1470.0,152.49
2017-06-03 10:22:33.989199,54.469077,-165.62034,1470.0,152.49,1470.0,152.49
2017-06-03 10:22:34.488401,54.469084,-165.620322,1470.0,152.49,1470.0,152.3
2017-06-03 10:22:34.987600,54.469107,-165.620268,1470.0,154.56,1470.0,152.3
2017-06-03 10:22:35.486803,54.469114,-165.620251,1470.0,152.3,1470.0,153.24
2017-06-03 10:22:35.986002,54.469138,-165.620199,1470.0,152.49,1470.0,152.11
2017-06-03 10:22:36.485205,54.469146,-165.620182,1470.0,152.3,1470.0,152.11
2017-06-03 10:22:36.984404,54.46917,-165.620131,1470.0,153.61,1470.0,152.11
2017-06-03 10:22:37.499207,54.469179,-165.620113,1470.0,152.3,1470.0,152.11
2017-06-03 10:22:37.998407,54.469204,-165.620064,1470.0,152.3,1470.0,152.11
2017-06-03 10:22:38.497608,54.469212,-165.620048,1470.0,152.11,1470.0,151.92
2017-06-03 10:22:38.996809,54.469235,-165.619997,1470.0,152.11,1470.0,152.67
2017-06-03 10:22:39.496010,54.469243,-165.619981,1470.0,151.92,1470.0,151.73
2017-06-03 10:22:39.995211,54.469267,-165.619928,1470.0,151.92,1470.0,151.73
2017-06-03 10:22:40.494411,54.469275,-165.619911,1470.0,151.92,1470.0,151.73
2017-06-03 10:22:40.993612,54.469297,-165.619858,1470.0,152.11,1470.0,153.99
2017-06-03 10:22:41.492813,54.469304,-165.619841,1470.0,152.11,1470.0,152.11
2017-06-03 10:22:41.992014,54.469325,-165.619787,1470.0,152.3,1470.0,152.11
2017-06-03 10:22:42.491215,54.469332,-165.619769,1470.0,152.3,1470.0,152.11
2017-06-03 10:22:42.990416,54.469354,-165.619715,1470.0,152.49,1470.0,152.3
2017-06-03 10:22:43.489616,54.469361,-165.619697,1470.0,152.3,1470.0,152.11
2017-06-03 10:22:43.988817,54.469385,-165.619643,1470.0,152.11,1470.0,152.11
2017-06-03 10:22:44.488018,54.469393,-165.619626,1470.0,152.11,1470.0,151.92
2017-06-03 10:22:44.987219,54.469417,-165.619576,1470.0,151.92,1470.0,153.24
2017-06-03 10:22:45.486420,54.469425,-165.619559,1470.0,151.92,1470.0,151.73
2017-06-03 10:22:45.985620,54.46945,-165.619509,1470.0,151.73,1470.0,151.55
2017-06-03 10:22:46.484821,54.469458,-165.619493,1470.0,152.67,1470.0,151.36
2017-06-03 10:22:46.984022,54.469484,-165.619444,1470.0,151.55,1470.0,151.36
2017-06-03 10:22:47.498823,54.469493,-165.619426,1470.0,151.55,1470.0,151.36
2017-06-03 10:22:47.998026,54.469517,-165.619377,1470.0,151.55,1470.0,151.36
2017-06-03 10:22:48.497225,54.469525,-165.619361,1470.0,153.05,1470.0,151.55
2017-06-03 10:22:48.996428,54.469546,-165.619311,1470.0,151.73,1470.0,153.61
2017-06-03 10:22:49.495626,54.469552,-165.619294,1470.0,151.92,1470.0,151.73
2017-06-03 10:22:49.994827,54.469573,-165.619238,1470.0,151.92,1470.0,151.73
2017-06-03 10:22:50.494028,54.46958,-165.619221,1470.0,151.92,1470.0,151.73
2017-06-03 10:22:50.993229,54.469601,-165.619168,1470.0,151.73,1470.0,151.73
2017-06-03 10:22:51.492430,54.469608,-165.619151,1470.0,151.73,1470.0,152.49
2017-06-03 10:22:51.991631,54.46963,-165.619098,1470.0,151.73,1470.0,151.55
2017-06-03 10:22:52.490831,54.469638,-165.619081,1470.0,151.55,1470.0,152.49
2017-06-03 10:22:52.990032,54.469662,-165.619031,1470.0,151.36,1470.0,153.05
2017-06-03 10:22:53.489235,54.46967,-165.619014,1470.0,151.17,1470.0,151.17
2017-06-03 10:22:53.988434,54.469696,-165.618965,1470.0,151.17,1470.0,151.17
2017-06-03 10:22:54.487637,54.469705,-165.618949,1470.0,152.3,1470.0,150.98
2017-06-03 10:22:54.986835,54.46973,-165.618899,1470.0,152.49,1470.0,151.17
2017-06-03 10:22:55.486038,54.469738,-165.618882,1470.0,151.36,1470.0,150.98
2017-06-03 10:22:55.985237,54.469763,-165.618831,1470.0,151.17,1470.0,151.17
2017-06-03 10:22:56.484440,54.469771,-165.618814,1470.0,151.36,1470.0,151.36
2017-06-03 10:22:56.999239,54.469793,-165.61876,1470.0,151.55,1470.0,152.86
2017-06-03 10:22:57.498442,54.4698,-165.618742,1470.0,151.73,1470.0,153.24
2017-06-03 10:22:57.997641,54.469823,-165.618688,1470.0,151.73,1470.0,151.55
2017-06-03 10:22:58.496843,54.46983,-165.618671,1470.0,151.55,1470.0,152.11
2017-06-03 10:22:58.996044,54.469851,-165.618619,1470.0,151.55,1470.0,151.36
2017-06-03 10:22:59.495245,54.469858,-165.618602,1470.0,151.36,1470.0,151.17
2017-06-03 10:22:59.994446,54.469882,-165.618548,1470.0,151.17,1470.0,151.17
2017-06-03 10:23:00.493647,54.46989,-165.618531,1470.0,151.17,1470.0,151.55
2017-06-03 10:23:00.992847,54.469915,-165.618484,1470.0,151.17,1470.0,150.98
2017-06-03 10:23:01.492048,54.469923,-165.618468,1470.0,151.17,1470.0,150.98
2017-06-03 10:23:01.991249,54.469945,-165.618417,1470.0,151.17,1470.0,150.98
2017-06-03 10:23:02.490450,54.469953,-165.618401,1470.0,152.49,1470.0,150.98
2017-06-03 10:23:02.989651,54.469977,-165.618351,1470.0,151.17,1470.0,150.98
2017-06-03 10:23:03.488852,54.469984,-165.618334,1470.0,150.98,1470.0,152.3
2017-06-03 10:23:03.988052,54.470007,-165.618283,1470.0,152.11,1470.0,150.79
2017-06-03 10:23:04.487253,54.470014,-165.618266,1470.0,151.92,1470.0,152.11
2017-06-03 10:23:04.986454,54.470037,-165.618213,1470.0,152.67,1470.0,150.6
2017-06-03 10:23:05.485655,54.470044,-165.618196,1470.0,150.79,1470.0,150.79
2017-06-03 10:23:05.984856,54.470067,-165.618143,1470.0,150.79,1470.0,150.79
2017-06-03 10:23:06.484056,54.470074,-165.618126,1470.0,150.98,1470.0,152.67
2017-06-03 10:23:06.998857,54.470096,-165.61807,1470.0,151.17,1470.0,150.98
2017-06-03 10:23:07.498058,54.470103,-165.618052,1470.0,151.17,1470.0,151.92
2017-06-03 10:23:07.997261,54.470126,-165.617997,1470.0,151.17,1470.0,152.86
2017-06-03 10:23:08.496460,54.470133,-165.617979,1470.0,151.17,1470.0,152.49
2017-06-03 10:23:08.995663,54.470155,-165.617926,1470.0,150.98,1470.0,150.98
2017-06-03 10:23:09.494862,54.470163,-165.617909,1470.0,150.98,1470.0,150.79
2017-06-03 10:23:09.994064,54.470187,-165.617856,1470.0,150.79,1470.0,152.11
2017-06-03 10:23:10.493263,54.470195,-165.61784,1470.0,150.6,1470.0,150.6
2017-06-03 10:23:10.992464,54.470221,-165.61779,1470.0,151.92,1470.0,150.42
2017-06-03 10:23:11.491665,54.470229,-165.617774,1470.0,150.6,1470.0,150.42
2017-06-03 10:23:11.990866,54.470252,-165.617723,1470.0,150.6,1470.0,151.73
2017-06-03 10:23:12.490067,54.470259,-165.617706,1470.0,150.79,1470.0,150.6
2017-06-03 10:23:12.989267,54.470282,-165.617654,1470.0,151.92,1470.0,150.6
2017-06-03 10:23:13.488470,54.470289,-165.617637,1470.0,150.6,1470.0,151.73
2017-06-03 10:23:13.987669,54.47031,-165.617585,1470.0,150.6,1470.0,151.73
2017-06-03 10:23:14.486872,54.470317,-165.617567,1470.0,150.42,1470.0,150.42
2017-06-03 10:23:14.986071,54.470339,-165.617515,1470.0,150.42,1470.0,150.42
2017-06-03 10:23:15.485273,54.470346,-165.617497,1470.0,150.42,1470.0,150.42
2017-06-03 10:23:15.984472,54.470367,-165.617443,1470.0,150.42,1470.0,150.42
2017-06-03 10:23:16.499275,54.470375,-165.617424,1470.0,150.6,1470.0,151.73
2017-06-03 10:23:16.998474,54.470398,-165.617371,1470.0,151.73,1470.0,150.6
2017-06-03 10:23:17.497677,54.470405,-165.617354,1470.0,150.79,1470.0,152.11
2017-06-03 10:23:17.996876,54.470428,-165.617301,1470.0,152.11,1470.0,152.11
2017-06-03 10:23:18.496078,54.470435,-165.617284,1470.0,150.6,1470.0,150.6
2017-06-03 10:23:18.995279,54.47046,-165.617233,1470.0,152.11,1470.0,151.92
2017-06-03 10:23:19.494480,54.470469,-165.617216,1470.0,150.42,1470.0,152.3
2017-06-03 10:23:19.993681,54.470494,-165.617166,1470.0,150.23,1470.0,150.23
2017-06-03 10:23:20.492882,54.470502,-165.617149,1470.0,151.36,1470.0,150.04
2017-06-03 10:23:20.992083,54.470525,-165.617099,1470.0,151.55,1470.0,150.04
2017-06-03 10:23:21.491283,54.470533,-165.617082,1470.0,150.23,1470.0,150.23
2017-06-03 10:23:21.990484,54.470555,-165.617031,1470.0,150.23,1470.0,150.23
2017-06-03 10:23:22.489685,54.470562,-165.617014,1470.0,150.42,1470.0,151.36
2017-06-03 10:23:22.988886,54.470584,-165.616961,1470.0,151.73,1470.0,151.92
2017-06-03 10:23:23.488087,54.470591,-165.616944,1470.0,152.49,1470.0,150.42
2017-06-03 10:23:23.987288,54.470614,-165.616888,1470.0,150.23,1470.0,150.23
2017-06-03 10:23:24.486488,54.470621,-165.616871,1470.0,150.23,1470.0,150.23
2017-06-03 10:23:24.985689,54.470642,-165.616818,1470.0,150.42,1470.0,150.23
2017-06-03 10:23:25.484890,54.470649,-165.616801,1470.0,150.42,1470.0,150.23
2017-06-03 10:23:25.984091,54.470672,-165.616748,1470.0,150.42,1470.0,150.23
2017-06-03 10:23:26.498892,54.47068,-165.616729,1470.0,150.23,1470.0,150.23
2017-06-03 10:23:26.998093,54.470703,-165.616679,1470.0,150.42,1470.0,150.23
2017-06-03 10:23:27.497293,54.470711,-165.616662,1470.0,150.23,1470.0,150.04
2017-06-03 10:23:27.996494,54.470736,-165.616611,1470.0,150.04,1470.0,151.92
2017-06-03 10:23:28.495695,54.470743,-165.616594,1470.0,150.04,1470.0,149.85
2017-06-03 10:23:28.994896,54.470767,-165.616544,1470.0,150.23,1470.0,149.85
2017-06-03 10:23:29.494097,54.470774,-165.616527,1470.0,149.85,1470.0,149.66
2017-06-03 10:23:29.993299,54.470799,-165.616476,1470.0,149.85,1470.0,149.66
2017-06-03 10:23:30.492498,54.470807,-165.616459,1470.0,150.79,1470.0,149.66
2017-06-03 10:23:30.991701,54.470829,-165.616409,1470.0,151.17,1470.0,149.66
2017-06-03 10:23:31.490900,54.470836,-165.616392,1470.0,149.85,1470.0,149.85
2017-06-03 10:23:31.990101,54.470857,-165.616338,1470.0,149.85,1470.0,149.85
2017-06-03 10:23:32.489302,54.470864,-165.616321,1470.0,150.04,1470.0,149.85
2017-06-03 10:23:32.988503,54.470885,-165.616268,1470.0,150.23,1470.0,150.04
2017-06-03 10:23:33.487703,54.470892,-165.616251,1470.0,150.23,1470.0,150.04
2017-06-03 10:23:33.986904,54.470914,-165.616198,1470.0,150.23,1470.0,150.04
2017-06-03 10:23:34.486107,54.470921,-165.616181,1470.0,150.04,1470.0,149.85
2017-06-03 10:23:34.985306,54.470944,-165.616131,1470.0,149.85,1470.0,149.66
2017-06-03 10:23:35.484509,54.470951,-165.616114,1470.0,149.66,1470.0,149.48
2017-06-03 10:23:35.999308,54.470977,-165.616064,1470.0,149.48,1470.0,149.85
2017-06-03 10:23:36.498510,54.470985,-165.616048,1470.0,149.48,1470.0,149.29
2017-06-03 10:23:36.997709,54.47101,-165.615999,1470.0,149.48,1470.0,149.29
2017-06-03 10:23:37.496912,54.471018,-165.615982,1470.0,149.66,1470.0,149.48
2017-06-03 10:23:37.996111,54.471042,-165.615931,1470.0,149.66,1470.0,149.66
2017-06-03 10:23:38.495314,54.47105,-165.615914,1470.0,149.85,1470.0,149.66
2017-06-03 10:23:38.994514,54.471071,-165.615863,1470.0,149.85,1470.0,151.36
2017-06-03 10:23:39.493715,54.471077,-165.615845,1470.0,149.85,1470.0,149.66
2017-06-03 10:23:39.992916,54.471097,-165.615792,1470.0,149.85,1470.0,149.66
2017-06-03 10:23:40.492117,54.471104,-165.615774,1470.0,149.85,1470.0,149.66
2017-06-03 10:23:40.991318,54.471125,-165.615721,1470.0,149.85,1470.0,149.66
2017-06-03 10:23:41.490519,54.471133,-165.615704,1470.0,149.85,1470.0,149.66
2017-06-03 10:23:41.989719,54.471155,-165.615651,1470.0,149.85,1470.0,149.66
2017-06-03 10:23:42.488920,54.471163,-165.615634,1470.0,149.85,1470.0,150.6
2017-06-03 10:23:42.988121,54.471185,-165.615583,1470.0,149.66,1470.0,149.48
2017-06-03 10:23:43.487322,54.471193,-165.615566,1470.0,149.48,1470.0,151.17
2017-06-03 10:23:43.986523,54.471217,-165.615517,1470.0,149.48,1470.0,149.29
2017-06-03 10:23:44.485723,54.471224,-165.615501,1470.0,149.48,1470.0,149.29
2017-06-03 10:23:44.984924,54.471247,-165.615451,1470.0,149.48,1470.0,149.29
2017-06-03 10:23:45.484125,54.471254,-165.615434,1470.0,149.48,1470.0,150.98
2017-06-03 10:23:45.998926,54.471278,-165.615382,1470.0,149.48,1470.0,150.79
2017-06-03 10:23:46.498127,54.471285,-165.615366,1470.0,149.29,1470.0,149.1
2017-06-03 10:23:46.997328,54.471306,-165.615314,1470.0,149.1,1470.0,149.1
2017-06-03 10:23:47.496529,54.471312,-165.615297,1470.0,149.1,1470.0,150.6
2017-06-03 10:23:47.995729,54.471334,-165.615243,1470.0,149.29,1470.0,149.1
2017-06-03 10:23:48.494930,54.471341,-165.615226,1470.0,149.29,1470.0,149.1
2017-06-03 10:23:48.994131,54.471361,-165.615173,1470.0,149.29,1470.0,149.29
2017-06-03 10:23:49.493332,54.471368,-165.615156,1470.0,149.48,1470.0,149.29
2017-06-03 10:23:49.992535,54.47139,-165.615103,1470.0,149.48,1470.0,149.29
2017-06-03 10:23:50.491734,54.471397,-165.615086,1470.0,149.48,1470.0,149.29
2017-06-03 10:23:50.990936,54.471419,-165.615034,1470.0,149.48,1470.0,149.48
2017-06-03 10:23:51.490135,54.471426,-165.615017,1470.0,149.48,1470.0,149.29
2017-06-03 10:23:51.989338,54.47145,-165.614966,1470.0,149.29,1470.0,150.79
2017-06-03 10:23:52.488537,54.471458,-165.614949,1470.0,149.1,1470.0,149.1
2017-06-03 10:23:52.987738,54.471482,-165.614898,1470.0,149.1,1470.0,150.6
2017-06-03 10:23:53.486938,54.471489,-165.614881,1470.0,149.1,1470.0,149.1
2017-06-03 10:23:53.986139,54.471513,-165.614831,1470.0,149.1,1470.0,149.1
2017-06-03 10:23:54.485340,54.471521,-165.614814,1470.0,150.6,1470.0,149.1
2017-06-03 10:23:54.984541,54.471544,-165.614763,1470.0,149.29,1470.0,149.1
2017-06-03 10:23:55.499344,54.471551,-165.614744,1470.0,149.29,1470.0,149.1
2017-06-03 10:23:55.998543,54.471573,-165.614691,1470.0,149.29,1470.0,149.1
2017-06-03 10:23:56.497746,54.47158,-165.614674,1470.0,149.1,1470.0,148.91
2017-06-03 10:23:56.996944,54.471602,-165.614624,1470.0,148.91,1470.0,149.85
2017-06-03 10:23:57.496147,54.471609,-165.614607,1470.0,148.91,1470.0,148.72
2017-06-03 10:23:57.995346,54.471631,-165.614555,1470.0,148.72,1470.0,148.72
2017-06-03 10:23:58.494549,54.471638,-165.614538,1470.0,148.72,1470.0,148.53
2017-06-03 10:23:58.993748,54.47166,-165.614487,1470.0,148.72,1470.0,148.72
2017-06-03 10:23:59.492950,54.471668,-165.614471,1470.0,150.04,1470.0,148.72
2017-06-03 10:23:59.992151,54.47169,-165.614419,1470.0,148.91,1470.0,148.91
2017-06-03 10:24:00.491352,54.471698,-165.614402,1470.0,149.1,1470.0,149.48
2017-06-03 10:24:00.990553,54.47172,-165.61435,1470.0,149.29,1470.0,149.1
2017-06-03 10:24:01.489754,54.471728,-165.614332,1470.0,149.29,1470.0,149.29
2017-06-03 10:24:01.988955,54.47175,-165.61428,1470.0,149.29,1470.0,150.79
2017-06-03 10:24:02.488155,54.471758,-165.614262,1470.0,149.29,1470.0,150.79
2017-06-03 10:24:02.987356,54.47178,-165.61421,1470.0,149.29,1470.0,149.66
2017-06-03 10:24:03.486557,54.471788,-165.614192,1470.0,149.29,1470.0,149.1
2017-06-03 10:24:03.985758,54.47181,-165.61414,1470.0,149.1,1470.0,149.1
2017-06-03 10:24:04.484959,54.471817,-165.614122,1470.0,149.1,1470.0,150.42
2017-06-03 10:24:04.984159,54.471839,-165.614068,1470.0,148.91,1470.0,148.91
2017-06-03 10:24:05.498960,54.471847,-165.614049,1470.0,148.91,1470.0,150.04
2017-06-03 10:24:05.998161,54.471869,-165.613998,1470.0,148.72,1470.0,149.85
2017-06-03 10:24:06.497362,54.471877,-165.613981,1470.0,148.72,1470.0,148.53
2017-06-03 10:24:06.996563,54.4719,-165.613929,1470.0,149.66,1470.0,148.53
2017-06-03 10:24:07.495764,54.471907,-165.613912,1470.0,149.48,1470.0,149.85
2017-06-03 10:24:07.994965,54.471929,-165.613861,1470.0,148.53,1470.0,148.35
2017-06-03 10:24:08.494165,54.471936,-165.613844,1470.0,148.53,1470.0,148.35
2017-06-03 10:24:08.993366,54.471957,-165.613793,1470.0,149.66,1470.0,148.35
2017-06-03 10:24:09.492567,54.471964,-165.613776,1470.0,148.53,1470.0,148.53
2017-06-03 10:24:09.991770,54.471985,-165.613723,1470.0,148.35,1470.0,148.35
2017-06-03 10:24:10.490969,54.471992,-165.613706,1470.0,148.35,1470.0,149.66
2017-06-03 10:24:10.990171,54.472014,-165.613652,1470.0,148.35,1470.0,148.16
2017-06-03 10:24:11.489370,54.472021,-165.613634,1470.0,148.16,1470.0,147.97
2017-06-03 10:24:11.988573,54.472042,-165.613583,1470.0,147.97,1470.0,148.16
2017-06-03 10:24:12.487772,54.472049,-165.613566,1470.0,147.97,1470.0,147.78
2017-06-03 10:24:12.986975,54.472073,-165.613514,1470.0,149.48,1470.0,147.78
2017-06-03 10:24:13.486174,54.472081,-165.613497,1470.0,147.97,1470.0,149.29
2017-06-03 10:24:13.985376,54.472104,-165.613446,1470.0,147.97,1470.0,149.48
2017-06-03 10:24:14.484575,54.472111,-165.613429,1470.0,147.97,1470.0,147.97
2017-06-03 10:24:14.983776,54.472132,-165.613378,1470.0,149.48,1470.0,147.97
2017-06-03 10:24:15.498579,54.472139,-165.613359,1470.0,149.29,1470.0,147.97
2017-06-03 10:24:15.997778,54.472161,-165.613305,1470.0,147.97,1470.0,147.97
2017-06-03 10:24:16.496981,54.472168,-165.613288,1470.0,149.1,1470.0,148.91
2017-06-03 10:24:16.996180,54.472189,-165.613236,1470.0,149.48,1470.0,148.91
2017-06-03 10:24:17.495382,54.472196,-165.613219,1470.0,147.59,1470.0,147.59
2017-06-03 10:24:17.994581,54.472219,-165.613165,1470.0,147.59,1470.0,147.59
2017-06-03 10:24:18.493784,54.472226,-165.613148,1470.0,147.78,1470.0,147.59
2017-06-03 10:24:18.992983,54.472247,-165.613097,1470.0,147.78,1470.0,147.78
2017-06-03 10:24:19.492186,54.472254,-165.613081,1470.0,147.97,1470.0,147.97
2017-06-03 10:24:19.991385,54.472275,-165.613028,1470.0,147.97,1470.0,147.97
2017-06-03 10:24:20.490587,54.472283,-165.613011,1470.0,147.97,1470.0,149.29
2017-06-03 10:24:20.989788,54.472307,-165.612959,1470.0,148.72,1470.0,149.48
2017-06-03 10:24:21.488989,54.472314,-165.612943,1470.0,148.72,1470.0,147.41
2017-06-03 10:24:21.988190,54.472338,-165.612892,1470.0,147.41,1470.0,147.22
2017-06-03 10:24:22.487391,54.472346,-165.612876,1470.0,148.53,1470.0,147.22
2017-06-03 10:24:22.986591,54.47237,-165.612827,1470.0,148.35,1470.0,148.35
2017-06-03 10:24:23.485792,54.472378,-165.612811,1470.0,147.41,1470.0,148.91
2017-06-03 10:24:23.984993,54.4724,-165.612762,1470.0,148.91,1470.0,147.41
2017-06-03 10:24:24.484194,54.472407,-165.612746,1470.0,148.53,1470.0,149.1
2017-06-03 10:24:24.998995,54.472429,-165.612694,1470.0,147.41,1470.0,147.41
2017-06-03 10:24:25.498196,54.472436,-165.612678,1470.0,148.72,1470.0,148.16
2017-06-03 10:24:25.997396,54.472458,-165.612626,1470.0,147.22,1470.0,147.22
2017-06-03 10:24:26.496597,54.472465,-165.612609,1470.0,147.22,1470.0,147.22
2017-06-03 10:24:26.995798,54.472487,-165.612559,1470.0,147.22,1470.0,147.22
2017-06-03 10:24:27.494999,54.472494,-165.612542,1470.0,147.41,1470.0,147.41
2017-06-03 10:24:27.994200,54.472517,-165.61249,1470.0,147.41,1470.0,147.41
2017-06-03 10:24:28.493401,54.472525,-165.612473,1470.0,148.72,1470.0,147.59
2017-06-03 10:24:28.992601,54.472547,-165.612422,1470.0,147.59,1470.0,147.41
2017-06-03 10:24:29.491802,54.472554,-165.612406,1470.0,147.41,1470.0,147.41
2017-06-03 10:24:29.991005,54.472577,-165.612353,1470.0,148.91,1470.0,148.53
2017-06-03 10:24:30.490204,54.472584,-165.612336,1470.0,148.35,1470.0,147.22
2017-06-03 10:24:30.989407,54.472608,-165.612284,1470.0,147.22,1470.0,147.22
2017-06-03 10:24:31.488605,54.472616,-165.612268,1470.0,147.22,1470.0,147.22
2017-06-03 10:24:31.987808,54.47264,-165.612217,1470.0,147.22,1470.0,147.22
2017-06-03 10:24:32.487007,54.472647,-165.612201,1470.0,148.53,1470.0,147.22
2017-06-03 10:24:32.986210,54.472669,-165.612148,1470.0,148.35,1470.0,147.22
2017-06-03 10:24:33.485409,54.472676,-165.612131,1470.0,147.22,1470.0,148.53
2017-06-03 10:24:33.984612,54.472699,-165.612079,1470.0,148.35,1470.0,147.03
2017-06-03 10:24:34.483810,54.472706,-165.612063,1470.0,146.84,1470.0,146.84
2017-06-03 10:24:34.998611,54.472727,-165.612012,1470.0,148.16,1470.0,147.97
2017-06-03 10:24:35.497814,54.472734,-165.611996,1470.0,148.16,1470.0,146.84
2017-06-03 10:24:35.997013,54.472756,-165.611944,1470.0,147.97,1470.0,148.16
2017-06-03 10:24:36.496216,54.472763,-165.611928,1470.0,146.84,1470.0,148.35
2017-06-03 10:24:36.995415,54.472785,-165.611879,1470.0,146.84,1470.0,146.84
2017-06-03 10:24:37.494617,54.472793,-165.611863,1470.0,146.84,1470.0,146.84
2017-06-03 10:24:37.993816,54.472815,-165.611812,1470.0,146.84,1470.0,146.84
2017-06-03 10:24:38.493019,54.472823,-165.611796,1470.0,147.97,1470.0,146.84
2017-06-03 10:24:38.992218,54.472845,-165.611744,1470.0,147.97,1470.0,146.65
2017-06-03 10:24:39.491421,54.472853,-165.611727,1470.0,146.84,1470.0,146.84
2017-06-03 10:24:39.990620,54.472875,-165.611676,1470.0,148.53,1470.0,146.84
2017-06-03 10:24:40.489822,54.472882,-165.611659,1470.0,147.03,1470.0,149.1
2017-06-03 10:24:40.989023,54.472904,-165.611606,1470.0,147.03,1470.0,147.03
2017-06-03 10:24:41.488224,54.472911,-165.611589,1470.0,147.03,1470.0,146.84
2017-06-03 10:24:41.987425,54.472935,-165.611538,1470.0,146.65,1470.0,146.65
2017-06-03 10:24:42.486626,54.472943,-165.611521,1470.0,146.46,1470.0,147.78
2017-06-03 10:24:42.985826,54.472968,-165.611469,1470.0,147.78,1470.0,147.59
2017-06-03 10:24:43.485027,54.472976,-165.611453,1470.0,147.59,1470.0,146.09
2017-06-03 10:24:43.984228,54.472999,-165.611402,1470.0,146.28,1470.0,147.97
2017-06-03 10:24:44.499027,54.473007,-165.611384,1470.0,146.46,1470.0,147.78
2017-06-03 10:24:44.998230,54.473029,-165.611334,1470.0,146.65,1470.0,146.65
2017-06-03 10:24:45.497429,54.473036,-165.611317,1470.0,146.84,1470.0,146.84
2017-06-03 10:24:45.996632,54.473058,-165.611263,1470.0,146.84,1470.0,148.91
2017-06-03 10:24:46.495832,54.473065,-165.611246,1470.0,146.65,1470.0,146.65
2017-06-03 10:24:46.995033,54.473086,-165.611194,1470.0,146.65,1470.0,146.46
2017-06-03 10:24:47.494234,54.473093,-165.611177,1470.0,146.46,1470.0,146.28
2017-06-03 10:24:47.993435,54.473115,-165.611126,1470.0,146.28,1470.0,146.28
2017-06-03 10:24:48.492636,54.473123,-165.611109,1470.0,146.28,1470.0,147.97
2017-06-03 10:24:48.991837,54.473145,-165.61106,1470.0,147.22,1470.0,146.28
2017-06-03 10:24:49.491037,54.473153,-165.611044,1470.0,146.46,1470.0,146.28
2017-06-03 10:24:49.990238,54.473175,-165.610994,1470.0,147.03,1470.0,146.28
2017-06-03 10:24:50.489439,54.473183,-165.610978,1470.0,146.28,1470.0,146.28
2017-06-03 10:24:50.988642,54.473207,-165.610929,1470.0,146.28,1470.0,146.09
2017-06-03 10:24:51.487841,54.473214,-165.610913,1470.0,146.09,1470.0,146.84
2017-06-03 10:24:51.987043,54.473237,-165.610862,1470.0,146.09,1470.0,145.9
2017-06-03 10:24:52.486242,54.473244,-165.610846,1470.0,146.09,1470.0,145.9
2017-06-03 10:24:52.985445,54.473265,-165.610794,1470.0,146.09,1470.0,145.9
2017-06-03 10:24:53.484644,54.473272,-165.610777,1470.0,146.09,1470.0,146.09
2017-06-03 10:24:53.983847,54.473294,-165.610725,1470.0,146.09,1470.0,146.09
2017-06-03 10:24:54.498646,54.473302,-165.610706,1470.0,146.28,1470.0,146.09
2017-06-03 10:24:54.997847,54.473324,-165.610654,1470.0,146.28,1470.0,146.65
2017-06-03 10:24:55.497049,54.473331,-165.610637,1470.0,146.28,1470.0,146.09
2017-06-03 10:24:55.996248,54.473353,-165.610583,1470.0,146.46,1470.0,146.09
2017-06-03 10:24:56.495451,54.47336,-165.610566,1470.0,146.28,1470.0,146.09
2017-06-03 10:24:56.994650,54.473382,-165.610514,1470.0,146.09,1470.0,147.22
2017-06-03 10:24:57.493853,54.473389,-165.610497,1470.0,146.09,1470.0,146.09
2017-06-03 10:24:57.993052,54.473414,-165.610443,1470.0,146.28,1470.0,146.09
2017-06-03 10:24:58.492254,54.473421,-165.610426,1470.0,147.03,1470.0,147.22
2017-06-03 10:24:58.991453,54.473442,-165.610376,1470.0,146.09,1470.0,146.09
2017-06-03 10:24:59.490656,54.473449,-165.610359,1470.0,146.09,1470.0,147.41
2017-06-03 10:24:59.989855,54.473472,-165.610308,1470.0,146.09,1470.0,145.71
2017-06-03 10:25:00.489058,54.473479,-165.610291,1470.0,145.71,1470.0,145.71
2017-06-03 10:25:00.988258,54.4735,-165.610239,1470.0,145.71,1470.0,145.52
2017-06-03 10:25:01.487459,54.473507,-165.610222,1470.0,146.65,1470.0,145.52
2017-06-03 10:25:01.986660,54.473529,-165.610171,1470.0,147.03,1470.0,145.52
2017-06-03 10:25:02.485861,54.473536,-165.610154,1470.0,145.71,1470.0,145.71
2017-06-03 10:25:02.985062,54.473556,-165.610101,1470.0,145.71,1470.0,145.71
2017-06-03 10:25:03.484262,54.473562,-165.610084,1470.0,145.71,1470.0,146.28
2017-06-03 10:25:03.999063,54.473582,-165.61003,1470.0,145.9,1470.0,145.52
2017-06-03 10:25:04.498264,54.473588,-165.610013,1470.0,145.52,1470.0,145.52
2017-06-03 10:25:04.997465,54.473607,-165.609961,1470.0,145.52,1470.0,147.22
2017-06-03 10:25:05.496666,54.473614,-165.609944,1470.0,146.28,1470.0,145.34
2017-06-03 10:25:05.995867,54.473636,-165.609891,1470.0,145.34,1470.0,145.34
2017-06-03 10:25:06.495068,54.473643,-165.609874,1470.0,145.34,1470.0,145.34
2017-06-03 10:25:06.994268,54.473665,-165.609824,1470.0,145.34,1470.0,145.34
2017-06-03 10:25:07.493469,54.473673,-165.609807,1470.0,145.52,1470.0,145.34
2017-06-03 10:25:07.992670,54.473695,-165.609755,1470.0,145.52,1470.0,146.84
2017-06-03 10:25:08.491871,54.473702,-165.609737,1470.0,146.46,1470.0,145.52
2017-06-03 10:25:08.991072,54.473724,-165.609683,1470.0,145.71,1470.0,145.71
2017-06-03 10:25:09.490273,54.473731,-165.609665,1470.0,145.71,1470.0,145.71
2017-06-03 10:25:09.989473,54.473752,-165.609609,1470.0,145.71,1470.0,145.71
2017-06-03 10:25:10.488674,54.473759,-165.609591,1470.0,145.71,1470.0,147.22
2017-06-03 10:25:10.987875,54.473779,-165.609537,1470.0,145.71,1470.0,145.52
2017-06-03 10:25:11.487076,54.473786,-165.609519,1470.0,145.52,1470.0,147.41
2017-06-03 10:25:11.986279,54.473807,-165.609466,1470.0,145.52,1470.0,145.34
2017-06-03 10:25:12.485477,54.473814,-165.609449,1470.0,146.28,1470.0,145.15
2017-06-03 10:25:12.984680,54.473835,-165.609396,1470.0,145.15,1470.0,144.96
2017-06-03 10:25:13.483879,54.473843,-165.609379,1470.0,144.96,1470.0,145.71
2017-06-03 10:25:13.998680,54.473866,-165.609327,1470.0,144.77,1470.0,144.77
2017-06-03 10:25:14.497881,54.473873,-165.609311,1470.0,144.77,1470.0,144.77
2017-06-03 10:25:14.997082,54.473894,-165.609262,1470.0,144.77,1470.0,145.71
2017-06-03 10:25:15.496283,54.473901,-165.609246,1470.0,144.77,1470.0,146.28
2017-06-03 10:25:15.995483,54.473921,-165.609194,1470.0,144.96,1470.0,145.71
2017-06-03 10:25:16.494686,54.473928,-165.609178,1470.0,145.15,1470.0,144.96
2017-06-03 10:25:16.993885,54.473946,-165.609126,1470.0,145.34,1470.0,145.15
2017-06-03 10:25:17.493088,54.473952,-165.609109,1470.0,145.34,1470.0,145.15
2017-06-03 10:25:17.992287,54.473972,-165.609056,1470.0,145.15,1470.0,145.15
