ping_time,latitude,longitude,38kHz_sound_speed_m_s,38kHz_basic,120kHz_sound_speed_m_s,120kHz_basic
2017-06-03 10:25:18.491489,54.474007,-165.608973,1470.0,144.96,1470.0,144.96
2017-06-03 10:25:19.498291,54.474009,-165.608967,1470.0,144.96,1470.0,144.77
2017-06-03 10:25:19.997492,54.474034,-165.608915,1470.0,144.96,1470.0,144.77
2017-06-03 10:25:20.496693,54.474042,-165.608898,1470.0,144.96,1470.0,144.96
2017-06-03 10:25:20.995893,54.474064,-165.608846,1470.0,145.15,1470.0,145.15
2017-06-03 10:25:21.495094,54.474071,-165.608829,1470.0,145.34,1470.0,145.15
2017-06-03 10:25:21.994295,54.474092,-165.608778,1470.0,145.15,1470.0,145.15
2017-06-03 10:25:22.493498,54.474099,-165.608761,1470.0,145.15,1470.0,144.96
2017-06-03 10:25:22.992697,54.474122,-165.608708,1470.0,144.96,1470.0,144.96
2017-06-03 10:25:23.491899,54.474129,-165.608691,1470.0,144.77,1470.0,145.71
2017-06-03 10:25:23.991098,54.47415,-165.608641,1470.0,144.58,1470.0,144.58
2017-06-03 10:25:24.490301,54.474158,-165.608624,1470.0,144.4,1470.0,144.4
2017-06-03 10:25:24.988701,54.47418,-165.608573,1470.0,144.4,1470.0,144.21
2017-06-03 10:25:25.487902,54.474187,-165.608556,1470.0,144.21,1470.0,144.21
2017-06-03 10:25:25.987103,54.474209,-165.608504,1470.0,144.21,1470.0,144.21
2017-06-03 10:25:26.486303,54.474216,-165.608488,1470.0,144.4,1470.0,145.52
2017-06-03 10:25:26.985504,54.474236,-165.608437,1470.0,144.4,1470.0,144.4
2017-06-03 10:25:27.484705,54.474242,-165.608421,1470.0,144.58,1470.0,144.58
2017-06-03 10:25:27.983906,54.474264,-165.608371,1470.0,144.77,1470.0,144.58
2017-06-03 10:25:28.498707,54.474271,-165.608353,1470.0,144.96,1470.0,144.77
2017-06-03 10:25:28.997908,54.474291,-165.608301,1470.0,144.77,1470.0,144.77
2017-06-03 10:25:29.497108,54.474297,-165.608284,1470.0,144.77,1470.0,144.58
2017-06-03 10:25:29.996309,54.474319,-165.60823,1470.0,144.58,1470.0,144.58
2017-06-03 10:25:30.495510,54.474327,-165.608213,1470.0,144.58,1470.0,144.58
2017-06-03 10:25:30.994711,54.474349,-165.608164,1470.0,144.58,1470.0,144.58
2017-06-03 10:25:31.493914,54.474356,-165.608148,1470.0,144.58,1470.0,144.4
2017-06-03 10:25:31.993113,54.47438,-165.608097,1470.0,144.4,1470.0,144.4
2017-06-03 10:25:32.492315,54.474388,-165.608081,1470.0,145.52,1470.0,144.21
2017-06-03 10:25:32.991514,54.474412,-165.608032,1470.0,144.21,1470.0,144.02
2017-06-03 10:25:33.490717,54.474419,-165.608016,1470.0,144.02,1470.0,144.02
2017-06-03 10:25:33.989916,54.474443,-165.607966,1470.0,144.02,1470.0,144.02
2017-06-03 10:25:34.489119,54.474451,-165.607949,1470.0,145.34,1470.0,144.02
2017-06-03 10:25:34.988317,54.474472,-165.607899,1470.0,144.21,1470.0,144.21
2017-06-03 10:25:35.487520,54.474479,-165.607882,1470.0,144.4,1470.0,144.21
2017-06-03 10:25:35.986719,54.474499,-165.60783,1470.0,144.4,1470.0,146.09
2017-06-03 10:25:36.485922,54.474506,-165.607812,1470.0,144.4,1470.0,145.71
2017-06-03 10:25:36.985123,54.474527,-165.60776,1470.0,144.58,1470.0,144.21
2017-06-03 10:25:37.484324,54.474534,-165.607742,1470.0,144.21,1470.0,144.21
2017-06-03 10:25:37.999125,54.474556,-165.607688,1470.0,144.21,1470.0,144.21
2017-06-03 10:25:38.498323,54.474563,-165.607671,1470.0,144.21,1470.0,144.02
2017-06-03 10:25:38.997526,54.474585,-165.607621,1470.0,144.4,1470.0,144.21
2017-06-03 10:25:39.496725,54.474593,-165.607604,1470.0,144.4,1470.0,144.21
2017-06-03 10:25:39.995928,54.474617,-165.607554,1470.0,144.21,1470.0,145.9
2017-06-03 10:25:40.495127,54.474625,-165.607538,1470.0,144.21,1470.0,144.02
2017-06-03 10:25:40.994329,54.474647,-165.607487,1470.0,144.02,1470.0,145.15
2017-06-03 10:25:41.493528,54.474654,-165.607471,1470.0,144.77,1470.0,143.83
2017-06-03 10:25:41.992731,54.474679,-165.607419,1470.0,143.83,1470.0,145.52
2017-06-03 10:25:42.491932,54.474686,-165.607403,1470.0,144.02,1470.0,143.83
2017-06-03 10:25:42.991133,54.474707,-165.607354,1470.0,143.83,1470.0,143.83
2017-06-03 10:25:43.490334,54.474714,-165.607337,1470.0,143.83,1470.0,145.15
2017-06-03 10:25:43.989534,54.474734,-165.607285,1470.0,143.83,1470.0,145.34
2017-06-03 10:25:44.488735,54.474741,-165.607267,1470.0,143.83,1470.0,144.77
2017-06-03 10:25:44.987936,54.474761,-165.607213,1470.0,143.83,1470.0,143.83
2017-06-03 10:25:45.487137,54.474767,-165.607196,1470.0,143.83,1470.0,143.83
2017-06-03 10:25:45.986338,54.474787,-165.607143,1470.0,144.02,1470.0,143.83
2017-06-03 10:25:46.485538,54.474794,-165.607126,1470.0,144.21,1470.0,145.52
2017-06-03 10:25:46.984739,54.474813,-165.607073,1470.0,144.02,1470.0,144.02
2017-06-03 10:25:47.483940,54.474819,-165.607056,1470.0,144.02,1470.0,145.9
2017-06-03 10:25:47.998741,54.474843,-165.607001,1470.0,143.83,1470.0,143.83
2017-06-03 10:25:48.497942,54.47485,-165.606984,1470.0,143.83,1470.0,143.64
2017-06-03 10:25:48.997143,54.474872,-165.606934,1470.0,143.64,1470.0,143.64
2017-06-03 10:25:49.496344,54.474879,-165.606917,1470.0,143.64,1470.0,144.96
2017-06-03 10:25:49.995544,54.474902,-165.606865,1470.0,143.64,1470.0,144.96
2017-06-03 10:25:50.494745,54.47491,-165.606848,1470.0,144.58,1470.0,143.64
2017-06-03 10:25:50.993946,54.474933,-165.606797,1470.0,144.77,1470.0,143.64
2017-06-03 10:25:51.493147,54.474941,-165.606781,1470.0,143.64,1470.0,143.64
2017-06-03 10:25:51.992348,54.474962,-165.606729,1470.0,143.64,1470.0,143.64
2017-06-03 10:25:52.491550,54.474969,-165.606712,1470.0,143.64,1470.0,144.58
2017-06-03 10:25:52.990749,54.47499,-165.606661,1470.0,143.64,1470.0,143.45
2017-06-03 10:25:53.489952,54.474997,-165.606644,1470.0,143.64,1470.0,143.45
2017-06-03 10:25:53.989151,54.475019,-165.606591,1470.0,143.64,1470.0,143.45
2017-06-03 10:25:54.488354,54.475026,-165.606574,1470.0,143.45,1470.0,143.45
2017-06-03 10:25:54.987553,54.475046,-165.606524,1470.0,143.45,1470.0,143.45
2017-06-03 10:25:55.486755,54.475053,-165.606507,1470.0,143.27,1470.0,144.58
2017-06-03 10:25:55.985954,54.475075,-165.606456,1470.0,143.27,1470.0,143.45
2017-06-03 10:25:56.485157,54.475083,-165.606439,1470.0,143.27,1470.0,143.08
2017-06-03 10:25:56.984358,54.475105,-165.60639,1470.0,143.08,1470.0,143.08
2017-06-03 10:25:57.499157,54.475113,-165.606372,1470.0,144.4,1470.0,143.27
2017-06-03 10:25:57.998360,54.475136,-165.606321,1470.0,143.27,1470.0,143.83
2017-06-03 10:25:58.497559,54.475143,-165.606305,1470.0,143.83,1470.0,143.27
2017-06-03 10:25:58.996761,54.475165,-165.606255,1470.0,143.45,1470.0,143.45
2017-06-03 10:25:59.495960,54.475173,-165.606239,1470.0,143.45,1470.0,143.27
2017-06-03 10:25:59.995163,54.475196,-165.606186,1470.0,143.27,1470.0,144.02
2017-06-03 10:26:00.494362,54.475203,-165.606169,1470.0,143.27,1470.0,143.08
2017-06-03 10:26:00.993565,54.475225,-165.606119,1470.0,143.08,1470.0,143.08
2017-06-03 10:26:01.492764,54.475233,-165.606102,1470.0,143.08,1470.0,143.08
2017-06-03 10:26:01.991966,54.475255,-165.60605,1470.0,143.08,1470.0,143.08
2017-06-03 10:26:02.491167,54.475262,-165.606032,1470.0,143.08,1470.0,143.08
2017-06-03 10:26:02.990368,54.475284,-165.60598,1470.0,144.02,1470.0,143.08
2017-06-03 10:26:03.489569,54.475291,-165.605962,1470.0,143.08,1470.0,143.08
2017-06-03 10:26:03.988770,54.475314,-165.605911,1470.0,144.21,1470.0,144.21
2017-06-03 10:26:04.487970,54.475321,-165.605894,1470.0,143.08,1470.0,144.21
2017-06-03 10:26:04.987171,54.475344,-165.605843,1470.0,144.4,1470.0,142.89
2017-06-03 10:26:05.486372,54.475351,-165.605826,1470.0,142.89,1470.0,142.89
2017-06-03 10:26:05.985573,54.475374,-165.605776,1470.0,142.89,1470.0,144.02
2017-06-03 10:26:06.484774,54.475381,-165.605759,1470.0,144.21,1470.0,142.7
2017-06-03 10:26:06.983974,54.475403,-165.605709,1470.0,142.7,1470.0,142.7
2017-06-03 10:26:07.498775,54.475411,-165.605691,1470.0,142.7,1470.0,142.7
2017-06-03 10:26:07.997976,54.475436,-165.605639,1470.0,142.7,1470.0,143.83
2017-06-03 10:26:08.497177,54.475443,-165.605623,1470.0,143.64,1470.0,143.83
2017-06-03 10:26:08.996378,54.475465,-165.605574,1470.0,144.02,1470.0,142.51
2017-06-03 10:26:09.495579,54.475473,-165.605557,1470.0,142.51,1470.0,144.21
2017-06-03 10:26:09.994780,54.475495,-165.605506,1470.0,142.51,1470.0,142.51
2017-06-03 10:26:10.493980,54.475502,-165.605489,1470.0,144.02,1470.0,142.51
2017-06-03 10:26:10.993181,54.475524,-165.605438,1470.0,144.21,1470.0,142.51
2017-06-03 10:26:11.492382,54.475531,-165.605421,1470.0,144.02,1470.0,144.21
2017-06-03 10:26:11.991583,54.475554,-165.605368,1470.0,142.7,1470.0,144.21
2017-06-03 10:26:12.490784,54.475561,-165.605351,1470.0,142.7,1470.0,143.83
2017-06-03 10:26:12.989985,54.475584,-165.605299,1470.0,142.7,1470.0,144.21
2017-06-03 10:26:13.489187,54.475591,-165.605282,1470.0,142.51,1470.0,142.51
2017-06-03 10:26:13.988386,54.475615,-165.60523,1470.0,143.83,1470.0,142.33
2017-06-03 10:26:14.487589,54.475623,-165.605212,1470.0,142.33,1470.0,142.33
2017-06-03 10:26:14.986788,54.475645,-165.605161,1470.0,142.33,1470.0,142.7
2017-06-03 10:26:15.485991,54.475653,-165.605144,1470.0,143.64,1470.0,142.33
2017-06-03 10:26:15.985189,54.475677,-165.605093,1470.0,142.33,1470.0,143.27
2017-06-03 10:26:16.484392,54.475684,-165.605076,1470.0,142.33,1470.0,142.33
2017-06-03 10:26:16.999191,54.475707,-165.605023,1470.0,142.33,1470.0,142.33
2017-06-03 10:26:17.498392,54.475714,-165.605006,1470.0,142.33,1470.0,142.33
2017-06-03 10:26:17.997595,54.475737,-165.604953,1470.0,142.33,1470.0,143.83
2017-06-03 10:26:18.496794,54.475745,-165.604936,1470.0,143.27,1470.0,142.33
2017-06-03 10:26:18.995996,54.475766,-165.604884,1470.0,142.33,1470.0,142.33
2017-06-03 10:26:19.495195,54.475772,-165.604867,1470.0,143.45,1470.0,142.14
2017-06-03 10:26:19.994398,54.475794,-165.604815,1470.0,143.45,1470.0,142.14
2017-06-03 10:26:20.493597,54.475801,-165.604797,1470.0,142.14,1470.0,143.83
2017-06-03 10:26:20.992800,54.475824,-165.604745,1470.0,142.14,1470.0,141.95
2017-06-03 10:26:21.491999,54.475831,-165.604727,1470.0,141.95,1470.0,141.95
2017-06-03 10:26:21.991201,54.475852,-165.604675,1470.0,143.08,1470.0,141.95
2017-06-03 10:26:22.490402,54.475859,-165.604657,1470.0,141.95,1470.0,141.95
2017-06-03 10:26:22.989603,54.475882,-165.604606,1470.0,141.95,1470.0,141.95
2017-06-03 10:26:23.488804,54.475889,-165.604589,1470.0,143.08,1470.0,142.89
2017-06-03 10:26:23.988005,54.475912,-165.604536,1470.0,142.7,1470.0,141.76
2017-06-03 10:26:24.487206,54.475919,-165.604519,1470.0,141.95,1470.0,142.89
2017-06-03 10:26:24.986406,54.475942,-165.604466,1470.0,141.95,1470.0,143.45
2017-06-03 10:26:25.485607,54.475949,-165.604449,1470.0,141.95,1470.0,141.95
2017-06-03 10:26:25.984808,54.47597,-165.604396,1470.0,142.89,1470.0,141.95
2017-06-03 10:26:26.484009,54.475977,-165.604379,1470.0,141.95,1470.0,143.45
2017-06-03 10:26:26.998810,54.475999,-165.604325,1470.0,141.95,1470.0,141.95
2017-06-03 10:26:27.498011,54.476006,-165.604307,1470.0,141.76,1470.0,141.76
2017-06-03 10:26:27.997211,54.476029,-165.604255,1470.0,142.89,1470.0,141.57
2017-06-03 10:26:28.496412,54.476037,-165.604238,1470.0,141.57,1470.0,141.57
2017-06-03 10:26:28.995613,54.47606,-165.604186,1470.0,143.08,1470.0,141.57
2017-06-03 10:26:29.494814,54.476067,-165.604169,1470.0,141.57,1470.0,142.7
2017-06-03 10:26:29.994015,54.476089,-165.604116,1470.0,142.89,1470.0,141.57
2017-06-03 10:26:30.493216,54.476096,-165.604099,1470.0,142.89,1470.0,142.89
2017-06-03 10:26:30.992416,54.476117,-165.604046,1470.0,142.89,1470.0,143.27
2017-06-03 10:26:31.491617,54.476124,-165.604029,1470.0,142.89,1470.0,141.57
2017-06-03 10:26:31.990818,54.476145,-165.603976,1470.0,141.57,1470.0,141.95
2017-06-03 10:26:32.490019,54.476153,-165.603959,1470.0,141.57,1470.0,142.33
2017-06-03 10:26:32.989220,54.476175,-165.603906,1470.0,141.38,1470.0,141.38
2017-06-03 10:26:33.488422,54.476183,-165.603889,1470.0,141.38,1470.0,141.38
2017-06-03 10:26:33.987621,54.476205,-165.603836,1470.0,142.7,1470.0,141.38
2017-06-03 10:26:34.486824,54.476213,-165.603819,1470.0,142.7,1470.0,141.2
2017-06-03 10:26:34.986023,54.476235,-165.603768,1470.0,141.2,1470.0,141.2
2017-06-03 10:26:35.485226,54.476243,-165.603751,1470.0,141.2,1470.0,141.2
2017-06-03 10:26:35.984425,54.476265,-165.603698,1470.0,141.2,1470.0,141.2
2017-06-03 10:26:36.499228,54.476273,-165.603679,1470.0,141.2,1470.0,142.33
2017-06-03 10:26:36.998426,54.476294,-165.603628,1470.0,142.14,1470.0,141.2
2017-06-03 10:26:37.497627,54.476301,-165.603611,1470.0,141.2,1470.0,142.7
2017-06-03 10:26:37.996828,54.476323,-165.603558,1470.0,141.2,1470.0,142.89
2017-06-03 10:26:38.496029,54.47633,-165.603541,1470.0,141.2,1470.0,142.33
2017-06-03 10:26:38.995232,54.476351,-165.603488,1470.0,141.01,1470.0,141.01
2017-06-03 10:26:39.494431,54.476357,-165.603471,1470.0,141.01,1470.0,141.01
2017-06-03 10:26:39.993633,54.476379,-165.603417,1470.0,141.01,1470.0,140.82
2017-06-03 10:26:40.492832,54.476386,-165.603399,1470.0,142.33,1470.0,140.82
2017-06-03 10:26:40.992035,54.476409,-165.603345,1470.0,141.95,1470.0,140.82
2017-06-03 10:26:41.491234,54.476416,-165.603327,1470.0,140.82,1470.0,140.82
2017-06-03 10:26:41.990437,54.476439,-165.603273,1470.0,141.76,1470.0,140.82
2017-06-03 10:26:42.489635,54.476446,-165.603256,1470.0,140.82,1470.0,140.82
2017-06-03 10:26:42.988838,54.476467,-165.603203,1470.0,141.01,1470.0,141.01
2017-06-03 10:26:43.488039,54.476474,-165.603186,1470.0,141.01,1470.0,141.01
2017-06-03 10:26:43.987240,54.476497,-165.603132,1470.0,141.01,1470.0,141.01
2017-06-03 10:26:44.486441,54.476504,-165.603114,1470.0,142.33,1470.0,141.01
2017-06-03 10:26:44.985641,54.476528,-165.603063,1470.0,141.01,1470.0,141.76
2017-06-03 10:26:45.484842,54.476535,-165.603046,1470.0,140.82,1470.0,140.82
2017-06-03 10:26:45.984043,54.476558,-165.602992,1470.0,140.82,1470.0,140.63
2017-06-03 10:26:46.498844,54.476567,-165.602973,1470.0,141.95,1470.0,141.38
2017-06-03 10:26:46.998045,54.476589,-165.602924,1470.0,140.63,1470.0,140.44
2017-06-03 10:26:47.497246,54.476596,-165.602907,1470.0,140.44,1470.0,140.26
2017-06-03 10:26:47.996447,54.476619,-165.602856,1470.0,140.26,1470.0,141.2
2017-06-03 10:26:48.495647,54.476627,-165.602839,1470.0,140.07,1470.0,140.07
2017-06-03 10:26:48.994848,54.476649,-165.602789,1470.0,141.01,1470.0,139.88
2017-06-03 10:26:49.494049,54.476656,-165.602772,1470.0,141.57,1470.0,139.88
2017-06-03 10:26:49.993250,54.476677,-165.60272,1470.0,140.07,1470.0,140.07
2017-06-03 10:26:50.492451,54.476684,-165.602702,1470.0,140.26,1470.0,140.07
2017-06-03 10:26:50.991652,54.476705,-165.602648,1470.0,141.57,1470.0,140.26
2017-06-03 10:26:51.490852,54.476712,-165.602631,1470.0,140.44,1470.0,142.14
2017-06-03 10:26:51.990053,54.476732,-165.602577,1470.0,140.44,1470.0,142.33
2017-06-03 10:26:52.489254,54.476739,-165.602559,1470.0,140.44,1470.0,140.44
2017-06-03 10:26:52.988455,54.476762,-165.602505,1470.0,140.26,1470.0,140.26
2017-06-03 10:26:53.487658,54.476769,-165.602487,1470.0,141.38,1470.0,141.2
2017-06-03 10:26:53.986856,54.476793,-165.602433,1470.0,140.07,1470.0,141.38
2017-06-03 10:26:54.486059,54.476801,-165.602416,1470.0,141.2,1470.0,141.76
2017-06-03 10:26:54.985258,54.476826,-165.602363,1470.0,139.88,1470.0,139.88
2017-06-03 10:26:55.484461,54.476834,-165.602346,1470.0,139.88,1470.0,139.88
2017-06-03 10:26:55.999260,54.476859,-165.602293,1470.0,141.38,1470.0,139.88
2017-06-03 10:26:56.498463,54.476867,-165.602276,1470.0,141.01,1470.0,139.88
2017-06-03 10:26:56.997662,54.47689,-165.602224,1470.0,140.82,1470.0,139.88
2017-06-03 10:26:57.496864,54.476897,-165.602207,1470.0,139.88,1470.0,139.88
2017-06-03 10:26:57.996063,54.476919,-165.602153,1470.0,141.2,1470.0,139.69
2017-06-03 10:26:58.495264,54.476927,-165.602136,1470.0,140.82,1470.0,140.44
2017-06-03 10:26:58.994467,54.476949,-165.602084,1470.0,139.5,1470.0,139.5
2017-06-03 10:26:59.493666,54.476956,-165.602067,1470.0,139.5,1470.0,141.38
2017-06-03 10:26:59.992868,54.476977,-165.602015,1470.0,140.44,1470.0,139.31
2017-06-03 10:27:00.492067,54.476984,-165.601997,1470.0,140.82,1470.0,139.31
2017-06-03 10:27:00.991270,54.477005,-165.601946,1470.0,140.82,1470.0,140.82
2017-06-03 10:27:01.490469,54.477013,-165.601929,1470.0,140.63,1470.0,139.5
2017-06-03 10:27:01.989672,54.477035,-165.601878,1470.0,141.01,1470.0,140.07
2017-06-03 10:27:02.488871,54.477043,-165.601861,1470.0,141.01,1470.0,139.31
2017-06-03 10:27:02.988073,54.477065,-165.601809,1470.0,139.31,1470.0,139.31
2017-06-03 10:27:03.487272,54.477073,-165.601792,1470.0,140.44,1470.0,140.44
2017-06-03 10:27:03.986475,54.477095,-165.60174,1470.0,139.13,1470.0,140.26
2017-06-03 10:27:04.485676,54.477103,-165.601722,1470.0,140.63,1470.0,139.13
2017-06-03 10:27:04.984877,54.477125,-165.601671,1470.0,139.13,1470.0,140.07
2017-06-03 10:27:05.484077,54.477132,-165.601654,1470.0,139.13,1470.0,139.13
2017-06-03 10:27:05.998878,54.477157,-165.601598,1470.0,139.13,1470.0,139.13
2017-06-03 10:27:06.498079,54.477165,-165.601581,1470.0,140.63,1470.0,139.13
2017-06-03 10:27:06.997280,54.477187,-165.601528,1470.0,140.63,1470.0,139.13
2017-06-03 10:27:07.496481,54.477194,-165.60151,1470.0,139.31,1470.0,139.31
2017-06-03 10:27:07.995682,54.477217,-165.601457,1470.0,139.13,1470.0,139.13
2017-06-03 10:27:08.494883,54.477224,-165.601439,1470.0,139.13,1470.0,139.13
2017-06-03 10:27:08.994083,54.477245,-165.601385,1470.0,139.13,1470.0,138.94
2017-06-03 10:27:09.493284,54.477253,-165.601367,1470.0,138.94,1470.0,138.94
2017-06-03 10:27:09.992485,54.477276,-165.601313,1470.0,138.94,1470.0,140.07
2017-06-03 10:27:10.491686,54.477283,-165.601296,1470.0,138.94,1470.0,138.75
2017-06-03 10:27:10.990887,54.477304,-165.601246,1470.0,138.75,1470.0,140.63
2017-06-03 10:27:11.490088,54.477311,-165.601229,1470.0,140.07,1470.0,138.75
2017-06-03 10:27:11.989288,54.477334,-165.601179,1470.0,138.56,1470.0,138.56
2017-06-03 10:27:12.488489,54.477341,-165.601163,1470.0,138.56,1470.0,138.56
2017-06-03 10:27:12.987690,54.477364,-165.601112,1470.0,139.88,1470.0,138.56
2017-06-03 10:27:13.486893,54.477371,-165.601096,1470.0,138.56,1470.0,138.37
2017-06-03 10:27:13.986092,54.477394,-165.601046,1470.0,139.69,1470.0,140.07
2017-06-03 10:27:14.485294,54.477401,-165.601029,1470.0,138.19,1470.0,139.31
2017-06-03 10:27:14.984493,54.477423,-165.600978,1470.0,138.19,1470.0,138.19
2017-06-03 10:27:15.499296,54.477431,-165.600959,1470.0,138.37,1470.0,140.07
2017-06-03 10:27:15.998495,54.477451,-165.600905,1470.0,139.31,1470.0,138.37
2017-06-03 10:27:16.497698,54.477458,-165.600887,1470.0,138.37,1470.0,138.37
2017-06-03 10:27:16.996897,54.477479,-165.600835,1470.0,138.56,1470.0,138.56
2017-06-03 10:27:17.496099,54.477486,-165.600817,1470.0,138.56,1470.0,138.56
2017-06-03 10:27:17.995298,54.477507,-165.600763,1470.0,138.75,1470.0,138.56
2017-06-03 10:27:18.494501,54.477514,-165.600745,1470.0,138.56,1470.0,138.56
2017-06-03 10:27:18.993702,54.477538,-165.600692,1470.0,138.37,1470.0,138.37
2017-06-03 10:27:19.492903,54.477546,-165.600674,1470.0,138.37,1470.0,139.31
2017-06-03 10:27:19.992104,54.47757,-165.600621,1470.0,138.19,1470.0,138.19
2017-06-03 10:27:20.491302,54.477578,-165.600604,1470.0,138.94,1470.0,138.0
2017-06-03 10:27:20.990505,54.477603,-165.600553,1470.0,138.0,1470.0,139.13
2017-06-03 10:27:21.489704,54.477611,-165.600536,1470.0,138.0,1470.0,137.81
2017-06-03 10:27:21.988907,54.477634,-165.600484,1470.0,139.31,1470.0,138.0
2017-06-03 10:27:22.488106,54.477641,-165.600467,1470.0,139.31,1470.0,138.0
2017-06-03 10:27:22.987309,54.477662,-165.600416,1470.0,138.0,1470.0,137.81
2017-06-03 10:27:23.486507,54.477669,-165.600399,1470.0,137.81,1470.0,137.81
2017-06-03 10:27:23.985710,54.477689,-165.600346,1470.0,137.62,1470.0,137.62
2017-06-03 10:27:24.484911,54.477696,-165.600329,1470.0,137.62,1470.0,137.43
2017-06-03 10:27:24.984112,54.477717,-165.600278,1470.0,137.43,1470.0,137.43
2017-06-03 10:27:25.498913,54.477724,-165.600259,1470.0,138.75,1470.0,137.43
2017-06-03 10:27:25.998114,54.477745,-165.600205,1470.0,139.13,1470.0,138.37
2017-06-03 10:27:26.497314,54.477751,-165.600188,1470.0,137.62,1470.0,137.62
2017-06-03 10:27:26.996515,54.477772,-165.600136,1470.0,137.62,1470.0,137.62
2017-06-03 10:27:27.495716,54.477779,-165.600119,1470.0,137.81,1470.0,137.62
2017-06-03 10:27:27.994917,54.4778,-165.600068,1470.0,137.62,1470.0,137.62
2017-06-03 10:27:28.494118,54.477808,-165.60005,1470.0,137.43,1470.0,137.43
2017-06-03 10:27:28.993319,54.477832,-165.599997,1470.0,137.43,1470.0,138.56
2017-06-03 10:27:29.492519,54.477839,-165.599979,1470.0,137.24,1470.0,137.24
2017-06-03 10:27:29.991720,54.477862,-165.599926,1470.0,138.56,1470.0,137.24
2017-06-03 10:27:30.490921,54.477869,-165.599909,1470.0,138.56,1470.0,138.19
2017-06-03 10:27:30.990122,54.477892,-165.599855,1470.0,137.24,1470.0,137.24
2017-06-03 10:27:31.489323,54.477899,-165.599837,1470.0,138.56,1470.0,137.24
2017-06-03 10:27:31.988523,54.47792,-165.599783,1470.0,137.43,1470.0,137.24
2017-06-03 10:27:32.487724,54.477927,-165.599766,1470.0,138.56,1470.0,137.24
2017-06-03 10:27:32.986925,54.477949,-165.599712,1470.0,138.75,1470.0,137.06
2017-06-03 10:27:33.486126,54.477956,-165.599694,1470.0,138.37,1470.0,136.87
2017-06-03 10:27:33.985327,54.477977,-165.59964,1470.0,138.19,1470.0,136.68
2017-06-03 10:27:34.484528,54.477984,-165.599622,1470.0,137.62,1470.0,136.68
2017-06-03 10:27:34.999329,54.478007,-165.599569,1470.0,136.49,1470.0,136.49
2017-06-03 10:27:35.498531,54.478014,-165.599552,1470.0,137.62,1470.0,137.62
2017-06-03 10:27:35.997730,54.478035,-165.5995,1470.0,136.68,1470.0,136.68
2017-06-03 10:27:36.496933,54.478041,-165.599483,1470.0,138.37,1470.0,138.19
2017-06-03 10:27:36.996132,54.478062,-165.599431,1470.0,136.87,1470.0,136.87
2017-06-03 10:27:37.495335,54.478069,-165.599414,1470.0,136.68,1470.0,136.68
2017-06-03 10:27:37.994534,54.47809,-165.599361,1470.0,136.68,1470.0,136.68
2017-06-03 10:27:38.493736,54.478097,-165.599344,1470.0,136.49,1470.0,136.49
2017-06-03 10:27:38.992937,54.478119,-165.599293,1470.0,136.3,1470.0,136.49
2017-06-03 10:27:39.492138,54.478126,-165.599276,1470.0,136.3,1470.0,136.3
2017-06-03 10:27:39.991339,54.478149,-165.599224,1470.0,136.3,1470.0,136.3
2017-06-03 10:27:40.490540,54.478156,-165.599207,1470.0,136.3,1470.0,136.3
2017-06-03 10:27:40.989740,54.478179,-165.599155,1470.0,136.3,1470.0,136.3
2017-06-03 10:27:41.488939,54.478186,-165.599137,1470.0,137.81,1470.0,136.49
2017-06-03 10:27:41.988142,54.478207,-165.599085,1470.0,137.43,1470.0,137.62
2017-06-03 10:27:42.487341,54.478214,-165.599067,1470.0,136.49,1470.0,136.49
2017-06-03 10:27:42.986544,54.478237,-165.599015,1470.0,136.49,1470.0,136.3
2017-06-03 10:27:43.485743,54.478244,-165.598997,1470.0,136.3,1470.0,137.24
2017-06-03 10:27:43.984945,54.478265,-165.598943,1470.0,136.12,1470.0,136.12
2017-06-03 10:27:44.484146,54.478273,-165.598926,1470.0,137.43,1470.0,135.93
2017-06-03 10:27:44.998947,54.478295,-165.598871,1470.0,135.93,1470.0,135.93
2017-06-03 10:27:45.498148,54.478302,-165.598854,1470.0,137.06,1470.0,135.93
2017-06-03 10:27:45.997349,54.478324,-165.5988,1470.0,135.93,1470.0,137.06
2017-06-03 10:27:46.496550,54.478331,-165.598783,1470.0,137.43,1470.0,135.74
2017-06-03 10:27:46.995750,54.478352,-165.598732,1470.0,135.93,1470.0,135.74
2017-06-03 10:27:47.494951,54.478359,-165.598716,1470.0,135.93,1470.0,135.74
2017-06-03 10:27:47.994152,54.47838,-165.598663,1470.0,137.06,1470.0,135.93
2017-06-03 10:27:48.493353,54.478387,-165.598646,1470.0,137.24,1470.0,135.93
2017-06-03 10:27:48.992554,54.478407,-165.598593,1470.0,135.93,1470.0,135.93
2017-06-03 10:27:49.491755,54.478414,-165.598575,1470.0,135.74,1470.0,135.74
2017-06-03 10:27:49.990955,54.478435,-165.598522,1470.0,137.06,1470.0,135.74
2017-06-03 10:27:50.490156,54.478442,-165.598504,1470.0,137.06,1470.0,137.06
2017-06-03 10:27:50.989357,54.478462,-165.598453,1470.0,136.87,1470.0,135.55
2017-06-03 10:27:51.488558,54.478469,-165.598436,1470.0,135.55,1470.0,135.55
2017-06-03 10:27:51.987759,54.478492,-165.598384,1470.0,136.87,1470.0,135.55
2017-06-03 10:27:52.486959,54.478499,-165.598367,1470.0,135.55,1470.0,136.49
2017-06-03 10:27:52.986160,54.478522,-165.598316,1470.0,136.68,1470.0,136.87
2017-06-03 10:27:53.485361,54.478529,-165.598299,1470.0,135.55,1470.0,135.55
2017-06-03 10:27:53.984562,54.47855,-165.598246,1470.0,136.68,1470.0,135.55
2017-06-03 10:27:54.499363,54.478558,-165.598227,1470.0,136.68,1470.0,136.68
2017-06-03 10:27:54.998564,54.478579,-165.598175,1470.0,135.36,1470.0,135.36
2017-06-03 10:27:55.497766,54.478586,-165.598157,1470.0,136.68,1470.0,135.18
2017-06-03 10:27:55.996965,54.478608,-165.598103,1470.0,136.3,1470.0,135.93
2017-06-03 10:27:56.496168,54.478615,-165.598086,1470.0,134.99,1470.0,134.99
2017-06-03 10:27:56.995367,54.478637,-165.598036,1470.0,134.99,1470.0,134.99
2017-06-03 10:27:57.494570,54.478644,-165.598019,1470.0,134.99,1470.0,134.99
2017-06-03 10:27:57.993769,54.478667,-165.597966,1470.0,135.18,1470.0,135.18
2017-06-03 10:27:58.492971,54.478674,-165.597949,1470.0,135.18,1470.0,135.18
2017-06-03 10:27:58.992170,54.478697,-165.597896,1470.0,135.18,1470.0,135.18
2017-06-03 10:27:59.491373,54.478704,-165.597879,1470.0,135.36,1470.0,134.99
2017-06-03 10:27:59.990572,54.478727,-165.597826,1470.0,134.99,1470.0,134.99
2017-06-03 10:28:00.489775,54.478734,-165.597809,1470.0,136.12,1470.0,134.99
2017-06-03 10:28:00.988976,54.478757,-165.597758,1470.0,136.12,1470.0,134.8
2017-06-03 10:28:01.488176,54.478764,-165.597741,1470.0,134.99,1470.0,134.8
2017-06-03 10:28:01.987377,54.478785,-165.597688,1470.0,136.3,1470.0,134.99
2017-06-03 10:28:02.486576,54.478793,-165.597671,1470.0,134.99,1470.0,134.8
2017-06-03 10:28:02.985779,54.478815,-165.597621,1470.0,134.8,1470.0,134.8
2017-06-03 10:28:03.484978,54.478822,-165.597604,1470.0,135.93,1470.0,134.61
2017-06-03 10:28:03.984180,54.478845,-165.597551,1470.0,134.61,1470.0,134.61
2017-06-03 10:28:04.498981,54.478853,-165.597533,1470.0,134.61,1470.0,134.42
2017-06-03 10:28:04.998182,54.478874,-165.597484,1470.0,134.42,1470.0,134.42
2017-06-03 10:28:05.497383,54.478881,-165.597467,1470.0,134.42,1470.0,134.42
2017-06-03 10:28:05.996584,54.478903,-165.597415,1470.0,134.42,1470.0,134.42
2017-06-03 10:28:06.495785,54.47891,-165.597397,1470.0,134.42,1470.0,134.42
2017-06-03 10:28:06.994986,54.478931,-165.597345,1470.0,134.42,1470.0,134.42
2017-06-03 10:28:07.494186,54.478937,-165.597327,1470.0,134.42,1470.0,134.42
2017-06-03 10:28:07.993387,54.478959,-165.597275,1470.0,134.42,1470.0,134.42
2017-06-03 10:28:08.492588,54.478966,-165.597257,1470.0,134.42,1470.0,134.42
2017-06-03 10:28:08.991789,54.478989,-165.597205,1470.0,134.42,1470.0,134.42
2017-06-03 10:28:09.490990,54.478996,-165.597187,1470.0,135.93,1470.0,134.42
2017-06-03 10:28:09.990191,54.479017,-165.597135,1470.0,134.61,1470.0,136.12
2017-06-03 10:28:10.489391,54.479024,-165.597117,1470.0,134.61,1470.0,134.61
2017-06-03 10:28:10.988592,54.479047,-165.597065,1470.0,135.74,1470.0,134.42
2017-06-03 10:28:11.487793,54.479054,-165.597047,1470.0,134.42,1470.0,134.8
2017-06-03 10:28:11.986994,54.479077,-165.596996,1470.0,135.36,1470.0,135.55
2017-06-03 10:28:12.486195,54.479084,-165.596979,1470.0,134.05,1470.0,134.05
2017-06-03 10:28:12.985395,54.479106,-165.596929,1470.0,134.99,1470.0,133.86
2017-06-03 10:28:13.484596,54.479113,-165.596912,1470.0,134.99,1470.0,133.86
2017-06-03 10:28:13.983797,54.479135,-165.596858,1470.0,135.18,1470.0,133.86
2017-06-03 10:28:14.498598,54.479143,-165.596839,1470.0,134.05,1470.0,134.05
2017-06-03 10:28:14.997799,54.479164,-165.596789,1470.0,134.05,1470.0,134.05
2017-06-03 10:28:15.497002,54.479171,-165.596772,1470.0,134.05,1470.0,134.05
2017-06-03 10:28:15.996201,54.479193,-165.596717,1470.0,135.55,1470.0,134.05
2017-06-03 10:28:16.495403,54.4792,-165.596699,1470.0,134.05,1470.0,134.23
2017-06-03 10:28:16.994602,54.479219,-165.596646,1470.0,134.23,1470.0,134.05
2017-06-03 10:28:17.493805,54.479226,-165.596629,1470.0,134.05,1470.0,134.05
2017-06-03 10:28:17.993004,54.479247,-165.596575,1470.0,134.05,1470.0,134.05
2017-06-03 10:28:18.492207,54.479254,-165.596557,1470.0,134.05,1470.0,133.86
2017-06-03 10:28:18.991405,54.479275,-165.596506,1470.0,133.86,1470.0,133.86
2017-06-03 10:28:19.490608,54.479283,-165.596489,1470.0,133.86,1470.0,133.86
2017-06-03 10:28:19.989807,54.479305,-165.596438,1470.0,133.86,1470.0,133.67
2017-06-03 10:28:20.489010,54.479313,-165.596421,1470.0,133.67,1470.0,133.67
2017-06-03 10:28:20.988211,54.479335,-165.596371,1470.0,133.67,1470.0,133.48
2017-06-03 10:28:21.487411,54.479343,-165.596354,1470.0,134.8,1470.0,133.48
2017-06-03 10:28:21.986612,54.479365,-165.596303,1470.0,133.48,1470.0,133.48
2017-06-03 10:28:22.485813,54.479372,-165.596286,1470.0,134.8,1470.0,134.99
2017-06-03 10:28:22.985014,54.479393,-165.596236,1470.0,133.48,1470.0,134.42
2017-06-03 10:28:23.484213,54.4794,-165.596219,1470.0,133.48,1470.0,133.48
2017-06-03 10:28:23.999016,54.479423,-165.596162,1470.0,133.48,1470.0,133.48
2017-06-03 10:28:24.498215,54.479429,-165.596144,1470.0,133.48,1470.0,133.48
2017-06-03 10:28:24.997417,54.479448,-165.59609,1470.0,133.48,1470.0,133.48
2017-06-03 10:28:25.496616,54.479454,-165.596072,1470.0,133.86,1470.0,133.48
2017-06-03 10:28:25.995819,54.479475,-165.596018,1470.0,133.48,1470.0,133.48
2017-06-03 10:28:26.495020,54.479483,-165.596001,1470.0,133.48,1470.0,133.29
2017-06-03 10:28:26.994221,54.479505,-165.595948,1470.0,134.61,1470.0,133.67
2017-06-03 10:28:27.493422,54.479513,-165.595931,1470.0,133.29,1470.0,133.29
2017-06-03 10:28:27.992622,54.479535,-165.595878,1470.0,133.48,1470.0,133.29
2017-06-03 10:28:28.491823,54.479543,-165.595861,1470.0,133.48,1470.0,133.48
2017-06-03 10:28:28.991024,54.479565,-165.595809,1470.0,133.67,1470.0,133.48
2017-06-03 10:28:29.490225,54.479573,-165.595792,1470.0,133.48,1470.0,133.48
2017-06-03 10:28:29.989426,54.479595,-165.595741,1470.0,133.48,1470.0,133.29
2017-06-03 10:28:30.488626,54.479603,-165.595724,1470.0,133.29,1470.0,133.29
2017-06-03 10:28:30.987827,54.479625,-165.595673,1470.0,133.11,1470.0,134.23
2017-06-03 10:28:31.487028,54.479633,-165.595656,1470.0,132.92,1470.0,132.92
2017-06-03 10:28:31.986229,54.479655,-165.595606,1470.0,132.92,1470.0,133.29
2017-06-03 10:28:32.485430,54.479662,-165.595589,1470.0,132.92,1470.0,133.86
2017-06-03 10:28:32.984631,54.479683,-165.595539,1470.0,132.92,1470.0,133.11
2017-06-03 10:28:33.483831,54.47969,-165.595522,1470.0,132.92,1470.0,134.05
2017-06-03 10:28:33.998632,54.479711,-165.595468,1470.0,132.73,1470.0,134.23
2017-06-03 10:28:34.497833,54.479718,-165.595451,1470.0,132.73,1470.0,134.05
2017-06-03 10:28:34.997034,54.479739,-165.595398,1470.0,134.23,1470.0,132.73
2017-06-03 10:28:35.496237,54.479746,-165.595381,1470.0,132.73,1470.0,132.73
2017-06-03 10:28:35.995436,54.479767,-165.595328,1470.0,132.73,1470.0,132.73
2017-06-03 10:28:36.494638,54.479774,-165.595311,1470.0,132.92,1470.0,132.92
2017-06-03 10:28:36.993837,54.479794,-165.595258,1470.0,132.92,1470.0,132.92
2017-06-03 10:28:37.493040,54.479801,-165.595241,1470.0,133.11,1470.0,134.23
2017-06-03 10:28:37.992239,54.479822,-165.595188,1470.0,133.11,1470.0,133.11
2017-06-03 10:28:38.491442,54.479829,-165.595171,1470.0,132.92,1470.0,132.92
2017-06-03 10:28:38.990641,54.479852,-165.595118,1470.0,132.73,1470.0,132.73
2017-06-03 10:28:39.489843,54.479859,-165.595101,1470.0,132.54,1470.0,132.54
2017-06-03 10:28:39.989042,54.479883,-165.595048,1470.0,133.67,1470.0,132.35
2017-06-03 10:28:40.488245,54.479891,-165.595031,1470.0,133.48,1470.0,132.35
2017-06-03 10:28:40.987446,54.479914,-165.594979,1470.0,132.54,1470.0,133.48
2017-06-03 10:28:41.486647,54.479921,-165.594962,1470.0,133.86,1470.0,132.54
2017-06-03 10:28:41.985847,54.479942,-165.594911,1470.0,134.23,1470.0,133.67
2017-06-03 10:28:42.485048,54.479949,-165.594894,1470.0,133.48,1470.0,132.73
2017-06-03 10:28:42.984249,54.47997,-165.594843,1470.0,132.54,1470.0,132.54
2017-06-03 10:28:43.499048,54.479977,-165.594824,1470.0,133.48,1470.0,132.35
2017-06-03 10:28:43.998251,54.479999,-165.594768,1470.0,132.35,1470.0,132.35
2017-06-03 10:28:44.497450,54.480006,-165.594751,1470.0,132.16,1470.0,133.67
2017-06-03 10:28:44.996653,54.480027,-165.594701,1470.0,132.16,1470.0,132.16
2017-06-03 10:28:45.495852,54.480034,-165.594684,1470.0,132.35,1470.0,132.35
2017-06-03 10:28:45.995054,54.480054,-165.594633,1470.0,132.35,1470.0,132.35
2017-06-03 10:28:46.494255,54.480061,-165.594616,1470.0,133.48,1470.0,132.54
2017-06-03 10:28:46.993456,54.480082,-165.594564,1470.0,132.54,1470.0,132.54
2017-06-03 10:28:47.492657,54.480089,-165.594547,1470.0,132.54,1470.0,132.54
2017-06-03 10:28:47.991858,54.48011,-165.594496,1470.0,132.35,1470.0,134.05
2017-06-03 10:28:48.491058,54.480118,-165.594479,1470.0,131.98,1470.0,131.98
2017-06-03 10:28:48.990259,54.48014,-165.594428,1470.0,131.79,1470.0,131.79
2017-06-03 10:28:49.489460,54.480148,-165.594411,1470.0,132.92,1470.0,133.11
2017-06-03 10:28:49.988661,54.480172,-165.594359,1470.0,131.79,1470.0,131.79
2017-06-03 10:28:50.487862,54.480179,-165.594343,1470.0,131.98,1470.0,133.29
2017-06-03 10:28:50.987062,54.4802,-165.594294,1470.0,132.16,1470.0,133.48
2017-06-03 10:28:51.486263,54.480207,-165.594277,1470.0,133.86,1470.0,132.16
2017-06-03 10:28:51.985464,54.480229,-165.594222,1470.0,133.29,1470.0,132.35
2017-06-03 10:28:52.484665,54.480236,-165.594204,1470.0,132.16,1470.0,132.16
2017-06-03 10:28:52.983866,54.480258,-165.59415,1470.0,132.16,1470.0,133.48
2017-06-03 10:28:53.498667,54.480266,-165.59413,1470.0,131.98,1470.0,132.16
2017-06-03 10:28:53.997868,54.480286,-165.594075,1470.0,131.98,1470.0,131.98
2017-06-03 10:28:54.497068,54.480293,-165.594058,1470.0,132.16,1470.0,132.16
2017-06-03 10:28:54.996269,54.480314,-165.594006,1470.0,132.16,1470.0,132.16
2017-06-03 10:28:55.495470,54.480321,-165.593989,1470.0,133.48,1470.0,131.98
2017-06-03 10:28:55.994671,54.480342,-165.593938,1470.0,132.92,1470.0,131.98
2017-06-03 10:28:56.493874,54.480349,-165.593921,1470.0,131.79,1470.0,131.79
2017-06-03 10:28:56.993073,54.480372,-165.593869,1470.0,131.6,1470.0,132.73
2017-06-03 10:28:57.492275,54.480379,-165.593853,1470.0,132.92,1470.0,131.6
2017-06-03 10:28:57.991474,54.480402,-165.593802,1470.0,131.6,1470.0,132.92
2017-06-03 10:28:58.490677,54.480409,-165.593786,1470.0,131.6,1470.0,131.6
2017-06-03 10:28:58.989876,54.480429,-165.593734,1470.0,131.6,1470.0,131.6
2017-06-03 10:28:59.489079,54.480436,-165.593717,1470.0,131.79,1470.0,131.6
2017-06-03 10:28:59.988277,54.480456,-165.593665,1470.0,131.6,1470.0,131.6
2017-06-03 10:29:00.487480,54.480462,-165.593647,1470.0,131.41,1470.0,131.41
2017-06-03 10:29:00.986681,54.480484,-165.593595,1470.0,131.41,1470.0,131.41
2017-06-03 10:29:01.485882,54.480491,-165.593577,1470.0,131.41,1470.0,131.41
2017-06-03 10:29:01.985083,54.480512,-165.593523,1470.0,131.6,1470.0,131.6
2017-06-03 10:29:02.484283,54.480519,-165.593506,1470.0,131.79,1470.0,131.6
2017-06-03 10:29:02.999084,54.480541,-165.593453,1470.0,131.79,1470.0,131.79
2017-06-03 10:29:03.498283,54.480547,-165.593436,1470.0,131.79,1470.0,132.92
2017-06-03 10:29:03.997486,54.480569,-165.593383,1470.0,132.54,1470.0,131.6
2017-06-03 10:29:04.496685,54.480577,-165.593366,1470.0,132.73,1470.0,133.11
2017-06-03 10:29:04.995888,54.480599,-165.593316,1470.0,131.41,1470.0,131.41
2017-06-03 10:29:05.495087,54.480606,-165.593299,1470.0,132.54,1470.0,131.41
2017-06-03 10:29:05.994289,54.480629,-165.593249,1470.0,132.54,1470.0,131.22
2017-06-03 10:29:06.493490,54.480636,-165.593232,1470.0,132.54,1470.0,131.22
2017-06-03 10:29:06.992691,54.480657,-165.59318,1470.0,132.35,1470.0,131.22
2017-06-03 10:29:07.491892,54.480664,-165.593162,1470.0,131.22,1470.0,131.22
2017-06-03 10:29:07.991093,54.480685,-165.59311,1470.0,131.22,1470.0,131.41
2017-06-03 10:29:08.490294,54.480692,-165.593092,1470.0,131.22,1470.0,131.22
2017-06-03 10:29:08.989494,54.480712,-165.593041,1470.0,131.22,1470.0,131.22
2017-06-03 10:29:09.488695,54.480719,-165.593024,1470.0,132.16,1470.0,131.22
2017-06-03 10:29:09.987896,54.48074,-165.59297,1470.0,131.22,1470.0,131.04
2017-06-03 10:29:10.487097,54.480747,-165.592952,1470.0,131.04,1470.0,131.04
2017-06-03 10:29:10.986298,54.480769,-165.592901,1470.0,131.04,1470.0,131.79
2017-06-03 10:29:11.485498,54.480776,-165.592884,1470.0,131.04,1470.0,131.04
2017-06-03 10:29:11.984701,54.480796,-165.592831,1470.0,131.22,1470.0,131.98
2017-06-03 10:29:12.483900,54.480803,-165.592814,1470.0,131.22,1470.0,132.16
2017-06-03 10:29:12.998701,54.480825,-165.592762,1470.0,131.22,1470.0,131.22
2017-06-03 10:29:13.497902,54.480833,-165.592746,1470.0,131.22,1470.0,132.16
2017-06-03 10:29:13.997103,54.480855,-165.592696,1470.0,132.35,1470.0,131.04
2017-06-03 10:29:14.496304,54.480863,-165.592679,1470.0,131.04,1470.0,131.04
2017-06-03 10:29:14.995504,54.480885,-165.592628,1470.0,132.35,1470.0,130.85
2017-06-03 10:29:15.494705,54.480893,-165.592611,1470.0,130.85,1470.0,130.85
2017-06-03 10:29:15.993906,54.480915,-165.592559,1470.0,130.85,1470.0,132.16
2017-06-03 10:29:16.493107,54.480922,-165.592542,1470.0,130.85,1470.0,132.35
2017-06-03 10:29:16.992308,54.480944,-165.592491,1470.0,130.85,1470.0,131.79
2017-06-03 10:29:17.491510,54.480951,-165.592474,1470.0,132.35,1470.0,131.98
2017-06-03 10:29:17.990709,54.480972,-165.592421,1470.0,131.04,1470.0,131.22
2017-06-03 10:29:18.489912,54.480979,-165.592404,1470.0,132.35,1470.0,130.85
2017-06-03 10:29:18.989111,54.480999,-165.592351,1470.0,130.85,1470.0,130.85
2017-06-03 10:29:19.488314,54.481006,-165.592334,1470.0,130.85,1470.0,130.85
2017-06-03 10:29:19.987513,54.481027,-165.59228,1470.0,131.98,1470.0,131.79
2017-06-03 10:29:20.486715,54.481034,-165.592262,1470.0,130.85,1470.0,132.16
2017-06-03 10:29:20.985914,54.481055,-165.592211,1470.0,131.04,1470.0,130.85
2017-06-03 10:29:21.485117,54.481062,-165.592194,1470.0,130.85,1470.0,130.85
2017-06-03 10:29:21.984318,54.481084,-165.592141,1470.0,132.16,1470.0,130.85
2017-06-03 10:29:22.499117,54.481091,-165.592123,1470.0,130.85,1470.0,130.85
2017-06-03 10:29:22.998320,54.481112,-165.592071,1470.0,131.98,1470.0,130.66
2017-06-03 10:29:23.497519,54.481119,-165.592054,1470.0,130.66,1470.0,131.98
2017-06-03 10:29:23.996721,54.481143,-165.592004,1470.0,131.98,1470.0,130.47
2017-06-03 10:29:24.495920,54.481151,-165.591987,1470.0,130.47,1470.0,130.47
2017-06-03 10:29:24.995123,54.481172,-165.591936,1470.0,130.47,1470.0,130.47
2017-06-03 10:29:25.494322,54.481179,-165.591919,1470.0,131.79,1470.0,130.47
2017-06-03 10:29:25.993525,54.4812,-165.591866,1470.0,131.79,1470.0,131.98
2017-06-03 10:29:26.492725,54.481207,-165.591849,1470.0,130.66,1470.0,130.66
2017-06-03 10:29:26.991926,54.481229,-165.591796,1470.0,131.6,1470.0,130.47
2017-06-03 10:29:27.491127,54.481236,-165.591779,1470.0,130.47,1470.0,130.47
2017-06-03 10:29:27.990328,54.481257,-165.591726,1470.0,130.47,1470.0,131.79
2017-06-03 10:29:28.489529,54.481264,-165.591709,1470.0,130.28,1470.0,130.28
2017-06-03 10:29:28.988729,54.481285,-165.591656,1470.0,130.28,1470.0,130.28
2017-06-03 10:29:29.487930,54.481293,-165.591639,1470.0,130.28,1470.0,130.28
2017-06-03 10:29:29.987131,54.481315,-165.591586,1470.0,130.47,1470.0,131.6
2017-06-03 10:29:30.486332,54.481322,-165.591569,1470.0,130.47,1470.0,130.47
2017-06-03 10:29:30.985533,54.481343,-165.591518,1470.0,130.66,1470.0,130.66
2017-06-03 10:29:31.484734,54.48135,-165.591501,1470.0,130.47,1470.0,130.47
2017-06-03 10:29:31.983936,54.481373,-165.591447,1470.0,131.98,1470.0,130.47
2017-06-03 10:29:32.498735,54.481382,-165.591428,1470.0,130.28,1470.0,130.28
2017-06-03 10:29:32.997936,54.481404,-165.591376,1470.0,131.22,1470.0,130.09
2017-06-03 10:29:33.497137,54.481411,-165.591359,1470.0,130.09,1470.0,130.09
2017-06-03 10:29:33.996338,54.481434,-165.591308,1470.0,130.09,1470.0,130.09
2017-06-03 10:29:34.495539,54.481441,-165.591291,1470.0,131.6,1470.0,130.28
2017-06-03 10:29:34.994740,54.481464,-165.591239,1470.0,130.28,1470.0,130.28
2017-06-03 10:29:35.493940,54.481471,-165.591222,1470.0,130.47,1470.0,130.28
2017-06-03 10:29:35.993141,54.481491,-165.591168,1470.0,130.28,1470.0,130.28
2017-06-03 10:29:36.492342,54.481497,-165.591151,1470.0,130.28,1470.0,130.28
2017-06-03 10:29:36.991543,54.481519,-165.591099,1470.0,130.28,1470.0,131.79
2017-06-03 10:29:37.490746,54.481526,-165.591082,1470.0,130.09,1470.0,130.09
2017-06-03 10:29:37.989944,54.481549,-165.591031,1470.0,130.09,1470.0,131.41
2017-06-03 10:29:38.489147,54.481556,-165.591014,1470.0,129.91,1470.0,129.91
2017-06-03 10:29:38.988346,54.481579,-165.590964,1470.0,131.04,1470.0,129.72
2017-06-03 10:29:39.487549,54.481586,-165.590948,1470.0,131.04,1470.0,129.72
2017-06-03 10:29:39.986748,54.481609,-165.590897,1470.0,130.85,1470.0,131.04
2017-06-03 10:29:40.485950,54.481616,-165.590881,1470.0,129.72,1470.0,129.72
2017-06-03 10:29:40.985149,54.481638,-165.590832,1470.0,131.04,1470.0,129.72
2017-06-03 10:29:41.484352,54.481645,-165.590816,1470.0,129.91,1470.0,129.91
2017-06-03 10:29:41.999151,54.481669,-165.59076,1470.0,130.09,1470.0,131.04
2017-06-03 10:29:42.498354,54.481677,-165.590743,1470.0,130.09,1470.0,131.98
2017-06-03 10:29:42.997555,54.481699,-165.590692,1470.0,130.09,1470.0,131.04
2017-06-03 10:29:43.496754,54.481706,-165.590675,1470.0,131.79,1470.0,130.09
2017-06-03 10:29:43.995956,54.481729,-165.59062,1470.0,129.91,1470.0,131.41
2017-06-03 10:29:44.495155,54.481737,-165.590603,1470.0,129.72,1470.0,129.72
2017-06-03 10:29:44.994358,54.481759,-165.590552,1470.0,129.72,1470.0,131.22
2017-06-03 10:29:45.493557,54.481766,-165.590536,1470.0,129.72,1470.0,131.04
2017-06-03 10:29:45.992760,54.48179,-165.590486,1470.0,129.72,1470.0,131.22
2017-06-03 10:29:46.491959,54.481798,-165.590469,1470.0,129.72,1470.0,130.66
2017-06-03 10:29:46.991161,54.481822,-165.590419,1470.0,129.72,1470.0,130.85
2017-06-03 10:29:47.490362,54.481829,-165.590402,1470.0,130.85,1470.0,131.22
2017-06-03 10:29:47.989563,54.481853,-165.590351,1470.0,130.66,1470.0,129.72
2017-06-03 10:29:48.488764,54.481861,-165.590334,1470.0,129.72,1470.0,131.04
2017-06-03 10:29:48.987965,54.481884,-165.590284,1470.0,129.53,1470.0,129.53
2017-06-03 10:29:49.487165,54.481891,-165.590268,1470.0,129.53,1470.0,130.85
2017-06-03 10:29:49.986366,54.481914,-165.590217,1470.0,129.34,1470.0,131.04
2017-06-03 10:29:50.485567,54.481921,-165.590201,1470.0,129.34,1470.0,130.85
2017-06-03 10:29:50.984768,54.481943,-165.590152,1470.0,129.34,1470.0,131.04
2017-06-03 10:29:51.483969,54.48195,-165.590136,1470.0,129.34,1470.0,129.34
2017-06-03 10:29:51.998770,54.481974,-165.590081,1470.0,129.53,1470.0,130.66
2017-06-03 10:29:52.497971,54.481981,-165.590064,1470.0,129.53,1470.0,131.04
2017-06-03 10:29:52.997171,54.482002,-165.590013,1470.0,131.04,1470.0,129.53
2017-06-03 10:29:53.496372,54.482009,-165.589996,1470.0,130.85,1470.0,129.34
2017-06-03 10:29:53.995573,54.482032,-165.589944,1470.0,129.34,1470.0,129.34
2017-06-03 10:29:54.494774,54.482039,-165.589927,1470.0,129.34,1470.0,130.85
2017-06-03 10:29:54.993975,54.482063,-165.589876,1470.0,129.15,1470.0,129.15
2017-06-03 10:29:55.493176,54.482071,-165.589859,1470.0,130.47,1470.0,129.15
2017-06-03 10:29:55.992376,54.482094,-165.589806,1470.0,130.47,1470.0,129.15
2017-06-03 10:29:56.491577,54.482101,-165.589789,1470.0,129.34,1470.0,130.47
2017-06-03 10:29:56.990778,54.482122,-165.589738,1470.0,130.47,1470.0,129.34
2017-06-03 10:29:57.489981,54.482129,-165.58972,1470.0,129.53,1470.0,129.53
2017-06-03 10:29:57.989180,54.48215,-165.589667,1470.0,130.85,1470.0,129.34
2017-06-03 10:29:58.488382,54.482157,-165.589649,1470.0,129.34,1470.0,130.66
2017-06-03 10:29:58.987581,54.482179,-165.589595,1470.0,130.47,1470.0,130.66
2017-06-03 10:29:59.486784,54.482186,-165.589577,1470.0,128.97,1470.0,129.91
2017-06-03 10:29:59.985983,54.482207,-165.589525,1470.0,129.91,1470.0,129.91
2017-06-03 10:30:00.485186,54.482214,-165.589507,1470.0,128.97,1470.0,130.47
2017-06-03 10:30:00.984385,54.482235,-165.589456,1470.0,128.97,1470.0,128.97
2017-06-03 10:30:01.499187,54.482242,-165.589437,1470.0,129.15,1470.0,130.28
2017-06-03 10:30:01.998386,54.482264,-165.589383,1470.0,129.15,1470.0,129.15
2017-06-03 10:30:02.497589,54.482271,-165.589366,1470.0,129.15,1470.0,129.15
2017-06-03 10:30:02.996790,54.482291,-165.589313,1470.0,129.15,1470.0,130.66
2017-06-03 10:30:03.495991,54.482297,-165.589296,1470.0,130.09,1470.0,128.97
2017-06-03 10:30:03.995192,54.482319,-165.589243,1470.0,130.09,1470.0,130.09
2017-06-03 10:30:04.494390,54.482326,-165.589226,1470.0,128.78,1470.0,128.78
2017-06-03 10:30:04.993593,54.482347,-165.589172,1470.0,129.91,1470.0,129.91
2017-06-03 10:30:05.492792,54.482354,-165.589154,1470.0,129.91,1470.0,128.59
2017-06-03 10:30:05.991995,54.482377,-165.589101,1470.0,128.78,1470.0,128.59
2017-06-03 10:30:06.491194,54.482384,-165.589084,1470.0,128.78,1470.0,128.78
2017-06-03 10:30:06.990396,54.482404,-165.589031,1470.0,130.28,1470.0,128.78
2017-06-03 10:30:07.489595,54.482411,-165.589014,1470.0,128.97,1470.0,128.97
2017-06-03 10:30:07.988798,54.482431,-165.58896,1470.0,128.97,1470.0,128.97
2017-06-03 10:30:08.487999,54.482437,-165.588942,1470.0,128.97,1470.0,130.28
2017-06-03 10:30:08.987200,54.482457,-165.588888,1470.0,128.97,1470.0,128.78
2017-06-03 10:30:09.486401,54.482463,-165.58887,1470.0,128.78,1470.0,130.28
2017-06-03 10:30:09.985601,54.482485,-165.588815,1470.0,128.78,1470.0,128.59
2017-06-03 10:30:10.484802,54.482493,-165.588797,1470.0,128.59,1470.0,130.28
2017-06-03 10:30:10.984003,54.482515,-165.588746,1470.0,129.72,1470.0,128.4
2017-06-03 10:30:11.498804,54.482523,-165.588727,1470.0,129.72,1470.0,129.91
2017-06-03 10:30:11.998005,54.482547,-165.588675,1470.0,128.59,1470.0,129.91
2017-06-03 10:30:12.497206,54.482555,-165.588658,1470.0,129.91,1470.0,128.59
2017-06-03 10:30:12.996407,54.482576,-165.588606,1470.0,130.09,1470.0,129.91
2017-06-03 10:30:13.495607,54.482582,-165.588589,1470.0,129.91,1470.0,128.59
2017-06-03 10:30:13.994808,54.482604,-165.588536,1470.0,128.59,1470.0,130.28
2017-06-03 10:30:14.494009,54.482611,-165.588519,1470.0,128.59,1470.0,130.09
2017-06-03 10:30:14.993210,54.482632,-165.588465,1470.0,128.59,1470.0,128.4
2017-06-03 10:30:15.492411,54.482639,-165.588447,1470.0,128.4,1470.0,129.72
2017-06-03 10:30:15.991611,54.482662,-165.588395,1470.0,128.4,1470.0,129.34
2017-06-03 10:30:16.490812,54.482669,-165.588377,1470.0,128.4,1470.0,128.4
2017-06-03 10:30:16.990013,54.48269,-165.588325,1470.0,129.91,1470.0,128.4
2017-06-03 10:30:17.489214,54.482698,-165.588307,1470.0,128.59,1470.0,129.72
2017-06-03 10:30:17.988415,54.48272,-165.588255,1470.0,128.59,1470.0,128.59
2017-06-03 10:30:18.487617,54.482727,-165.588238,1470.0,128.59,1470.0,130.09
2017-06-03 10:30:18.986816,54.482748,-165.588187,1470.0,128.4,1470.0,128.4
2017-06-03 10:30:19.486019,54.482755,-165.588171,1470.0,129.53,1470.0,129.34
2017-06-03 10:30:19.985218,54.482778,-165.588117,1470.0,128.21,1470.0,129.53
2017-06-03 10:30:20.484421,54.482786,-165.588099,1470.0,128.21,1470.0,129.34
2017-06-03 10:30:20.999220,54.482809,-165.588049,1470.0,128.21,1470.0,128.21
2017-06-03 10:30:21.498423,54.482816,-165.588032,1470.0,128.21,1470.0,128.21
2017-06-03 10:30:21.997622,54.482837,-165.587981,1470.0,128.4,1470.0,129.91
2017-06-03 10:30:22.496824,54.482844,-165.587964,1470.0,128.21,1470.0,128.21
2017-06-03 10:30:22.996025,54.482867,-165.587911,1470.0,128.21,1470.0,129.34
2017-06-03 10:30:23.495226,54.482874,-165.587894,1470.0,128.03,1470.0,128.03
2017-06-03 10:30:23.994427,54.482897,-165.587843,1470.0,128.97,1470.0,128.03
2017-06-03 10:30:24.493628,54.482904,-165.587826,1470.0,128.97,1470.0,129.34
2017-06-03 10:30:24.992828,54.482927,-165.587774,1470.0,128.03,1470.0,128.03
2017-06-03 10:30:25.492027,54.482934,-165.587757,1470.0,128.21,1470.0,129.34
2017-06-03 10:30:25.991230,54.482955,-165.587706,1470.0,128.4,1470.0,129.53
2017-06-03 10:30:26.490429,54.482962,-165.587689,1470.0,128.4,1470.0,128.4
2017-06-03 10:30:26.989632,54.482982,-165.587635,1470.0,128.4,1470.0,128.4
2017-06-03 10:30:27.488831,54.482989,-165.587617,1470.0,129.53,1470.0,128.21
2017-06-03 10:30:27.988033,54.483012,-165.587563,1470.0,129.53,1470.0,128.03
2017-06-03 10:30:28.487234,54.483019,-165.587546,1470.0,128.03,1470.0,129.34
2017-06-03 10:30:28.986435,54.483041,-165.587496,1470.0,128.03,1470.0,127.84
2017-06-03 10:30:29.485636,54.483049,-165.587479,1470.0,128.97,1470.0,127.84
2017-06-03 10:30:29.984837,54.483072,-165.587428,1470.0,128.78,1470.0,127.84
2017-06-03 10:30:30.484037,54.483079,-165.587411,1470.0,128.03,1470.0,127.84
2017-06-03 10:30:30.998838,54.483102,-165.587359,1470.0,129.15,1470.0,127.84
2017-06-03 10:30:31.498039,54.483109,-165.587342,1470.0,128.03,1470.0,127.84
2017-06-03 10:30:31.997240,54.483132,-165.58729,1470.0,129.15,1470.0,127.84
2017-06-03 10:30:32.496441,54.483139,-165.587272,1470.0,128.03,1470.0,127.84
2017-06-03 10:30:32.995642,54.483159,-165.58722,1470.0,127.84,1470.0,127.84
2017-06-03 10:30:33.494843,54.483166,-165.587202,1470.0,127.84,1470.0,129.72
2017-06-03 10:30:33.994043,54.483187,-165.587151,1470.0,127.65,1470.0,127.65
2017-06-03 10:30:34.493244,54.483194,-165.587134,1470.0,129.15,1470.0,127.65
2017-06-03 10:30:34.992445,54.483217,-165.587081,1470.0,128.97,1470.0,127.65
2017-06-03 10:30:35.491646,54.483224,-165.587064,1470.0,127.84,1470.0,129.15
2017-06-03 10:30:35.990847,54.483245,-165.587011,1470.0,127.84,1470.0,127.84
2017-06-03 10:30:36.490047,54.483253,-165.586994,1470.0,128.97,1470.0,127.84
2017-06-03 10:30:36.989248,54.483275,-165.586943,1470.0,129.34,1470.0,127.84
2017-06-03 10:30:37.488449,54.483283,-165.586926,1470.0,127.84,1470.0,129.15
2017-06-03 10:30:37.987650,54.483305,-165.586874,1470.0,127.65,1470.0,127.65
2017-06-03 10:30:38.486851,54.483313,-165.586857,1470.0,127.65,1470.0,128.97
2017-06-03 10:30:38.986052,54.483337,-165.586805,1470.0,127.46,1470.0,127.46
2017-06-03 10:30:39.485254,54.483344,-165.586787,1470.0,127.46,1470.0,128.78
2017-06-03 10:30:39.984453,54.483367,-165.586736,1470.0,127.65,1470.0,127.46
2017-06-03 10:30:40.499256,54.483375,-165.586717,1470.0,127.65,1470.0,129.34
2017-06-03 10:30:40.998455,54.483394,-165.586665,1470.0,127.84,1470.0,128.59
2017-06-03 10:30:41.497658,54.483401,-165.586647,1470.0,129.34,1470.0,127.84
2017-06-03 10:30:41.996857,54.483421,-165.586593,1470.0,127.84,1470.0,127.84
2017-06-03 10:30:42.496059,54.483427,-165.586575,1470.0,127.84,1470.0,128.59
2017-06-03 10:30:42.995258,54.483449,-165.586522,1470.0,127.65,1470.0,128.97
2017-06-03 10:30:43.494461,54.483456,-165.586504,1470.0,127.46,1470.0,128.59
2017-06-03 10:30:43.993662,54.483479,-165.586451,1470.0,127.27,1470.0,127.27
2017-06-03 10:30:44.492863,54.483486,-165.586434,1470.0,127.27,1470.0,127.27
2017-06-03 10:30:44.992064,54.483507,-165.586383,1470.0,127.27,1470.0,127.27
2017-06-03 10:30:45.491264,54.483514,-165.586366,1470.0,127.27,1470.0,127.27
2017-06-03 10:30:45.990465,54.483535,-165.586314,1470.0,127.46,1470.0,127.27
2017-06-03 10:30:46.489664,54.483542,-165.586297,1470.0,128.97,1470.0,127.27
2017-06-03 10:30:46.988867,54.483564,-165.586245,1470.0,128.59,1470.0,127.27
2017-06-03 10:30:47.488066,54.483571,-165.586227,1470.0,127.27,1470.0,127.27
2017-06-03 10:30:47.987268,54.483594,-165.586175,1470.0,127.27,1470.0,127.27
2017-06-03 10:30:48.486469,54.483601,-165.586157,1470.0,127.46,1470.0,127.27
2017-06-03 10:30:48.985670,54.48362,-165.586106,1470.0,127.65,1470.0,127.46
2017-06-03 10:30:49.484871,54.483627,-165.586089,1470.0,127.84,1470.0,127.65
2017-06-03 10:30:49.984072,54.483646,-165.586032,1470.0,127.84,1470.0,127.84
2017-06-03 10:30:50.498873,54.483653,-165.586012,1470.0,127.84,1470.0,127.65
2017-06-03 10:30:50.998074,54.483674,-165.58596,1470.0,128.59,1470.0,127.46
2017-06-03 10:30:51.497274,54.483681,-165.585942,1470.0,127.27,1470.0,127.27
2017-06-03 10:30:51.996475,54.483704,-165.585891,1470.0,128.59,1470.0,127.08
2017-06-03 10:30:52.495676,54.483711,-165.585874,1470.0,127.08,1470.0,127.84
2017-06-03 10:30:52.994877,54.483734,-165.585823,1470.0,127.08,1470.0,128.21
2017-06-03 10:30:53.494078,54.483741,-165.585806,1470.0,127.08,1470.0,128.03
2017-06-03 10:30:53.993279,54.483762,-165.585754,1470.0,127.08,1470.0,128.21
2017-06-03 10:30:54.492479,54.483769,-165.585737,1470.0,127.08,1470.0,127.84
2017-06-03 10:30:54.991680,54.483789,-165.585685,1470.0,127.08,1470.0,127.08
2017-06-03 10:30:55.490881,54.483796,-165.585667,1470.0,127.08,1470.0,127.08
2017-06-03 10:30:55.990082,54.483817,-165.585615,1470.0,127.08,1470.0,127.08
2017-06-03 10:30:56.489283,54.483824,-165.585597,1470.0,127.27,1470.0,127.08
2017-06-03 10:30:56.988483,54.483844,-165.585546,1470.0,127.27,1470.0,127.27
2017-06-03 10:30:57.487684,54.48385,-165.585529,1470.0,127.27,1470.0,128.97
2017-06-03 10:30:57.986885,54.483872,-165.585478,1470.0,127.27,1470.0,127.08
2017-06-03 10:30:58.486086,54.483879,-165.585461,1470.0,127.08,1470.0,127.08
2017-06-03 10:30:58.985287,54.483901,-165.585411,1470.0,128.21,1470.0,126.9
2017-06-03 10:30:59.484489,54.483909,-165.585394,1470.0,126.9,1470.0,127.46
2017-06-03 10:30:59.999289,54.483934,-165.585341,1470.0,126.9,1470.0,126.9
2017-06-03 10:31:00.498491,54.483942,-165.585325,1470.0,126.9,1470.0,127.84
2017-06-03 10:31:00.997690,54.483964,-165.585275,1470.0,127.08,1470.0,126.9
2017-06-03 10:31:01.496893,54.483971,-165.585259,1470.0,127.08,1470.0,126.9
2017-06-03 10:31:01.996092,54.483992,-165.585208,1470.0,126.9,1470.0,126.9
2017-06-03 10:31:02.495295,54.483999,-165.585191,1470.0,126.9,1470.0,128.4
2017-06-03 10:31:02.994493,54.48402,-165.585139,1470.0,126.9,1470.0,126.71
2017-06-03 10:31:03.493696,54.484028,-165.585122,1470.0,126.9,1470.0,126.71
2017-06-03 10:31:03.992895,54.48405,-165.585071,1470.0,126.71,1470.0,126.71
2017-06-03 10:31:04.492098,54.484057,-165.585054,1470.0,126.71,1470.0,128.4
2017-06-03 10:31:04.991299,54.484079,-165.585003,1470.0,126.71,1470.0,126.71
2017-06-03 10:31:05.490499,54.484086,-165.584986,1470.0,126.9,1470.0,126.71
2017-06-03 10:31:05.989700,54.484109,-165.584934,1470.0,126.9,1470.0,128.4
2017-06-03 10:31:06.488901,54.484116,-165.584918,1470.0,126.9,1470.0,126.9
2017-06-03 10:31:06.988102,54.484138,-165.584867,1470.0,127.08,1470.0,126.9
2017-06-03 10:31:07.487301,54.484145,-165.584851,1470.0,126.9,1470.0,127.65
2017-06-03 10:31:07.986504,54.48417,-165.584799,1470.0,126.9,1470.0,128.21
2017-06-03 10:31:08.485703,54.484178,-165.584783,1470.0,126.9,1470.0,126.71
2017-06-03 10:31:08.984905,54.484201,-165.584734,1470.0,126.71,1470.0,126.52
2017-06-03 10:31:09.484106,54.484209,-165.584717,1470.0,127.84,1470.0,126.52
2017-06-03 10:31:09.998907,54.484232,-165.584664,1470.0,127.84,1470.0,126.52
2017-06-03 10:31:10.498108,54.48424,-165.584648,1470.0,126.52,1470.0,127.84
2017-06-03 10:31:10.997309,54.484261,-165.584599,1470.0,126.71,1470.0,126.52
2017-06-03 10:31:11.496510,54.484268,-165.584582,1470.0,126.52,1470.0,126.52
2017-06-03 10:31:11.995710,54.48429,-165.584531,1470.0,126.52,1470.0,127.46
2017-06-03 10:31:12.494911,54.484297,-165.584514,1470.0,127.46,1470.0,127.27
2017-06-03 10:31:12.994112,54.484319,-165.584463,1470.0,126.33,1470.0,126.33
2017-06-03 10:31:13.493313,54.484326,-165.584446,1470.0,126.52,1470.0,126.33
2017-06-03 10:31:13.992514,54.484349,-165.584394,1470.0,126.71,1470.0,126.52
2017-06-03 10:31:14.491714,54.484356,-165.584378,1470.0,126.71,1470.0,126.71
2017-06-03 10:31:14.990915,54.484379,-165.584327,1470.0,126.71,1470.0,126.71
2017-06-03 10:31:15.490116,54.484386,-165.584311,1470.0,126.71,1470.0,126.71
2017-06-03 10:31:15.989317,54.484409,-165.584259,1470.0,126.52,1470.0,126.52
2017-06-03 10:31:16.488518,54.484416,-165.584242,1470.0,126.52,1470.0,126.33
2017-06-03 10:31:16.987719,54.484438,-165.584191,1470.0,126.33,1470.0,127.84
2017-06-03 10:31:17.486919,54.484445,-165.584174,1470.0,127.27,1470.0,126.14
2017-06-03 10:31:17.986120,54.48447,-165.584123,1470.0,127.27,1470.0,126.14
2017-06-03 10:31:18.485321,54.484477,-165.584106,1470.0,126.33,1470.0,127.65
2017-06-03 10:31:18.984522,54.484498,-165.584056,1470.0,126.33,1470.0,126.33
2017-06-03 10:31:19.499325,54.484506,-165.584038,1470.0,126.33,1470.0,126.33
2017-06-03 10:31:19.998524,54.484529,-165.583987,1470.0,127.46,1470.0,126.14
2017-06-03 10:31:20.497726,54.484536,-165.583971,1470.0,126.33,1470.0,127.08
2017-06-03 10:31:20.996925,54.484559,-165.583918,1470.0,127.08,1470.0,125.96
2017-06-03 10:31:21.496128,54.484566,-165.583901,1470.0,126.14,1470.0,127.65
2017-06-03 10:31:21.995327,54.484589,-165.583849,1470.0,126.14,1470.0,125.96
2017-06-03 10:31:22.494530,54.484596,-165.583832,1470.0,126.14,1470.0,126.14
2017-06-03 10:31:22.993729,54.484616,-165.58378,1470.0,126.14,1470.0,126.14
2017-06-03 10:31:23.492931,54.484622,-165.583762,1470.0,126.33,1470.0,126.14
2017-06-03 10:31:23.992130,54.484644,-165.58371,1470.0,126.52,1470.0,126.52
2017-06-03 10:31:24.491333,54.484651,-165.583692,1470.0,126.33,1470.0,126.33
2017-06-03 10:31:24.990534,54.484672,-165.583638,1470.0,126.52,1470.0,127.65
2017-06-03 10:31:25.489735,54.484679,-165.583621,1470.0,126.33,1470.0,126.33
2017-06-03 10:31:25.988935,54.4847,-165.583569,1470.0,126.52,1470.0,126.14
2017-06-03 10:31:26.488136,54.484708,-165.583553,1470.0,127.65,1470.0,125.96
2017-06-03 10:31:26.987337,54.48473,-165.583502,1470.0,125.96,1470.0,125.77
2017-06-03 10:31:27.486538,54.484737,-165.583486,1470.0,126.9,1470.0,125.77
2017-06-03 10:31:27.985739,54.484761,-165.583433,1470.0,125.77,1470.0,125.77
2017-06-03 10:31:28.484938,54.484769,-165.583416,1470.0,126.71,1470.0,125.77
2017-06-03 10:31:28.984140,54.48479,-165.583366,1470.0,127.08,1470.0,125.77
2017-06-03 10:31:29.498940,54.484797,-165.583347,1470.0,126.14,1470.0,125.96
2017-06-03 10:31:29.998142,54.484819,-165.583295,1470.0,125.96,1470.0,126.9
2017-06-03 10:31:30.497343,54.484826,-165.583277,1470.0,126.14,1470.0,125.96
2017-06-03 10:31:30.996544,54.484846,-165.583223,1470.0,125.96,1470.0,125.77
2017-06-03 10:31:31.495745,54.484852,-165.583206,1470.0,125.77,1470.0,125.77
2017-06-03 10:31:31.994946,54.484874,-165.583153,1470.0,125.77,1470.0,125.96
2017-06-03 10:31:32.494146,54.484881,-165.583136,1470.0,125.96,1470.0,125.77
2017-06-03 10:31:32.993347,54.484902,-165.583083,1470.0,126.14,1470.0,125.96
2017-06-03 10:31:33.492548,54.484909,-165.583066,1470.0,126.14,1470.0,127.65
2017-06-03 10:31:33.991749,54.484929,-165.583013,1470.0,126.14,1470.0,126.14
2017-06-03 10:31:34.490950,54.484936,-165.582996,1470.0,126.14,1470.0,127.27
2017-06-03 10:31:34.990152,54.484959,-165.582944,1470.0,125.96,1470.0,127.27
2017-06-03 10:31:35.489351,54.484966,-165.582928,1470.0,125.96,1470.0,125.77
2017-06-03 10:31:35.988552,54.484989,-165.582877,1470.0,125.77,1470.0,125.77
2017-06-03 10:31:36.487753,54.484996,-165.582861,1470.0,125.58,1470.0,125.58
2017-06-03 10:31:36.986954,54.485018,-165.582812,1470.0,125.77,1470.0,126.71
2017-06-03 10:31:37.486155,54.485025,-165.582796,1470.0,126.71,1470.0,127.08
2017-06-03 10:31:37.985355,54.485047,-165.582743,1470.0,126.71,1470.0,125.39
2017-06-03 10:31:38.484556,54.485054,-165.582726,1470.0,127.08,1470.0,126.71
2017-06-03 10:31:38.999357,54.485076,-165.582675,1470.0,125.77,1470.0,125.58
2017-06-03 10:31:39.498560,54.485082,-165.582659,1470.0,125.77,1470.0,126.9
2017-06-03 10:31:39.997759,54.485104,-165.582606,1470.0,125.77,1470.0,126.9
2017-06-03 10:31:40.496962,54.485111,-165.582589,1470.0,125.77,1470.0,125.77
2017-06-03 10:31:40.996161,54.485132,-165.582535,1470.0,125.77,1470.0,125.77
2017-06-03 10:31:41.495363,54.485139,-165.582517,1470.0,125.96,1470.0,126.9
2017-06-03 10:31:41.994562,54.48516,-165.582466,1470.0,125.77,1470.0,125.96
2017-06-03 10:31:42.493765,54.485168,-165.582449,1470.0,125.77,1470.0,125.58
2017-06-03 10:31:42.992964,54.48519,-165.582396,1470.0,125.58,1470.0,125.58
2017-06-03 10:31:43.492167,54.485198,-165.582379,1470.0,125.58,1470.0,125.58
2017-06-03 10:31:43.991365,54.485222,-165.582329,1470.0,126.71,1470.0,125.58
2017-06-03 10:31:44.490568,54.485229,-165.582313,1470.0,125.77,1470.0,125.58
2017-06-03 10:31:44.989769,54.485252,-165.582262,1470.0,125.77,1470.0,125.58
2017-06-03 10:31:45.488970,54.485259,-165.582246,1470.0,125.58,1470.0,127.08
2017-06-03 10:31:45.988171,54.485283,-165.582194,1470.0,126.14,1470.0,125.39
2017-06-03 10:31:46.487371,54.485291,-165.582177,1470.0,125.39,1470.0,125.77
2017-06-03 10:31:46.986572,54.485313,-165.582126,1470.0,125.39,1470.0,125.39
2017-06-03 10:31:47.485773,54.48532,-165.582109,1470.0,125.39,1470.0,125.2
2017-06-03 10:31:47.984974,54.485342,-165.582058,1470.0,125.39,1470.0,125.2
2017-06-03 10:31:48.484175,54.485349,-165.582041,1470.0,125.39,1470.0,126.9
2017-06-03 10:31:48.998976,54.485371,-165.581989,1470.0,125.39,1470.0,125.39
2017-06-03 10:31:49.498175,54.485378,-165.581972,1470.0,125.39,1470.0,125.2
2017-06-03 10:31:49.997377,54.4854,-165.581921,1470.0,125.39,1470.0,125.2
2017-06-03 10:31:50.496578,54.485408,-165.581904,1470.0,125.39,1470.0,125.2
2017-06-03 10:31:50.995779,54.48543,-165.581853,1470.0,125.39,1470.0,125.39
2017-06-03 10:31:51.494980,54.485438,-165.581836,1470.0,125.58,1470.0,125.39
2017-06-03 10:31:51.994181,54.48546,-165.581784,1470.0,125.58,1470.0,125.39
2017-06-03 10:31:52.493382,54.485468,-165.581767,1470.0,125.39,1470.0,125.39
2017-06-03 10:31:52.992582,54.48549,-165.581716,1470.0,125.39,1470.0,126.71
2017-06-03 10:31:53.491783,54.485498,-165.581699,1470.0,125.39,1470.0,125.2
2017-06-03 10:31:53.990984,54.485522,-165.581649,1470.0,125.2,1470.0,126.33
2017-06-03 10:31:54.490185,54.485529,-165.581633,1470.0,125.2,1470.0,125.39
2017-06-03 10:31:54.989386,54.485553,-165.581582,1470.0,125.2,1470.0,125.2
2017-06-03 10:31:55.488586,54.485561,-165.581566,1470.0,125.39,1470.0,125.2
2017-06-03 10:31:55.987789,54.485584,-165.581514,1470.0,126.14,1470.0,125.2
2017-06-03 10:31:56.486988,54.485591,-165.581497,1470.0,125.39,1470.0,126.9
2017-06-03 10:31:56.986189,54.485613,-165.581446,1470.0,125.39,1470.0,125.2
2017-06-03 10:31:57.485390,54.48562,-165.581429,1470.0,125.39,1470.0,125.2
2017-06-03 10:31:57.984591,54.485642,-165.581376,1470.0,125.2,1470.0,125.2
2017-06-03 10:31:58.483791,54.485649,-165.581359,1470.0,125.01,1470.0,125.01
2017-06-03 10:31:58.998592,54.485673,-165.581309,1470.0,125.01,1470.0,124.83
2017-06-03 10:31:59.497793,54.485681,-165.581293,1470.0,124.83,1470.0,125.77
2017-06-03 10:31:59.996994,54.485704,-165.581242,1470.0,124.83,1470.0,126.14
2017-06-03 10:32:00.496197,54.485711,-165.581226,1470.0,125.96,1470.0,124.83
2017-06-03 10:32:00.995396,54.485735,-165.581177,1470.0,125.01,1470.0,125.01
2017-06-03 10:32:01.494598,54.485743,-165.581161,1470.0,125.01,1470.0,125.01
2017-06-03 10:32:01.993797,54.485765,-165.581109,1470.0,126.71,1470.0,125.01
2017-06-03 10:32:02.493000,54.485773,-165.581092,1470.0,125.2,1470.0,125.2
2017-06-03 10:32:02.992199,54.485795,-165.581041,1470.0,125.01,1470.0,125.01
2017-06-03 10:32:03.491402,54.485803,-165.581024,1470.0,125.01,1470.0,125.2
2017-06-03 10:32:03.990601,54.485825,-165.580973,1470.0,125.96,1470.0,124.83
2017-06-03 10:32:04.489803,54.485833,-165.580956,1470.0,126.33,1470.0,124.83
2017-06-03 10:32:04.989004,54.485855,-165.580904,1470.0,124.83,1470.0,124.83
2017-06-03 10:32:05.488205,54.485863,-165.580888,1470.0,125.01,1470.0,126.14
2017-06-03 10:32:05.987406,54.485885,-165.580837,1470.0,124.83,1470.0,124.83
2017-06-03 10:32:06.486607,54.485893,-165.580821,1470.0,124.83,1470.0,125.96
2017-06-03 10:32:06.985807,54.485917,-165.580769,1470.0,124.83,1470.0,124.83
2017-06-03 10:32:07.485008,54.485924,-165.580753,1470.0,124.83,1470.0,125.96
2017-06-03 10:32:07.984209,54.485947,-165.580702,1470.0,124.83,1470.0,124.83
2017-06-03 10:32:08.499008,54.485955,-165.580684,1470.0,124.83,1470.0,125.77
2017-06-03 10:32:08.998211,54.485977,-165.580634,1470.0,124.83,1470.0,124.64
2017-06-03 10:32:09.497410,54.485984,-165.580617,1470.0,124.83,1470.0,124.64
2017-06-03 10:32:09.996613,54.486007,-165.580566,1470.0,124.83,1470.0,124.64
2017-06-03 10:32:10.495813,54.486014,-165.580549,1470.0,124.83,1470.0,124.64
2017-06-03 10:32:10.995014,54.486037,-165.580498,1470.0,124.83,1470.0,124.64
2017-06-03 10:32:11.494215,54.486044,-165.580481,1470.0,124.83,1470.0,124.64
2017-06-03 10:32:11.993416,54.486067,-165.580429,1470.0,124.83,1470.0,124.64
2017-06-03 10:32:12.492617,54.486074,-165.580412,1470.0,124.83,1470.0,124.64
2017-06-03 10:32:12.991817,54.486098,-165.580361,1470.0,124.83,1470.0,124.64
2017-06-03 10:32:13.491018,54.486106,-165.580344,1470.0,124.64,1470.0,124.64
2017-06-03 10:32:13.990219,54.486129,-165.580294,1470.0,124.64,1470.0,126.14
2017-06-03 10:32:14.489420,54.486136,-165.580278,1470.0,124.64,1470.0,126.14
2017-06-03 10:32:14.988621,54.486159,-165.580229,1470.0,124.64,1470.0,124.45
2017-06-03 10:32:15.487822,54.486167,-165.580213,1470.0,125.77,1470.0,125.39
2017-06-03 10:32:15.987024,54.48619,-165.580162,1470.0,124.45,1470.0,126.33
2017-06-03 10:32:16.486223,54.486198,-165.580146,1470.0,124.45,1470.0,124.26
2017-06-03 10:32:16.985426,54.48622,-165.580097,1470.0,125.39,1470.0,124.26
2017-06-03 10:32:17.484625,54.486227,-165.580081,1470.0,125.39,1470.0,124.26
2017-06-03 10:32:17.983826,54.48625,-165.580028,1470.0,124.45,1470.0,125.77
2017-06-03 10:32:18.498627,54.486258,-165.580009,1470.0,124.45,1470.0,125.2
2017-06-03 10:32:18.997828,54.486277,-165.579958,1470.0,124.45,1470.0,125.77
2017-06-03 10:32:19.497028,54.486284,-165.579941,1470.0,124.45,1470.0,126.33
2017-06-03 10:32:19.996229,54.486305,-165.579888,1470.0,124.45,1470.0,124.26
2017-06-03 10:32:20.495430,54.486313,-165.579871,1470.0,124.45,1470.0,124.45
2017-06-03 10:32:20.994631,54.486335,-165.579818,1470.0,125.96,1470.0,124.45
2017-06-03 10:32:21.493834,54.486342,-165.579801,1470.0,124.64,1470.0,125.58
2017-06-03 10:32:21.993032,54.486364,-165.579748,1470.0,124.64,1470.0,125.58
2017-06-03 10:32:22.492235,54.486371,-165.579731,1470.0,124.64,1470.0,124.64
2017-06-03 10:32:22.991434,54.486394,-165.579679,1470.0,124.64,1470.0,124.45
2017-06-03 10:32:23.490637,54.486401,-165.579662,1470.0,124.45,1470.0,125.58
2017-06-03 10:32:23.989836,54.486424,-165.579611,1470.0,124.26,1470.0,125.77
2017-06-03 10:32:24.489038,54.486431,-165.579594,1470.0,124.07,1470.0,124.83
2017-06-03 10:32:24.988237,54.486453,-165.579544,1470.0,125.01,1470.0,124.26
2017-06-03 10:32:25.487440,54.48646,-165.579527,1470.0,124.07,1470.0,124.07
2017-06-03 10:32:25.986639,54.486482,-165.579475,1470.0,124.07,1470.0,124.07
2017-06-03 10:32:26.485842,54.486489,-165.579457,1470.0,124.26,1470.0,124.07
2017-06-03 10:32:26.985043,54.486509,-165.579406,1470.0,124.26,1470.0,125.77
2017-06-03 10:32:27.484243,54.486515,-165.579389,1470.0,124.26,1470.0,124.07
2017-06-03 10:32:27.999044,54.486534,-165.579333,1470.0,124.07,1470.0,125.01
2017-06-03 10:32:28.498243,54.486541,-165.579316,1470.0,123.89,1470.0,125.58
2017-06-03 10:32:28.997446,54.486562,-165.579264,1470.0,123.89,1470.0,123.7
2017-06-03 10:32:29.496645,54.486569,-165.579247,1470.0,125.01,1470.0,123.7
2017-06-03 10:32:29.995848,54.486589,-165.579195,1470.0,125.58,1470.0,123.89
2017-06-03 10:32:30.495049,54.486596,-165.579177,1470.0,124.07,1470.0,124.07
2017-06-03 10:32:30.994249,54.486616,-165.579126,1470.0,125.39,1470.0,124.07
2017-06-03 10:32:31.493450,54.486623,-165.579109,1470.0,124.26,1470.0,125.77
2017-06-03 10:32:31.992651,54.486645,-165.579056,1470.0,124.07,1470.0,124.07
2017-06-03 10:32:32.491852,54.486653,-165.579039,1470.0,124.07,1470.0,125.39
2017-06-03 10:32:32.991053,54.486675,-165.578988,1470.0,125.01,1470.0,123.89
2017-06-03 10:32:33.490253,54.486682,-165.578971,1470.0,123.89,1470.0,125.39
2017-06-03 10:32:33.989454,54.486704,-165.578919,1470.0,123.89,1470.0,124.83
2017-06-03 10:32:34.488655,54.486711,-165.578903,1470.0,123.89,1470.0,123.89
2017-06-03 10:32:34.987856,54.486733,-165.578852,1470.0,124.07,1470.0,123.89
2017-06-03 10:32:35.487057,54.48674,-165.578836,1470.0,125.39,1470.0,123.89
2017-06-03 10:32:35.986259,54.486762,-165.578783,1470.0,125.01,1470.0,123.89
2017-06-03 10:32:36.485458,54.486769,-165.578766,1470.0,123.89,1470.0,125.77
2017-06-03 10:32:36.984661,54.486791,-165.578716,1470.0,123.89,1470.0,123.7
2017-06-03 10:32:37.483860,54.486799,-165.578699,1470.0,123.7,1470.0,123.7
2017-06-03 10:32:37.998661,54.486822,-165.578647,1470.0,124.64,1470.0,123.7
2017-06-03 10:32:38.497862,54.486829,-165.578631,1470.0,123.89,1470.0,125.58
2017-06-03 10:32:38.997063,54.48685,-165.578581,1470.0,123.89,1470.0,125.58
2017-06-03 10:32:39.496264,54.486857,-165.578564,1470.0,124.07,1470.0,125.39
2017-06-03 10:32:39.995464,54.486879,-165.578514,1470.0,123.7,1470.0,125.2
2017-06-03 10:32:40.494665,54.486886,-165.578498,1470.0,125.01,1470.0,123.51
2017-06-03 10:32:40.993866,54.48691,-165.578449,1470.0,123.51,1470.0,124.64
2017-06-03 10:32:41.493069,54.486918,-165.578433,1470.0,123.32,1470.0,123.32
2017-06-03 10:32:41.992268,54.486942,-165.578384,1470.0,123.51,1470.0,123.32
2017-06-03 10:32:42.491470,54.486949,-165.578368,1470.0,123.51,1470.0,123.32
2017-06-03 10:32:42.990669,54.486972,-165.578319,1470.0,123.51,1470.0,124.64
2017-06-03 10:32:43.489872,54.486979,-165.578303,1470.0,123.7,1470.0,123.7
2017-06-03 10:32:43.989071,54.487,-165.578252,1470.0,123.89,1470.0,123.7
2017-06-03 10:32:44.488274,54.487007,-165.578236,1470.0,123.89,1470.0,123.89
2017-06-03 10:32:44.987473,54.487028,-165.578186,1470.0,123.89,1470.0,123.89
2017-06-03 10:32:45.486675,54.487035,-165.578169,1470.0,124.45,1470.0,125.58
2017-06-03 10:32:45.985874,54.487057,-165.578116,1470.0,123.51,1470.0,123.51
2017-06-03 10:32:46.485077,54.487064,-165.578099,1470.0,123.51,1470.0,123.51
2017-06-03 10:32:46.984278,54.487086,-165.578049,1470.0,123.7,1470.0,123.51
2017-06-03 10:32:47.499079,54.487094,-165.578031,1470.0,123.7,1470.0,123.7
2017-06-03 10:32:47.998280,54.487115,-165.577981,1470.0,123.89,1470.0,123.7
2017-06-03 10:32:48.497478,54.487123,-165.577964,1470.0,123.7,1470.0,125.2
2017-06-03 10:32:48.996681,54.487145,-165.577913,1470.0,125.01,1470.0,123.51
2017-06-03 10:32:49.495880,54.487153,-165.577896,1470.0,124.64,1470.0,124.64
2017-06-03 10:32:49.995083,54.487177,-165.577846,1470.0,123.32,1470.0,123.13
2017-06-03 10:32:50.494282,54.487184,-165.577829,1470.0,123.13,1470.0,124.45
2017-06-03 10:32:50.993484,54.487207,-165.577779,1470.0,123.13,1470.0,124.07
2017-06-03 10:32:51.492683,54.487214,-165.577763,1470.0,123.13,1470.0,123.13
2017-06-03 10:32:51.991886,54.487235,-165.577714,1470.0,123.32,1470.0,124.26
2017-06-03 10:32:52.491087,54.487242,-165.577697,1470.0,123.51,1470.0,123.32
2017-06-03 10:32:52.990288,54.487262,-165.577646,1470.0,123.51,1470.0,123.51
2017-06-03 10:32:53.489489,54.487269,-165.577629,1470.0,123.51,1470.0,124.64
2017-06-03 10:32:53.988689,54.487292,-165.577579,1470.0,123.32,1470.0,123.32
2017-06-03 10:32:54.487890,54.487299,-165.577563,1470.0,123.13,1470.0,123.13
2017-06-03 10:32:54.987091,54.487321,-165.577514,1470.0,124.26,1470.0,123.13
2017-06-03 10:32:55.486292,54.487329,-165.577498,1470.0,123.13,1470.0,122.94
2017-06-03 10:32:55.985493,54.487352,-165.577449,1470.0,123.13,1470.0,124.45
2017-06-03 10:32:56.484694,54.487359,-165.577433,1470.0,123.13,1470.0,124.26
2017-06-03 10:32:56.983896,54.487383,-165.577386,1470.0,123.13,1470.0,124.64
2017-06-03 10:32:57.498695,54.487391,-165.577369,1470.0,123.13,1470.0,124.07
2017-06-03 10:32:57.997896,54.487414,-165.57732,1470.0,123.13,1470.0,124.45
2017-06-03 10:32:58.497097,54.487421,-165.577304,1470.0,123.13,1470.0,124.26
2017-06-03 10:32:58.996298,54.487444,-165.577254,1470.0,123.13,1470.0,124.26
2017-06-03 10:32:59.495499,54.487451,-165.577238,1470.0,123.13,1470.0,123.13
2017-06-03 10:32:59.994699,54.487474,-165.577187,1470.0,123.13,1470.0,124.45
2017-06-03 10:33:00.493900,54.487481,-165.577171,1470.0,124.26,1470.0,124.64
2017-06-03 10:33:00.993101,54.487504,-165.577121,1470.0,123.13,1470.0,123.32
2017-06-03 10:33:01.492304,54.487511,-165.577104,1470.0,124.45,1470.0,123.13
2017-06-03 10:33:01.991503,54.487534,-165.577053,1470.0,123.32,1470.0,124.26
2017-06-03 10:33:02.490705,54.487541,-165.577036,1470.0,123.32,1470.0,123.32
2017-06-03 10:33:02.989904,54.487563,-165.576987,1470.0,123.32,1470.0,123.32
2017-06-03 10:33:03.489107,54.48757,-165.576971,1470.0,124.45,1470.0,123.13
2017-06-03 10:33:03.988306,54.487595,-165.576921,1470.0,123.13,1470.0,124.45
2017-06-03 10:33:04.487509,54.487603,-165.576905,1470.0,124.07,1470.0,122.94
2017-06-03 10:33:04.986708,54.487626,-165.576857,1470.0,122.94,1470.0,122.76
2017-06-03 10:33:05.485910,54.487634,-165.576841,1470.0,123.89,1470.0,122.94
2017-06-03 10:33:05.985109,54.487658,-165.576794,1470.0,122.76,1470.0,122.57
2017-06-03 10:33:06.484312,54.487666,-165.576778,1470.0,123.7,1470.0,122.57
2017-06-03 10:33:06.999113,54.487689,-165.57673,1470.0,122.76,1470.0,122.76
2017-06-03 10:33:07.498314,54.487696,-165.576714,1470.0,122.76,1470.0,122.76
2017-06-03 10:33:07.997515,54.487717,-165.576664,1470.0,122.94,1470.0,122.76
2017-06-03 10:33:08.496716,54.487724,-165.576648,1470.0,123.7,1470.0,122.76
2017-06-03 10:33:08.995916,54.487745,-165.576597,1470.0,122.76,1470.0,122.76
2017-06-03 10:33:09.495115,54.487752,-165.576581,1470.0,124.26,1470.0,123.89
2017-06-03 10:33:09.994318,54.487774,-165.576529,1470.0,122.94,1470.0,124.26
2017-06-03 10:33:10.493517,54.487781,-165.576512,1470.0,122.94,1470.0,122.94
2017-06-03 10:33:10.992720,54.487802,-165.576461,1470.0,122.94,1470.0,122.94
2017-06-03 10:33:11.491919,54.487809,-165.576444,1470.0,122.94,1470.0,122.94
2017-06-03 10:33:11.991121,54.487832,-165.576393,1470.0,122.94,1470.0,122.94
2017-06-03 10:33:12.490322,54.487839,-165.576376,1470.0,122.94,1470.0,122.94
2017-06-03 10:33:12.989523,54.487862,-165.576326,1470.0,122.94,1470.0,124.26
2017-06-03 10:33:13.488724,54.487869,-165.576309,1470.0,122.94,1470.0,122.94
2017-06-03 10:33:13.987925,54.487892,-165.576259,1470.0,123.7,1470.0,122.76
2017-06-03 10:33:14.487125,54.487899,-165.576243,1470.0,124.07,1470.0,124.26
2017-06-03 10:33:14.986326,54.487921,-165.576194,1470.0,122.76,1470.0,122.57
2017-06-03 10:33:15.485527,54.487929,-165.576178,1470.0,123.7,1470.0,123.51
2017-06-03 10:33:15.984728,54.487952,-165.576127,1470.0,123.51,1470.0,123.7
2017-06-03 10:33:16.483929,54.487959,-165.576111,1470.0,123.7,1470.0,122.38
2017-06-03 10:33:16.998730,54.487979,-165.57606,1470.0,123.51,1470.0,123.51
2017-06-03 10:33:17.497931,54.487986,-165.576044,1470.0,122.57,1470.0,122.57
2017-06-03 10:33:17.997131,54.488006,-165.575994,1470.0,122.76,1470.0,124.26
2017-06-03 10:33:18.496332,54.488012,-165.575977,1470.0,122.76,1470.0,124.07
2017-06-03 10:33:18.995533,54.488032,-165.575926,1470.0,122.57,1470.0,122.57
2017-06-03 10:33:19.494734,54.488039,-165.575909,1470.0,123.7,1470.0,123.51
2017-06-03 10:33:19.993935,54.48806,-165.575859,1470.0,122.38,1470.0,123.51
2017-06-03 10:33:20.493135,54.488068,-165.575843,1470.0,122.38,1470.0,122.94
2017-06-03 10:33:20.992336,54.48809,-165.575794,1470.0,123.51,1470.0,122.38
2017-06-03 10:33:21.491537,54.488097,-165.575778,1470.0,122.57,1470.0,122.57
2017-06-03 10:33:21.990738,54.488119,-165.575729,1470.0,122.76,1470.0,124.26
2017-06-03 10:33:22.489941,54.488126,-165.575713,1470.0,122.76,1470.0,124.26
2017-06-03 10:33:22.989140,54.488147,-165.575662,1470.0,122.76,1470.0,122.57
2017-06-03 10:33:23.488342,54.488153,-165.575646,1470.0,123.89,1470.0,122.57
2017-06-03 10:33:23.987541,54.488175,-165.575593,1470.0,122.57,1470.0,122.57
2017-06-03 10:33:24.486744,54.488182,-165.575576,1470.0,122.57,1470.0,123.7
2017-06-03 10:33:24.985943,54.488203,-165.575526,1470.0,122.57,1470.0,124.26
2017-06-03 10:33:25.485146,54.48821,-165.575509,1470.0,123.51,1470.0,124.07
2017-06-03 10:33:25.984344,54.488231,-165.575459,1470.0,123.32,1470.0,122.38
2017-06-03 10:33:26.499147,54.488239,-165.575441,1470.0,122.38,1470.0,123.51
2017-06-03 10:33:26.998348,54.48826,-165.575389,1470.0,123.51,1470.0,122.38
2017-06-03 10:33:27.497549,54.488267,-165.575373,1470.0,122.38,1470.0,122.38
2017-06-03 10:33:27.996750,54.488289,-165.575324,1470.0,122.38,1470.0,122.38
2017-06-03 10:33:28.495951,54.488296,-165.575308,1470.0,122.38,1470.0,122.38
2017-06-03 10:33:28.995152,54.488317,-165.575257,1470.0,123.51,1470.0,122.38
2017-06-03 10:33:29.494352,54.488324,-165.575241,1470.0,122.38,1470.0,123.89
2017-06-03 10:33:29.993553,54.488347,-165.575191,1470.0,123.32,1470.0,123.51
2017-06-03 10:33:30.492752,54.488354,-165.575174,1470.0,122.19,1470.0,123.51
2017-06-03 10:33:30.991955,54.488375,-165.575125,1470.0,122.19,1470.0,123.32
2017-06-03 10:33:31.491154,54.488382,-165.575109,1470.0,123.51,1470.0,122.19
2017-06-03 10:33:31.990356,54.488404,-165.57506,1470.0,123.7,1470.0,122.19
2017-06-03 10:33:32.489557,54.488411,-165.575044,1470.0,123.13,1470.0,122.19
2017-06-03 10:33:32.988758,54.488432,-165.574995,1470.0,122.19,1470.0,123.32
2017-06-03 10:33:33.487959,54.488439,-165.574979,1470.0,122.19,1470.0,123.7
2017-06-03 10:33:33.987160,54.488462,-165.574929,1470.0,122.0,1470.0,123.13
2017-06-03 10:33:34.486361,54.488469,-165.574913,1470.0,122.0,1470.0,122.0
2017-06-03 10:33:34.985561,54.488491,-165.574865,1470.0,122.0,1470.0,122.0
2017-06-03 10:33:35.484762,54.488498,-165.574849,1470.0,122.19,1470.0,122.0
2017-06-03 10:33:35.983963,54.48852,-165.574799,1470.0,122.19,1470.0,122.19
2017-06-03 10:33:36.498764,54.488527,-165.574781,1470.0,122.38,1470.0,123.89
2017-06-03 10:33:36.997965,54.488549,-165.574732,1470.0,122.38,1470.0,123.51
2017-06-03 10:33:37.497166,54.488556,-165.574716,1470.0,122.38,1470.0,123.32
2017-06-03 10:33:37.996367,54.488579,-165.574666,1470.0,122.19,1470.0,122.19
2017-06-03 10:33:38.495567,54.488586,-165.574649,1470.0,122.0,1470.0,122.0
2017-06-03 10:33:38.994768,54.48861,-165.574599,1470.0,122.0,1470.0,123.51
2017-06-03 10:33:39.493969,54.488618,-165.574583,1470.0,123.32,1470.0,122.0
2017-06-03 10:33:39.993170,54.488642,-165.574532,1470.0,122.0,1470.0,123.13
2017-06-03 10:33:40.492371,54.488649,-165.574516,1470.0,122.19,1470.0,122.0
2017-06-03 10:33:40.991571,54.48867,-165.574467,1470.0,122.19,1470.0,122.19
2017-06-03 10:33:41.490772,54.488677,-165.574451,1470.0,122.38,1470.0,123.89
2017-06-03 10:33:41.989973,54.488699,-165.574401,1470.0,123.51,1470.0,122.38
2017-06-03 10:33:42.489174,54.488706,-165.574384,1470.0,122.19,1470.0,122.19
2017-06-03 10:33:42.988375,54.488728,-165.574335,1470.0,122.0,1470.0,122.0
2017-06-03 10:33:43.487577,54.488735,-165.574319,1470.0,121.82,1470.0,123.13
2017-06-03 10:33:43.986776,54.488757,-165.574269,1470.0,121.82,1470.0,121.63
2017-06-03 10:33:44.485979,54.488764,-165.574253,1470.0,121.63,1470.0,121.63
2017-06-03 10:33:44.985178,54.488786,-165.574206,1470.0,121.63,1470.0,122.94
2017-06-03 10:33:45.484381,54.488793,-165.574191,1470.0,122.57,1470.0,122.76
2017-06-03 10:33:45.999180,54.488816,-165.574139,1470.0,121.82,1470.0,121.63
2017-06-03 10:33:46.498383,54.488823,-165.574123,1470.0,121.63,1470.0,122.57
2017-06-03 10:33:46.997581,54.488845,-165.574075,1470.0,121.63,1470.0,122.19
2017-06-03 10:33:47.496784,54.488852,-165.574059,1470.0,121.63,1470.0,121.63
2017-06-03 10:33:47.995985,54.488874,-165.57401,1470.0,123.32,1470.0,121.63
2017-06-03 10:33:48.495186,54.488881,-165.573994,1470.0,121.63,1470.0,121.63
2017-06-03 10:33:48.994387,54.488902,-165.573944,1470.0,121.63,1470.0,121.63
2017-06-03 10:33:49.493587,54.488909,-165.573928,1470.0,121.63,1470.0,121.63
2017-06-03 10:33:49.992788,54.48893,-165.573877,1470.0,121.63,1470.0,121.63
2017-06-03 10:33:50.491989,54.488938,-165.573861,1470.0,121.63,1470.0,122.76
2017-06-03 10:33:50.991190,54.48896,-165.573811,1470.0,121.63,1470.0,122.94
2017-06-03 10:33:51.490389,54.488968,-165.573794,1470.0,121.63,1470.0,122.94
2017-06-03 10:33:51.989592,54.48899,-165.573744,1470.0,122.76,1470.0,123.13
2017-06-03 10:33:52.488792,54.488997,-165.573728,1470.0,121.63,1470.0,122.94
2017-06-03 10:33:52.987993,54.489018,-165.573679,1470.0,121.82,1470.0,122.94
2017-06-03 10:33:53.487194,54.489025,-165.573662,1470.0,121.63,1470.0,122.38
2017-06-03 10:33:53.986395,54.489047,-165.573611,1470.0,122.57,1470.0,122.94
2017-06-03 10:33:54.485596,54.489054,-165.573594,1470.0,121.44,1470.0,122.94
2017-06-03 10:33:54.984797,54.489075,-165.573545,1470.0,121.44,1470.0,122.76
2017-06-03 10:33:55.483997,54.489082,-165.573529,1470.0,121.63,1470.0,122.38
2017-06-03 10:33:55.998798,54.489102,-165.573477,1470.0,121.44,1470.0,121.44
2017-06-03 10:33:56.497999,54.489109,-165.573461,1470.0,121.44,1470.0,122.94
2017-06-03 10:33:56.997200,54.48913,-165.573411,1470.0,121.44,1470.0,122.76
2017-06-03 10:33:57.496401,54.489137,-165.573394,1470.0,121.44,1470.0,122.38
2017-06-03 10:33:57.995602,54.489159,-165.573344,1470.0,121.44,1470.0,122.76
2017-06-03 10:33:58.494802,54.489166,-165.573328,1470.0,121.44,1470.0,122.38
2017-06-03 10:33:58.994003,54.489187,-165.573279,1470.0,121.44,1470.0,122.76
2017-06-03 10:33:59.493204,54.489194,-165.573263,1470.0,121.44,1470.0,121.25
2017-06-03 10:33:59.992405,54.489217,-165.573212,1470.0,121.44,1470.0,121.25
2017-06-03 10:34:00.491606,54.489224,-165.573196,1470.0,121.25,1470.0,121.25
2017-06-03 10:34:00.990807,54.489247,-165.573147,1470.0,122.57,1470.0,121.25
2017-06-03 10:34:01.490007,54.489254,-165.573131,1470.0,122.76,1470.0,121.25
2017-06-03 10:34:01.989208,54.489277,-165.573082,1470.0,121.44,1470.0,122.94
2017-06-03 10:34:02.488409,54.489284,-165.573066,1470.0,122.94,1470.0,121.44
2017-06-03 10:34:02.987610,54.489306,-165.573018,1470.0,121.63,1470.0,121.44
2017-06-03 10:34:03.486813,54.489313,-165.573002,1470.0,121.63,1470.0,121.44
2017-06-03 10:34:03.986012,54.489335,-165.572951,1470.0,121.63,1470.0,122.57
2017-06-03 10:34:04.485214,54.489343,-165.572934,1470.0,121.44,1470.0,121.25
2017-06-03 10:34:04.984413,54.489365,-165.572885,1470.0,121.25,1470.0,121.25
2017-06-03 10:34:05.499216,54.489372,-165.572867,1470.0,122.38,1470.0,122.38
2017-06-03 10:34:05.998415,54.489394,-165.572816,1470.0,121.25,1470.0,121.06
2017-06-03 10:34:06.497618,54.489401,-165.572799,1470.0,122.57,1470.0,122.19
2017-06-03 10:34:06.996817,54.489422,-165.572749,1470.0,121.25,1470.0,122.57
2017-06-03 10:34:07.496019,54.489429,-165.572733,1470.0,121.44,1470.0,121.44
2017-06-03 10:34:07.995218,54.489449,-165.572682,1470.0,121.44,1470.0,121.44
2017-06-03 10:34:08.494421,54.489456,-165.572666,1470.0,121.44,1470.0,121.25
2017-06-03 10:34:08.993622,54.489477,-165.572616,1470.0,122.19,1470.0,122.38
2017-06-03 10:34:09.492823,54.489484,-165.572599,1470.0,122.19,1470.0,120.88
2017-06-03 10:34:09.992023,54.489507,-165.57255,1470.0,120.69,1470.0,120.69
2017-06-03 10:34:10.491224,54.489514,-165.572534,1470.0,120.69,1470.0,122.38
2017-06-03 10:34:10.990425,54.489537,-165.572485,1470.0,122.19,1470.0,120.69
2017-06-03 10:34:11.489626,54.489544,-165.572469,1470.0,120.88,1470.0,120.88
2017-06-03 10:34:11.988827,54.489564,-165.572419,1470.0,121.06,1470.0,122.38
2017-06-03 10:34:12.488026,54.489571,-165.572403,1470.0,121.06,1470.0,121.25
2017-06-03 10:34:12.987228,54.489592,-165.572352,1470.0,121.06,1470.0,122.38
2017-06-03 10:34:13.486427,54.489598,-165.572336,1470.0,121.25,1470.0,121.06
2017-06-03 10:34:13.985630,54.489619,-165.572283,1470.0,121.06,1470.0,121.06
2017-06-03 10:34:14.484831,54.489626,-165.572266,1470.0,121.06,1470.0,121.82
2017-06-03 10:34:14.984032,54.489647,-165.572217,1470.0,121.06,1470.0,122.19
2017-06-03 10:34:15.498833,54.489654,-165.572199,1470.0,122.38,1470.0,120.88
2017-06-03 10:34:15.998034,54.489675,-165.572149,1470.0,120.88,1470.0,120.88
2017-06-03 10:34:16.497234,54.489683,-165.572133,1470.0,121.82,1470.0,120.69
2017-06-03 10:34:16.996435,54.489705,-165.572084,1470.0,120.69,1470.0,121.82
2017-06-03 10:34:17.495636,54.489713,-165.572068,1470.0,121.82,1470.0,121.44
2017-06-03 10:34:17.994839,54.489737,-165.572019,1470.0,121.44,1470.0,120.5
2017-06-03 10:34:18.494038,54.489744,-165.572003,1470.0,120.69,1470.0,122.0
2017-06-03 10:34:18.993240,54.489765,-165.571952,1470.0,120.88,1470.0,120.69
2017-06-03 10:34:19.492439,54.489772,-165.571936,1470.0,120.88,1470.0,120.88
2017-06-03 10:34:19.991640,54.489794,-165.571884,1470.0,120.88,1470.0,120.88
2017-06-03 10:34:20.490841,54.489801,-165.571868,1470.0,120.88,1470.0,121.82
2017-06-03 10:34:20.990042,54.48982,-165.571817,1470.0,120.88,1470.0,120.69
2017-06-03 10:34:21.489243,54.489827,-165.571801,1470.0,120.69,1470.0,120.69
2017-06-03 10:34:21.988443,54.489847,-165.571749,1470.0,120.69,1470.0,120.69
2017-06-03 10:34:22.487644,54.489854,-165.571733,1470.0,120.69,1470.0,120.69
2017-06-03 10:34:22.986845,54.489875,-165.571684,1470.0,120.69,1470.0,121.82
2017-06-03 10:34:23.486048,54.489882,-165.571668,1470.0,120.69,1470.0,120.5
2017-06-03 10:34:23.985247,54.489904,-165.571619,1470.0,120.5,1470.0,120.5
2017-06-03 10:34:24.484449,54.489912,-165.571603,1470.0,120.5,1470.0,120.31
2017-06-03 10:34:24.999249,54.489935,-165.571552,1470.0,121.63,1470.0,120.31
2017-06-03 10:34:25.498451,54.489943,-165.571536,1470.0,121.63,1470.0,120.31
2017-06-03 10:34:25.997650,54.489965,-165.571487,1470.0,120.5,1470.0,120.5
2017-06-03 10:34:26.496853,54.489973,-165.571471,1470.0,120.5,1470.0,120.5
2017-06-03 10:34:26.996052,54.489995,-165.571422,1470.0,120.5,1470.0,121.63
2017-06-03 10:34:27.495255,54.490002,-165.571406,1470.0,120.69,1470.0,120.5
2017-06-03 10:34:27.994453,54.490024,-165.571354,1470.0,120.69,1470.0,120.5
2017-06-03 10:34:28.493656,54.490031,-165.571337,1470.0,120.69,1470.0,121.82
2017-06-03 10:34:28.992857,54.490052,-165.571286,1470.0,120.69,1470.0,120.5
2017-06-03 10:34:29.492058,54.490059,-165.571269,1470.0,120.5,1470.0,120.5
2017-06-03 10:34:29.991259,54.49008,-165.571219,1470.0,120.5,1470.0,120.5
2017-06-03 10:34:30.490459,54.490088,-165.571203,1470.0,120.31,1470.0,120.31
2017-06-03 10:34:30.989660,54.490111,-165.571155,1470.0,121.25,1470.0,120.31
2017-06-03 10:34:31.488861,54.490119,-165.571139,1470.0,120.12,1470.0,120.12
2017-06-03 10:34:31.988062,54.490143,-165.57109,1470.0,120.12,1470.0,120.12
2017-06-03 10:34:32.487263,54.490151,-165.571075,1470.0,120.12,1470.0,120.88
2017-06-03 10:34:32.986464,54.490174,-165.571028,1470.0,120.31,1470.0,119.93
2017-06-03 10:34:33.485662,54.490182,-165.571013,1470.0,120.12,1470.0,119.93
2017-06-03 10:34:33.984865,54.490206,-165.570965,1470.0,120.12,1470.0,119.93
2017-06-03 10:34:34.484066,54.490214,-165.570949,1470.0,120.12,1470.0,119.93
2017-06-03 10:34:34.998867,54.490237,-165.570899,1470.0,120.12,1470.0,120.12
2017-06-03 10:34:35.498068,54.490244,-165.570883,1470.0,120.12,1470.0,120.12
2017-06-03 10:34:35.997269,54.490265,-165.570832,1470.0,120.12,1470.0,120.31
2017-06-03 10:34:36.496469,54.490272,-165.570816,1470.0,120.12,1470.0,120.12
2017-06-03 10:34:36.995670,54.490294,-165.570766,1470.0,120.12,1470.0,121.25
2017-06-03 10:34:37.494871,54.490301,-165.570749,1470.0,120.12,1470.0,119.93
2017-06-03 10:34:37.994072,54.490325,-165.570699,1470.0,119.93,1470.0,121.25
2017-06-03 10:34:38.493273,54.490333,-165.570683,1470.0,119.93,1470.0,119.75
2017-06-03 10:34:38.992474,54.490355,-165.570634,1470.0,119.93,1470.0,119.75
2017-06-03 10:34:39.491674,54.490363,-165.570618,1470.0,120.12,1470.0,119.93
2017-06-03 10:34:39.990877,54.490387,-165.570569,1470.0,120.12,1470.0,120.12
2017-06-03 10:34:40.490076,54.490394,-165.570553,1470.0,120.12,1470.0,120.12
2017-06-03 10:34:40.989277,54.490418,-165.570504,1470.0,121.44,1470.0,120.88
2017-06-03 10:34:41.488478,54.490426,-165.570488,1470.0,119.93,1470.0,119.75
2017-06-03 10:34:41.987679,54.49045,-165.57044,1470.0,119.75,1470.0,119.56
2017-06-03 10:34:42.486879,54.490458,-165.570425,1470.0,119.56,1470.0,119.37
2017-06-03 10:34:42.986080,54.490481,-165.570377,1470.0,119.37,1470.0,119.37
2017-06-03 10:34:43.485281,54.490489,-165.570361,1470.0,119.56,1470.0,119.37
2017-06-03 10:34:43.984482,54.490511,-165.570312,1470.0,119.56,1470.0,119.56
2017-06-03 10:34:44.499285,54.490519,-165.570294,1470.0,119.75,1470.0,119.56
2017-06-03 10:34:44.998484,54.49054,-165.570244,1470.0,119.75,1470.0,120.12
2017-06-03 10:34:45.497686,54.490548,-165.570228,1470.0,119.75,1470.0,120.69
2017-06-03 10:34:45.996885,54.49057,-165.570177,1470.0,119.75,1470.0,119.56
2017-06-03 10:34:46.496088,54.490578,-165.570161,1470.0,119.56,1470.0,119.56
2017-06-03 10:34:46.995287,54.4906,-165.570109,1470.0,119.56,1470.0,119.37
2017-06-03 10:34:47.494490,54.490608,-165.570093,1470.0,119.56,1470.0,119.37
2017-06-03 10:34:47.993689,54.49063,-165.570042,1470.0,119.56,1470.0,120.69
2017-06-03 10:34:48.492891,54.490638,-165.570026,1470.0,119.75,1470.0,119.56
2017-06-03 10:34:48.992092,54.49066,-165.569976,1470.0,119.75,1470.0,119.56
2017-06-03 10:34:49.491293,54.490668,-165.569959,1470.0,119.75,1470.0,120.5
2017-06-03 10:34:49.990494,54.49069,-165.569909,1470.0,119.93,1470.0,119.56
2017-06-03 10:34:50.489695,54.490698,-165.569893,1470.0,119.75,1470.0,120.69
2017-06-03 10:34:50.988895,54.490721,-165.569844,1470.0,119.56,1470.0,120.5
2017-06-03 10:34:51.488096,54.490729,-165.569827,1470.0,119.56,1470.0,119.37
2017-06-03 10:34:51.987297,54.490753,-165.569776,1470.0,119.37,1470.0,119.37
2017-06-03 10:34:52.486498,54.490761,-165.569759,1470.0,119.37,1470.0,120.69
2017-06-03 10:34:52.985699,54.490782,-165.56971,1470.0,119.37,1470.0,120.88
2017-06-03 10:34:53.484900,54.490788,-165.569694,1470.0,119.56,1470.0,119.37
2017-06-03 10:34:53.984100,54.49081,-165.569644,1470.0,119.56,1470.0,119.37
2017-06-03 10:34:54.498901,54.490817,-165.569626,1470.0,119.37,1470.0,119.18
2017-06-03 10:34:54.998102,54.490839,-165.569574,1470.0,119.18,1470.0,118.99
2017-06-03 10:34:55.497303,54.490846,-165.569558,1470.0,118.99,1470.0,120.12
2017-06-03 10:34:55.996504,54.490869,-165.569507,1470.0,118.81,1470.0,118.81
2017-06-03 10:34:56.495705,54.490876,-165.569491,1470.0,119.93,1470.0,118.81
2017-06-03 10:34:56.994905,54.490899,-165.569441,1470.0,119.18,1470.0,118.99
2017-06-03 10:34:57.494106,54.490906,-165.569424,1470.0,119.18,1470.0,119.18
2017-06-03 10:34:57.993307,54.490927,-165.569373,1470.0,119.37,1470.0,120.69
2017-06-03 10:34:58.492508,54.490934,-165.569356,1470.0,119.56,1470.0,119.37
2017-06-03 10:34:58.991709,54.490955,-165.569304,1470.0,119.37,1470.0,121.06
2017-06-03 10:34:59.490910,54.490963,-165.569287,1470.0,119.37,1470.0,119.18
2017-06-03 10:34:59.990112,54.490987,-165.569236,1470.0,119.37,1470.0,119.18
2017-06-03 10:35:00.489311,54.490994,-165.569219,1470.0,119.18,1470.0,119.18
2017-06-03 10:35:00.988514,54.491016,-165.569169,1470.0,119.37,1470.0,120.31
2017-06-03 10:35:01.487713,54.491024,-165.569152,1470.0,119.37,1470.0,120.69
2017-06-03 10:35:01.986914,54.491047,-165.5691,1470.0,119.37,1470.0,120.69
2017-06-03 10:35:02.486115,54.491054,-165.569083,1470.0,119.37,1470.0,120.5
2017-06-03 10:35:02.985315,54.491076,-165.569032,1470.0,119.37,1470.0,119.18
2017-06-03 10:35:03.484516,54.491084,-165.569016,1470.0,119.37,1470.0,119.18
2017-06-03 10:35:03.999317,54.491108,-165.568964,1470.0,118.99,1470.0,118.99
2017-06-03 10:35:04.498518,54.491116,-165.568948,1470.0,118.81,1470.0,118.81
2017-06-03 10:35:04.997719,54.491139,-165.568899,1470.0,118.81,1470.0,118.81
2017-06-03 10:35:05.496922,54.491146,-165.568883,1470.0,118.81,1470.0,118.81
2017-06-03 10:35:05.996120,54.491167,-165.568832,1470.0,118.99,1470.0,118.81
2017-06-03 10:35:06.495323,54.491174,-165.568816,1470.0,118.99,1470.0,119.93
2017-06-03 10:35:06.994522,54.491197,-165.568766,1470.0,118.99,1470.0,120.12
2017-06-03 10:35:07.493725,54.491204,-165.568749,1470.0,118.99,1470.0,120.12
2017-06-03 10:35:07.992924,54.491225,-165.568699,1470.0,118.99,1470.0,118.99
2017-06-03 10:35:08.492126,54.491233,-165.568683,1470.0,118.99,1470.0,118.99
2017-06-03 10:35:08.991325,54.491255,-165.568634,1470.0,119.18,1470.0,118.99
2017-06-03 10:35:09.490528,54.491262,-165.568617,1470.0,118.99,1470.0,118.99
2017-06-03 10:35:09.989729,54.491284,-165.568565,1470.0,118.99,1470.0,118.99
2017-06-03 10:35:10.488930,54.491291,-165.568548,1470.0,118.99,1470.0,118.99
2017-06-03 10:35:10.988131,54.491313,-165.568499,1470.0,120.12,1470.0,118.99
2017-06-03 10:35:11.487331,54.49132,-165.568483,1470.0,119.18,1470.0,118.99
2017-06-03 10:35:11.986532,54.491345,-165.568432,1470.0,118.99,1470.0,120.31
2017-06-03 10:35:12.485733,54.491353,-165.568416,1470.0,119.75,1470.0,119.75
2017-06-03 10:35:12.984934,54.491376,-165.568367,1470.0,120.12,1470.0,118.62
2017-06-03 10:35:13.484135,54.491384,-165.568351,1470.0,118.62,1470.0,120.12
2017-06-03 10:35:13.998936,54.491409,-165.568299,1470.0,118.62,1470.0,118.62
2017-06-03 10:35:14.498137,54.491416,-165.568283,1470.0,118.62,1470.0,118.62
2017-06-03 10:35:14.997337,54.491437,-165.568235,1470.0,118.81,1470.0,118.81
2017-06-03 10:35:15.496538,54.491444,-165.568219,1470.0,118.81,1470.0,118.62
2017-06-03 10:35:15.995739,54.491465,-165.568168,1470.0,118.62,1470.0,118.62
2017-06-03 10:35:16.494940,54.491472,-165.568151,1470.0,118.81,1470.0,118.62
2017-06-03 10:35:16.994141,54.491492,-165.568098,1470.0,118.81,1470.0,118.81
2017-06-03 10:35:17.493341,54.491499,-165.568081,1470.0,118.99,1470.0,118.81
2017-06-03 10:35:17.992542,54.49152,-165.568029,1470.0,119.18,1470.0,118.99
2017-06-03 10:35:18.491743,54.491527,-165.568013,1470.0,119.37,1470.0,118.99
2017-06-03 10:35:18.990944,54.491548,-165.567962,1470.0,119.37,1470.0,118.99
2017-06-03 10:35:19.490145,54.491555,-165.567946,1470.0,119.18,1470.0,118.99
2017-06-03 10:35:19.989347,54.491578,-165.567894,1470.0,118.99,1470.0,118.81
2017-06-03 10:35:20.488546,54.491586,-165.567878,1470.0,119.56,1470.0,118.62
2017-06-03 10:35:20.987749,54.491609,-165.56783,1470.0,118.62,1470.0,118.62
2017-06-03 10:35:21.486948,54.491617,-165.567814,1470.0,118.43,1470.0,118.43
2017-06-03 10:35:21.986151,54.49164,-165.567764,1470.0,118.43,1470.0,118.24
2017-06-03 10:35:22.485350,54.491648,-165.567748,1470.0,118.43,1470.0,118.24
2017-06-03 10:35:22.984550,54.49167,-165.567701,1470.0,118.62,1470.0,118.43
2017-06-03 10:35:23.499352,54.491677,-165.567684,1470.0,118.43,1470.0,118.43
2017-06-03 10:35:23.998552,54.491697,-165.567634,1470.0,118.62,1470.0,118.43
2017-06-03 10:35:24.497753,54.491704,-165.567617,1470.0,118.62,1470.0,118.43
2017-06-03 10:35:24.996954,54.491723,-165.567565,1470.0,118.62,1470.0,119.93
2017-06-03 10:35:25.496157,54.491729,-165.567547,1470.0,118.43,1470.0,118.43
2017-06-03 10:35:25.995356,54.491749,-165.567495,1470.0,118.43,1470.0,118.43
2017-06-03 10:35:26.494558,54.491756,-165.567477,1470.0,118.62,1470.0,118.43
2017-06-03 10:35:26.993757,54.491776,-165.567426,1470.0,118.62,1470.0,118.43
2017-06-03 10:35:27.492960,54.491783,-165.567409,1470.0,118.62,1470.0,118.62
2017-06-03 10:35:27.992159,54.491805,-165.56736,1470.0,118.62,1470.0,118.62
2017-06-03 10:35:28.491362,54.491813,-165.567344,1470.0,118.81,1470.0,118.62
2017-06-03 10:35:28.990561,54.491835,-165.567295,1470.0,118.81,1470.0,118.62
2017-06-03 10:35:29.489763,54.491842,-165.567279,1470.0,118.81,1470.0,118.62
2017-06-03 10:35:29.988962,54.491865,-165.567229,1470.0,118.81,1470.0,118.62
2017-06-03 10:35:30.488165,54.491873,-165.567213,1470.0,118.62,1470.0,118.62
2017-06-03 10:35:30.987366,54.491895,-165.567165,1470.0,118.62,1470.0,118.43
2017-06-03 10:35:31.486567,54.491902,-165.567149,1470.0,118.62,1470.0,118.43
2017-06-03 10:35:31.985767,54.491924,-165.567102,1470.0,118.43,1470.0,118.24
2017-06-03 10:35:32.484968,54.491932,-165.567086,1470.0,118.43,1470.0,118.24
2017-06-03 10:35:32.984169,54.491953,-165.567037,1470.0,119.56,1470.0,118.24
2017-06-03 10:35:33.498968,54.491961,-165.567019,1470.0,118.43,1470.0,118.24
2017-06-03 10:35:33.998171,54.491981,-165.566969,1470.0,118.43,1470.0,118.43
2017-06-03 10:35:34.497370,54.491987,-165.566953,1470.0,118.43,1470.0,119.75
2017-06-03 10:35:34.996572,54.492007,-165.566902,1470.0,118.43,1470.0,118.43
2017-06-03 10:35:35.495773,54.492014,-165.566886,1470.0,118.43,1470.0,119.75
2017-06-03 10:35:35.994974,54.492034,-165.566836,1470.0,118.43,1470.0,118.24
2017-06-03 10:35:36.494175,54.492041,-165.566819,1470.0,118.43,1470.0,118.24
2017-06-03 10:35:36.993376,54.492062,-165.56677,1470.0,118.24,1470.0,119.37
2017-06-03 10:35:37.492577,54.492069,-165.566755,1470.0,118.24,1470.0,118.05
2017-06-03 10:35:37.991777,54.492092,-165.566707,1470.0,118.24,1470.0,118.99
2017-06-03 10:35:38.490978,54.492099,-165.566691,1470.0,118.24,1470.0,118.24
2017-06-03 10:35:38.990179,54.492123,-165.566643,1470.0,119.18,1470.0,118.24
2017-06-03 10:35:39.489380,54.49213,-165.566628,1470.0,118.43,1470.0,119.56
2017-06-03 10:35:39.988583,54.492153,-165.566577,1470.0,118.43,1470.0,119.18
2017-06-03 10:35:40.487782,54.492161,-165.566561,1470.0,118.43,1470.0,119.18
2017-06-03 10:35:40.986984,54.492183,-165.566512,1470.0,118.43,1470.0,119.75
2017-06-03 10:35:41.486183,54.49219,-165.566496,1470.0,118.43,1470.0,118.43
2017-06-03 10:35:41.985386,54.492213,-165.566446,1470.0,118.43,1470.0,118.24
2017-06-03 10:35:42.484585,54.49222,-165.566429,1470.0,118.43,1470.0,118.24
2017-06-03 10:35:42.983788,54.492241,-165.566379,1470.0,118.43,1470.0,118.24
2017-06-03 10:35:43.498587,54.492249,-165.566361,1470.0,118.43,1470.0,118.24
2017-06-03 10:35:43.997787,54.492272,-165.566312,1470.0,118.43,1470.0,118.24
2017-06-03 10:35:44.496988,54.492279,-165.566296,1470.0,118.43,1470.0,119.75
2017-06-03 10:35:44.996189,54.4923,-165.566247,1470.0,118.43,1470.0,118.43
2017-06-03 10:35:45.495392,54.492307,-165.566231,1470.0,118.24,1470.0,119.75
2017-06-03 10:35:45.994591,54.492329,-165.566182,1470.0,118.24,1470.0,118.99
2017-06-03 10:35:46.493793,54.492336,-165.566166,1470.0,118.81,1470.0,117.86
2017-06-03 10:35:46.992992,54.492359,-165.566119,1470.0,117.86,1470.0,118.99
2017-06-03 10:35:47.492195,54.492366,-165.566103,1470.0,118.99,1470.0,117.68
2017-06-03 10:35:47.991394,54.492389,-165.566057,1470.0,118.81,1470.0,117.68
2017-06-03 10:35:48.490597,54.492396,-165.566041,1470.0,117.86,1470.0,118.24
2017-06-03 10:35:48.989796,54.492417,-165.565993,1470.0,118.05,1470.0,117.86
2017-06-03 10:35:49.488998,54.492423,-165.565977,1470.0,119.18,1470.0,118.81
2017-06-03 10:35:49.988197,54.492444,-165.565925,1470.0,118.05,1470.0,118.05
2017-06-03 10:35:50.487400,54.492451,-165.565908,1470.0,118.05,1470.0,119.56
2017-06-03 10:35:50.986601,54.492472,-165.565857,1470.0,118.05,1470.0,118.05
2017-06-03 10:35:51.485802,54.492478,-165.565841,1470.0,118.05,1470.0,118.99
2017-06-03 10:35:51.985003,54.4925,-165.565789,1470.0,118.05,1470.0,117.86
2017-06-03 10:35:52.484203,54.492507,-165.565772,1470.0,118.05,1470.0,117.86
2017-06-03 10:35:52.999004,54.492529,-165.565719,1470.0,118.05,1470.0,119.75
2017-06-03 10:35:53.498203,54.492536,-165.565703,1470.0,118.24,1470.0,118.05
2017-06-03 10:35:53.997406,54.49256,-165.565654,1470.0,118.05,1470.0,118.05
2017-06-03 10:35:54.496605,54.492568,-165.565638,1470.0,118.05,1470.0,118.05
2017-06-03 10:35:54.995808,54.49259,-165.565589,1470.0,118.05,1470.0,117.86
2017-06-03 10:35:55.495007,54.492598,-165.565573,1470.0,118.05,1470.0,118.05
2017-06-03 10:35:55.994209,54.49262,-165.565524,1470.0,118.05,1470.0,117.86
2017-06-03 10:35:56.493410,54.492627,-165.565508,1470.0,119.18,1470.0,118.62
2017-06-03 10:35:56.992611,54.492649,-165.565457,1470.0,117.86,1470.0,117.86
2017-06-03 10:35:57.491812,54.492656,-165.565441,1470.0,117.86,1470.0,117.68
2017-06-03 10:35:57.991013,54.492677,-165.565391,1470.0,117.86,1470.0,117.68
2017-06-03 10:35:58.490213,54.492684,-165.565375,1470.0,117.68,1470.0,117.49
2017-06-03 10:35:58.989414,54.492705,-165.565327,1470.0,117.68,1470.0,117.68
2017-06-03 10:35:59.488615,54.492712,-165.565311,1470.0,117.68,1470.0,118.81
2017-06-03 10:35:59.987816,54.492732,-165.565259,1470.0,118.99,1470.0,117.68
2017-06-03 10:36:00.487017,54.492739,-165.565243,1470.0,117.68,1470.0,118.81
2017-06-03 10:36:00.986219,54.49276,-165.565194,1470.0,117.86,1470.0,118.99
2017-06-03 10:36:01.485418,54.492767,-165.565177,1470.0,117.68,1470.0,118.81
2017-06-03 10:36:01.984621,54.492788,-165.565127,1470.0,117.68,1470.0,118.81
2017-06-03 10:36:02.483820,54.492795,-165.565111,1470.0,117.86,1470.0,117.68
2017-06-03 10:36:02.998621,54.492819,-165.565059,1470.0,117.68,1470.0,117.68
2017-06-03 10:36:03.497822,54.492826,-165.565042,1470.0,117.86,1470.0,118.62
2017-06-03 10:36:03.997023,54.492847,-165.564991,1470.0,117.86,1470.0,117.68
2017-06-03 10:36:04.496223,54.492854,-165.564974,1470.0,118.99,1470.0,117.68
2017-06-03 10:36:04.995424,54.492877,-165.564923,1470.0,118.81,1470.0,117.68
2017-06-03 10:36:05.494627,54.492884,-165.564906,1470.0,118.62,1470.0,117.68
2017-06-03 10:36:05.993826,54.492905,-165.564856,1470.0,118.81,1470.0,117.68
2017-06-03 10:36:06.493029,54.492913,-165.564839,1470.0,117.86,1470.0,118.99
2017-06-03 10:36:06.992228,54.492935,-165.564789,1470.0,117.68,1470.0,118.99
2017-06-03 10:36:07.491430,54.492942,-165.564772,1470.0,117.68,1470.0,118.81
2017-06-03 10:36:07.990629,54.492965,-165.56472,1470.0,117.68,1470.0,118.81
2017-06-03 10:36:08.489832,54.492972,-165.564703,1470.0,117.68,1470.0,118.81
2017-06-03 10:36:08.989031,54.492993,-165.564652,1470.0,117.86,1470.0,117.68
2017-06-03 10:36:09.488234,54.493,-165.564636,1470.0,117.86,1470.0,118.99
2017-06-03 10:36:09.987432,54.493022,-165.564583,1470.0,117.86,1470.0,118.05
2017-06-03 10:36:10.486635,54.493029,-165.564566,1470.0,117.86,1470.0,117.68
2017-06-03 10:36:10.985836,54.49305,-165.564517,1470.0,117.68,1470.0,117.49
2017-06-03 10:36:11.485037,54.493057,-165.564501,1470.0,117.49,1470.0,117.49
2017-06-03 10:36:11.984238,54.493079,-165.564452,1470.0,118.43,1470.0,117.3
2017-06-03 10:36:12.499039,54.493088,-165.564434,1470.0,117.3,1470.0,117.3
2017-06-03 10:36:12.998240,54.49311,-165.564384,1470.0,117.3,1470.0,118.62
2017-06-03 10:36:13.497440,54.493118,-165.564368,1470.0,117.49,1470.0,117.3
2017-06-03 10:36:13.996641,54.49314,-165.564317,1470.0,117.49,1470.0,117.3
2017-06-03 10:36:14.495840,54.493147,-165.564301,1470.0,117.49,1470.0,118.43
2017-06-03 10:36:14.995043,54.493169,-165.564249,1470.0,117.49,1470.0,118.62
2017-06-03 10:36:15.494242,54.493176,-165.564232,1470.0,117.68,1470.0,117.49
2017-06-03 10:36:15.993444,54.493199,-165.564181,1470.0,117.68,1470.0,117.68
2017-06-03 10:36:16.492645,54.493206,-165.564164,1470.0,117.68,1470.0,117.49
2017-06-03 10:36:16.991846,54.493229,-165.564113,1470.0,117.68,1470.0,117.49
2017-06-03 10:36:17.491047,54.493236,-165.564096,1470.0,117.49,1470.0,117.49
2017-06-03 10:36:17.990248,54.49326,-165.564044,1470.0,117.49,1470.0,118.81
2017-06-03 10:36:18.489449,54.493268,-165.564028,1470.0,118.24,1470.0,117.3
2017-06-03 10:36:18.988649,54.493291,-165.563977,1470.0,117.49,1470.0,117.49
2017-06-03 10:36:19.487850,54.493299,-165.563961,1470.0,117.49,1470.0,117.49
2017-06-03 10:36:19.987051,54.493322,-165.563909,1470.0,117.68,1470.0,117.49
2017-06-03 10:36:20.486252,54.493329,-165.563892,1470.0,117.86,1470.0,117.68
2017-06-03 10:36:20.985453,54.493351,-165.563841,1470.0,117.68,1470.0,117.68
2017-06-03 10:36:21.484653,54.493358,-165.563824,1470.0,117.68,1470.0,118.99
2017-06-03 10:36:21.983856,54.49338,-165.563773,1470.0,117.68,1470.0,118.43
2017-06-03 10:36:22.498655,54.493388,-165.563754,1470.0,117.68,1470.0,117.49
2017-06-03 10:36:22.997856,54.49341,-165.563703,1470.0,117.49,1470.0,117.3
2017-06-03 10:36:23.497057,54.493417,-165.563686,1470.0,117.3,1470.0,117.3
2017-06-03 10:36:23.996258,54.493439,-165.563636,1470.0,117.3,1470.0,117.11
2017-06-03 10:36:24.495459,54.493446,-165.563619,1470.0,118.24,1470.0,118.43
2017-06-03 10:36:24.994659,54.49347,-165.563569,1470.0,117.11,1470.0,116.92
2017-06-03 10:36:25.493860,54.493478,-165.563553,1470.0,116.92,1470.0,116.92
2017-06-03 10:36:25.993061,54.4935,-165.563504,1470.0,117.11,1470.0,116.92
2017-06-03 10:36:26.492264,54.493508,-165.563488,1470.0,118.43,1470.0,116.92
2017-06-03 10:36:26.991463,54.493531,-165.563439,1470.0,117.3,1470.0,117.11
2017-06-03 10:36:27.490665,54.493538,-165.563422,1470.0,117.3,1470.0,118.43
2017-06-03 10:36:27.989864,54.49356,-165.563368,1470.0,117.49,1470.0,118.43
2017-06-03 10:36:28.489067,54.493567,-165.563351,1470.0,117.68,1470.0,117.49
2017-06-03 10:36:28.988266,54.493588,-165.563298,1470.0,117.68,1470.0,117.49
2017-06-03 10:36:29.487469,54.493595,-165.563281,1470.0,117.49,1470.0,117.3
2017-06-03 10:36:29.986668,54.493619,-165.563228,1470.0,117.49,1470.0,117.3
2017-06-03 10:36:30.485870,54.493627,-165.563211,1470.0,117.3,1470.0,117.11
2017-06-03 10:36:30.985071,54.493651,-165.563161,1470.0,117.11,1470.0,117.11
2017-06-03 10:36:31.484272,54.493659,-165.563144,1470.0,117.11,1470.0,118.43
2017-06-03 10:36:31.999073,54.493683,-165.563091,1470.0,118.43,1470.0,117.11
2017-06-03 10:36:32.498274,54.493691,-165.563074,1470.0,118.24,1470.0,117.11
2017-06-03 10:36:32.997475,54.493714,-165.563023,1470.0,117.11,1470.0,117.11
2017-06-03 10:36:33.496675,54.493721,-165.563006,1470.0,117.11,1470.0,116.92
2017-06-03 10:36:33.995876,54.493745,-165.562954,1470.0,116.92,1470.0,116.92
2017-06-03 10:36:34.495077,54.493753,-165.562937,1470.0,116.92,1470.0,116.74
2017-06-03 10:36:34.994278,54.493775,-165.562886,1470.0,116.74,1470.0,116.74
2017-06-03 10:36:35.493477,54.493782,-165.562869,1470.0,116.74,1470.0,116.74
2017-06-03 10:36:35.992680,54.493804,-165.562819,1470.0,117.68,1470.0,116.74
2017-06-03 10:36:36.491880,54.493811,-165.562802,1470.0,116.92,1470.0,116.92
2017-06-03 10:36:36.991081,54.493832,-165.562751,1470.0,117.11,1470.0,116.92
2017-06-03 10:36:37.490282,54.493839,-165.562734,1470.0,117.11,1470.0,117.11
2017-06-03 10:36:37.989483,54.493862,-165.562681,1470.0,117.11,1470.0,116.92
2017-06-03 10:36:38.488684,54.493869,-165.562664,1470.0,116.92,1470.0,116.74
2017-06-03 10:36:38.987885,54.493891,-165.562614,1470.0,116.74,1470.0,116.74
2017-06-03 10:36:39.487085,54.493899,-165.562597,1470.0,116.74,1470.0,116.55
2017-06-03 10:36:39.986286,54.493921,-165.562546,1470.0,116.55,1470.0,116.55
2017-06-03 10:36:40.485487,54.493929,-165.562529,1470.0,116.74,1470.0,116.55
2017-06-03 10:36:40.984688,54.493951,-165.562478,1470.0,116.74,1470.0,116.55
2017-06-03 10:36:41.483889,54.493959,-165.562461,1470.0,116.74,1470.0,116.74
2017-06-03 10:36:41.998692,54.493983,-165.562406,1470.0,116.74,1470.0,116.74
2017-06-03 10:36:42.497890,54.493991,-165.562389,1470.0,116.74,1470.0,116.55
2017-06-03 10:36:42.997091,54.494014,-165.562336,1470.0,116.74,1470.0,116.55
2017-06-03 10:36:43.496292,54.494021,-165.562319,1470.0,116.74,1470.0,116.55
2017-06-03 10:36:43.995493,54.494045,-165.562266,1470.0,116.74,1470.0,116.55
2017-06-03 10:36:44.494694,54.494053,-165.562249,1470.0,116.55,1470.0,117.68
2017-06-03 10:36:44.993895,54.494075,-165.562195,1470.0,116.55,1470.0,117.3
2017-06-03 10:36:45.493095,54.494083,-165.562177,1470.0,116.55,1470.0,116.36
2017-06-03 10:36:45.992296,54.494105,-165.562125,1470.0,116.55,1470.0,116.36
2017-06-03 10:36:46.491497,54.494113,-165.562107,1470.0,116.55,1470.0,116.36
2017-06-03 10:36:46.990698,54.494135,-165.562056,1470.0,116.36,1470.0,116.36
2017-06-03 10:36:47.489901,54.494142,-165.562039,1470.0,116.55,1470.0,116.36
2017-06-03 10:36:47.989100,54.494166,-165.561986,1470.0,116.36,1470.0,117.68
2017-06-03 10:36:48.488302,54.494174,-165.561969,1470.0,116.36,1470.0,116.17
2017-06-03 10:36:48.987501,54.494196,-165.56192,1470.0,116.17,1470.0,116.17
2017-06-03 10:36:49.486704,54.494204,-165.561904,1470.0,116.17,1470.0,116.17
2017-06-03 10:36:49.985903,54.494227,-165.561854,1470.0,116.17,1470.0,117.3
2017-06-03 10:36:50.485106,54.494235,-165.561837,1470.0,116.17,1470.0,116.17
2017-06-03 10:36:50.984304,54.494258,-165.561786,1470.0,116.17,1470.0,116.17
2017-06-03 10:36:51.499107,54.494266,-165.561767,1470.0,116.17,1470.0,115.98
2017-06-03 10:36:51.998308,54.494289,-165.561715,1470.0,116.17,1470.0,116.36
2017-06-03 10:36:52.497509,54.494296,-165.561697,1470.0,116.17,1470.0,116.17
2017-06-03 10:36:52.996710,54.494319,-165.561646,1470.0,116.17,1470.0,116.17
2017-06-03 10:36:53.495911,54.494326,-165.561629,1470.0,116.17,1470.0,116.17
2017-06-03 10:36:53.995111,54.494349,-165.561575,1470.0,116.17,1470.0,116.17
2017-06-03 10:36:54.494312,54.494356,-165.561557,1470.0,115.98,1470.0,115.98
2017-06-03 10:36:54.993513,54.49438,-165.561503,1470.0,115.98,1470.0,115.98
2017-06-03 10:36:55.492714,54.494388,-165.561486,1470.0,115.98,1470.0,115.98
2017-06-03 10:36:55.991915,54.49441,-165.561433,1470.0,116.17,1470.0,115.98
2017-06-03 10:36:56.491116,54.494418,-165.561416,1470.0,115.98,1470.0,115.98
2017-06-03 10:36:56.990316,54.494441,-165.561364,1470.0,115.98,1470.0,115.79
2017-06-03 10:36:57.489517,54.494449,-165.561347,1470.0,115.79,1470.0,115.79
2017-06-03 10:36:57.988718,54.494473,-165.561293,1470.0,116.92,1470.0,115.61
2017-06-03 10:36:58.487919,54.494481,-165.561276,1470.0,116.92,1470.0,115.61
2017-06-03 10:36:58.987120,54.494504,-165.561226,1470.0,115.61,1470.0,115.61
2017-06-03 10:36:59.486320,54.494512,-165.561209,1470.0,115.61,1470.0,116.92
2017-06-03 10:36:59.985521,54.494534,-165.561156,1470.0,116.55,1470.0,115.61
2017-06-03 10:37:00.484722,54.494542,-165.561139,1470.0,115.61,1470.0,116.17
2017-06-03 10:37:00.983923,54.494564,-165.561086,1470.0,115.61,1470.0,115.61
2017-06-03 10:37:01.498724,54.494572,-165.561067,1470.0,115.61,1470.0,115.61
2017-06-03 10:37:01.997927,54.494594,-165.561013,1470.0,115.61,1470.0,115.61
2017-06-03 10:37:02.497126,54.494601,-165.560996,1470.0,115.61,1470.0,115.61
2017-06-03 10:37:02.996328,54.494624,-165.560942,1470.0,115.79,1470.0,115.61
2017-06-03 10:37:03.495527,54.494631,-165.560924,1470.0,115.61,1470.0,115.61
2017-06-03 10:37:03.994728,54.494654,-165.560871,1470.0,115.61,1470.0,116.55
2017-06-03 10:37:04.493929,54.494661,-165.560854,1470.0,115.61,1470.0,115.42
2017-06-03 10:37:04.993130,54.494684,-165.560803,1470.0,115.61,1470.0,115.42
2017-06-03 10:37:05.492331,54.494691,-165.560786,1470.0,115.61,1470.0,115.42
2017-06-03 10:37:05.991531,54.494715,-165.560734,1470.0,116.74,1470.0,115.42
2017-06-03 10:37:06.490732,54.494723,-165.560718,1470.0,116.74,1470.0,115.42
2017-06-03 10:37:06.989933,54.494746,-165.560667,1470.0,115.42,1470.0,115.42
2017-06-03 10:37:07.489136,54.494754,-165.560651,1470.0,115.23,1470.0,116.36
2017-06-03 10:37:07.988335,54.494778,-165.560598,1470.0,116.17,1470.0,115.04
2017-06-03 10:37:08.487537,54.494786,-165.560581,1470.0,115.04,1470.0,115.04
2017-06-03 10:37:08.986736,54.494809,-165.560529,1470.0,115.04,1470.0,115.04
2017-06-03 10:37:09.485939,54.494817,-165.560512,1470.0,115.23,1470.0,115.98
2017-06-03 10:37:09.985138,54.494839,-165.560458,1470.0,115.42,1470.0,115.23
2017-06-03 10:37:10.484341,54.494847,-165.560441,1470.0,115.61,1470.0,115.42
2017-06-03 10:37:10.999140,54.494867,-165.560385,1470.0,115.61,1470.0,115.42
2017-06-03 10:37:11.498343,54.494874,-165.560367,1470.0,115.42,1470.0,115.42
2017-06-03 10:37:11.997541,54.494897,-165.560312,1470.0,115.23,1470.0,115.23
2017-06-03 10:37:12.496744,54.494904,-165.560294,1470.0,115.04,1470.0,115.04
2017-06-03 10:37:12.995945,54.494927,-165.560241,1470.0,114.85,1470.0,114.85
2017-06-03 10:37:13.495146,54.494935,-165.560224,1470.0,114.85,1470.0,114.67
2017-06-03 10:37:13.994347,54.49496,-165.560173,1470.0,114.67,1470.0,114.67
2017-06-03 10:37:14.493547,54.494968,-165.560156,1470.0,114.67,1470.0,115.98
2017-06-03 10:37:14.992748,54.494992,-165.560104,1470.0,114.67,1470.0,114.67
2017-06-03 10:37:15.491949,54.494999,-165.560088,1470.0,114.85,1470.0,114.67
2017-06-03 10:37:15.991150,54.495023,-165.560037,1470.0,114.85,1470.0,114.85
2017-06-03 10:37:16.490351,54.495031,-165.560021,1470.0,116.36,1470.0,114.85
2017-06-03 10:37:16.989552,54.495052,-165.559968,1470.0,115.04,1470.0,115.04
2017-06-03 10:37:17.488750,54.495058,-165.55995,1470.0,115.04,1470.0,115.98
2017-06-03 10:37:17.987953,54.49508,-165.559895,1470.0,115.04,1470.0,114.85
2017-06-03 10:37:18.487154,54.495088,-165.559877,1470.0,114.85,1470.0,114.67
2017-06-03 10:37:18.986355,54.49511,-165.559823,1470.0,114.85,1470.0,116.17
2017-06-03 10:37:19.485556,54.495117,-165.559806,1470.0,114.67,1470.0,114.48
2017-06-03 10:37:19.984756,54.495141,-165.559754,1470.0,114.67,1470.0,114.85
2017-06-03 10:37:20.483957,54.495149,-165.559737,1470.0,114.67,1470.0,115.42
2017-06-03 10:37:20.998758,54.495173,-165.559684,1470.0,115.61,1470.0,114.48
2017-06-03 10:37:21.497959,54.495181,-165.559668,1470.0,115.61,1470.0,114.48
2017-06-03 10:37:21.997162,54.495205,-165.559617,1470.0,115.79,1470.0,114.48
2017-06-03 10:37:22.496361,54.495213,-165.559601,1470.0,114.48,1470.0,114.48
2017-06-03 10:37:22.995564,54.495237,-165.559548,1470.0,114.48,1470.0,114.48
2017-06-03 10:37:23.494762,54.495244,-165.559531,1470.0,115.61,1470.0,114.29
2017-06-03 10:37:23.993965,54.495268,-165.559479,1470.0,114.29,1470.0,114.29
2017-06-03 10:37:24.493164,54.495276,-165.559462,1470.0,114.29,1470.0,115.04
2017-06-03 10:37:24.992365,54.495298,-165.559411,1470.0,114.29,1470.0,115.23
2017-06-03 10:37:25.491566,54.495305,-165.559394,1470.0,114.29,1470.0,114.29
2017-06-03 10:37:25.990767,54.495328,-165.55934,1470.0,114.48,1470.0,114.29
2017-06-03 10:37:26.489967,54.495336,-165.559322,1470.0,114.48,1470.0,114.29
2017-06-03 10:37:26.989168,54.495358,-165.55927,1470.0,114.48,1470.0,114.29
2017-06-03 10:37:27.488371,54.495365,-165.559252,1470.0,114.29,1470.0,114.48
2017-06-03 10:37:27.987570,54.495388,-165.559197,1470.0,114.29,1470.0,115.42
2017-06-03 10:37:28.486773,54.495396,-165.559179,1470.0,114.29,1470.0,115.61
2017-06-03 10:37:28.985971,54.495418,-165.559128,1470.0,114.29,1470.0,114.1
2017-06-03 10:37:29.485174,54.495425,-165.559111,1470.0,114.1,1470.0,114.1
2017-06-03 10:37:29.984373,54.495449,-165.559059,1470.0,114.1,1470.0,115.23
2017-06-03 10:37:30.499176,54.495458,-165.559041,1470.0,113.91,1470.0,113.91
2017-06-03 10:37:30.998375,54.495482,-165.558989,1470.0,113.91,1470.0,115.42
2017-06-03 10:37:31.497578,54.495489,-165.558972,1470.0,113.91,1470.0,114.85
2017-06-03 10:37:31.996777,54.495512,-165.558921,1470.0,113.91,1470.0,113.72
2017-06-03 10:37:32.495979,54.495519,-165.558904,1470.0,113.72,1470.0,114.67
2017-06-03 10:37:32.995180,54.495543,-165.558853,1470.0,113.91,1470.0,113.72
2017-06-03 10:37:33.494381,54.495551,-165.558836,1470.0,113.72,1470.0,113.72
2017-06-03 10:37:33.993582,54.495574,-165.558784,1470.0,113.91,1470.0,113.91
2017-06-03 10:37:34.492783,54.495581,-165.558767,1470.0,113.91,1470.0,115.04
2017-06-03 10:37:34.991983,54.495602,-165.558716,1470.0,113.91,1470.0,113.91
2017-06-03 10:37:35.491184,54.495609,-165.558699,1470.0,113.91,1470.0,113.72
2017-06-03 10:37:35.990385,54.495633,-165.558645,1470.0,113.72,1470.0,114.67
2017-06-03 10:37:36.489586,54.495641,-165.558628,1470.0,113.72,1470.0,113.54
2017-06-03 10:37:36.988787,54.495663,-165.558577,1470.0,113.72,1470.0,113.54
2017-06-03 10:37:37.487988,54.49567,-165.558561,1470.0,113.72,1470.0,114.29
2017-06-03 10:37:37.987188,54.495694,-165.558509,1470.0,113.72,1470.0,113.72
2017-06-03 10:37:38.486389,54.495702,-165.558492,1470.0,113.91,1470.0,113.72
2017-06-03 10:37:38.985590,54.495726,-165.55844,1470.0,114.1,1470.0,113.72
2017-06-03 10:37:39.484791,54.495734,-165.558422,1470.0,113.72,1470.0,113.72
2017-06-03 10:37:39.983992,54.495757,-165.558371,1470.0,113.54,1470.0,113.91
2017-06-03 10:37:40.498793,54.495766,-165.558352,1470.0,113.35,1470.0,113.35
2017-06-03 10:37:40.997993,54.49579,-165.558301,1470.0,113.35,1470.0,113.35
2017-06-03 10:37:41.497194,54.495798,-165.558284,1470.0,114.29,1470.0,113.16
2017-06-03 10:37:41.996395,54.495822,-165.558233,1470.0,113.16,1470.0,113.16
2017-06-03 10:37:42.495596,54.495829,-165.558216,1470.0,113.35,1470.0,113.16
2017-06-03 10:37:42.994797,54.495852,-165.558162,1470.0,113.35,1470.0,114.67
2017-06-03 10:37:43.493998,54.495859,-165.558144,1470.0,113.54,1470.0,113.35
2017-06-03 10:37:43.993200,54.49588,-165.55809,1470.0,113.72,1470.0,114.29
2017-06-03 10:37:44.492399,54.495888,-165.558072,1470.0,113.72,1470.0,113.54
2017-06-03 10:37:44.991602,54.49591,-165.558021,1470.0,113.54,1470.0,113.35
2017-06-03 10:37:45.490801,54.495917,-165.558004,1470.0,113.35,1470.0,114.29
2017-06-03 10:37:45.990002,54.49594,-165.557951,1470.0,113.16,1470.0,113.35
2017-06-03 10:37:46.489202,54.495948,-165.557934,1470.0,112.97,1470.0,114.1
2017-06-03 10:37:46.988403,54.495971,-165.557884,1470.0,114.1,1470.0,114.29
2017-06-03 10:37:47.487604,54.495979,-165.557868,1470.0,114.1,1470.0,112.78
2017-06-03 10:37:47.986805,54.496005,-165.557817,1470.0,114.1,1470.0,112.78
2017-06-03 10:37:48.486008,54.496013,-165.557801,1470.0,112.97,1470.0,112.78
2017-06-03 10:37:48.985207,54.496035,-165.557751,1470.0,112.78,1470.0,114.1
2017-06-03 10:37:49.484409,54.496042,-165.557734,1470.0,113.91,1470.0,113.35
2017-06-03 10:37:49.999208,54.496067,-165.557681,1470.0,112.78,1470.0,112.78
2017-06-03 10:37:50.498411,54.496074,-165.557664,1470.0,112.97,1470.0,112.78
2017-06-03 10:37:50.997610,54.496095,-165.55761,1470.0,112.97,1470.0,114.29
2017-06-03 10:37:51.496813,54.496102,-165.557592,1470.0,113.16,1470.0,112.97
2017-06-03 10:37:51.996012,54.496124,-165.557538,1470.0,113.16,1470.0,112.97
2017-06-03 10:37:52.495214,54.496131,-165.557521,1470.0,113.16,1470.0,112.97
2017-06-03 10:37:52.994415,54.496155,-165.557468,1470.0,112.97,1470.0,112.78
2017-06-03 10:37:53.493616,54.496163,-165.55745,1470.0,113.54,1470.0,112.6
2017-06-03 10:37:53.992817,54.496187,-165.557397,1470.0,112.6,1470.0,113.54
2017-06-03 10:37:54.492018,54.496194,-165.557379,1470.0,113.91,1470.0,112.41
2017-06-03 10:37:54.991219,54.496218,-165.557329,1470.0,112.6,1470.0,112.41
2017-06-03 10:37:55.490419,54.496225,-165.557312,1470.0,112.6,1470.0,113.91
2017-06-03 10:37:55.989620,54.49625,-165.55726,1470.0,114.1,1470.0,112.6
2017-06-03 10:37:56.488821,54.496258,-165.557243,1470.0,112.6,1470.0,113.72
2017-06-03 10:37:56.988022,54.496281,-165.557192,1470.0,112.6,1470.0,113.72
2017-06-03 10:37:57.487223,54.496289,-165.557176,1470.0,112.41,1470.0,112.41
2017-06-03 10:37:57.986423,54.496311,-165.557126,1470.0,112.41,1470.0,113.91
2017-06-03 10:37:58.485624,54.496319,-165.557109,1470.0,112.41,1470.0,112.22
2017-06-03 10:37:58.984825,54.496341,-165.557058,1470.0,112.22,1470.0,113.54
2017-06-03 10:37:59.484026,54.496349,-165.557041,1470.0,112.03,1470.0,112.03
2017-06-03 10:37:59.998827,54.496373,-165.556988,1470.0,112.03,1470.0,112.03
2017-06-03 10:38:00.498028,54.496381,-165.556971,1470.0,112.22,1470.0,113.54
2017-06-03 10:38:00.997229,54.496404,-165.556918,1470.0,113.54,1470.0,112.22
2017-06-03 10:38:01.496429,54.496411,-165.556901,1470.0,112.41,1470.0,112.41
2017-06-03 10:38:01.995630,54.496432,-165.556847,1470.0,112.41,1470.0,112.41
2017-06-03 10:38:02.494831,54.496439,-165.556829,1470.0,112.6,1470.0,112.41
2017-06-03 10:38:02.994032,54.496461,-165.556778,1470.0,112.41,1470.0,113.91
2017-06-03 10:38:03.493233,54.496469,-165.556761,1470.0,113.35,1470.0,112.22
2017-06-03 10:38:03.992435,54.496493,-165.556708,1470.0,112.22,1470.0,112.22
2017-06-03 10:38:04.491634,54.496501,-165.556691,1470.0,113.16,1470.0,112.03
2017-06-03 10:38:04.990837,54.496524,-165.556641,1470.0,112.03,1470.0,113.16
2017-06-03 10:38:05.490036,54.496532,-165.556624,1470.0,112.97,1470.0,111.84
2017-06-03 10:38:05.989239,54.496558,-165.556571,1470.0,111.84,1470.0,113.35
2017-06-03 10:38:06.488438,54.496566,-165.556554,1470.0,111.84,1470.0,113.35
2017-06-03 10:38:06.987638,54.496589,-165.556504,1470.0,111.84,1470.0,112.78
2017-06-03 10:38:07.486839,54.496597,-165.556487,1470.0,111.84,1470.0,111.84
2017-06-03 10:38:07.986040,54.496619,-165.556435,1470.0,113.35,1470.0,112.03
2017-06-03 10:38:08.485241,54.496627,-165.556417,1470.0,112.03,1470.0,113.35
2017-06-03 10:38:08.984442,54.496649,-165.556365,1470.0,113.35,1470.0,112.03
2017-06-03 10:38:09.499245,54.496658,-165.556346,1470.0,112.03,1470.0,111.84
2017-06-03 10:38:09.998444,54.49668,-165.556293,1470.0,111.66,1470.0,112.78
2017-06-03 10:38:10.497646,54.496688,-165.556276,1470.0,111.47,1470.0,111.47
2017-06-03 10:38:10.996845,54.49671,-165.556224,1470.0,111.47,1470.0,111.28
2017-06-03 10:38:11.496048,54.496718,-165.556208,1470.0,112.41,1470.0,111.47
2017-06-03 10:38:11.995247,54.496742,-165.556157,1470.0,112.97,1470.0,112.6
2017-06-03 10:38:12.494450,54.496749,-165.556141,1470.0,113.16,1470.0,112.22
2017-06-03 10:38:12.993649,54.49677,-165.556089,1470.0,111.84,1470.0,111.84
2017-06-03 10:38:13.492851,54.496778,-165.556072,1470.0,112.97,1470.0,112.6
2017-06-03 10:38:13.992052,54.4968,-165.55602,1470.0,112.78,1470.0,113.16
2017-06-03 10:38:14.491253,54.496808,-165.556002,1470.0,111.66,1470.0,111.66
2017-06-03 10:38:14.990454,54.496831,-165.555951,1470.0,111.47,1470.0,111.47
2017-06-03 10:38:15.489655,54.496839,-165.555934,1470.0,111.47,1470.0,112.97
2017-06-03 10:38:15.988855,54.496863,-165.555881,1470.0,111.47,1470.0,112.6
2017-06-03 10:38:16.488056,54.496871,-165.555864,1470.0,111.47,1470.0,111.47
2017-06-03 10:38:16.987257,54.496894,-165.555813,1470.0,111.66,1470.0,112.97
2017-06-03 10:38:17.486458,54.496902,-165.555796,1470.0,111.47,1470.0,111.47
2017-06-03 10:38:17.985659,54.496926,-165.555744,1470.0,111.47,1470.0,111.47
2017-06-03 10:38:18.484859,54.496934,-165.555727,1470.0,111.47,1470.0,111.47
2017-06-03 10:38:18.984060,54.496956,-165.555675,1470.0,111.47,1470.0,111.47
2017-06-03 10:38:19.498861,54.496964,-165.555656,1470.0,111.47,1470.0,112.6
2017-06-03 10:38:19.998062,54.496987,-165.555604,1470.0,112.6,1470.0,112.22
2017-06-03 10:38:20.497263,54.496994,-165.555587,1470.0,111.28,1470.0,111.28
2017-06-03 10:38:20.996464,54.497018,-165.555536,1470.0,111.28,1470.0,111.09
2017-06-03 10:38:21.495665,54.497026,-165.555519,1470.0,111.09,1470.0,111.09
2017-06-03 10:38:21.994865,54.497049,-165.555468,1470.0,112.41,1470.0,111.09
2017-06-03 10:38:22.494066,54.497056,-165.555451,1470.0,111.09,1470.0,111.09
2017-06-03 10:38:22.993267,54.497079,-165.555401,1470.0,111.09,1470.0,111.09
2017-06-03 10:38:23.492468,54.497087,-165.555384,1470.0,111.09,1470.0,111.09
2017-06-03 10:38:23.991671,54.49711,-165.55533,1470.0,111.09,1470.0,111.09
2017-06-03 10:38:24.490870,54.497118,-165.555313,1470.0,111.09,1470.0,111.09
2017-06-03 10:38:24.990072,54.497141,-165.555262,1470.0,111.09,1470.0,111.09
2017-06-03 10:38:25.489271,54.497149,-165.555246,1470.0,111.09,1470.0,111.09
2017-06-03 10:38:25.988474,54.497173,-165.555192,1470.0,111.09,1470.0,111.09
2017-06-03 10:38:26.487673,54.497181,-165.555174,1470.0,111.09,1470.0,111.09
2017-06-03 10:38:26.986876,54.497204,-165.555124,1470.0,112.6,1470.0,111.09
2017-06-03 10:38:27.486074,54.497212,-165.555107,1470.0,111.09,1470.0,111.09
2017-06-03 10:38:27.985275,54.497236,-165.555055,1470.0,111.09,1470.0,111.09
2017-06-03 10:38:28.484476,54.497244,-165.555037,1470.0,111.09,1470.0,112.22
2017-06-03 10:38:28.999277,54.497268,-165.554986,1470.0,110.9,1470.0,110.9
2017-06-03 10:38:29.498480,54.497276,-165.554969,1470.0,110.9,1470.0,110.9
2017-06-03 10:38:29.997679,54.4973,-165.554916,1470.0,112.22,1470.0,111.66
2017-06-03 10:38:30.496881,54.497308,-165.554899,1470.0,110.9,1470.0,110.71
2017-06-03 10:38:30.996080,54.497332,-165.554846,1470.0,112.41,1470.0,110.71
2017-06-03 10:38:31.495283,54.497339,-165.554829,1470.0,110.9,1470.0,112.03
2017-06-03 10:38:31.994482,54.49736,-165.554776,1470.0,111.09,1470.0,110.9
2017-06-03 10:38:32.493685,54.497368,-165.554759,1470.0,111.09,1470.0,110.9
2017-06-03 10:38:32.992884,54.49739,-165.554706,1470.0,110.9,1470.0,110.9
2017-06-03 10:38:33.492086,54.497397,-165.554689,1470.0,110.9,1470.0,112.03
2017-06-03 10:38:33.991285,54.49742,-165.554635,1470.0,110.71,1470.0,110.71
2017-06-03 10:38:34.490488,54.497428,-165.554618,1470.0,111.84,1470.0,111.84
2017-06-03 10:38:34.989689,54.497451,-165.554567,1470.0,112.03,1470.0,110.53
2017-06-03 10:38:35.488890,54.497459,-165.554551,1470.0,111.09,1470.0,112.03
2017-06-03 10:38:35.988091,54.497481,-165.554498,1470.0,111.84,1470.0,110.53
2017-06-03 10:38:36.487291,54.497489,-165.554481,1470.0,111.66,1470.0,110.71
2017-06-03 10:38:36.986492,54.497512,-165.554429,1470.0,110.53,1470.0,110.53
2017-06-03 10:38:37.485693,54.49752,-165.554412,1470.0,111.84,1470.0,111.09
2017-06-03 10:38:37.984894,54.497544,-165.55436,1470.0,110.34,1470.0,110.34
2017-06-03 10:38:38.484095,54.497552,-165.554342,1470.0,110.34,1470.0,111.47
2017-06-03 10:38:38.998896,54.497577,-165.554288,1470.0,110.34,1470.0,110.34
2017-06-03 10:38:39.498096,54.497584,-165.554271,1470.0,110.53,1470.0,110.53
2017-06-03 10:38:39.997297,54.497607,-165.554217,1470.0,112.03,1470.0,110.71
2017-06-03 10:38:40.496498,54.497614,-165.554199,1470.0,110.9,1470.0,110.71
2017-06-03 10:38:40.995699,54.497635,-165.554145,1470.0,110.71,1470.0,110.71
2017-06-03 10:38:41.494900,54.497643,-165.554127,1470.0,112.03,1470.0,110.71
2017-06-03 10:38:41.994101,54.497665,-165.554073,1470.0,110.53,1470.0,111.84
2017-06-03 10:38:42.493301,54.497673,-165.554056,1470.0,111.84,1470.0,110.34
2017-06-03 10:38:42.992502,54.497697,-165.554003,1470.0,110.34,1470.0,110.34
2017-06-03 10:38:43.491703,54.497704,-165.553986,1470.0,111.28,1470.0,110.15
2017-06-03 10:38:43.990906,54.497727,-165.553934,1470.0,110.15,1470.0,111.28
2017-06-03 10:38:44.490105,54.497734,-165.553918,1470.0,111.09,1470.0,109.96
2017-06-03 10:38:44.989307,54.497756,-165.553867,1470.0,109.96,1470.0,111.47
2017-06-03 10:38:45.488506,54.497764,-165.553851,1470.0,111.09,1470.0,109.77
2017-06-03 10:38:45.987709,54.497787,-165.553798,1470.0,110.9,1470.0,109.77
2017-06-03 10:38:46.486908,54.497795,-165.553781,1470.0,111.09,1470.0,109.77
2017-06-03 10:38:46.986111,54.497816,-165.553728,1470.0,111.09,1470.0,109.96
2017-06-03 10:38:47.485310,54.497823,-165.553711,1470.0,110.15,1470.0,110.15
2017-06-03 10:38:47.984512,54.497845,-165.553657,1470.0,110.15,1470.0,110.15
2017-06-03 10:38:48.499311,54.497853,-165.553637,1470.0,111.28,1470.0,111.66
2017-06-03 10:38:48.998512,54.497875,-165.553582,1470.0,109.96,1470.0,109.96
2017-06-03 10:38:49.497715,54.497883,-165.553564,1470.0,109.96,1470.0,111.09
2017-06-03 10:38:49.996914,54.497905,-165.553511,1470.0,109.96,1470.0,111.28
2017-06-03 10:38:50.496117,54.497913,-165.553494,1470.0,109.96,1470.0,110.71
2017-06-03 10:38:50.995316,54.497935,-165.553441,1470.0,109.96,1470.0,110.9
2017-06-03 10:38:51.494518,54.497943,-165.553424,1470.0,111.09,1470.0,109.96
2017-06-03 10:38:51.993717,54.497967,-165.553371,1470.0,109.77,1470.0,109.77
2017-06-03 10:38:52.492920,54.497974,-165.553354,1470.0,109.77,1470.0,109.77
2017-06-03 10:38:52.992119,54.497998,-165.553304,1470.0,109.59,1470.0,111.09
2017-06-03 10:38:53.491322,54.498005,-165.553287,1470.0,109.4,1470.0,109.4
2017-06-03 10:38:53.990520,54.49803,-165.553233,1470.0,109.4,1470.0,110.53
2017-06-03 10:38:54.489723,54.498038,-165.553216,1470.0,109.4,1470.0,110.34
2017-06-03 10:38:54.988924,54.49806,-165.553166,1470.0,110.34,1470.0,109.4
2017-06-03 10:38:55.488125,54.498067,-165.553149,1470.0,110.53,1470.0,109.77
2017-06-03 10:38:55.987326,54.498088,-165.553095,1470.0,109.59,1470.0,111.09
2017-06-03 10:38:56.486526,54.498095,-165.553077,1470.0,109.59,1470.0,109.59
2017-06-03 10:38:56.985727,54.498115,-165.553023,1470.0,109.59,1470.0,109.59
2017-06-03 10:38:57.484928,54.498122,-165.553005,1470.0,111.28,1470.0,109.96
2017-06-03 10:38:57.984129,54.498143,-165.55295,1470.0,109.4,1470.0,109.4
2017-06-03 10:38:58.498928,54.498151,-165.552931,1470.0,109.21,1470.0,109.21
2017-06-03 10:38:58.998131,54.498174,-165.552878,1470.0,109.21,1470.0,109.02
2017-06-03 10:38:59.497330,54.498181,-165.552861,1470.0,109.02,1470.0,109.02
2017-06-03 10:38:59.996532,54.498205,-165.552809,1470.0,109.21,1470.0,109.77
2017-06-03 10:39:00.495733,54.498213,-165.552792,1470.0,109.02,1470.0,109.02
2017-06-03 10:39:00.994934,54.498238,-165.552741,1470.0,110.15,1470.0,109.02
2017-06-03 10:39:01.494135,54.498246,-165.552724,1470.0,110.15,1470.0,110.34
2017-06-03 10:39:01.993336,54.498269,-165.552673,1470.0,109.21,1470.0,110.53
2017-06-03 10:39:02.492537,54.498276,-165.552656,1470.0,109.21,1470.0,109.96
2017-06-03 10:39:02.991737,54.498298,-165.552603,1470.0,110.53,1470.0,110.34
2017-06-03 10:39:03.490938,54.498305,-165.552585,1470.0,109.02,1470.0,109.02
2017-06-03 10:39:03.990139,54.498328,-165.55253,1470.0,109.02,1470.0,109.02
2017-06-03 10:39:04.489340,54.498336,-165.552512,1470.0,109.02,1470.0,108.83
2017-06-03 10:39:04.988541,54.498357,-165.552457,1470.0,108.83,1470.0,108.83
2017-06-03 10:39:05.487741,54.498364,-165.552439,1470.0,108.83,1470.0,108.83
2017-06-03 10:39:05.986944,54.498386,-165.552386,1470.0,109.02,1470.0,108.83
2017-06-03 10:39:06.486143,54.498394,-165.552369,1470.0,108.83,1470.0,108.83
2017-06-03 10:39:06.985346,54.498416,-165.552315,1470.0,109.02,1470.0,108.83
2017-06-03 10:39:07.484545,54.498424,-165.552297,1470.0,110.53,1470.0,108.83
2017-06-03 10:39:07.999346,54.498447,-165.552243,1470.0,108.83,1470.0,108.83
2017-06-03 10:39:08.498547,54.498454,-165.552226,1470.0,108.83,1470.0,108.64
2017-06-03 10:39:08.997747,54.498478,-165.552173,1470.0,109.77,1470.0,108.64
2017-06-03 10:39:09.496950,54.498486,-165.552156,1470.0,109.77,1470.0,108.46
2017-06-03 10:39:09.996149,54.498509,-165.552103,1470.0,109.77,1470.0,108.46
2017-06-03 10:39:10.495352,54.498516,-165.552086,1470.0,109.96,1470.0,109.4
2017-06-03 10:39:10.994551,54.498539,-165.552034,1470.0,109.96,1470.0,108.64
2017-06-03 10:39:11.493753,54.498546,-165.552017,1470.0,108.64,1470.0,108.83
2017-06-03 10:39:11.992952,54.498567,-165.551963,1470.0,108.46,1470.0,108.46
2017-06-03 10:39:12.492155,54.498574,-165.551945,1470.0,108.46,1470.0,109.96
2017-06-03 10:39:12.991354,54.498595,-165.55189,1470.0,108.27,1470.0,108.27
2017-06-03 10:39:13.490557,54.498602,-165.551872,1470.0,108.27,1470.0,108.27
2017-06-03 10:39:13.989756,54.498625,-165.551817,1470.0,108.27,1470.0,109.77
2017-06-03 10:39:14.488958,54.498632,-165.551799,1470.0,108.46,1470.0,110.15
2017-06-03 10:39:14.988159,54.498653,-165.551746,1470.0,108.46,1470.0,108.46
2017-06-03 10:39:15.487360,54.49866,-165.551729,1470.0,108.64,1470.0,108.64
2017-06-03 10:39:15.986561,54.498683,-165.551672,1470.0,110.34,1470.0,108.64
2017-06-03 10:39:16.485762,54.498691,-165.551654,1470.0,108.64,1470.0,109.77
2017-06-03 10:39:16.984962,54.498713,-165.551603,1470.0,108.46,1470.0,108.46
2017-06-03 10:39:17.484163,54.49872,-165.551586,1470.0,109.59,1470.0,108.27
2017-06-03 10:39:17.998964,54.498745,-165.551531,1470.0,109.21,1470.0,108.08
2017-06-03 10:39:18.498165,54.498753,-165.551514,1470.0,108.08,1470.0,108.08
2017-06-03 10:39:18.997366,54.498775,-165.551463,1470.0,107.89,1470.0,107.89
2017-06-03 10:39:19.496565,54.498783,-165.551446,1470.0,109.02,1470.0,107.89
2017-06-03 10:39:19.995768,54.498805,-165.551393,1470.0,107.89,1470.0,108.83
2017-06-03 10:39:20.494968,54.498812,-165.551376,1470.0,108.08,1470.0,108.08
2017-06-03 10:39:20.994169,54.498833,-165.551324,1470.0,109.21,1470.0,108.08
2017-06-03 10:39:21.493370,54.49884,-165.551307,1470.0,108.27,1470.0,108.27
2017-06-03 10:39:21.992571,54.498861,-165.55125,1470.0,108.27,1470.0,109.77
2017-06-03 10:39:22.491772,54.498867,-165.551232,1470.0,108.08,1470.0,108.08
2017-06-03 10:39:22.990973,54.498888,-165.55118,1470.0,107.89,1470.0,107.89
2017-06-03 10:39:23.490173,54.498895,-165.551162,1470.0,107.89,1470.0,107.7
2017-06-03 10:39:23.989374,54.498918,-165.551107,1470.0,107.7,1470.0,107.7
2017-06-03 10:39:24.488575,54.498926,-165.551089,1470.0,107.7,1470.0,107.7
2017-06-03 10:39:24.987776,54.498948,-165.551039,1470.0,107.89,1470.0,109.02
2017-06-03 10:39:25.486977,54.498955,-165.551022,1470.0,107.89,1470.0,107.89
2017-06-03 10:39:25.986179,54.498979,-165.550972,1470.0,109.4,1470.0,107.89
2017-06-03 10:39:26.485378,54.498987,-165.550956,1470.0,109.21,1470.0,107.89
2017-06-03 10:39:26.984581,54.499012,-165.550904,1470.0,107.89,1470.0,109.02
2017-06-03 10:39:27.483780,54.49902,-165.550887,1470.0,107.7,1470.0,107.7
2017-06-03 10:39:27.998581,54.499045,-165.550834,1470.0,108.83,1470.0,107.52
2017-06-03 10:39:28.497782,54.499053,-165.550817,1470.0,107.52,1470.0,108.83
2017-06-03 10:39:28.996983,54.499077,-165.550765,1470.0,107.52,1470.0,108.27
2017-06-03 10:39:29.496183,54.499084,-165.550747,1470.0,107.52,1470.0,108.64
2017-06-03 10:39:29.995384,54.499107,-165.550696,1470.0,107.52,1470.0,108.83
2017-06-03 10:39:30.494585,54.499114,-165.550679,1470.0,107.52,1470.0,107.52
2017-06-03 10:39:30.993786,54.499135,-165.550629,1470.0,108.46,1470.0,108.83
2017-06-03 10:39:31.492989,54.499142,-165.550612,1470.0,107.7,1470.0,107.7
2017-06-03 10:39:31.992188,54.499165,-165.550558,1470.0,108.83,1470.0,107.7
2017-06-03 10:39:32.491390,54.499173,-165.550541,1470.0,107.52,1470.0,107.52
2017-06-03 10:39:32.990589,54.499196,-165.550489,1470.0,107.52,1470.0,107.52
2017-06-03 10:39:33.489792,54.499204,-165.550472,1470.0,107.33,1470.0,107.33
2017-06-03 10:39:33.988991,54.499226,-165.550421,1470.0,107.33,1470.0,108.27
2017-06-03 10:39:34.488194,54.499234,-165.550404,1470.0,107.33,1470.0,108.27
2017-06-03 10:39:34.987392,54.499257,-165.550354,1470.0,107.33,1470.0,108.27
2017-06-03 10:39:35.486595,54.499265,-165.550337,1470.0,108.46,1470.0,108.64
2017-06-03 10:39:35.985796,54.499289,-165.550286,1470.0,108.27,1470.0,107.14
2017-06-03 10:39:36.484997,54.499297,-165.550269,1470.0,107.14,1470.0,108.64
2017-06-03 10:39:36.984198,54.499321,-165.550219,1470.0,107.14,1470.0,107.33
2017-06-03 10:39:37.498999,54.499329,-165.550201,1470.0,108.27,1470.0,108.46
2017-06-03 10:39:37.998199,54.499353,-165.550149,1470.0,108.08,1470.0,106.95
2017-06-03 10:39:38.497400,54.499361,-165.550132,1470.0,107.14,1470.0,107.14
2017-06-03 10:39:38.996601,54.499384,-165.55008,1470.0,107.14,1470.0,108.46
2017-06-03 10:39:39.495802,54.499391,-165.550062,1470.0,107.33,1470.0,108.08
2017-06-03 10:39:39.995003,54.499414,-165.55001,1470.0,107.33,1470.0,107.33
2017-06-03 10:39:40.494204,54.499421,-165.549992,1470.0,108.46,1470.0,107.33
2017-06-03 10:39:40.993404,54.499443,-165.549941,1470.0,107.52,1470.0,107.33
2017-06-03 10:39:41.492605,54.49945,-165.549924,1470.0,107.33,1470.0,107.14
2017-06-03 10:39:41.991806,54.499473,-165.54987,1470.0,107.33,1470.0,108.64
2017-06-03 10:39:42.491007,54.499481,-165.549853,1470.0,107.14,1470.0,107.33
2017-06-03 10:39:42.990208,54.499504,-165.549802,1470.0,106.95,1470.0,106.76
2017-06-03 10:39:43.489408,54.499512,-165.549786,1470.0,106.76,1470.0,106.95
2017-06-03 10:39:43.988609,54.499537,-165.549736,1470.0,107.14,1470.0,107.14
2017-06-03 10:39:44.487810,54.499545,-165.549719,1470.0,108.08,1470.0,106.95
2017-06-03 10:39:44.987011,54.499569,-165.549669,1470.0,106.95,1470.0,106.95
2017-06-03 10:39:45.486212,54.499577,-165.549652,1470.0,106.95,1470.0,108.27
2017-06-03 10:39:45.985415,54.499602,-165.549602,1470.0,108.08,1470.0,106.76
2017-06-03 10:39:46.484613,54.49961,-165.549586,1470.0,106.76,1470.0,107.89
2017-06-03 10:39:46.983816,54.499633,-165.549534,1470.0,108.08,1470.0,106.76
2017-06-03 10:39:47.498615,54.499641,-165.549516,1470.0,106.76,1470.0,106.76
2017-06-03 10:39:47.997816,54.499662,-165.549464,1470.0,106.95,1470.0,106.76
2017-06-03 10:39:48.497017,54.499669,-165.549447,1470.0,106.95,1470.0,106.76
2017-06-03 10:39:48.996218,54.499692,-165.549395,1470.0,106.95,1470.0,106.95
2017-06-03 10:39:49.495419,54.499699,-165.549377,1470.0,106.95,1470.0,106.95
2017-06-03 10:39:49.994619,54.499723,-165.549326,1470.0,106.95,1470.0,106.95
2017-06-03 10:39:50.493820,54.499731,-165.549309,1470.0,107.14,1470.0,106.95
2017-06-03 10:39:50.993021,54.499753,-165.549258,1470.0,108.08,1470.0,106.95
2017-06-03 10:39:51.492224,54.49976,-165.549241,1470.0,108.46,1470.0,106.95
2017-06-03 10:39:51.991423,54.499785,-165.549188,1470.0,106.95,1470.0,106.95
2017-06-03 10:39:52.490625,54.499793,-165.549171,1470.0,107.14,1470.0,106.95
2017-06-03 10:39:52.989824,54.499817,-165.549121,1470.0,108.27,1470.0,108.08
2017-06-03 10:39:53.489027,54.499825,-165.549104,1470.0,107.89,1470.0,106.76
2017-06-03 10:39:53.988226,54.499849,-165.549054,1470.0,108.08,1470.0,106.76
2017-06-03 10:39:54.487429,54.499857,-165.549037,1470.0,108.08,1470.0,107.89
2017-06-03 10:39:54.986628,54.499881,-165.548986,1470.0,108.08,1470.0,108.08
2017-06-03 10:39:55.485830,54.499889,-165.548969,1470.0,108.08,1470.0,106.95
2017-06-03 10:39:55.985029,54.499911,-165.548915,1470.0,108.27,1470.0,106.76
2017-06-03 10:39:56.484232,54.499918,-165.548897,1470.0,108.46,1470.0,106.76
2017-06-03 10:39:56.999033,54.49994,-165.548843,1470.0,106.95,1470.0,106.76
2017-06-03 10:39:57.498234,54.499947,-165.548826,1470.0,106.76,1470.0,106.76
2017-06-03 10:39:57.997435,54.499969,-165.548773,1470.0,106.76,1470.0,106.76
2017-06-03 10:39:58.496635,54.499976,-165.548756,1470.0,106.76,1470.0,106.76
2017-06-03 10:39:58.995836,54.499999,-165.548703,1470.0,106.76,1470.0,107.89
2017-06-03 10:39:59.495037,54.500006,-165.548686,1470.0,107.89,1470.0,106.57
2017-06-03 10:39:59.994238,54.500029,-165.548634,1470.0,107.89,1470.0,106.57
2017-06-03 10:40:00.493439,54.500036,-165.548618,1470.0,106.76,1470.0,107.14
2017-06-03 10:40:00.992640,54.500058,-165.548569,1470.0,106.76,1470.0,106.57
2017-06-03 10:40:01.491840,54.500065,-165.548552,1470.0,107.7,1470.0,106.57
2017-06-03 10:40:01.991041,54.50009,-165.5485,1470.0,106.57,1470.0,106.57
2017-06-03 10:40:02.490242,54.500097,-165.548483,1470.0,106.57,1470.0,107.89
2017-06-03 10:40:02.989443,54.500118,-165.548432,1470.0,106.57,1470.0,106.57
2017-06-03 10:40:03.488644,54.500125,-165.548416,1470.0,106.76,1470.0,106.57
2017-06-03 10:40:03.987844,54.500148,-165.548362,1470.0,106.57,1470.0,106.57
2017-06-03 10:40:04.487045,54.500155,-165.548344,1470.0,108.08,1470.0,106.76
2017-06-03 10:40:04.986246,54.500178,-165.548291,1470.0,106.76,1470.0,106.76
2017-06-03 10:40:05.485447,54.500185,-165.548274,1470.0,106.95,1470.0,106.76
2017-06-03 10:40:05.984650,54.500208,-165.54822,1470.0,106.95,1470.0,108.64
2017-06-03 10:40:06.483849,54.500215,-165.548202,1470.0,108.08,1470.0,106.95
2017-06-03 10:40:06.998652,54.500239,-165.548148,1470.0,106.95,1470.0,106.95
2017-06-03 10:40:07.497850,54.500246,-165.548131,1470.0,106.95,1470.0,106.95
2017-06-03 10:40:07.997053,54.500269,-165.548078,1470.0,106.76,1470.0,106.76
2017-06-03 10:40:08.496252,54.500276,-165.548061,1470.0,108.08,1470.0,108.08
2017-06-03 10:40:08.995453,54.500301,-165.548011,1470.0,106.57,1470.0,106.57
2017-06-03 10:40:09.494654,54.500309,-165.547994,1470.0,11.37,1470.0,11.37
2017-06-03 10:40:09.993855,54.500333,-165.547943,1470.0,107.89,1470.0,106.57
2017-06-03 10:40:10.493055,54.500341,-165.547926,1470.0,106.76,1470.0,106.76
2017-06-03 10:40:10.992256,54.500362,-165.547874,1470.0,106.76,1470.0,106.76
2017-06-03 10:40:11.491459,54.500369,-165.547857,1470.0,106.76,1470.0,108.08
2017-06-03 10:40:11.990658,54.500392,-165.547806,1470.0,106.57,1470.0,106.76
2017-06-03 10:40:12.489861,54.500399,-165.547789,1470.0,106.57,1470.0,106.39
2017-06-03 10:40:12.989059,54.50042,-165.547739,1470.0,106.2,1470.0,106.2
2017-06-03 10:40:13.488262,54.500427,-165.547722,1470.0,106.2,1470.0,106.2
2017-06-03 10:40:13.987461,54.500451,-165.547671,1470.0,106.2,1470.0,106.2
2017-06-03 10:40:14.486664,54.500459,-165.547654,1470.0,106.39,1470.0,106.39
2017-06-03 10:40:14.985863,54.500481,-165.547604,1470.0,108.08,1470.0,107.89
2017-06-03 10:40:15.485065,54.500489,-165.547587,1470.0,106.57,1470.0,106.57
2017-06-03 10:40:15.984264,54.500511,-165.547535,1470.0,106.57,1470.0,106.57
2017-06-03 10:40:16.499067,54.500519,-165.547516,1470.0,106.57,1470.0,106.57
2017-06-03 10:40:16.998268,54.500543,-165.547463,1470.0,106.57,1470.0,106.39
2017-06-03 10:40:17.497469,54.500551,-165.547446,1470.0,106.39,1470.0,106.39
2017-06-03 10:40:17.996670,54.500574,-165.547394,1470.0,106.39,1470.0,106.39
2017-06-03 10:40:18.495871,54.500581,-165.547377,1470.0,106.57,1470.0,106.57
2017-06-03 10:40:18.995071,54.500605,-165.547325,1470.0,106.57,1470.0,106.57
2017-06-03 10:40:19.494272,54.500613,-165.547307,1470.0,106.57,1470.0,106.57
2017-06-03 10:40:19.993473,54.500637,-165.547256,1470.0,107.89,1470.0,106.39
2017-06-03 10:40:20.492674,54.500644,-165.547239,1470.0,107.52,1470.0,107.33
2017-06-03 10:40:20.991875,54.500669,-165.547189,1470.0,106.2,1470.0,106.39
2017-06-03 10:40:21.491076,54.500677,-165.547172,1470.0,106.95,1470.0,107.33
2017-06-03 10:40:21.990276,54.500703,-165.547121,1470.0,105.82,1470.0,105.82
2017-06-03 10:40:22.489477,54.500711,-165.547104,1470.0,105.82,1470.0,105.82
2017-06-03 10:40:22.988678,54.500734,-165.547055,1470.0,105.82,1470.0,105.82
2017-06-03 10:40:23.487879,54.500742,-165.547039,1470.0,107.33,1470.0,106.01
2017-06-03 10:40:23.987080,54.500764,-165.546986,1470.0,107.33,1470.0,106.01
2017-06-03 10:40:24.486280,54.500772,-165.546969,1470.0,106.2,1470.0,106.2
2017-06-03 10:40:24.985481,54.500794,-165.546916,1470.0,107.52,1470.0,107.14
2017-06-03 10:40:25.484682,54.500802,-165.546899,1470.0,106.01,1470.0,106.01
2017-06-03 10:40:25.983883,54.500824,-165.546846,1470.0,105.82,1470.0,105.82
2017-06-03 10:40:26.498684,54.500833,-165.546827,1470.0,105.82,1470.0,105.63
2017-06-03 10:40:26.997887,54.500855,-165.546776,1470.0,105.82,1470.0,105.63
2017-06-03 10:40:27.497086,54.500863,-165.546759,1470.0,105.63,1470.0,105.63
2017-06-03 10:40:27.996288,54.500887,-165.546708,1470.0,106.76,1470.0,105.63
2017-06-03 10:40:28.495487,54.500894,-165.546691,1470.0,106.95,1470.0,105.63
2017-06-03 10:40:28.994690,54.500918,-165.546642,1470.0,106.95,1470.0,105.82
2017-06-03 10:40:29.493889,54.500925,-165.546626,1470.0,105.63,1470.0,105.63
2017-06-03 10:40:29.993090,54.500951,-165.546572,1470.0,105.63,1470.0,106.01
2017-06-03 10:40:30.492290,54.500959,-165.546554,1470.0,105.63,1470.0,106.95
2017-06-03 10:40:30.991491,54.500983,-165.546504,1470.0,105.63,1470.0,105.63
2017-06-03 10:40:31.490694,54.50099,-165.546487,1470.0,105.63,1470.0,106.76
2017-06-03 10:40:31.989893,54.501015,-165.546433,1470.0,105.63,1470.0,105.63
2017-06-03 10:40:32.489096,54.501022,-165.546416,1470.0,106.95,1470.0,106.95
2017-06-03 10:40:32.988295,54.501043,-165.546363,1470.0,106.95,1470.0,105.45
2017-06-03 10:40:33.487497,54.50105,-165.546346,1470.0,105.45,1470.0,9.86
2017-06-03 10:40:33.986696,54.501074,-165.546292,1470.0,105.45,1470.0,106.95
2017-06-03 10:40:34.485899,54.501082,-165.546274,1470.0,105.26,1470.0,105.26
2017-06-03 10:40:34.985098,54.501104,-165.546221,1470.0,105.26,1470.0,105.26
2017-06-03 10:40:35.484301,54.501112,-165.546204,1470.0,105.26,1470.0,106.57
2017-06-03 10:40:35.999100,54.501137,-165.546151,1470.0,105.26,1470.0,106.57
2017-06-03 10:40:36.498302,54.501144,-165.546134,1470.0,105.26,1470.0,105.26
2017-06-03 10:40:36.997503,54.501168,-165.546083,1470.0,106.39,1470.0,105.07
2017-06-03 10:40:37.496704,54.501176,-165.546066,1470.0,106.39,1470.0,106.2
2017-06-03 10:40:37.995905,54.501199,-165.546014,1470.0,104.88,1470.0,104.88
2017-06-03 10:40:38.495106,54.501206,-165.545998,1470.0,104.88,1470.0,105.63
2017-06-03 10:40:38.994307,54.501228,-165.545947,1470.0,105.82,1470.0,104.69
2017-06-03 10:40:39.493507,54.501235,-165.545931,1470.0,104.69,1470.0,104.69
2017-06-03 10:40:39.992708,54.501258,-165.545877,1470.0,104.69,1470.0,104.69
2017-06-03 10:40:40.491909,54.501266,-165.545859,1470.0,105.45,1470.0,106.01
2017-06-03 10:40:40.991110,54.501288,-165.545808,1470.0,104.51,1470.0,104.51
2017-06-03 10:40:41.490311,54.501295,-165.545791,1470.0,104.51,1470.0,104.51
2017-06-03 10:40:41.989511,54.501318,-165.545738,1470.0,104.69,1470.0,105.82
2017-06-03 10:40:42.488712,54.501325,-165.545721,1470.0,104.69,1470.0,104.69
2017-06-03 10:40:42.987913,54.501348,-165.545667,1470.0,104.88,1470.0,104.69
2017-06-03 10:40:43.487114,54.501355,-165.545649,1470.0,104.88,1470.0,106.39
2017-06-03 10:40:43.986315,54.501378,-165.545595,1470.0,105.82,1470.0,104.69
2017-06-03 10:40:44.485516,54.501385,-165.545577,1470.0,104.69,1470.0,104.69
2017-06-03 10:40:44.984716,54.501409,-165.545523,1470.0,105.82,1470.0,104.69
2017-06-03 10:40:45.483917,54.501417,-165.545506,1470.0,104.69,1470.0,104.88
2017-06-03 10:40:45.998718,54.501442,-165.545451,1470.0,105.82,1470.0,104.51
2017-06-03 10:40:46.497919,54.501449,-165.545434,1470.0,104.69,1470.0,104.51
2017-06-03 10:40:46.997120,54.501473,-165.545383,1470.0,106.2,1470.0,104.51
2017-06-03 10:40:47.496321,54.501481,-165.545366,1470.0,104.51,1470.0,104.51
2017-06-03 10:40:47.995523,54.501506,-165.545316,1470.0,104.51,1470.0,104.51
2017-06-03 10:40:48.494722,54.501514,-165.545299,1470.0,105.63,1470.0,104.32
2017-06-03 10:40:48.993925,54.501538,-165.54525,1470.0,104.32,1470.0,104.32
2017-06-03 10:40:49.493124,54.501545,-165.545234,1470.0,104.32,1470.0,104.32
2017-06-03 10:40:49.992327,54.50157,-165.545184,1470.0,104.32,1470.0,105.82
2017-06-03 10:40:50.491526,54.501578,-165.545168,1470.0,105.26,1470.0,105.63
2017-06-03 10:40:50.990726,54.501601,-165.545119,1470.0,105.45,1470.0,104.13
2017-06-03 10:40:51.489927,54.501609,-165.545103,1470.0,104.13,1470.0,104.13
2017-06-03 10:40:51.989128,54.501634,-165.545054,1470.0,104.13,1470.0,105.26
2017-06-03 10:40:52.488331,54.501642,-165.545038,1470.0,104.13,1470.0,105.63
2017-06-03 10:40:52.987530,54.501667,-165.54499,1470.0,105.63,1470.0,104.13
2017-06-03 10:40:53.486732,54.501675,-165.544974,1470.0,104.13,1470.0,104.13
2017-06-03 10:40:53.985931,54.501701,-165.544927,1470.0,104.13,1470.0,104.13
2017-06-03 10:40:54.485134,54.501709,-165.544911,1470.0,105.26,1470.0,105.26
2017-06-03 10:40:54.984333,54.501735,-165.544865,1470.0,104.32,1470.0,104.32
2017-06-03 10:40:55.499136,54.501745,-165.544848,1470.0,104.51,1470.0,105.26
2017-06-03 10:40:55.998335,54.501771,-165.544799,1470.0,104.32,1470.0,104.32
2017-06-03 10:40:56.497538,54.50178,-165.544783,1470.0,104.32,1470.0,105.63
2017-06-03 10:40:56.996738,54.501806,-165.544734,1470.0,104.32,1470.0,105.26
2017-06-03 10:40:57.495939,54.501815,-165.544718,1470.0,104.32,1470.0,104.13
2017-06-03 10:40:57.995140,54.501841,-165.54467,1470.0,105.26,1470.0,104.13
2017-06-03 10:40:58.494341,54.50185,-165.544655,1470.0,105.26,1470.0,104.13
2017-06-03 10:40:58.993542,54.501875,-165.544609,1470.0,105.45,1470.0,104.13
2017-06-03 10:40:59.492743,54.501884,-165.544594,1470.0,104.13,1470.0,105.26
2017-06-03 10:40:59.991943,54.501911,-165.544547,1470.0,105.07,1470.0,103.94
2017-06-03 10:41:00.491144,54.50192,-165.544531,1470.0,103.94,1470.0,105.26
2017-06-03 10:41:00.990345,54.501945,-165.544486,1470.0,105.07,1470.0,103.94
2017-06-03 10:41:01.489546,54.501954,-165.544471,1470.0,105.07,1470.0,103.75
2017-06-03 10:41:01.988747,54.501977,-165.544423,1470.0,103.94,1470.0,103.75
2017-06-03 10:41:02.487947,54.501985,-165.544408,1470.0,103.75,1470.0,103.75
2017-06-03 10:41:02.987148,54.502009,-165.54436,1470.0,105.07,1470.0,104.88
2017-06-03 10:41:03.486349,54.502017,-165.544344,1470.0,103.75,1470.0,104.69
2017-06-03 10:41:03.985550,54.502039,-165.544297,1470.0,103.75,1470.0,103.75
2017-06-03 10:41:04.484751,54.502047,-165.544281,1470.0,103.75,1470.0,105.26
2017-06-03 10:41:04.983952,54.502071,-165.544232,1470.0,103.75,1470.0,103.75
2017-06-03 10:41:05.498753,54.502079,-165.544214,1470.0,103.94,1470.0,105.26
2017-06-03 10:41:05.997953,54.502102,-165.544165,1470.0,103.75,1470.0,103.75
2017-06-03 10:41:06.497154,54.502109,-165.544149,1470.0,104.69,1470.0,103.75
2017-06-03 10:41:06.996355,54.502133,-165.5441,1470.0,105.07,1470.0,105.07
2017-06-03 10:41:07.495556,54.502141,-165.544085,1470.0,103.56,1470.0,103.56
2017-06-03 10:41:07.994759,54.502165,-165.544037,1470.0,103.56,1470.0,103.56
2017-06-03 10:41:08.493958,54.502173,-165.544021,1470.0,104.69,1470.0,105.07
2017-06-03 10:41:08.993160,54.502196,-165.543973,1470.0,104.88,1470.0,104.32
2017-06-03 10:41:09.492359,54.502204,-165.543958,1470.0,104.69,1470.0,104.69
2017-06-03 10:41:09.991562,54.502228,-165.543907,1470.0,104.69,1470.0,103.38
2017-06-03 10:41:10.490761,54.502236,-165.543891,1470.0,103.38,1470.0,103.38
2017-06-03 10:41:10.989964,54.502259,-165.543842,1470.0,103.38,1470.0,103.38
2017-06-03 10:41:11.489162,54.502267,-165.543826,1470.0,104.51,1470.0,104.51
2017-06-03 10:41:11.988363,54.502289,-165.543776,1470.0,104.51,1470.0,103.38
2017-06-03 10:41:12.487564,54.502297,-165.543759,1470.0,103.38,1470.0,103.38
2017-06-03 10:41:12.986765,54.502318,-165.54371,1470.0,103.38,1470.0,103.38
2017-06-03 10:41:13.485968,54.502325,-165.543694,1470.0,103.19,1470.0,103.19
2017-06-03 10:41:13.985167,54.502348,-165.543644,1470.0,103.19,1470.0,103.19
2017-06-03 10:41:14.484369,54.502355,-165.543628,1470.0,104.69,1470.0,104.32
2017-06-03 10:41:14.999168,54.502379,-165.543579,1470.0,103.19,1470.0,103.19
2017-06-03 10:41:15.498371,54.502386,-165.543563,1470.0,103.19,1470.0,103.19
2017-06-03 10:41:15.997570,54.502407,-165.543514,1470.0,104.51,1470.0,103.19
2017-06-03 10:41:16.496773,54.502414,-165.543498,1470.0,104.32,1470.0,103.0
2017-06-03 10:41:16.995972,54.502438,-165.54345,1470.0,103.0,1470.0,103.0
2017-06-03 10:41:17.495174,54.502446,-165.543435,1470.0,103.0,1470.0,103.0
2017-06-03 10:41:17.994375,54.502467,-165.543387,1470.0,103.0,1470.0,104.13
2017-06-03 10:41:18.493576,54.502474,-165.543371,1470.0,103.0,1470.0,103.0
2017-06-03 10:41:18.992777,54.502496,-165.543325,1470.0,103.0,1470.0,103.0
2017-06-03 10:41:19.491978,54.502503,-165.543309,1470.0,103.0,1470.0,103.0
2017-06-03 10:41:19.991179,54.502525,-165.543259,1470.0,103.0,1470.0,104.13
2017-06-03 10:41:20.490379,54.502533,-165.543243,1470.0,103.94,1470.0,103.0
2017-06-03 10:41:20.989580,54.502555,-165.543196,1470.0,102.81,1470.0,103.75
2017-06-03 10:41:21.488781,54.502562,-165.543181,1470.0,104.13,1470.0,102.81
2017-06-03 10:41:21.987982,54.502586,-165.543132,1470.0,103.75,1470.0,102.62
2017-06-03 10:41:22.487183,54.502594,-165.543116,1470.0,104.13,1470.0,102.62
2017-06-03 10:41:22.986383,54.502616,-165.543067,1470.0,102.81,1470.0,102.81
2017-06-03 10:41:23.485584,54.502624,-165.543051,1470.0,103.0,1470.0,104.13
2017-06-03 10:41:23.984785,54.502646,-165.543002,1470.0,103.0,1470.0,103.0
2017-06-03 10:41:24.483986,54.502654,-165.542986,1470.0,104.69,1470.0,103.0
2017-06-03 10:41:24.998787,54.502677,-165.542934,1470.0,104.51,1470.0,103.56
2017-06-03 10:41:25.497988,54.502684,-165.542918,1470.0,104.51,1470.0,103.0
2017-06-03 10:41:25.997189,54.502707,-165.542869,1470.0,103.0,1470.0,103.0
2017-06-03 10:41:26.496389,54.502714,-165.542853,1470.0,103.94,1470.0,102.81
2017-06-03 10:41:26.995590,54.502736,-165.542806,1470.0,102.81,1470.0,102.81
2017-06-03 10:41:27.494791,54.502744,-165.542791,1470.0,103.94,1470.0,102.62
2017-06-03 10:41:27.993994,54.502767,-165.542741,1470.0,102.62,1470.0,102.62
2017-06-03 10:41:28.493193,54.502774,-165.542725,1470.0,103.94,1470.0,102.62
2017-06-03 10:41:28.992395,54.502796,-165.542679,1470.0,102.62,1470.0,102.62
2017-06-03 10:41:29.491594,54.502804,-165.542664,1470.0,102.62,1470.0,103.94
2017-06-03 10:41:29.990797,54.502827,-165.542617,1470.0,103.94,1470.0,103.94
2017-06-03 10:41:30.489996,54.502834,-165.542601,1470.0,103.75,1470.0,102.62
2017-06-03 10:41:30.989199,54.502856,-165.542555,1470.0,103.75,1470.0,103.38
2017-06-03 10:41:31.488398,54.502863,-165.542539,1470.0,103.94,1470.0,102.44
2017-06-03 10:41:31.987600,54.502885,-165.542492,1470.0,102.44,1470.0,102.44
2017-06-03 10:41:32.486799,54.502892,-165.542476,1470.0,102.44,1470.0,102.44
2017-06-03 10:41:32.986000,54.502912,-165.542427,1470.0,102.62,1470.0,103.75
2017-06-03 10:41:33.485203,54.502919,-165.542411,1470.0,104.13,1470.0,102.62
2017-06-03 10:41:33.984402,54.502941,-165.542363,1470.0,102.62,1470.0,102.62
2017-06-03 10:41:34.499205,54.502949,-165.542346,1470.0,102.62,1470.0,102.62
2017-06-03 10:41:34.998404,54.50297,-165.542296,1470.0,102.62,1470.0,102.62
2017-06-03 10:41:35.497606,54.502978,-165.542279,1470.0,102.62,1470.0,102.62
2017-06-03 10:41:35.996805,54.503,-165.542229,1470.0,102.62,1470.0,102.62
2017-06-03 10:41:36.496008,54.503008,-165.542213,1470.0,103.75,1470.0,103.0
2017-06-03 10:41:36.995207,54.50303,-165.542164,1470.0,102.62,1470.0,103.94
2017-06-03 10:41:37.494410,54.503037,-165.542148,1470.0,103.75,1470.0,102.44
2017-06-03 10:41:37.993608,54.50306,-165.542097,1470.0,102.44,1470.0,102.44
2017-06-03 10:41:38.492811,54.503067,-165.542081,1470.0,102.44,1470.0,103.56
2017-06-03 10:41:38.992012,54.503088,-165.542032,1470.0,102.44,1470.0,102.44
2017-06-03 10:41:39.491213,54.503095,-165.542016,1470.0,103.56,1470.0,102.44
2017-06-03 10:41:39.990414,54.503116,-165.541966,1470.0,103.75,1470.0,103.75
2017-06-03 10:41:40.489614,54.503124,-165.541949,1470.0,103.94,1470.0,102.44
2017-06-03 10:41:40.988815,54.503146,-165.5419,1470.0,102.62,1470.0,102.44
2017-06-03 10:41:41.488016,54.503153,-165.541884,1470.0,102.44,1470.0,103.56
2017-06-03 10:41:41.987217,54.503175,-165.541835,1470.0,102.25,1470.0,102.25
2017-06-03 10:41:42.486418,54.503182,-165.541819,1470.0,102.25,1470.0,102.25
2017-06-03 10:41:42.985619,54.503204,-165.541772,1470.0,103.38,1470.0,102.25
2017-06-03 10:41:43.484819,54.503212,-165.541756,1470.0,103.38,1470.0,102.06
2017-06-03 10:41:43.984020,54.503233,-165.541708,1470.0,102.25,1470.0,103.0
2017-06-03 10:41:44.498821,54.503241,-165.541691,1470.0,102.25,1470.0,102.25
2017-06-03 10:41:44.998022,54.503262,-165.541644,1470.0,102.25,1470.0,102.25
2017-06-03 10:41:45.497223,54.503269,-165.541628,1470.0,102.44,1470.0,103.56
2017-06-03 10:41:45.996424,54.50329,-165.54158,1470.0,103.75,1470.0,102.25
2017-06-03 10:41:46.495625,54.503297,-165.541565,1470.0,102.25,1470.0,102.25
2017-06-03 10:41:46.994825,54.503318,-165.541517,1470.0,102.25,1470.0,103.94
2017-06-03 10:41:47.494026,54.503325,-165.541501,1470.0,103.38,1470.0,102.06
2017-06-03 10:41:47.993227,54.503348,-165.541452,1470.0,102.06,1470.0,102.06
2017-06-03 10:41:48.492428,54.503356,-165.541436,1470.0,102.06,1470.0,102.06
2017-06-03 10:41:48.991631,54.503379,-165.541388,1470.0,102.06,1470.0,103.19
2017-06-03 10:41:49.490829,54.503387,-165.541373,1470.0,102.06,1470.0,103.0
2017-06-03 10:41:49.990032,54.503411,-165.541324,1470.0,102.06,1470.0,102.06
2017-06-03 10:41:50.489231,54.503419,-165.541308,1470.0,102.25,1470.0,102.06
2017-06-03 10:41:50.988434,54.503441,-165.541261,1470.0,102.06,1470.0,102.06
2017-06-03 10:41:51.487633,54.503449,-165.541246,1470.0,103.56,1470.0,102.25
2017-06-03 10:41:51.986835,54.503471,-165.541196,1470.0,103.56,1470.0,103.75
2017-06-03 10:41:52.486034,54.503479,-165.541179,1470.0,103.19,1470.0,102.25
2017-06-03 10:41:52.985237,54.503501,-165.541132,1470.0,102.06,1470.0,102.44
2017-06-03 10:41:53.484438,54.503509,-165.541116,1470.0,103.0,1470.0,103.19
2017-06-03 10:41:53.999237,54.503533,-165.541065,1470.0,102.25,1470.0,103.19
2017-06-03 10:41:54.498440,54.503541,-165.54105,1470.0,103.56,1470.0,101.68
2017-06-03 10:41:54.997639,54.503564,-165.541002,1470.0,102.81,1470.0,101.68
2017-06-03 10:41:55.496841,54.503571,-165.540986,1470.0,101.87,1470.0,101.87
2017-06-03 10:41:55.996040,54.503594,-165.540939,1470.0,103.19,1470.0,101.87
2017-06-03 10:41:56.495243,54.503601,-165.540923,1470.0,103.56,1470.0,102.81
2017-06-03 10:41:56.994442,54.503622,-165.540878,1470.0,103.0,1470.0,103.38
2017-06-03 10:41:57.493645,54.503629,-165.540863,1470.0,101.87,1470.0,102.06
2017-06-03 10:41:57.992844,54.503652,-165.540815,1470.0,101.87,1470.0,101.87
2017-06-03 10:41:58.492046,54.503659,-165.5408,1470.0,101.68,1470.0,101.68
2017-06-03 10:41:58.991247,54.503681,-165.540753,1470.0,102.62,1470.0,101.49
2017-06-03 10:41:59.490448,54.503689,-165.540738,1470.0,101.49,1470.0,103.0
2017-06-03 10:41:59.989649,54.503712,-165.540693,1470.0,101.87,1470.0,101.49
2017-06-03 10:42:00.488850,54.50372,-165.540678,1470.0,101.49,1470.0,101.49
2017-06-03 10:42:00.988050,54.503743,-165.540631,1470.0,102.44,1470.0,101.49
2017-06-03 10:42:01.487251,54.50375,-165.540616,1470.0,101.68,1470.0,102.44
2017-06-03 10:42:01.986452,54.503771,-165.540568,1470.0,101.68,1470.0,101.68
2017-06-03 10:42:02.485653,54.503779,-165.540553,1470.0,101.68,1470.0,101.68
2017-06-03 10:42:02.984854,54.503801,-165.540505,1470.0,101.68,1470.0,101.68
2017-06-03 10:42:03.484055,54.503809,-165.540489,1470.0,101.68,1470.0,101.49
2017-06-03 10:42:03.998856,54.503832,-165.540439,1470.0,101.49,1470.0,102.81
2017-06-03 10:42:04.498056,54.503839,-165.540423,1470.0,101.49,1470.0,101.49
2017-06-03 10:42:04.997257,54.503862,-165.540375,1470.0,103.0,1470.0,102.25
2017-06-03 10:42:05.496458,54.503869,-165.54036,1470.0,101.49,1470.0,102.44
2017-06-03 10:42:05.995659,54.503893,-165.540312,1470.0,101.49,1470.0,101.49
2017-06-03 10:42:06.494860,54.503901,-165.540296,1470.0,101.49,1470.0,101.49
2017-06-03 10:42:06.994061,54.503923,-165.540248,1470.0,103.0,1470.0,102.81
2017-06-03 10:42:07.493261,54.50393,-165.540233,1470.0,102.81,1470.0,101.49
2017-06-03 10:42:07.992462,54.503953,-165.540184,1470.0,101.68,1470.0,101.49
2017-06-03 10:42:08.491663,54.503961,-165.540168,1470.0,101.49,1470.0,101.49
2017-06-03 10:42:08.990864,54.503983,-165.540121,1470.0,101.49,1470.0,101.31
2017-06-03 10:42:09.490065,54.50399,-165.540106,1470.0,101.31,1470.0,101.31
2017-06-03 10:42:09.989267,54.504014,-165.540058,1470.0,101.31,1470.0,102.06
2017-06-03 10:42:10.488466,54.504022,-165.540043,1470.0,102.44,1470.0,101.12
2017-06-03 10:42:10.987669,54.504043,-165.539996,1470.0,102.62,1470.0,101.12
2017-06-03 10:42:11.486868,54.50405,-165.539981,1470.0,102.44,1470.0,101.87
2017-06-03 10:42:11.986071,54.504073,-165.539935,1470.0,101.12,1470.0,100.93
2017-06-03 10:42:12.485270,54.50408,-165.539919,1470.0,102.06,1470.0,100.93
2017-06-03 10:42:12.984472,54.504101,-165.539872,1470.0,102.25,1470.0,102.25
2017-06-03 10:42:13.499271,54.504109,-165.539855,1470.0,101.12,1470.0,102.06
2017-06-03 10:42:13.998472,54.50413,-165.539807,1470.0,101.12,1470.0,101.12
2017-06-03 10:42:14.497675,54.504137,-165.539791,1470.0,102.06,1470.0,101.87
2017-06-03 10:42:14.996874,54.504158,-165.539743,1470.0,102.06,1470.0,100.93
2017-06-03 10:42:15.496077,54.504165,-165.539728,1470.0,100.93,1470.0,100.93
2017-06-03 10:42:15.995275,54.504187,-165.539677,1470.0,100.93,1470.0,102.25
2017-06-03 10:42:16.494478,54.504194,-165.539661,1470.0,100.93,1470.0,100.93
2017-06-03 10:42:16.993677,54.504215,-165.539613,1470.0,102.44,1470.0,100.93
2017-06-03 10:42:17.492880,54.504222,-165.539598,1470.0,102.25,1470.0,100.93
2017-06-03 10:42:17.992079,54.504245,-165.539547,1470.0,102.25,1470.0,102.25
2017-06-03 10:42:18.491282,54.504253,-165.539531,1470.0,101.12,1470.0,100.93
2017-06-03 10:42:18.990482,54.504275,-165.539485,1470.0,100.93,1470.0,100.93
2017-06-03 10:42:19.489683,54.504282,-165.539469,1470.0,102.06,1470.0,102.06
2017-06-03 10:42:19.988884,54.504304,-165.53942,1470.0,102.25,1470.0,100.93
2017-06-03 10:42:20.488085,54.504312,-165.539404,1470.0,100.93,1470.0,100.93
2017-06-03 10:42:20.987286,54.504334,-165.539355,1470.0,102.44,1470.0,100.93
2017-06-03 10:42:21.486486,54.504342,-165.539339,1470.0,102.44,1470.0,100.93
2017-06-03 10:42:21.985687,54.504363,-165.539289,1470.0,102.44,1470.0,100.93
2017-06-03 10:42:22.484888,54.50437,-165.539273,1470.0,100.93,1470.0,100.93
2017-06-03 10:42:22.984089,54.504391,-165.539225,1470.0,100.93,1470.0,102.06
2017-06-03 10:42:23.498890,54.504399,-165.539208,1470.0,100.93,1470.0,100.74
2017-06-03 10:42:23.998091,54.50442,-165.53916,1470.0,100.74,1470.0,100.74
2017-06-03 10:42:24.497292,54.504428,-165.539145,1470.0,101.87,1470.0,100.55
2017-06-03 10:42:24.996492,54.50445,-165.539098,1470.0,101.68,1470.0,100.55
2017-06-03 10:42:25.495693,54.504457,-165.539083,1470.0,100.55,1470.0,100.55
2017-06-03 10:42:25.994894,54.504479,-165.539037,1470.0,100.55,1470.0,100.55
2017-06-03 10:42:26.494095,54.504486,-165.539021,1470.0,100.55,1470.0,100.55
2017-06-03 10:42:26.993296,54.504507,-165.538975,1470.0,100.74,1470.0,100.55
2017-06-03 10:42:27.492496,54.504514,-165.538959,1470.0,101.68,1470.0,101.49
2017-06-03 10:42:27.991697,54.504537,-165.538909,1470.0,101.87,1470.0,102.25
2017-06-03 10:42:28.490898,54.504544,-165.538893,1470.0,100.74,1470.0,100.74
2017-06-03 10:42:28.990099,54.504564,-165.538845,1470.0,100.74,1470.0,102.25
2017-06-03 10:42:29.489300,54.50457,-165.538829,1470.0,100.74,1470.0,100.74
2017-06-03 10:42:29.988503,54.504593,-165.538782,1470.0,100.74,1470.0,101.68
2017-06-03 10:42:30.487701,54.5046,-165.538766,1470.0,102.06,1470.0,100.55
2017-06-03 10:42:30.986904,54.504624,-165.538718,1470.0,100.55,1470.0,102.06
2017-06-03 10:42:31.486103,54.504632,-165.538703,1470.0,101.49,1470.0,100.37
2017-06-03 10:42:31.985306,54.504657,-165.538655,1470.0,100.55,1470.0,101.87
2017-06-03 10:42:32.484505,54.504665,-165.538639,1470.0,100.55,1470.0,101.31
2017-06-03 10:42:32.999306,54.504689,-165.538592,1470.0,101.87,1470.0,100.55
2017-06-03 10:42:33.498507,54.504696,-165.538576,1470.0,101.49,1470.0,100.55
2017-06-03 10:42:33.997707,54.504719,-165.538529,1470.0,100.55,1470.0,101.87
2017-06-03 10:42:34.496908,54.504726,-165.538513,1470.0,101.68,1470.0,100.37
2017-06-03 10:42:34.996109,54.504748,-165.538466,1470.0,100.37,1470.0,101.68
2017-06-03 10:42:35.495312,54.504755,-165.538451,1470.0,101.87,1470.0,100.18
2017-06-03 10:42:35.994511,54.504778,-165.538404,1470.0,101.68,1470.0,100.18
2017-06-03 10:42:36.493713,54.504786,-165.538388,1470.0,100.37,1470.0,101.87
2017-06-03 10:42:36.992912,54.504808,-165.538343,1470.0,101.68,1470.0,100.37
2017-06-03 10:42:37.492115,54.504815,-165.538328,1470.0,100.55,1470.0,100.55
2017-06-03 10:42:37.991314,54.504836,-165.53828,1470.0,100.55,1470.0,100.55
2017-06-03 10:42:38.490517,54.504844,-165.538264,1470.0,100.55,1470.0,100.55
2017-06-03 10:42:38.989716,54.504866,-165.538217,1470.0,101.49,1470.0,100.37
2017-06-03 10:42:39.488918,54.504874,-165.538201,1470.0,101.87,1470.0,100.93
2017-06-03 10:42:39.988119,54.504896,-165.538155,1470.0,100.18,1470.0,100.18
2017-06-03 10:42:40.487320,54.504904,-165.538139,1470.0,100.18,1470.0,100.18
2017-06-03 10:42:40.986521,54.504927,-165.538093,1470.0,100.18,1470.0,100.18
2017-06-03 10:42:41.485722,54.504935,-165.538078,1470.0,101.31,1470.0,100.55
2017-06-03 10:42:41.984922,54.504958,-165.538031,1470.0,100.37,1470.0,100.37
2017-06-03 10:42:42.484123,54.504965,-165.538016,1470.0,101.49,1470.0,100.55
2017-06-03 10:42:42.998924,54.504989,-165.537965,1470.0,101.31,1470.0,100.37
2017-06-03 10:42:43.498125,54.504996,-165.537949,1470.0,100.55,1470.0,101.87
2017-06-03 10:42:43.997326,54.505019,-165.5379,1470.0,100.55,1470.0,100.37
2017-06-03 10:42:44.496527,54.505026,-165.537885,1470.0,100.37,1470.0,100.37
2017-06-03 10:42:44.995728,54.505049,-165.537837,1470.0,100.37,1470.0,100.37
2017-06-03 10:42:45.494928,54.505056,-165.537821,1470.0,100.37,1470.0,100.37
2017-06-03 10:42:45.994129,54.505079,-165.537774,1470.0,100.37,1470.0,100.37
2017-06-03 10:42:46.493330,54.505086,-165.537758,1470.0,100.37,1470.0,100.37
2017-06-03 10:42:46.992531,54.505109,-165.537713,1470.0,100.37,1470.0,101.31
2017-06-03 10:42:47.491732,54.505117,-165.537698,1470.0,100.37,1470.0,101.49
2017-06-03 10:42:47.990932,54.505139,-165.537651,1470.0,100.37,1470.0,100.18
2017-06-03 10:42:48.490133,54.505147,-165.537636,1470.0,100.18,1470.0,100.18
2017-06-03 10:42:48.989334,54.505169,-165.537591,1470.0,101.49,1470.0,100.18
2017-06-03 10:42:49.488535,54.505177,-165.537576,1470.0,101.31,1470.0,99.99
2017-06-03 10:42:49.987738,54.505199,-165.537528,1470.0,99.99,1470.0,99.99
2017-06-03 10:42:50.486937,54.505207,-165.537513,1470.0,101.31,1470.0,99.8
2017-06-03 10:42:50.986139,54.505228,-165.537464,1470.0,100.74,1470.0,101.12
2017-06-03 10:42:51.485338,54.505235,-165.537448,1470.0,99.99,1470.0,99.99
2017-06-03 10:42:51.984541,54.505255,-165.537399,1470.0,100.18,1470.0,100.18
2017-06-03 10:42:52.499340,54.505262,-165.537381,1470.0,100.18,1470.0,100.18
2017-06-03 10:42:52.998541,54.505284,-165.537331,1470.0,100.18,1470.0,100.18
2017-06-03 10:42:53.497742,54.505291,-165.537314,1470.0,100.18,1470.0,100.18
2017-06-03 10:42:53.996943,54.505312,-165.537264,1470.0,100.18,1470.0,100.18
2017-06-03 10:42:54.496143,54.505319,-165.537248,1470.0,102.06,1470.0,99.99
2017-06-03 10:42:54.995344,54.505341,-165.5372,1470.0,100.18,1470.0,100.18
2017-06-03 10:42:55.494547,54.505349,-165.537184,1470.0,100.37,1470.0,100.18
2017-06-03 10:42:55.993746,54.505373,-165.537135,1470.0,100.37,1470.0,100.37
2017-06-03 10:42:56.492949,54.505381,-165.53712,1470.0,102.06,1470.0,101.49
2017-06-03 10:42:56.992147,54.505403,-165.537073,1470.0,100.37,1470.0,100.37
2017-06-03 10:42:57.491350,54.50541,-165.537058,1470.0,100.18,1470.0,100.18
2017-06-03 10:42:57.990549,54.505434,-165.537011,1470.0,99.99,1470.0,99.99
2017-06-03 10:42:58.489752,54.505442,-165.536996,1470.0,99.8,1470.0,99.8
2017-06-03 10:42:58.988951,54.505466,-165.536952,1470.0,100.74,1470.0,99.8
2017-06-03 10:42:59.488153,54.505474,-165.536938,1470.0,101.12,1470.0,99.61
2017-06-03 10:42:59.987352,54.505496,-165.536893,1470.0,99.8,1470.0,101.12
2017-06-03 10:43:00.486555,54.505503,-165.536878,1470.0,99.8,1470.0,99.8
2017-06-03 10:43:00.985756,54.505525,-165.536833,1470.0,99.99,1470.0,99.8
2017-06-03 10:43:01.484957,54.505532,-165.536818,1470.0,101.31,1470.0,99.8
2017-06-03 10:43:01.984158,54.505552,-165.53677,1470.0,99.8,1470.0,99.8
2017-06-03 10:43:02.498959,54.505559,-165.536753,1470.0,99.8,1470.0,100.74
2017-06-03 10:43:02.998159,54.50558,-165.536705,1470.0,99.8,1470.0,99.61
2017-06-03 10:43:03.497360,54.505588,-165.53669,1470.0,100.93,1470.0,99.8
2017-06-03 10:43:03.996561,54.50561,-165.536642,1470.0,100.93,1470.0,99.99
2017-06-03 10:43:04.495762,54.505618,-165.536626,1470.0,99.8,1470.0,100.93
2017-06-03 10:43:04.994963,54.505641,-165.536581,1470.0,99.99,1470.0,101.12
2017-06-03 10:43:05.494164,54.505649,-165.536566,1470.0,100.18,1470.0,100.18
2017-06-03 10:43:05.993364,54.505673,-165.536519,1470.0,100.18,1470.0,101.31
2017-06-03 10:43:06.492565,54.505681,-165.536503,1470.0,100.18,1470.0,100.18
2017-06-03 10:43:06.991766,54.505704,-165.536455,1470.0,101.49,1470.0,101.31
2017-06-03 10:43:07.490967,54.505712,-165.536439,1470.0,99.99,1470.0,99.99
2017-06-03 10:43:07.990168,54.505734,-165.536393,1470.0,101.49,1470.0,99.8
2017-06-03 10:43:08.489368,54.505742,-165.536378,1470.0,99.8,1470.0,100.93
2017-06-03 10:43:08.988569,54.505764,-165.53633,1470.0,100.93,1470.0,99.61
2017-06-03 10:43:09.487770,54.505772,-165.536314,1470.0,99.61,1470.0,99.61
2017-06-03 10:43:09.986973,54.505794,-165.536268,1470.0,99.61,1470.0,99.61
2017-06-03 10:43:10.486172,54.505802,-165.536253,1470.0,99.61,1470.0,100.74
2017-06-03 10:43:10.985374,54.505824,-165.536208,1470.0,100.93,1470.0,100.74
2017-06-03 10:43:11.484573,54.505832,-165.536193,1470.0,100.93,1470.0,99.42
2017-06-03 10:43:11.983776,54.505852,-165.536146,1470.0,99.61,1470.0,100.37
2017-06-03 10:43:12.498575,54.505859,-165.53613,1470.0,99.61,1470.0,100.74
2017-06-03 10:43:12.997778,54.50588,-165.536083,1470.0,99.61,1470.0,100.55
2017-06-03 10:43:13.496977,54.505887,-165.536068,1470.0,101.31,1470.0,99.61
2017-06-03 10:43:13.996178,54.505909,-165.536022,1470.0,100.74,1470.0,101.12
2017-06-03 10:43:14.495378,54.505916,-165.536006,1470.0,100.74,1470.0,99.42
2017-06-03 10:43:14.994579,54.505938,-165.53596,1470.0,100.93,1470.0,99.42
2017-06-03 10:43:15.493782,54.505945,-165.535944,1470.0,99.61,1470.0,99.61
2017-06-03 10:43:15.992981,54.505968,-165.535897,1470.0,99.8,1470.0,101.12
2017-06-03 10:43:16.492184,54.505976,-165.535881,1470.0,101.12,1470.0,99.99
2017-06-03 10:43:16.991383,54.505997,-165.535833,1470.0,101.49,1470.0,100.93
2017-06-03 10:43:17.490585,54.506004,-165.535818,1470.0,99.99,1470.0,101.12
2017-06-03 10:43:17.989784,54.506027,-165.535767,1470.0,99.8,1470.0,101.49
2017-06-03 10:43:18.488987,54.506034,-165.535751,1470.0,99.61,1470.0,99.61
2017-06-03 10:43:18.988186,54.506058,-165.535703,1470.0,100.74,1470.0,99.42
2017-06-03 10:43:19.487389,54.506065,-165.535688,1470.0,99.42,1470.0,99.42
2017-06-03 10:43:19.986588,54.506086,-165.535641,1470.0,101.12,1470.0,100.74
2017-06-03 10:43:20.485790,54.506093,-165.535626,1470.0,99.61,1470.0,99.61
2017-06-03 10:43:20.984991,54.506115,-165.535578,1470.0,99.8,1470.0,99.61
2017-06-03 10:43:21.484192,54.506122,-165.535563,1470.0,99.61,1470.0,100.93
2017-06-03 10:43:21.998993,54.506142,-165.535512,1470.0,99.42,1470.0,100.93
2017-06-03 10:43:22.498194,54.506149,-165.535496,1470.0,99.24,1470.0,99.24
2017-06-03 10:43:22.997395,54.506169,-165.535447,1470.0,100.74,1470.0,100.55
2017-06-03 10:43:23.496595,54.506176,-165.535432,1470.0,4.4,1470.0,100.74
2017-06-03 10:43:23.995796,54.506197,-165.535386,1470.0,99.24,1470.0,99.24
2017-06-03 10:43:24.494997,54.506204,-165.535371,1470.0,100.55,1470.0,99.42
2017-06-03 10:43:24.994198,54.506225,-165.535325,1470.0,99.42,1470.0,99.42
2017-06-03 10:43:25.493399,54.506232,-165.535309,1470.0,99.61,1470.0,99.42
2017-06-03 10:43:25.992599,54.506254,-165.53526,1470.0,99.61,1470.0,100.74
2017-06-03 10:43:26.491800,54.506261,-165.535245,1470.0,99.61,1470.0,99.61
2017-06-03 10:43:26.991001,54.506283,-165.535199,1470.0,99.61,1470.0,99.42
2017-06-03 10:43:27.490202,54.50629,-165.535184,1470.0,100.74,1470.0,99.42
2017-06-03 10:43:27.989403,54.506311,-165.535137,1470.0,100.74,1470.0,99.42
2017-06-03 10:43:28.488604,54.506319,-165.535121,1470.0,100.74,1470.0,99.42
2017-06-03 10:43:28.987804,54.506341,-165.535075,1470.0,100.55,1470.0,100.55
2017-06-03 10:43:29.487005,54.506349,-165.535059,1470.0,99.42,1470.0,100.37
2017-06-03 10:43:29.986206,54.506371,-165.535012,1470.0,99.42,1470.0,99.42
2017-06-03 10:43:30.485407,54.506379,-165.534996,1470.0,99.42,1470.0,100.74
2017-06-03 10:43:30.984608,54.506401,-165.53495,1470.0,99.42,1470.0,100.74
2017-06-03 10:43:31.483809,54.506408,-165.534934,1470.0,99.42,1470.0,100.93
2017-06-03 10:43:31.998611,54.506429,-165.534885,1470.0,100.74,1470.0,99.24
2017-06-03 10:43:32.497810,54.506436,-165.53487,1470.0,99.24,1470.0,100.37
2017-06-03 10:43:32.997013,54.506457,-165.534822,1470.0,99.24,1470.0,99.24
2017-06-03 10:43:33.496212,54.506463,-165.534806,1470.0,99.24,1470.0,100.37
2017-06-03 10:43:33.995415,54.506485,-165.534759,1470.0,100.74,1470.0,99.24
2017-06-03 10:43:34.494614,54.506492,-165.534743,1470.0,99.24,1470.0,100.55
2017-06-03 10:43:34.993814,54.506513,-165.534696,1470.0,100.55,1470.0,100.74
2017-06-03 10:43:35.493017,54.50652,-165.534681,1470.0,99.05,1470.0,100.55
2017-06-03 10:43:35.992216,54.506542,-165.534634,1470.0,99.24,1470.0,99.05
2017-06-03 10:43:36.491419,54.506549,-165.534618,1470.0,100.37,1470.0,99.05
2017-06-03 10:43:36.990618,54.506571,-165.534574,1470.0,99.24,1470.0,99.05
2017-06-03 10:43:37.489820,54.506578,-165.534559,1470.0,100.55,1470.0,100.37
2017-06-03 10:43:37.989019,54.5066,-165.534513,1470.0,100.37,1470.0,99.05
2017-06-03 10:43:38.488222,54.506607,-165.534498,1470.0,100.37,1470.0,99.05
2017-06-03 10:43:38.987421,54.506628,-165.53445,1470.0,99.24,1470.0,99.24
2017-06-03 10:43:39.486624,54.506635,-165.534434,1470.0,100.74,1470.0,99.24
2017-06-03 10:43:39.985823,54.506656,-165.534388,1470.0,99.42,1470.0,99.42
2017-06-03 10:43:40.485025,54.506663,-165.534373,1470.0,99.42,1470.0,100.37
2017-06-03 10:43:40.984226,54.506685,-165.534325,1470.0,99.42,1470.0,100.55
2017-06-03 10:43:41.499027,54.506693,-165.534308,1470.0,100.93,1470.0,99.24
2017-06-03 10:43:41.998228,54.506715,-165.53426,1470.0,99.42,1470.0,99.24
2017-06-03 10:43:42.497429,54.506722,-165.534245,1470.0,100.55,1470.0,100.55
2017-06-03 10:43:42.996630,54.506743,-165.534199,1470.0,99.24,1470.0,100.37
2017-06-03 10:43:43.495831,54.50675,-165.534184,1470.0,100.18,1470.0,100.18
2017-06-03 10:43:43.995031,54.506773,-165.534135,1470.0,99.05,1470.0,100.18
2017-06-03 10:43:44.494232,54.506781,-165.53412,1470.0,98.86,1470.0,99.8
2017-06-03 10:43:44.993433,54.506803,-165.534074,1470.0,100.18,1470.0,98.67
2017-06-03 10:43:45.492634,54.50681,-165.534059,1470.0,98.86,1470.0,98.67
2017-06-03 10:43:45.991835,54.506833,-165.534013,1470.0,100.18,1470.0,98.67
2017-06-03 10:43:46.491035,54.50684,-165.533998,1470.0,99.99,1470.0,98.86
2017-06-03 10:43:46.990236,54.50686,-165.53395,1470.0,99.05,1470.0,100.37
2017-06-03 10:43:47.489437,54.506867,-165.533934,1470.0,99.24,1470.0,100.55
2017-06-03 10:43:47.988638,54.506887,-165.533885,1470.0,100.18,1470.0,100.55
2017-06-03 10:43:48.487839,54.506894,-165.533869,1470.0,99.05,1470.0,100.18
2017-06-03 10:43:48.987040,54.506916,-165.533823,1470.0,98.86,1470.0,98.86
2017-06-03 10:43:49.486240,54.506923,-165.533808,1470.0,98.86,1470.0,99.99
2017-06-03 10:43:49.985441,54.506945,-165.53376,1470.0,99.8,1470.0,98.67
2017-06-03 10:43:50.484642,54.506952,-165.533744,1470.0,99.8,1470.0,98.67
2017-06-03 10:43:50.983843,54.506976,-165.533698,1470.0,98.86,1470.0,100.37
2017-06-03 10:43:51.498644,54.506984,-165.533682,1470.0,100.18,1470.0,98.86
2017-06-03 10:43:51.997847,54.507007,-165.533636,1470.0,100.55,1470.0,100.55
2017-06-03 10:43:52.497046,54.507014,-165.533622,1470.0,99.05,1470.0,100.55
2017-06-03 10:43:52.996248,54.507036,-165.533577,1470.0,100.37,1470.0,100.18
2017-06-03 10:43:53.495447,54.507044,-165.533563,1470.0,99.99,1470.0,98.86
2017-06-03 10:43:53.994650,54.507068,-165.533517,1470.0,98.86,1470.0,98.86
2017-06-03 10:43:54.493849,54.507076,-165.533501,1470.0,99.42,1470.0,98.67
2017-06-03 10:43:54.993052,54.507099,-165.533456,1470.0,98.67,1470.0,98.67
2017-06-03 10:43:55.492250,54.507107,-165.533441,1470.0,98.86,1470.0,98.67
2017-06-03 10:43:55.991451,54.507131,-165.533396,1470.0,98.86,1470.0,98.67
2017-06-03 10:43:56.490652,54.507139,-165.533381,1470.0,98.86,1470.0,98.67
2017-06-03 10:43:56.989853,54.507161,-165.533335,1470.0,99.61,1470.0,100.18
2017-06-03 10:43:57.489056,54.507169,-165.53332,1470.0,99.99,1470.0,98.67
2017-06-03 10:43:57.988255,54.507192,-165.533274,1470.0,98.86,1470.0,98.67
2017-06-03 10:43:58.487457,54.5072,-165.533259,1470.0,98.86,1470.0,98.67
2017-06-03 10:43:58.986656,54.50722,-165.533212,1470.0,98.86,1470.0,100.18
2017-06-03 10:43:59.485859,54.507227,-165.533196,1470.0,99.99,1470.0,98.86
2017-06-03 10:43:59.985058,54.507248,-165.533148,1470.0,98.86,1470.0,98.86
2017-06-03 10:44:00.484261,54.507255,-165.533133,1470.0,98.86,1470.0,99.8
2017-06-03 10:44:00.999062,54.507277,-165.533084,1470.0,98.67,1470.0,98.67
2017-06-03 10:44:01.498262,54.507284,-165.533068,1470.0,99.99,1470.0,98.48
2017-06-03 10:44:01.997463,54.507307,-165.53302,1470.0,99.24,1470.0,98.48
2017-06-03 10:44:02.496664,54.507314,-165.533005,1470.0,98.67,1470.0,99.61
2017-06-03 10:44:02.995865,54.507336,-165.532959,1470.0,98.67,1470.0,98.67
2017-06-03 10:44:03.495066,54.507344,-165.532944,1470.0,98.86,1470.0,99.99
2017-06-03 10:44:03.994267,54.507367,-165.532897,1470.0,99.99,1470.0,98.86
2017-06-03 10:44:04.493467,54.507374,-165.532881,1470.0,100.37,1470.0,98.86
2017-06-03 10:44:04.992668,54.507395,-165.532835,1470.0,98.86,1470.0,98.86
2017-06-03 10:44:05.491869,54.507402,-165.532819,1470.0,99.42,1470.0,98.67
2017-06-03 10:44:05.991070,54.507424,-165.532773,1470.0,98.67,1470.0,98.67
2017-06-03 10:44:06.490271,54.507432,-165.532758,1470.0,98.67,1470.0,99.8
2017-06-03 10:44:06.989471,54.507454,-165.532711,1470.0,99.8,1470.0,98.48
2017-06-03 10:44:07.488672,54.507462,-165.532696,1470.0,99.8,1470.0,98.48
2017-06-03 10:44:07.987873,54.507484,-165.532651,1470.0,98.67,1470.0,98.48
2017-06-03 10:44:08.487074,54.507492,-165.532636,1470.0,98.67,1470.0,98.48
2017-06-03 10:44:08.986275,54.507514,-165.532591,1470.0,98.67,1470.0,98.67
2017-06-03 10:44:09.485476,54.507522,-165.532576,1470.0,98.67,1470.0,98.67
2017-06-03 10:44:09.984676,54.507543,-165.53253,1470.0,98.67,1470.0,98.67
2017-06-03 10:44:10.483877,54.50755,-165.532514,1470.0,99.8,1470.0,98.67
2017-06-03 10:44:10.998678,54.507572,-165.532465,1470.0,98.67,1470.0,98.67
2017-06-03 10:44:11.497879,54.507579,-165.53245,1470.0,99.99,1470.0,98.48
2017-06-03 10:44:11.997082,54.507602,-165.532402,1470.0,98.48,1470.0,98.48
2017-06-03 10:44:12.496281,54.507609,-165.532386,1470.0,98.48,1470.0,99.61
2017-06-03 10:44:12.995483,54.507632,-165.53234,1470.0,98.48,1470.0,98.67
2017-06-03 10:44:13.494682,54.507639,-165.532325,1470.0,99.8,1470.0,98.48
2017-06-03 10:44:13.993885,54.507663,-165.53228,1470.0,98.67,1470.0,98.67
2017-06-03 10:44:14.493084,54.507671,-165.532265,1470.0,98.67,1470.0,98.67
2017-06-03 10:44:14.992287,54.507694,-165.532219,1470.0,98.67,1470.0,98.67
2017-06-03 10:44:15.491486,54.507702,-165.532204,1470.0,99.8,1470.0,98.48
2017-06-03 10:44:15.990688,54.507726,-165.532158,1470.0,98.48,1470.0,99.61
2017-06-03 10:44:16.489887,54.507734,-165.532143,1470.0,98.48,1470.0,98.48
2017-06-03 10:44:16.989088,54.507756,-165.532096,1470.0,100.18,1470.0,98.48
2017-06-03 10:44:17.488291,54.507764,-165.532081,1470.0,98.67,1470.0,99.61
2017-06-03 10:44:17.987490,54.507786,-165.532036,1470.0,98.67,1470.0,98.67
2017-06-03 10:44:18.486692,54.507794,-165.532021,1470.0,99.99,1470.0,99.99
2017-06-03 10:44:18.985891,54.507816,-165.531976,1470.0,98.48,1470.0,98.48
2017-06-03 10:44:19.485094,54.507824,-165.531961,1470.0,99.8,1470.0,98.3
2017-06-03 10:44:19.984293,54.507847,-165.531916,1470.0,99.42,1470.0,99.8
2017-06-03 10:44:20.499096,54.507856,-165.5319,1470.0,99.42,1470.0,98.67
2017-06-03 10:44:20.998295,54.507879,-165.531855,1470.0,99.61,1470.0,99.8
2017-06-03 10:44:21.497498,54.507886,-165.53184,1470.0,98.3,1470.0,98.3
2017-06-03 10:44:21.996696,54.507909,-165.531795,1470.0,98.48,1470.0,98.48
2017-06-03 10:44:22.495899,54.507916,-165.53178,1470.0,100.37,1470.0,98.48
2017-06-03 10:44:22.995100,54.507938,-165.531734,1470.0,98.67,1470.0,99.99
2017-06-03 10:44:23.494301,54.507945,-165.531719,1470.0,98.48,1470.0,98.48
2017-06-03 10:44:23.993502,54.50797,-165.531673,1470.0,99.8,1470.0,98.3
2017-06-03 10:44:24.492702,54.507978,-165.531658,1470.0,99.61,1470.0,98.11
2017-06-03 10:44:24.991903,54.508001,-165.531613,1470.0,98.11,1470.0,98.11
2017-06-03 10:44:25.491104,54.508009,-165.531598,1470.0,98.11,1470.0,98.11
2017-06-03 10:44:25.990305,54.508034,-165.531553,1470.0,99.61,1470.0,98.11
2017-06-03 10:44:26.489506,54.508042,-165.531538,1470.0,98.67,1470.0,98.3
2017-06-03 10:44:26.988707,54.508064,-165.531491,1470.0,98.48,1470.0,98.48
2017-06-03 10:44:27.487907,54.508072,-165.531476,1470.0,99.8,1470.0,98.48
2017-06-03 10:44:27.987108,54.508094,-165.531428,1470.0,98.48,1470.0,98.48
2017-06-03 10:44:28.486309,54.508102,-165.531413,1470.0,99.42,1470.0,99.42
2017-06-03 10:44:28.985510,54.508124,-165.531365,1470.0,99.24,1470.0,98.48
2017-06-03 10:44:29.484711,54.508132,-165.531349,1470.0,98.11,1470.0,98.11
2017-06-03 10:44:29.983912,54.508156,-165.531303,1470.0,98.11,1470.0,98.11
2017-06-03 10:44:30.498713,54.508164,-165.531286,1470.0,98.11,1470.0,98.11
2017-06-03 10:44:30.997913,54.508185,-165.53124,1470.0,99.24,1470.0,98.11
2017-06-03 10:44:31.497114,54.508193,-165.531225,1470.0,99.61,1470.0,99.61
2017-06-03 10:44:31.996317,54.508215,-165.531177,1470.0,99.61,1470.0,98.11
2017-06-03 10:44:32.495516,54.508222,-165.531161,1470.0,98.11,1470.0,98.11
2017-06-03 10:44:32.994719,54.508243,-165.531116,1470.0,98.11,1470.0,99.61
2017-06-03 10:44:33.493917,54.50825,-165.531101,1470.0,97.92,1470.0,97.92
2017-06-03 10:44:33.993120,54.508273,-165.531054,1470.0,97.92,1470.0,98.86
2017-06-03 10:44:34.492319,54.508281,-165.531038,1470.0,99.05,1470.0,99.42
2017-06-03 10:44:34.991522,54.508302,-165.530993,1470.0,98.86,1470.0,99.42
2017-06-03 10:44:35.490721,54.508308,-165.530978,1470.0,97.92,1470.0,97.92
2017-06-03 10:44:35.989923,54.50833,-165.53093,1470.0,97.92,1470.0,99.05
2017-06-03 10:44:36.489122,54.508337,-165.530914,1470.0,97.92,1470.0,97.92
2017-06-03 10:44:36.988325,54.508358,-165.530865,1470.0,97.92,1470.0,98.86
2017-06-03 10:44:37.487526,54.508365,-165.530849,1470.0,97.92,1470.0,97.73
2017-06-03 10:44:37.986725,54.508388,-165.530802,1470.0,98.86,1470.0,98.86
2017-06-03 10:44:38.485928,54.508395,-165.530786,1470.0,97.54,1470.0,98.86
2017-06-03 10:44:38.985126,54.508418,-165.530738,1470.0,98.11,1470.0,99.05
2017-06-03 10:44:39.484329,54.508425,-165.530723,1470.0,99.05,1470.0,99.05
2017-06-03 10:44:39.999128,54.508447,-165.530672,1470.0,97.73,1470.0,97.73
2017-06-03 10:44:40.498331,54.508454,-165.530656,1470.0,99.24,1470.0,99.42
2017-06-03 10:44:40.997530,54.508475,-165.530608,1470.0,97.92,1470.0,97.92
2017-06-03 10:44:41.496733,54.508482,-165.530593,1470.0,99.42,1470.0,99.42
2017-06-03 10:44:41.995932,54.508504,-165.530542,1470.0,99.05,1470.0,97.73
2017-06-03 10:44:42.495134,54.508511,-165.530526,1470.0,97.73,1470.0,97.73
2017-06-03 10:44:42.994335,54.508532,-165.530478,1470.0,97.73,1470.0,99.05
2017-06-03 10:44:43.493536,54.508539,-165.530463,1470.0,97.73,1470.0,97.73
2017-06-03 10:44:43.992737,54.508561,-165.530415,1470.0,97.73,1470.0,98.86
2017-06-03 10:44:44.491938,54.508569,-165.530399,1470.0,98.86,1470.0,97.73
2017-06-03 10:44:44.991138,54.508591,-165.530352,1470.0,98.86,1470.0,97.54
2017-06-03 10:44:45.490339,54.508599,-165.530336,1470.0,97.54,1470.0,98.67
2017-06-03 10:44:45.989540,54.508621,-165.530288,1470.0,97.54,1470.0,98.48
2017-06-03 10:44:46.488741,54.508628,-165.530273,1470.0,97.54,1470.0,97.54
2017-06-03 10:44:46.987942,54.508648,-165.530224,1470.0,98.86,1470.0,98.86
2017-06-03 10:44:47.487143,54.508655,-165.530208,1470.0,97.73,1470.0,98.67
2017-06-03 10:44:47.986343,54.508675,-165.53016,1470.0,97.73,1470.0,97.73
2017-06-03 10:44:48.485544,54.508682,-165.530144,1470.0,99.24,1470.0,98.86
2017-06-03 10:44:48.984745,54.508703,-165.530095,1470.0,98.67,1470.0,98.48
2017-06-03 10:44:49.483946,54.50871,-165.530079,1470.0,97.54,1470.0,97.54
2017-06-03 10:44:49.998747,54.508732,-165.530029,1470.0,97.54,1470.0,97.73
2017-06-03 10:44:50.497948,54.508739,-165.530013,1470.0,97.54,1470.0,97.36
2017-06-03 10:44:50.997149,54.50876,-165.529966,1470.0,97.54,1470.0,98.86
2017-06-03 10:44:51.496349,54.508767,-165.529951,1470.0,97.54,1470.0,97.73
2017-06-03 10:44:51.995550,54.508789,-165.529901,1470.0,97.54,1470.0,97.54
2017-06-03 10:44:52.494751,54.508796,-165.529885,1470.0,97.54,1470.0,98.67
2017-06-03 10:44:52.993954,54.508817,-165.529837,1470.0,97.54,1470.0,97.36
2017-06-03 10:44:53.493153,54.508824,-165.529821,1470.0,97.54,1470.0,97.36
2017-06-03 10:44:53.992355,54.508846,-165.529773,1470.0,97.54,1470.0,98.86
2017-06-03 10:44:54.491554,54.508854,-165.529758,1470.0,98.67,1470.0,97.36
2017-06-03 10:44:54.990757,54.508876,-165.529709,1470.0,98.67,1470.0,97.73
2017-06-03 10:44:55.489956,54.508884,-165.529693,1470.0,97.54,1470.0,97.54
2017-06-03 10:44:55.989159,54.508906,-165.529644,1470.0,97.73,1470.0,97.73
2017-06-03 10:44:56.488358,54.508913,-165.529628,1470.0,98.67,1470.0,97.73
2017-06-03 10:44:56.987560,54.508933,-165.529579,1470.0,99.24,1470.0,97.92
2017-06-03 10:44:57.486761,54.50894,-165.529563,1470.0,97.92,1470.0,97.73
2017-06-03 10:44:57.985962,54.508964,-165.529515,1470.0,97.73,1470.0,97.73
2017-06-03 10:44:58.485163,54.508972,-165.5295,1470.0,97.54,1470.0,97.54
2017-06-03 10:44:58.984364,54.508996,-165.529454,1470.0,97.54,1470.0,97.36
2017-06-03 10:44:59.499165,54.509004,-165.529438,1470.0,97.36,1470.0,98.86
2017-06-03 10:44:59.998363,54.509028,-165.529393,1470.0,97.36,1470.0,98.48
2017-06-03 10:45:00.497566,54.509036,-165.529378,1470.0,97.36,1470.0,98.67
2017-06-03 10:45:00.996765,54.509058,-165.529336,1470.0,98.67,1470.0,97.36
2017-06-03 10:45:01.495968,54.509065,-165.529321,1470.0,97.54,1470.0,97.92
2017-06-03 10:45:01.995167,54.509088,-165.529274,1470.0,98.86,1470.0,98.67
2017-06-03 10:45:02.494370,54.509096,-165.529258,1470.0,97.36,1470.0,97.36
2017-06-03 10:45:02.993570,54.509118,-165.529213,1470.0,98.48,1470.0,97.17
2017-06-03 10:45:03.492771,54.509125,-165.529198,1470.0,97.17,1470.0,97.17
2017-06-03 10:45:03.991972,54.509148,-165.52915,1470.0,97.36,1470.0,97.17
2017-06-03 10:45:04.491173,54.509156,-165.529135,1470.0,97.36,1470.0,97.54
2017-06-03 10:45:04.990374,54.509178,-165.529089,1470.0,98.67,1470.0,98.3
2017-06-03 10:45:05.489574,54.509185,-165.529074,1470.0,99.05,1470.0,97.73
2017-06-03 10:45:05.988775,54.509206,-165.529027,1470.0,97.73,1470.0,97.73
2017-06-03 10:45:06.487976,54.509214,-165.529011,1470.0,97.73,1470.0,99.42
2017-06-03 10:45:06.987177,54.509237,-165.528962,1470.0,98.48,1470.0,97.54
2017-06-03 10:45:07.486378,54.509245,-165.528946,1470.0,97.54,1470.0,97.54
2017-06-03 10:45:07.985579,54.509268,-165.528898,1470.0,97.54,1470.0,97.54
2017-06-03 10:45:08.484779,54.509275,-165.528883,1470.0,98.86,1470.0,97.54
2017-06-03 10:45:08.983980,54.509299,-165.528838,1470.0,97.54,1470.0,97.54
2017-06-03 10:45:09.498781,54.509308,-165.528822,1470.0,97.54,1470.0,97.54
2017-06-03 10:45:09.997982,54.509332,-165.528776,1470.0,97.36,1470.0,97.36
2017-06-03 10:45:10.497183,54.509339,-165.528762,1470.0,98.48,1470.0,97.17
2017-06-03 10:45:10.996384,54.509363,-165.528717,1470.0,97.17,1470.0,97.17
2017-06-03 10:45:11.495584,54.50937,-165.528703,1470.0,97.17,1470.0,97.17
2017-06-03 10:45:11.994785,54.509393,-165.528657,1470.0,97.36,1470.0,97.36
2017-06-03 10:45:12.493986,54.509401,-165.528641,1470.0,97.36,1470.0,97.36
2017-06-03 10:45:12.993187,54.509422,-165.528595,1470.0,97.54,1470.0,97.36
2017-06-03 10:45:13.492388,54.509428,-165.528579,1470.0,97.54,1470.0,97.54
2017-06-03 10:45:13.991590,54.50945,-165.52853,1470.0,97.73,1470.0,97.54
2017-06-03 10:45:14.490789,54.509457,-165.528514,1470.0,97.73,1470.0,97.73
2017-06-03 10:45:14.989992,54.509477,-165.528465,1470.0,97.73,1470.0,97.73
2017-06-03 10:45:15.489191,54.509484,-165.528449,1470.0,97.73,1470.0,99.24
2017-06-03 10:45:15.988394,54.509506,-165.528402,1470.0,97.73,1470.0,99.05
2017-06-03 10:45:16.487593,54.509514,-165.528386,1470.0,97.73,1470.0,97.54
2017-06-03 10:45:16.986795,54.509537,-165.52834,1470.0,97.54,1470.0,97.54
2017-06-03 10:45:17.485994,54.509545,-165.528325,1470.0,98.67,1470.0,98.67
2017-06-03 10:45:17.985197,54.509568,-165.528279,1470.0,98.86,1470.0,97.36
2017-06-03 10:45:18.484398,54.509575,-165.528264,1470.0,97.54,1470.0,97.36
2017-06-03 10:45:18.999197,54.5096,-165.528217,1470.0,97.36,1470.0,98.67
2017-06-03 10:45:19.498400,54.509608,-165.528201,1470.0,97.36,1470.0,97.17
2017-06-03 10:45:19.997599,54.50963,-165.528155,1470.0,98.48,1470.0,98.48
2017-06-03 10:45:20.496801,54.509637,-165.52814,1470.0,97.36,1470.0,97.17
2017-06-03 10:45:20.996000,54.509658,-165.528092,1470.0,98.3,1470.0,97.17
2017-06-03 10:45:21.495203,54.509665,-165.528076,1470.0,98.48,1470.0,97.17
2017-06-03 10:45:21.994402,54.509686,-165.528027,1470.0,97.36,1470.0,97.17
2017-06-03 10:45:22.493605,54.509692,-165.528011,1470.0,97.36,1470.0,97.36
2017-06-03 10:45:22.992805,54.509713,-165.527963,1470.0,97.36,1470.0,97.36
2017-06-03 10:45:23.492006,54.50972,-165.527948,1470.0,97.54,1470.0,97.54
2017-06-03 10:45:23.991207,54.509743,-165.527899,1470.0,97.54,1470.0,98.67
2017-06-03 10:45:24.490408,54.50975,-165.527883,1470.0,97.54,1470.0,97.54
2017-06-03 10:45:24.989609,54.509773,-165.527835,1470.0,97.54,1470.0,99.24
2017-06-03 10:45:25.488810,54.50978,-165.527819,1470.0,97.54,1470.0,98.86
2017-06-03 10:45:25.988010,54.509803,-165.527773,1470.0,98.86,1470.0,97.36
2017-06-03 10:45:26.487211,54.50981,-165.527758,1470.0,97.36,1470.0,98.48
2017-06-03 10:45:26.986412,54.509834,-165.527714,1470.0,98.67,1470.0,97.17
2017-06-03 10:45:27.485613,54.509842,-165.5277,1470.0,97.17,1470.0,98.48
2017-06-03 10:45:27.984814,54.509866,-165.527654,1470.0,97.17,1470.0,98.86
2017-06-03 10:45:28.484015,54.509873,-165.527639,1470.0,96.98,1470.0,96.98
2017-06-03 10:45:28.998816,54.509895,-165.527592,1470.0,96.98,1470.0,98.48
2017-06-03 10:45:29.498016,54.509902,-165.527576,1470.0,96.98,1470.0,96.98
2017-06-03 10:45:29.997217,54.509922,-165.527529,1470.0,97.17,1470.0,96.98
2017-06-03 10:45:30.496418,54.509929,-165.527513,1470.0,98.67,1470.0,98.67
2017-06-03 10:45:30.995619,54.509949,-165.527465,1470.0,97.17,1470.0,97.17
2017-06-03 10:45:31.494820,54.509955,-165.527449,1470.0,99.24,1470.0,97.36
2017-06-03 10:45:31.994020,54.509974,-165.527398,1470.0,97.54,1470.0,99.05
2017-06-03 10:45:32.493221,54.509981,-165.527381,1470.0,99.24,1470.0,98.48
2017-06-03 10:45:32.992422,54.510002,-165.527335,1470.0,97.17,1470.0,97.17
2017-06-03 10:45:33.491623,54.510009,-165.527319,1470.0,97.17,1470.0,98.3
2017-06-03 10:45:33.990826,54.510031,-165.527272,1470.0,98.48,1470.0,96.98
2017-06-03 10:45:34.490025,54.510039,-165.527256,1470.0,98.67,1470.0,96.98
2017-06-03 10:45:34.989227,54.510062,-165.52721,1470.0,98.48,1470.0,96.98
2017-06-03 10:45:35.488426,54.51007,-165.527194,1470.0,98.48,1470.0,98.48
2017-06-03 10:45:35.987629,54.510093,-165.527148,1470.0,97.17,1470.0,98.11
2017-06-03 10:45:36.486828,54.5101,-165.527133,1470.0,97.17,1470.0,98.3
2017-06-03 10:45:36.986031,54.510123,-165.527085,1470.0,98.48,1470.0,98.48
2017-06-03 10:45:37.485229,54.51013,-165.527069,1470.0,98.48,1470.0,96.98
2017-06-03 10:45:37.984432,54.51015,-165.527022,1470.0,96.98,1470.0,96.98
2017-06-03 10:45:38.499231,54.510157,-165.527005,1470.0,96.98,1470.0,98.3
2017-06-03 10:45:38.998432,54.510178,-165.526958,1470.0,96.98,1470.0,96.79
2017-06-03 10:45:39.497635,54.510185,-165.526943,1470.0,97.92,1470.0,96.79
2017-06-03 10:45:39.996834,54.510206,-165.526894,1470.0,96.98,1470.0,96.79
2017-06-03 10:45:40.496037,54.510212,-165.526878,1470.0,97.54,1470.0,96.79
2017-06-03 10:45:40.995235,54.510234,-165.52683,1470.0,96.79,1470.0,96.79
2017-06-03 10:45:41.494438,54.510241,-165.526814,1470.0,96.79,1470.0,96.79
2017-06-03 10:45:41.993637,54.510261,-165.526765,1470.0,96.98,1470.0,96.79
2017-06-03 10:45:42.492840,54.510267,-165.52675,1470.0,97.73,1470.0,96.79
2017-06-03 10:45:42.992039,54.510288,-165.526704,1470.0,98.3,1470.0,96.79
2017-06-03 10:45:43.491241,54.510295,-165.526689,1470.0,98.48,1470.0,96.79
2017-06-03 10:45:43.990442,54.510318,-165.526643,1470.0,98.3,1470.0,98.11
2017-06-03 10:45:44.489643,54.510325,-165.526628,1470.0,96.79,1470.0,96.6
2017-06-03 10:45:44.988844,54.510348,-165.52658,1470.0,97.92,1470.0,97.73
2017-06-03 10:45:45.488045,54.510355,-165.526564,1470.0,96.79,1470.0,96.79
2017-06-03 10:45:45.987246,54.510376,-165.526518,1470.0,97.92,1470.0,96.79
2017-06-03 10:45:46.486446,54.510383,-165.526503,1470.0,97.73,1470.0,97.73
2017-06-03 10:45:46.985647,54.510405,-165.526455,1470.0,97.92,1470.0,96.79
2017-06-03 10:45:47.484848,54.510412,-165.526439,1470.0,96.79,1470.0,96.79
2017-06-03 10:45:47.984049,54.510434,-165.526392,1470.0,96.79,1470.0,98.3
2017-06-03 10:45:48.498850,54.510443,-165.526375,1470.0,96.79,1470.0,98.11
2017-06-03 10:45:48.998051,54.510465,-165.526328,1470.0,96.79,1470.0,96.79
2017-06-03 10:45:49.497252,54.510472,-165.526313,1470.0,97.92,1470.0,96.79
2017-06-03 10:45:49.996452,54.510495,-165.526264,1470.0,96.98,1470.0,96.98
2017-06-03 10:45:50.495653,54.510502,-165.526248,1470.0,98.48,1470.0,96.98
2017-06-03 10:45:50.994854,54.510523,-165.526201,1470.0,98.3,1470.0,96.98
2017-06-03 10:45:51.494055,54.51053,-165.526186,1470.0,96.98,1470.0,96.98
2017-06-03 10:45:51.993256,54.510555,-165.52614,1470.0,97.92,1470.0,96.79
2017-06-03 10:45:52.492456,54.510563,-165.526125,1470.0,96.6,1470.0,96.6
2017-06-03 10:45:52.991657,54.510586,-165.526082,1470.0,96.41,1470.0,96.41
2017-06-03 10:45:53.490858,54.510594,-165.526068,1470.0,97.54,1470.0,97.54
2017-06-03 10:45:53.990061,54.510617,-165.526024,1470.0,96.41,1470.0,96.6
2017-06-03 10:45:54.489260,54.510625,-165.526009,1470.0,96.41,1470.0,96.41
2017-06-03 10:45:54.988462,54.510648,-165.525963,1470.0,96.6,1470.0,96.6
2017-06-03 10:45:55.487661,54.510655,-165.525948,1470.0,96.79,1470.0,97.73
2017-06-03 10:45:55.986864,54.510676,-165.5259,1470.0,96.98,1470.0,96.79
2017-06-03 10:45:56.486063,54.510683,-165.525884,1470.0,96.98,1470.0,98.11
2017-06-03 10:45:56.985266,54.510705,-165.525835,1470.0,96.98,1470.0,96.98
2017-06-03 10:45:57.484465,54.510712,-165.525819,1470.0,96.98,1470.0,96.98
2017-06-03 10:45:57.999266,54.510734,-165.52577,1470.0,96.98,1470.0,96.98
2017-06-03 10:45:58.498466,54.510741,-165.525755,1470.0,97.17,1470.0,96.98
2017-06-03 10:45:58.997667,54.510764,-165.525708,1470.0,96.98,1470.0,96.98
2017-06-03 10:45:59.496870,54.510772,-165.525693,1470.0,98.48,1470.0,96.98
2017-06-03 10:45:59.996069,54.510798,-165.525647,1470.0,96.98,1470.0,98.3
2017-06-03 10:46:00.495272,54.510806,-165.525631,1470.0,98.3,1470.0,96.79
2017-06-03 10:46:00.994471,54.510829,-165.525586,1470.0,97.92,1470.0,98.3
2017-06-03 10:46:01.493673,54.510837,-165.525571,1470.0,96.6,1470.0,97.92
2017-06-03 10:46:01.992872,54.510863,-165.525525,1470.0,96.6,1470.0,96.6
2017-06-03 10:46:02.492075,54.510871,-165.52551,1470.0,96.6,1470.0,97.92
2017-06-03 10:46:02.991274,54.510893,-165.525466,1470.0,96.6,1470.0,97.73
2017-06-03 10:46:03.490477,54.5109,-165.525451,1470.0,96.6,1470.0,97.54
2017-06-03 10:46:03.989676,54.510923,-165.525405,1470.0,96.6,1470.0,97.54
2017-06-03 10:46:04.488878,54.51093,-165.525389,1470.0,96.6,1470.0,96.6
2017-06-03 10:46:04.988079,54.510951,-165.525343,1470.0,96.6,1470.0,97.36
2017-06-03 10:46:05.487280,54.510958,-165.525328,1470.0,97.92,1470.0,96.6
2017-06-03 10:46:05.986481,54.51098,-165.52528,1470.0,96.6,1470.0,96.6
2017-06-03 10:46:06.485682,54.510987,-165.525264,1470.0,96.79,1470.0,98.11
2017-06-03 10:46:06.984882,54.511008,-165.525217,1470.0,96.98,1470.0,96.79
2017-06-03 10:46:07.484083,54.511015,-165.525201,1470.0,96.98,1470.0,96.98
2017-06-03 10:46:07.998884,54.51104,-165.525152,1470.0,96.98,1470.0,98.3
2017-06-03 10:46:08.498085,54.511048,-165.525136,1470.0,96.98,1470.0,96.79
2017-06-03 10:46:08.997286,54.51107,-165.52509,1470.0,96.98,1470.0,96.79
2017-06-03 10:46:09.496487,54.511077,-165.525074,1470.0,97.92,1470.0,96.79
2017-06-03 10:46:09.995687,54.511103,-165.525028,1470.0,98.3,1470.0,96.79
2017-06-03 10:46:10.494888,54.511111,-165.525013,1470.0,98.3,1470.0,96.79
2017-06-03 10:46:10.994089,54.511136,-165.524968,1470.0,96.79,1470.0,97.54
2017-06-03 10:46:11.493290,54.511144,-165.524953,1470.0,98.11,1470.0,96.6
2017-06-03 10:46:11.992491,54.511166,-165.524908,1470.0,96.6,1470.0,97.92
2017-06-03 10:46:12.491692,54.511174,-165.524893,1470.0,96.6,1470.0,97.92
2017-06-03 10:46:12.990892,54.511196,-165.524845,1470.0,97.73,1470.0,96.6
2017-06-03 10:46:13.490093,54.511204,-165.524829,1470.0,96.79,1470.0,96.6
2017-06-03 10:46:13.989294,54.511227,-165.52478,1470.0,97.92,1470.0,96.6
2017-06-03 10:46:14.488495,54.511234,-165.524765,1470.0,96.79,1470.0,98.11
2017-06-03 10:46:14.987698,54.511254,-165.524717,1470.0,96.79,1470.0,98.3
2017-06-03 10:46:15.486897,54.51126,-165.524701,1470.0,96.79,1470.0,96.79
2017-06-03 10:46:15.986099,54.511281,-165.524652,1470.0,96.79,1470.0,96.79
2017-06-03 10:46:16.485298,54.511289,-165.524636,1470.0,96.79,1470.0,96.79
2017-06-03 10:46:16.984501,54.511311,-165.524588,1470.0,96.79,1470.0,96.79
2017-06-03 10:46:17.499300,54.511319,-165.524571,1470.0,96.79,1470.0,97.36
2017-06-03 10:46:17.998503,54.51134,-165.524524,1470.0,98.48,1470.0,96.79
2017-06-03 10:46:18.497702,54.511348,-165.524508,1470.0,97.92,1470.0,97.92
2017-06-03 10:46:18.996902,54.511371,-165.524463,1470.0,97.73,1470.0,96.79
2017-06-03 10:46:19.496105,54.511379,-165.524448,1470.0,96.79,1470.0,96.79
2017-06-03 10:46:19.995304,54.511402,-165.5244,1470.0,97.92,1470.0,96.6
2017-06-03 10:46:20.494507,54.511409,-165.524385,1470.0,97.92,1470.0,97.36
2017-06-03 10:46:20.993706,54.511433,-165.524341,1470.0,96.41,1470.0,96.41
2017-06-03 10:46:21.492908,54.51144,-165.524326,1470.0,96.41,1470.0,96.41
2017-06-03 10:46:21.992107,54.511463,-165.52428,1470.0,96.41,1470.0,96.41
2017-06-03 10:46:22.491310,54.51147,-165.524264,1470.0,97.73,1470.0,96.41
2017-06-03 10:46:22.990509,54.51149,-165.524215,1470.0,96.6,1470.0,98.11
2017-06-03 10:46:23.489712,54.511497,-165.524199,1470.0,97.92,1470.0,96.6
2017-06-03 10:46:23.988911,54.511518,-165.524149,1470.0,96.79,1470.0,98.11
2017-06-03 10:46:24.488113,54.511525,-165.524133,1470.0,98.48,1470.0,97.92
2017-06-03 10:46:24.987314,54.511545,-165.524084,1470.0,97.73,1470.0,96.79
2017-06-03 10:46:25.486515,54.511552,-165.524068,1470.0,96.79,1470.0,97.73
2017-06-03 10:46:25.985716,54.511574,-165.524019,1470.0,96.79,1470.0,96.79
2017-06-03 10:46:26.484917,54.511582,-165.524003,1470.0,98.11,1470.0,96.79
2017-06-03 10:46:26.984118,54.511603,-165.523956,1470.0,98.3,1470.0,96.79
2017-06-03 10:46:27.498919,54.51161,-165.523939,1470.0,98.11,1470.0,96.6
2017-06-03 10:46:27.998119,54.511635,-165.523892,1470.0,97.92,1470.0,97.54
2017-06-03 10:46:28.497320,54.511643,-165.523876,1470.0,96.6,1470.0,96.41
2017-06-03 10:46:28.996521,54.511666,-165.523831,1470.0,96.41,1470.0,96.41
2017-06-03 10:46:29.495722,54.511674,-165.523816,1470.0,96.41,1470.0,96.41
2017-06-03 10:46:29.994923,54.511698,-165.523767,1470.0,97.73,1470.0,96.41
2017-06-03 10:46:30.494123,54.511706,-165.523751,1470.0,96.6,1470.0,97.36
2017-06-03 10:46:30.993324,54.511727,-165.523706,1470.0,97.92,1470.0,96.6
2017-06-03 10:46:31.492525,54.511733,-165.523691,1470.0,97.73,1470.0,97.92
2017-06-03 10:46:31.991726,54.511755,-165.523642,1470.0,96.41,1470.0,96.41
2017-06-03 10:46:32.490927,54.511762,-165.523626,1470.0,96.41,1470.0,97.73
2017-06-03 10:46:32.990128,54.511783,-165.523577,1470.0,96.41,1470.0,96.41
2017-06-03 10:46:33.489328,54.51179,-165.523561,1470.0,96.6,1470.0,96.41
2017-06-03 10:46:33.988529,54.511811,-165.523513,1470.0,96.6,1470.0,96.6
2017-06-03 10:46:34.487730,54.511818,-165.523498,1470.0,96.79,1470.0,96.6
2017-06-03 10:46:34.986931,54.51184,-165.523449,1470.0,97.54,1470.0,96.6
2017-06-03 10:46:35.486132,54.511847,-165.523433,1470.0,96.6,1470.0,96.6
2017-06-03 10:46:35.985334,54.511869,-165.523385,1470.0,97.36,1470.0,96.6
2017-06-03 10:46:36.484533,54.511877,-165.523369,1470.0,97.92,1470.0,96.6
2017-06-03 10:46:36.999336,54.511902,-165.523322,1470.0,96.6,1470.0,96.6
2017-06-03 10:46:37.498535,54.511909,-165.523306,1470.0,96.6,1470.0,96.6
2017-06-03 10:46:37.997738,54.511932,-165.52326,1470.0,96.6,1470.0,97.54
2017-06-03 10:46:38.496937,54.511939,-165.523245,1470.0,96.6,1470.0,96.6
2017-06-03 10:46:38.996140,54.511961,-165.523198,1470.0,97.73,1470.0,97.54
2017-06-03 10:46:39.495338,54.511969,-165.523183,1470.0,96.6,1470.0,96.41
2017-06-03 10:46:39.994539,54.511992,-165.523132,1470.0,97.92,1470.0,96.41
2017-06-03 10:46:40.493742,54.511999,-165.523116,1470.0,97.92,1470.0,97.92
2017-06-03 10:46:40.992941,54.51202,-165.523068,1470.0,96.6,1470.0,96.6
2017-06-03 10:46:41.492144,54.512027,-165.523053,1470.0,96.79,1470.0,96.79
2017-06-03 10:46:41.991343,54.512048,-165.523004,1470.0,96.79,1470.0,96.79
2017-06-03 10:46:42.490545,54.512055,-165.522988,1470.0,96.79,1470.0,96.6
2017-06-03 10:46:42.989744,54.512078,-165.522939,1470.0,96.6,1470.0,96.79
2017-06-03 10:46:43.488947,54.512085,-165.522923,1470.0,96.6,1470.0,96.41
2017-06-03 10:46:43.988146,54.512109,-165.522876,1470.0,96.41,1470.0,96.41
2017-06-03 10:46:44.487349,54.512117,-165.522861,1470.0,97.73,1470.0,96.41
2017-06-03 10:46:44.986549,54.512139,-165.522815,1470.0,96.6,1470.0,96.6
2017-06-03 10:46:45.485750,54.512147,-165.522799,1470.0,96.6,1470.0,96.6
2017-06-03 10:46:45.984951,54.512169,-165.522753,1470.0,97.73,1470.0,96.6
2017-06-03 10:46:46.484152,54.512177,-165.522738,1470.0,96.6,1470.0,96.6
2017-06-03 10:46:46.998953,54.5122,-165.52269,1470.0,96.6,1470.0,96.41
2017-06-03 10:46:47.498154,54.512208,-165.522675,1470.0,96.41,1470.0,96.41
2017-06-03 10:46:47.997355,54.51223,-165.522627,1470.0,97.73,1470.0,97.54
2017-06-03 10:46:48.496555,54.512238,-165.522611,1470.0,97.54,1470.0,97.36
2017-06-03 10:46:48.995756,54.51226,-165.522563,1470.0,97.73,1470.0,97.73
2017-06-03 10:46:49.494957,54.512267,-165.522547,1470.0,96.41,1470.0,97.54
2017-06-03 10:46:49.994158,54.512289,-165.522496,1470.0,96.41,1470.0,97.36
2017-06-03 10:46:50.493359,54.512296,-165.522479,1470.0,96.41,1470.0,96.41
2017-06-03 10:46:50.992559,54.512317,-165.52243,1470.0,96.41,1470.0,96.41
2017-06-03 10:46:51.491760,54.512324,-165.522414,1470.0,96.41,1470.0,96.41
2017-06-03 10:46:51.990961,54.512346,-165.522365,1470.0,97.92,1470.0,96.6
2017-06-03 10:46:52.490162,54.512354,-165.522349,1470.0,96.6,1470.0,97.54
2017-06-03 10:46:52.989363,54.512377,-165.522299,1470.0,96.6,1470.0,96.6
2017-06-03 10:46:53.488564,54.512385,-165.522283,1470.0,96.6,1470.0,96.6
2017-06-03 10:46:53.987764,54.512408,-165.522234,1470.0,96.6,1470.0,96.6
2017-06-03 10:46:54.486965,54.512415,-165.522218,1470.0,96.6,1470.0,96.6
2017-06-03 10:46:54.986166,54.512439,-165.522169,1470.0,96.6,1470.0,96.41
2017-06-03 10:46:55.485367,54.512447,-165.522153,1470.0,96.41,1470.0,96.41
2017-06-03 10:46:55.984570,54.512469,-165.522105,1470.0,97.73,1470.0,97.36
2017-06-03 10:46:56.499369,54.512477,-165.522088,1470.0,97.17,1470.0,96.23
2017-06-03 10:46:56.998571,54.512498,-165.52204,1470.0,96.23,1470.0,96.23
2017-06-03 10:46:57.497770,54.512505,-165.522024,1470.0,97.36,1470.0,96.04
2017-06-03 10:46:57.996973,54.512527,-165.521977,1470.0,96.04,1470.0,96.04
2017-06-03 10:46:58.496172,54.512534,-165.521961,1470.0,96.04,1470.0,96.04
2017-06-03 10:46:58.995375,54.512554,-165.521913,1470.0,96.04,1470.0,96.98
2017-06-03 10:46:59.494574,54.51256,-165.521898,1470.0,97.36,1470.0,97.17
2017-06-03 10:46:59.993776,54.512581,-165.52185,1470.0,97.17,1470.0,97.17
2017-06-03 10:47:00.492975,54.512588,-165.521834,1470.0,96.79,1470.0,95.85
2017-06-03 10:47:00.992176,54.51261,-165.521787,1470.0,97.36,1470.0,97.54
2017-06-03 10:47:01.491379,54.512617,-165.521771,1470.0,96.04,1470.0,96.04
2017-06-03 10:47:01.990578,54.512638,-165.521722,1470.0,96.23,1470.0,96.23
2017-06-03 10:47:02.489780,54.512645,-165.521706,1470.0,96.41,1470.0,96.41
2017-06-03 10:47:02.988979,54.512666,-165.521656,1470.0,96.6,1470.0,96.41
2017-06-03 10:47:03.488182,54.512674,-165.521639,1470.0,96.41,1470.0,96.41
2017-06-03 10:47:03.987381,54.512697,-165.521589,1470.0,96.41,1470.0,96.41
2017-06-03 10:47:04.486584,54.512705,-165.521573,1470.0,97.36,1470.0,97.36
2017-06-03 10:47:04.985783,54.512728,-165.521524,1470.0,96.23,1470.0,96.23
2017-06-03 10:47:05.484985,54.512735,-165.521508,1470.0,96.23,1470.0,96.23
2017-06-03 10:47:05.984186,54.512761,-165.521459,1470.0,96.23,1470.0,97.73
2017-06-03 10:47:06.498987,54.512769,-165.521441,1470.0,96.23,1470.0,97.17
2017-06-03 10:47:06.998188,54.512791,-165.521396,1470.0,96.23,1470.0,97.54
2017-06-03 10:47:07.497389,54.512799,-165.521381,1470.0,96.23,1470.0,96.23
2017-06-03 10:47:07.996590,54.512822,-165.521332,1470.0,96.23,1470.0,96.04
2017-06-03 10:47:08.495790,54.512829,-165.521316,1470.0,97.36,1470.0,96.04
2017-06-03 10:47:08.994991,54.51285,-165.52127,1470.0,96.04,1470.0,96.04
2017-06-03 10:47:09.494192,54.512857,-165.521254,1470.0,97.17,1470.0,95.85
2017-06-03 10:47:09.993393,54.512877,-165.521205,1470.0,96.04,1470.0,96.98
2017-06-03 10:47:10.492594,54.512883,-165.521189,1470.0,95.85,1470.0,95.85
2017-06-03 10:47:10.991795,54.512903,-165.52114,1470.0,95.85,1470.0,97.36
2017-06-03 10:47:11.490995,54.51291,-165.521124,1470.0,95.85,1470.0,95.85
2017-06-03 10:47:11.990196,54.512931,-165.521077,1470.0,95.85,1470.0,95.85
2017-06-03 10:47:12.489397,54.512938,-165.521061,1470.0,95.85,1470.0,95.85
2017-06-03 10:47:12.988598,54.51296,-165.521013,1470.0,95.85,1470.0,96.04
2017-06-03 10:47:13.487799,54.512967,-165.520998,1470.0,96.04,1470.0,95.85
2017-06-03 10:47:13.987000,54.512991,-165.520949,1470.0,96.04,1470.0,96.98
2017-06-03 10:47:14.486200,54.512999,-165.520933,1470.0,96.04,1470.0,96.04
2017-06-03 10:47:14.985401,54.513021,-165.520884,1470.0,97.36,1470.0,97.36
2017-06-03 10:47:15.484602,54.513028,-165.520868,1470.0,96.23,1470.0,96.23
2017-06-03 10:47:15.983805,54.51305,-165.520819,1470.0,97.17,1470.0,96.41
2017-06-03 10:47:16.498604,54.513058,-165.520801,1470.0,97.73,1470.0,96.23
2017-06-03 10:47:16.997807,54.51308,-165.520752,1470.0,96.23,1470.0,96.23
2017-06-03 10:47:17.497005,54.513087,-165.520736,1470.0,97.36,1470.0,96.04
2017-06-03 10:47:17.996208,54.51311,-165.520687,1470.0,97.36,1470.0,97.17
2017-06-03 10:47:18.495407,54.513118,-165.520671,1470.0,95.85,1470.0,95.85
2017-06-03 10:47:18.994610,54.51314,-165.520625,1470.0,95.85,1470.0,95.85
2017-06-03 10:47:19.493809,54.513147,-165.520609,1470.0,96.04,1470.0,95.85
2017-06-03 10:47:19.993011,54.513169,-165.520559,1470.0,96.98,1470.0,97.36
2017-06-03 10:47:20.492210,54.513176,-165.520543,1470.0,97.17,1470.0,96.04
2017-06-03 10:47:20.991413,54.513197,-165.520496,1470.0,96.04,1470.0,96.23
2017-06-03 10:47:21.490614,54.513203,-165.520481,1470.0,96.04,1470.0,96.04
2017-06-03 10:47:21.989815,54.513225,-165.520432,1470.0,97.73,1470.0,97.54
2017-06-03 10:47:22.489016,54.513232,-165.520416,1470.0,95.85,1470.0,95.85
2017-06-03 10:47:22.988214,54.513253,-165.52037,1470.0,96.04,1470.0,95.85
2017-06-03 10:47:23.487417,54.51326,-165.520354,1470.0,95.85,1470.0,95.85
2017-06-03 10:47:23.986616,54.513284,-165.520307,1470.0,95.85,1470.0,96.6
2017-06-03 10:47:24.485819,54.513292,-165.520291,1470.0,96.98,1470.0,95.85
2017-06-03 10:47:24.985018,54.513316,-165.520245,1470.0,96.04,1470.0,97.36
2017-06-03 10:47:25.484221,54.513324,-165.52023,1470.0,97.36,1470.0,96.04
2017-06-03 10:47:25.999020,54.513348,-165.520183,1470.0,96.04,1470.0,96.04
2017-06-03 10:47:26.498222,54.513356,-165.520168,1470.0,96.04,1470.0,96.04
2017-06-03 10:47:26.997423,54.513379,-165.520123,1470.0,97.17,1470.0,96.04
2017-06-03 10:47:27.496624,54.513387,-165.520108,1470.0,96.04,1470.0,95.85
2017-06-03 10:47:27.995825,54.51341,-165.520059,1470.0,96.04,1470.0,96.98
2017-06-03 10:47:28.495026,54.513418,-165.520043,1470.0,96.04,1470.0,96.04
2017-06-03 10:47:28.994226,54.51344,-165.519995,1470.0,96.04,1470.0,96.04
2017-06-03 10:47:29.493427,54.513447,-165.519979,1470.0,97.36,1470.0,96.04
2017-06-03 10:47:29.992628,54.513468,-165.51993,1470.0,97.17,1470.0,97.17
2017-06-03 10:47:30.491829,54.513475,-165.519914,1470.0,96.04,1470.0,95.85
2017-06-03 10:47:30.991030,54.513498,-165.519865,1470.0,95.85,1470.0,95.85
2017-06-03 10:47:31.490231,54.513505,-165.519849,1470.0,95.85,1470.0,95.66
2017-06-03 10:47:31.989431,54.513529,-165.519802,1470.0,96.98,1470.0,95.66
2017-06-03 10:47:32.488632,54.513537,-165.519786,1470.0,95.85,1470.0,95.85
2017-06-03 10:47:32.987833,54.513559,-165.519738,1470.0,97.17,1470.0,96.04
2017-06-03 10:47:33.487034,54.513567,-165.519723,1470.0,97.36,1470.0,96.04
2017-06-03 10:47:33.986235,54.513589,-165.519674,1470.0,96.23,1470.0,97.36
2017-06-03 10:47:34.485435,54.513597,-165.519658,1470.0,96.23,1470.0,96.23
2017-06-03 10:47:34.984636,54.513619,-165.519609,1470.0,97.17,1470.0,96.23
2017-06-03 10:47:35.483837,54.513627,-165.519593,1470.0,97.73,1470.0,97.73
2017-06-03 10:47:35.998640,54.513649,-165.519542,1470.0,96.04,1470.0,97.36
2017-06-03 10:47:36.497839,54.513656,-165.519526,1470.0,96.04,1470.0,96.04
2017-06-03 10:47:36.997042,54.513678,-165.519481,1470.0,95.85,1470.0,95.85
2017-06-03 10:47:37.496241,54.513685,-165.519466,1470.0,97.17,1470.0,95.85
2017-06-03 10:47:37.995443,54.51371,-165.519417,1470.0,95.85,1470.0,96.79
2017-06-03 10:47:38.494642,54.513717,-165.519401,1470.0,96.98,1470.0,95.66
2017-06-03 10:47:38.993845,54.513738,-165.519356,1470.0,95.85,1470.0,96.04
2017-06-03 10:47:39.493044,54.513745,-165.519341,1470.0,95.85,1470.0,95.85
2017-06-03 10:47:39.992247,54.513768,-165.519293,1470.0,97.17,1470.0,96.79
2017-06-03 10:47:40.491446,54.513775,-165.519278,1470.0,95.85,1470.0,96.6
2017-06-03 10:47:40.990648,54.513798,-165.51923,1470.0,95.85,1470.0,96.04
2017-06-03 10:47:41.489849,54.513805,-165.519214,1470.0,96.04,1470.0,95.85
2017-06-03 10:47:41.989050,54.513828,-165.519167,1470.0,95.85,1470.0,95.85
2017-06-03 10:47:42.488251,54.513835,-165.519151,1470.0,95.85,1470.0,95.85
2017-06-03 10:47:42.987452,54.513859,-165.519103,1470.0,95.85,1470.0,95.85
2017-06-03 10:47:43.486652,54.513867,-165.519088,1470.0,95.85,1470.0,95.85
2017-06-03 10:47:43.985851,54.513891,-165.51904,1470.0,97.17,1470.0,95.85
2017-06-03 10:47:44.485054,54.513899,-165.519025,1470.0,97.36,1470.0,95.85
2017-06-03 10:47:44.984253,54.513922,-165.518979,1470.0,96.04,1470.0,96.98
2017-06-03 10:47:45.499056,54.51393,-165.518963,1470.0,96.98,1470.0,97.36
2017-06-03 10:47:45.998255,54.513955,-165.518915,1470.0,97.36,1470.0,97.17
2017-06-03 10:47:46.497458,54.513963,-165.5189,1470.0,96.04,1470.0,95.85
2017-06-03 10:47:46.996658,54.513986,-165.518853,1470.0,97.17,1470.0,95.85
2017-06-03 10:47:47.495859,54.513994,-165.518838,1470.0,95.85,1470.0,95.85
2017-06-03 10:47:47.995060,54.514018,-165.518789,1470.0,95.85,1470.0,95.85
2017-06-03 10:47:48.494261,54.514026,-165.518773,1470.0,97.17,1470.0,95.66
2017-06-03 10:47:48.993462,54.514049,-165.518728,1470.0,96.79,1470.0,95.66
2017-06-03 10:47:49.492662,54.514057,-165.518713,1470.0,95.66,1470.0,95.66
2017-06-03 10:47:49.991863,54.514081,-165.518666,1470.0,96.79,1470.0,95.85
2017-06-03 10:47:50.491064,54.514089,-165.518651,1470.0,96.6,1470.0,96.79
2017-06-03 10:47:50.990265,54.514112,-165.518605,1470.0,96.6,1470.0,96.98
2017-06-03 10:47:51.489466,54.51412,-165.51859,1470.0,95.66,1470.0,95.66
2017-06-03 10:47:51.988667,54.514144,-165.518544,1470.0,97.36,1470.0,97.17
2017-06-03 10:47:52.487867,54.514152,-165.518529,1470.0,96.41,1470.0,97.17
2017-06-03 10:47:52.987068,54.514174,-165.518483,1470.0,96.04,1470.0,96.04
2017-06-03 10:47:53.486269,54.514182,-165.518468,1470.0,97.17,1470.0,97.17
2017-06-03 10:47:53.985470,54.514206,-165.518421,1470.0,96.79,1470.0,95.85
2017-06-03 10:47:54.484671,54.514214,-165.518406,1470.0,96.79,1470.0,97.17
2017-06-03 10:47:54.983871,54.514238,-165.518361,1470.0,95.66,1470.0,96.41
2017-06-03 10:47:55.498672,54.514247,-165.518344,1470.0,96.79,1470.0,95.66
2017-06-03 10:47:55.997873,54.514273,-165.518295,1470.0,95.47,1470.0,95.47
2017-06-03 10:47:56.497074,54.514281,-165.51828,1470.0,95.47,1470.0,95.47
2017-06-03 10:47:56.996277,54.514304,-165.518234,1470.0,95.85,1470.0,95.66
2017-06-03 10:47:57.495476,54.514312,-165.518219,1470.0,95.85,1470.0,95.85
2017-06-03 10:47:57.994678,54.514336,-165.51817,1470.0,96.04,1470.0,96.04
2017-06-03 10:47:58.493877,54.514344,-165.518154,1470.0,96.23,1470.0,96.04
2017-06-03 10:47:58.993080,54.514366,-165.518103,1470.0,96.23,1470.0,97.36
2017-06-03 10:47:59.492279,54.514374,-165.518086,1470.0,96.04,1470.0,96.04
2017-06-03 10:47:59.991482,54.514397,-165.518036,1470.0,96.04,1470.0,97.17
2017-06-03 10:48:00.490681,54.514405,-165.518019,1470.0,97.17,1470.0,95.85
2017-06-03 10:48:00.989883,54.514428,-165.517972,1470.0,95.85,1470.0,95.85
2017-06-03 10:48:01.489084,54.514435,-165.517956,1470.0,95.85,1470.0,95.66
2017-06-03 10:48:01.988285,54.514459,-165.51791,1470.0,95.66,1470.0,95.47
2017-06-03 10:48:02.487486,54.514467,-165.517894,1470.0,95.47,1470.0,95.47
2017-06-03 10:48:02.986687,54.514492,-165.517848,1470.0,95.47,1470.0,95.47
2017-06-03 10:48:03.485888,54.5145,-165.517833,1470.0,96.79,1470.0,95.29
2017-06-03 10:48:03.985088,54.514523,-165.517788,1470.0,95.47,1470.0,96.79
2017-06-03 10:48:04.484289,54.51453,-165.517773,1470.0,95.66,1470.0,95.47
2017-06-03 10:48:04.999088,54.51455,-165.517723,1470.0,96.79,1470.0,95.47
2017-06-03 10:48:05.498291,54.514557,-165.517708,1470.0,95.66,1470.0,95.66
2017-06-03 10:48:05.997490,54.514577,-165.517657,1470.0,95.66,1470.0,95.66
2017-06-03 10:48:06.496693,54.514584,-165.517641,1470.0,95.66,1470.0,95.66
2017-06-03 10:48:06.995893,54.514605,-165.517592,1470.0,95.85,1470.0,96.6
2017-06-03 10:48:07.495094,54.514612,-165.517576,1470.0,95.85,1470.0,97.17
2017-06-03 10:48:07.994295,54.514633,-165.517524,1470.0,95.85,1470.0,95.85
2017-06-03 10:48:08.493496,54.51464,-165.517507,1470.0,95.85,1470.0,95.85
2017-06-03 10:48:08.992697,54.514664,-165.517457,1470.0,96.04,1470.0,97.36
2017-06-03 10:48:09.491898,54.514672,-165.517441,1470.0,96.04,1470.0,97.17
2017-06-03 10:48:09.991098,54.514696,-165.517393,1470.0,97.54,1470.0,96.41
2017-06-03 10:48:10.490299,54.514704,-165.517378,1470.0,97.17,1470.0,95.85
2017-06-03 10:48:10.989500,54.51473,-165.51733,1470.0,95.85,1470.0,95.85
2017-06-03 10:48:11.488701,54.514739,-165.517315,1470.0,95.66,1470.0,96.98
2017-06-03 10:48:11.987902,54.514764,-165.517269,1470.0,96.98,1470.0,95.47
2017-06-03 10:48:12.487103,54.514772,-165.517254,1470.0,96.98,1470.0,95.47
2017-06-03 10:48:12.986303,54.514796,-165.517207,1470.0,95.47,1470.0,96.79
2017-06-03 10:48:13.485504,54.514804,-165.517191,1470.0,95.66,1470.0,95.47
2017-06-03 10:48:13.984705,54.514826,-165.517142,1470.0,95.66,1470.0,95.47
2017-06-03 10:48:14.483906,54.514833,-165.517126,1470.0,96.79,1470.0,96.79
2017-06-03 10:48:14.998707,54.514854,-165.517075,1470.0,96.98,1470.0,95.66
2017-06-03 10:48:15.497908,54.51486,-165.517059,1470.0,95.66,1470.0,96.98
2017-06-03 10:48:15.997108,54.514882,-165.517008,1470.0,95.66,1470.0,95.47
2017-06-03 10:48:16.496309,54.514889,-165.516991,1470.0,95.47,1470.0,95.47
2017-06-03 10:48:16.995510,54.514911,-165.516943,1470.0,95.47,1470.0,96.79
2017-06-03 10:48:17.494711,54.514918,-165.516928,1470.0,95.47,1470.0,95.47
2017-06-03 10:48:17.993914,54.51494,-165.516879,1470.0,95.66,1470.0,95.66
2017-06-03 10:48:18.493113,54.514947,-165.516863,1470.0,95.66,1470.0,95.66
2017-06-03 10:48:18.992315,54.514969,-165.516815,1470.0,95.66,1470.0,95.66
2017-06-03 10:48:19.491514,54.514977,-165.516799,1470.0,95.66,1470.0,95.66
2017-06-03 10:48:19.990717,54.515001,-165.51675,1470.0,95.66,1470.0,95.47
2017-06-03 10:48:20.489916,54.515009,-165.516734,1470.0,95.47,1470.0,95.29
2017-06-03 10:48:20.989119,54.515031,-165.516685,1470.0,95.29,1470.0,95.29
2017-06-03 10:48:21.488317,54.515039,-165.516669,1470.0,191.25,1470.0,95.29
2017-06-03 10:48:21.987520,54.515061,-165.516618,1470.0,96.41,1470.0,95.1
2017-06-03 10:48:22.486719,54.515068,-165.516601,1470.0,95.29,1470.0,95.29
2017-06-03 10:48:22.985922,54.51509,-165.516549,1470.0,95.47,1470.0,96.6
2017-06-03 10:48:23.485123,54.515097,-165.516532,1470.0,95.66,1470.0,96.79
2017-06-03 10:48:23.984324,54.515117,-165.51648,1470.0,95.85,1470.0,96.6
2017-06-03 10:48:24.499125,54.515124,-165.516461,1470.0,95.85,1470.0,95.85
2017-06-03 10:48:24.998323,54.515144,-165.516411,1470.0,95.85,1470.0,95.85
2017-06-03 10:48:25.497526,54.51515,-165.516394,1470.0,95.66,1470.0,97.36
2017-06-03 10:48:25.996725,54.515173,-165.516344,1470.0,95.47,1470.0,95.47
2017-06-03 10:48:26.495928,54.515181,-165.516328,1470.0,95.29,1470.0,95.29
2017-06-03 10:48:26.995129,54.515204,-165.516281,1470.0,96.41,1470.0,95.29
2017-06-03 10:48:27.494329,54.515212,-165.516266,1470.0,96.41,1470.0,95.29
2017-06-03 10:48:27.993530,54.515234,-165.516218,1470.0,95.47,1470.0,95.47
2017-06-03 10:48:28.492731,54.515242,-165.516203,1470.0,95.47,1470.0,96.41
2017-06-03 10:48:28.991932,54.515266,-165.516156,1470.0,95.29,1470.0,95.29
2017-06-03 10:48:29.491133,54.515274,-165.516141,1470.0,96.23,1470.0,95.1
2017-06-03 10:48:29.990334,54.515296,-165.516093,1470.0,95.1,1470.0,95.1
2017-06-03 10:48:30.489534,54.515304,-165.516078,1470.0,95.1,1470.0,95.1
2017-06-03 10:48:30.988735,54.515326,-165.51603,1470.0,95.1,1470.0,95.1
2017-06-03 10:48:31.487936,54.515333,-165.516014,1470.0,95.47,1470.0,95.29
2017-06-03 10:48:31.987137,54.515355,-165.515964,1470.0,95.29,1470.0,95.29
2017-06-03 10:48:32.486338,54.515362,-165.515948,1470.0,95.29,1470.0,95.1
2017-06-03 10:48:32.985538,54.515383,-165.515899,1470.0,95.29,1470.0,95.1
2017-06-03 10:48:33.484739,54.51539,-165.515882,1470.0,95.29,1470.0,95.1
2017-06-03 10:48:33.983940,54.515413,-165.515832,1470.0,95.29,1470.0,95.29
2017-06-03 10:48:34.498741,54.515421,-165.515815,1470.0,95.29,1470.0,96.6
2017-06-03 10:48:34.997942,54.515444,-165.515767,1470.0,96.23,1470.0,95.1
2017-06-03 10:48:35.497143,54.515452,-165.515751,1470.0,96.6,1470.0,95.1
2017-06-03 10:48:35.996344,54.515478,-165.515704,1470.0,95.1,1470.0,95.1
2017-06-03 10:48:36.495544,54.515486,-165.515688,1470.0,95.1,1470.0,95.1
2017-06-03 10:48:36.994745,54.515509,-165.515641,1470.0,95.1,1470.0,95.1
2017-06-03 10:48:37.493946,54.515517,-165.515626,1470.0,95.29,1470.0,96.23
2017-06-03 10:48:37.993149,54.515541,-165.51558,1470.0,95.1,1470.0,95.1
2017-06-03 10:48:38.492348,54.515549,-165.515564,1470.0,95.1,1470.0,95.1
2017-06-03 10:48:38.991550,54.515572,-165.515517,1470.0,95.1,1470.0,96.23
2017-06-03 10:48:39.490749,54.51558,-165.515501,1470.0,94.91,1470.0,94.91
2017-06-03 10:48:39.989952,54.515603,-165.515452,1470.0,94.91,1470.0,94.91
2017-06-03 10:48:40.489151,54.51561,-165.515436,1470.0,94.91,1470.0,94.91
2017-06-03 10:48:40.988354,54.515633,-165.515388,1470.0,94.91,1470.0,94.91
2017-06-03 10:48:41.487553,54.51564,-165.515373,1470.0,96.41,1470.0,95.1
2017-06-03 10:48:41.986755,54.515663,-165.515324,1470.0,95.1,1470.0,96.23
2017-06-03 10:48:42.485954,54.51567,-165.515308,1470.0,95.1,1470.0,95.1
2017-06-03 10:48:42.985157,54.515693,-165.51526,1470.0,95.1,1470.0,96.23
2017-06-03 10:48:43.484358,54.5157,-165.515244,1470.0,95.1,1470.0,96.41
2017-06-03 10:48:43.999157,54.515725,-165.515197,1470.0,95.1,1470.0,94.91
2017-06-03 10:48:44.498360,54.515733,-165.515181,1470.0,96.41,1470.0,94.91
2017-06-03 10:48:44.997559,54.515755,-165.515135,1470.0,95.1,1470.0,96.6
2017-06-03 10:48:45.496761,54.515762,-165.515119,1470.0,95.1,1470.0,95.1
2017-06-03 10:48:45.995960,54.515786,-165.51507,1470.0,95.1,1470.0,96.41
2017-06-03 10:48:46.495163,54.515794,-165.515055,1470.0,95.1,1470.0,95.66
2017-06-03 10:48:46.994362,54.515818,-165.515007,1470.0,96.04,1470.0,94.91
2017-06-03 10:48:47.493565,54.515825,-165.514991,1470.0,94.91,1470.0,96.23
2017-06-03 10:48:47.992764,54.515849,-165.514943,1470.0,96.04,1470.0,94.72
2017-06-03 10:48:48.491966,54.515857,-165.514928,1470.0,96.04,1470.0,96.23
2017-06-03 10:48:48.991167,54.515879,-165.514879,1470.0,94.91,1470.0,95.66
2017-06-03 10:48:49.490368,54.515887,-165.514862,1470.0,96.23,1470.0,94.72
2017-06-03 10:48:49.989569,54.515908,-165.514812,1470.0,94.91,1470.0,94.91
2017-06-03 10:48:50.488770,54.515915,-165.514796,1470.0,95.1,1470.0,94.91
2017-06-03 10:48:50.987970,54.515936,-165.514746,1470.0,95.1,1470.0,96.23
2017-06-03 10:48:51.487171,54.515944,-165.514729,1470.0,95.85,1470.0,95.1
2017-06-03 10:48:51.986372,54.515966,-165.51468,1470.0,96.79,1470.0,96.6
2017-06-03 10:48:52.485573,54.515973,-165.514664,1470.0,95.29,1470.0,95.1
2017-06-03 10:48:52.984774,54.515996,-165.514615,1470.0,96.04,1470.0,95.85
2017-06-03 10:48:53.483974,54.516003,-165.514599,1470.0,94.91,1470.0,94.91
2017-06-03 10:48:53.998775,54.516028,-165.514549,1470.0,96.04,1470.0,96.23
2017-06-03 10:48:54.497976,54.516036,-165.514533,1470.0,94.91,1470.0,94.72
2017-06-03 10:48:54.997177,54.516059,-165.514486,1470.0,96.04,1470.0,94.72
2017-06-03 10:48:55.496378,54.516067,-165.514471,1470.0,95.85,1470.0,94.72
2017-06-03 10:48:55.995579,54.516089,-165.514425,1470.0,94.91,1470.0,96.41
2017-06-03 10:48:56.494780,54.516097,-165.514409,1470.0,94.91,1470.0,96.23
2017-06-03 10:48:56.993980,54.516119,-165.514362,1470.0,96.04,1470.0,94.91
2017-06-03 10:48:57.493181,54.516127,-165.514346,1470.0,94.72,1470.0,94.72
2017-06-03 10:48:57.992384,54.516149,-165.514296,1470.0,95.85,1470.0,94.53
2017-06-03 10:48:58.491583,54.516157,-165.514279,1470.0,95.66,1470.0,94.53
2017-06-03 10:48:58.990786,54.516178,-165.51423,1470.0,94.91,1470.0,94.53
2017-06-03 10:48:59.489985,54.516185,-165.514214,1470.0,94.72,1470.0,94.72
2017-06-03 10:48:59.989187,54.516208,-165.514165,1470.0,94.91,1470.0,94.72
2017-06-03 10:49:00.488386,54.516215,-165.514149,1470.0,94.91,1470.0,94.72
2017-06-03 10:49:00.987589,54.516238,-165.5141,1470.0,94.91,1470.0,96.23
2017-06-03 10:49:01.486788,54.516245,-165.514084,1470.0,96.41,1470.0,96.04
2017-06-03 10:49:01.985991,54.516269,-165.514035,1470.0,95.85,1470.0,94.72
2017-06-03 10:49:02.485189,54.516277,-165.514019,1470.0,94.91,1470.0,94.72
2017-06-03 10:49:02.984392,54.516302,-165.513973,1470.0,94.72,1470.0,94.72
2017-06-03 10:49:03.499193,54.51631,-165.513956,1470.0,96.04,1470.0,94.72
2017-06-03 10:49:03.998392,54.516335,-165.513907,1470.0,94.72,1470.0,94.72
2017-06-03 10:49:04.497595,54.516343,-165.513891,1470.0,94.91,1470.0,94.72
2017-06-03 10:49:04.996794,54.516365,-165.513843,1470.0,96.23,1470.0,94.72
2017-06-03 10:49:05.495996,54.516372,-165.513828,1470.0,95.85,1470.0,95.1
2017-06-03 10:49:05.995195,54.516396,-165.513779,1470.0,94.72,1470.0,94.72
2017-06-03 10:49:06.494398,54.516404,-165.513763,1470.0,95.66,1470.0,94.72
2017-06-03 10:49:06.993597,54.516426,-165.513715,1470.0,95.85,1470.0,94.53
2017-06-03 10:49:07.492800,54.516434,-165.513699,1470.0,94.72,1470.0,94.53
2017-06-03 10:49:07.991999,54.516456,-165.513652,1470.0,94.53,1470.0,94.53
2017-06-03 10:49:08.491201,54.516464,-165.513636,1470.0,94.53,1470.0,94.53
2017-06-03 10:49:08.990402,54.516486,-165.513587,1470.0,94.72,1470.0,94.53
2017-06-03 10:49:09.489603,54.516494,-165.513571,1470.0,96.04,1470.0,94.53
2017-06-03 10:49:09.988804,54.516516,-165.513522,1470.0,94.72,1470.0,94.53
2017-06-03 10:49:10.488005,54.516524,-165.513506,1470.0,95.85,1470.0,94.53
2017-06-03 10:49:10.987206,54.516547,-165.513458,1470.0,95.85,1470.0,94.53
2017-06-03 10:49:11.486406,54.516555,-165.513443,1470.0,95.85,1470.0,94.53
2017-06-03 10:49:11.985607,54.516578,-165.513394,1470.0,95.85,1470.0,94.72
2017-06-03 10:49:12.484808,54.516585,-165.513378,1470.0,94.72,1470.0,94.72
2017-06-03 10:49:12.984009,54.516609,-165.51333,1470.0,94.72,1470.0,94.72
2017-06-03 10:49:13.498810,54.516617,-165.513312,1470.0,96.23,1470.0,94.72
2017-06-03 10:49:13.998011,54.51664,-165.513261,1470.0,94.72,1470.0,96.04
2017-06-03 10:49:14.497211,54.516648,-165.513244,1470.0,94.72,1470.0,95.66
2017-06-03 10:49:14.996412,54.51667,-165.513195,1470.0,94.72,1470.0,94.53
2017-06-03 10:49:15.495613,54.516677,-165.513179,1470.0,95.85,1470.0,94.53
2017-06-03 10:49:15.994814,54.516699,-165.51313,1470.0,94.53,1470.0,94.53
2017-06-03 10:49:16.494015,54.516707,-165.513114,1470.0,94.53,1470.0,94.53
2017-06-03 10:49:16.993216,54.516729,-165.513064,1470.0,95.85,1470.0,95.85
2017-06-03 10:49:17.492416,54.516737,-165.513048,1470.0,94.53,1470.0,95.85
2017-06-03 10:49:17.991617,54.516759,-165.512999,1470.0,94.72,1470.0,95.85
2017-06-03 10:49:18.490818,54.516767,-165.512982,1470.0,94.53,1470.0,94.53
2017-06-03 10:49:18.990021,54.516789,-165.512932,1470.0,94.53,1470.0,95.66
2017-06-03 10:49:19.489220,54.516797,-165.512916,1470.0,94.53,1470.0,94.53
2017-06-03 10:49:19.988422,54.516819,-165.512866,1470.0,94.53,1470.0,95.85
2017-06-03 10:49:20.487621,54.516827,-165.512849,1470.0,94.53,1470.0,95.85
2017-06-03 10:49:20.986824,54.516848,-165.512799,1470.0,94.53,1470.0,94.53
2017-06-03 10:49:21.486023,54.516855,-165.512782,1470.0,94.53,1470.0,95.47
2017-06-03 10:49:21.985226,54.516878,-165.512732,1470.0,96.04,1470.0,95.66
2017-06-03 10:49:22.484425,54.516885,-165.512716,1470.0,94.72,1470.0,94.53
2017-06-03 10:49:22.999228,54.516907,-165.512665,1470.0,94.72,1470.0,94.72
2017-06-03 10:49:23.498428,54.516914,-165.512649,1470.0,94.72,1470.0,95.1
2017-06-03 10:49:23.997627,54.516937,-165.512598,1470.0,96.23,1470.0,94.53
2017-06-03 10:49:24.496830,54.516944,-165.512581,1470.0,94.72,1470.0,94.53
2017-06-03 10:49:24.996029,54.516965,-165.512533,1470.0,94.53,1470.0,94.53
2017-06-03 10:49:25.495232,54.516972,-165.512518,1470.0,95.66,1470.0,94.53
2017-06-03 10:49:25.994431,54.516994,-165.512469,1470.0,95.66,1470.0,94.53
2017-06-03 10:49:26.493633,54.517002,-165.512453,1470.0,94.53,1470.0,94.53
2017-06-03 10:49:26.992832,54.517024,-165.512405,1470.0,94.53,1470.0,95.66
2017-06-03 10:49:27.492035,54.517032,-165.512389,1470.0,94.53,1470.0,95.66
2017-06-03 10:49:27.991234,54.517054,-165.51234,1470.0,94.34,1470.0,95.66
2017-06-03 10:49:28.490437,54.517062,-165.512324,1470.0,94.34,1470.0,95.1
2017-06-03 10:49:28.989637,54.517084,-165.512275,1470.0,95.66,1470.0,94.16
2017-06-03 10:49:29.488838,54.517092,-165.512259,1470.0,95.66,1470.0,95.29
2017-06-03 10:49:29.988039,54.517114,-165.512209,1470.0,94.34,1470.0,94.91
2017-06-03 10:49:30.487240,54.517122,-165.512192,1470.0,94.53,1470.0,95.66
2017-06-03 10:49:30.986441,54.517143,-165.512142,1470.0,96.41,1470.0,95.66
2017-06-03 10:49:31.485641,54.51715,-165.512126,1470.0,96.41,1470.0,94.72
2017-06-03 10:49:31.984842,54.517171,-165.512076,1470.0,96.41,1470.0,94.72
2017-06-03 10:49:32.484043,54.517178,-165.512059,1470.0,94.72,1470.0,95.85
2017-06-03 10:49:32.998844,54.517201,-165.512009,1470.0,94.53,1470.0,94.53
2017-06-03 10:49:33.498045,54.517209,-165.511993,1470.0,95.66,1470.0,94.34
2017-06-03 10:49:33.997246,54.517233,-165.511942,1470.0,95.66,1470.0,94.34
2017-06-03 10:49:34.496447,54.517241,-165.511926,1470.0,94.34,1470.0,95.29
2017-06-03 10:49:34.995647,54.517264,-165.51188,1470.0,94.34,1470.0,95.85
2017-06-03 10:49:35.494848,54.517272,-165.511864,1470.0,94.34,1470.0,95.85
2017-06-03 10:49:35.994049,54.517296,-165.511817,1470.0,94.34,1470.0,94.34
2017-06-03 10:49:36.493250,54.517304,-165.511801,1470.0,94.34,1470.0,94.34
2017-06-03 10:49:36.992451,54.517326,-165.511755,1470.0,94.34,1470.0,94.34
2017-06-03 10:49:37.491652,54.517334,-165.511739,1470.0,94.34,1470.0,95.66
2017-06-03 10:49:37.990852,54.517356,-165.51169,1470.0,94.34,1470.0,95.85
2017-06-03 10:49:38.490053,54.517364,-165.511674,1470.0,94.34,1470.0,95.29
2017-06-03 10:49:38.989254,54.517386,-165.511627,1470.0,94.34,1470.0,95.66
2017-06-03 10:49:39.488455,54.517394,-165.511611,1470.0,94.34,1470.0,94.34
2017-06-03 10:49:39.987658,54.517417,-165.511563,1470.0,94.34,1470.0,94.34
2017-06-03 10:49:40.486856,54.517425,-165.511548,1470.0,94.34,1470.0,94.34
2017-06-03 10:49:40.986059,54.517448,-165.5115,1470.0,94.34,1470.0,94.34
2017-06-03 10:49:41.485258,54.517455,-165.511484,1470.0,95.85,1470.0,94.34
2017-06-03 10:49:41.984461,54.517479,-165.511437,1470.0,95.66,1470.0,94.34
2017-06-03 10:49:42.499260,54.517488,-165.51142,1470.0,94.53,1470.0,94.34
2017-06-03 10:49:42.998463,54.517511,-165.511373,1470.0,94.34,1470.0,94.34
2017-06-03 10:49:43.497662,54.517519,-165.511358,1470.0,95.66,1470.0,94.16
2017-06-03 10:49:43.996864,54.517545,-165.511309,1470.0,94.16,1470.0,94.16
2017-06-03 10:49:44.496065,54.517553,-165.511293,1470.0,95.47,1470.0,95.1
2017-06-03 10:49:44.995264,54.517577,-165.511246,1470.0,94.16,1470.0,94.16
2017-06-03 10:49:45.494467,54.517585,-165.511231,1470.0,95.47,1470.0,95.66
2017-06-03 10:49:45.993666,54.517609,-165.511182,1470.0,95.66,1470.0,94.34
2017-06-03 10:49:46.492868,54.517617,-165.511166,1470.0,94.53,1470.0,96.04
2017-06-03 10:49:46.992067,54.517638,-165.511117,1470.0,94.53,1470.0,94.34
2017-06-03 10:49:47.491270,54.517645,-165.511101,1470.0,94.34,1470.0,94.34
2017-06-03 10:49:47.990469,54.517669,-165.511052,1470.0,94.16,1470.0,94.16
2017-06-03 10:49:48.489672,54.517677,-165.511036,1470.0,94.16,1470.0,95.47
2017-06-03 10:49:48.988873,54.517701,-165.510988,1470.0,95.29,1470.0,93.97
2017-06-03 10:49:49.488073,54.517709,-165.510973,1470.0,93.97,1470.0,93.97
2017-06-03 10:49:49.987274,54.517732,-165.510925,1470.0,93.97,1470.0,95.1
2017-06-03 10:49:50.486475,54.51774,-165.51091,1470.0,95.47,1470.0,95.29
2017-06-03 10:49:50.985676,54.517764,-165.510864,1470.0,93.97,1470.0,95.29
2017-06-03 10:49:51.484877,54.517771,-165.510849,1470.0,95.1,1470.0,93.97
2017-06-03 10:49:51.984077,54.517796,-165.5108,1470.0,94.16,1470.0,94.16
2017-06-03 10:49:52.498878,54.517804,-165.510783,1470.0,94.34,1470.0,94.16
2017-06-03 10:49:52.998079,54.517826,-165.510735,1470.0,94.34,1470.0,94.34
2017-06-03 10:49:53.497280,54.517834,-165.510719,1470.0,94.34,1470.0,94.34
2017-06-03 10:49:53.996481,54.517857,-165.51067,1470.0,94.34,1470.0,94.34
2017-06-03 10:49:54.495682,54.517864,-165.510655,1470.0,94.53,1470.0,94.34
2017-06-03 10:49:54.994883,54.517888,-165.510607,1470.0,94.34,1470.0,95.29
2017-06-03 10:49:55.494083,54.517895,-165.510591,1470.0,95.29,1470.0,94.16
2017-06-03 10:49:55.993284,54.517921,-165.510545,1470.0,94.16,1470.0,94.16
2017-06-03 10:49:56.492485,54.517929,-165.510529,1470.0,95.47,1470.0,95.1
2017-06-03 10:49:56.991686,54.517954,-165.510483,1470.0,93.97,1470.0,94.72
2017-06-03 10:49:57.490887,54.517962,-165.510468,1470.0,95.1,1470.0,93.78
2017-06-03 10:49:57.990088,54.517987,-165.510421,1470.0,95.1,1470.0,93.78
2017-06-03 10:49:58.489288,54.517995,-165.510406,1470.0,93.97,1470.0,94.91
2017-06-03 10:49:58.988489,54.518018,-165.510358,1470.0,93.97,1470.0,93.97
2017-06-03 10:49:59.487690,54.518025,-165.510343,1470.0,94.72,1470.0,93.97
2017-06-03 10:49:59.986893,54.518048,-165.510294,1470.0,95.47,1470.0,93.97
2017-06-03 10:50:00.486092,54.518055,-165.510278,1470.0,94.16,1470.0,93.97
2017-06-03 10:50:00.985294,54.518079,-165.510231,1470.0,93.97,1470.0,95.29
2017-06-03 10:50:01.484493,54.518086,-165.510216,1470.0,93.97,1470.0,93.97
2017-06-03 10:50:01.999296,54.518111,-165.510163,1470.0,93.97,1470.0,93.97
2017-06-03 10:50:02.498495,54.518119,-165.510146,1470.0,95.47,1470.0,93.97
2017-06-03 10:50:02.997698,54.518141,-165.510098,1470.0,94.16,1470.0,94.16
2017-06-03 10:50:03.496897,54.518149,-165.510083,1470.0,95.1,1470.0,95.47
2017-06-03 10:50:03.996099,54.518172,-165.510034,1470.0,94.34,1470.0,94.16
2017-06-03 10:50:04.495298,54.51818,-165.510018,1470.0,95.29,1470.0,94.16
2017-06-03 10:50:04.994501,54.518204,-165.50997,1470.0,94.16,1470.0,93.97
2017-06-03 10:50:05.493702,54.518212,-165.509954,1470.0,93.97,1470.0,93.78
2017-06-03 10:50:05.992903,54.518237,-165.509907,1470.0,93.78,1470.0,94.72
2017-06-03 10:50:06.492104,54.518245,-165.509891,1470.0,93.78,1470.0,93.59
2017-06-03 10:50:06.991302,54.518269,-165.509845,1470.0,93.59,1470.0,94.91
2017-06-03 10:50:07.490505,54.518277,-165.509829,1470.0,93.59,1470.0,93.59
2017-06-03 10:50:07.989704,54.518299,-165.50978,1470.0,93.78,1470.0,94.72
2017-06-03 10:50:08.488907,54.518307,-165.509764,1470.0,93.78,1470.0,93.78
2017-06-03 10:50:08.988106,54.518328,-165.509714,1470.0,93.97,1470.0,94.72
2017-06-03 10:50:09.487309,54.518335,-165.509697,1470.0,93.97,1470.0,93.97
2017-06-03 10:50:09.986509,54.518358,-165.509647,1470.0,93.97,1470.0,93.97
2017-06-03 10:50:10.485710,54.518365,-165.509631,1470.0,93.97,1470.0,93.97
2017-06-03 10:50:10.984911,54.518386,-165.509581,1470.0,93.97,1470.0,93.97
2017-06-03 10:50:11.484112,54.518393,-165.509564,1470.0,93.97,1470.0,93.97
2017-06-03 10:50:11.998913,54.518417,-165.509512,1470.0,93.97,1470.0,93.97
2017-06-03 10:50:12.498114,54.518424,-165.509496,1470.0,93.97,1470.0,94.91
2017-06-03 10:50:12.997314,54.518448,-165.509448,1470.0,95.29,1470.0,93.97
2017-06-03 10:50:13.496515,54.518455,-165.509433,1470.0,93.78,1470.0,93.78
2017-06-03 10:50:13.995716,54.518481,-165.509385,1470.0,93.59,1470.0,93.59
2017-06-03 10:50:14.494917,54.518489,-165.509369,1470.0,93.59,1470.0,94.53
2017-06-03 10:50:14.994118,54.518512,-165.50932,1470.0,93.59,1470.0,94.34
2017-06-03 10:50:15.493319,54.51852,-165.509304,1470.0,94.91,1470.0,93.59
2017-06-03 10:50:15.992519,54.518543,-165.509255,1470.0,93.78,1470.0,95.29
2017-06-03 10:50:16.491720,54.51855,-165.509239,1470.0,95.1,1470.0,93.78
2017-06-03 10:50:16.990921,54.51857,-165.509189,1470.0,95.29,1470.0,93.78
2017-06-03 10:50:17.490122,54.518577,-165.509172,1470.0,95.29,1470.0,93.78
2017-06-03 10:50:17.989323,54.518597,-165.509121,1470.0,93.78,1470.0,93.78
2017-06-03 10:50:18.488523,54.518603,-165.509104,1470.0,93.78,1470.0,95.29
2017-06-03 10:50:18.987724,54.518625,-165.509053,1470.0,93.78,1470.0,93.78
2017-06-03 10:50:19.486925,54.518632,-165.509036,1470.0,93.78,1470.0,93.78
2017-06-03 10:50:19.986128,54.518653,-165.508986,1470.0,93.78,1470.0,94.53
2017-06-03 10:50:20.485327,54.51866,-165.508969,1470.0,93.78,1470.0,93.78
2017-06-03 10:50:20.984529,54.518682,-165.508922,1470.0,93.78,1470.0,95.1
2017-06-03 10:50:21.499329,54.51869,-165.508904,1470.0,93.78,1470.0,93.59
2017-06-03 10:50:21.998531,54.518716,-165.508855,1470.0,94.91,1470.0,93.59
2017-06-03 10:50:22.497730,54.518724,-165.50884,1470.0,93.59,1470.0,94.91
2017-06-03 10:50:22.996933,54.518746,-165.508792,1470.0,94.53,1470.0,94.91
2017-06-03 10:50:23.496132,54.518754,-165.508776,1470.0,94.72,1470.0,93.59
2017-06-03 10:50:23.995335,54.518777,-165.508727,1470.0,93.78,1470.0,93.59
2017-06-03 10:50:24.494534,54.518785,-165.508711,1470.0,93.78,1470.0,93.59
2017-06-03 10:50:24.993736,54.518806,-165.508661,1470.0,94.72,1470.0,93.59
2017-06-03 10:50:25.492937,54.518813,-165.508644,1470.0,95.1,1470.0,93.78
2017-06-03 10:50:25.992138,54.518835,-165.508594,1470.0,93.78,1470.0,94.91
2017-06-03 10:50:26.491339,54.518842,-165.508577,1470.0,93.97,1470.0,93.78
2017-06-03 10:50:26.990540,54.518864,-165.508527,1470.0,93.78,1470.0,94.91
2017-06-03 10:50:27.489740,54.518872,-165.508511,1470.0,93.78,1470.0,94.91
2017-06-03 10:50:27.988939,54.518894,-165.508462,1470.0,93.59,1470.0,95.1
2017-06-03 10:50:28.488142,54.518902,-165.508446,1470.0,93.59,1470.0,93.4
2017-06-03 10:50:28.987341,54.518926,-165.508397,1470.0,93.4,1470.0,93.4
2017-06-03 10:50:29.486544,54.518934,-165.508381,1470.0,94.53,1470.0,93.4
2017-06-03 10:50:29.985743,54.518957,-165.508335,1470.0,93.4,1470.0,93.4
2017-06-03 10:50:30.484945,54.518965,-165.508319,1470.0,93.4,1470.0,95.1
2017-06-03 10:50:30.984146,54.518987,-165.508272,1470.0,93.59,1470.0,93.4
2017-06-03 10:50:31.498947,54.518995,-165.508254,1470.0,94.72,1470.0,93.4
2017-06-03 10:50:31.998148,54.519018,-165.508204,1470.0,93.4,1470.0,93.4
2017-06-03 10:50:32.497349,54.519026,-165.508188,1470.0,93.4,1470.0,94.53
2017-06-03 10:50:32.996550,54.519048,-165.508139,1470.0,93.4,1470.0,94.91
2017-06-03 10:50:33.495750,54.519055,-165.508122,1470.0,93.4,1470.0,94.72
2017-06-03 10:50:33.994951,54.519078,-165.508072,1470.0,93.4,1470.0,93.4
2017-06-03 10:50:34.494152,54.519085,-165.508056,1470.0,94.34,1470.0,93.4
2017-06-03 10:50:34.993353,54.519108,-165.508007,1470.0,93.59,1470.0,94.91
2017-06-03 10:50:35.492554,54.519115,-165.507991,1470.0,94.91,1470.0,93.59
2017-06-03 10:50:35.991755,54.519139,-165.507941,1470.0,94.91,1470.0,93.59
2017-06-03 10:50:36.490955,54.519147,-165.507924,1470.0,94.91,1470.0,93.59
2017-06-03 10:50:36.990156,54.519169,-165.507875,1470.0,94.91,1470.0,94.91
2017-06-03 10:50:37.489357,54.519177,-165.507859,1470.0,93.4,1470.0,94.72
2017-06-03 10:50:37.988558,54.519202,-165.507812,1470.0,93.4,1470.0,93.22
2017-06-03 10:50:38.487759,54.51921,-165.507796,1470.0,93.22,1470.0,94.53
2017-06-03 10:50:38.986959,54.519234,-165.507752,1470.0,94.16,1470.0,93.03
2017-06-03 10:50:39.486160,54.519241,-165.507738,1470.0,93.22,1470.0,93.97
2017-06-03 10:50:39.985361,54.519267,-165.50769,1470.0,94.34,1470.0,93.03
2017-06-03 10:50:40.484562,54.519275,-165.507674,1470.0,94.16,1470.0,93.03
2017-06-03 10:50:40.999365,54.519298,-165.507626,1470.0,94.16,1470.0,94.72
2017-06-03 10:50:41.498564,54.519305,-165.507611,1470.0,93.22,1470.0,93.22
2017-06-03 10:50:41.997766,54.519327,-165.507561,1470.0,94.53,1470.0,93.22
2017-06-03 10:50:42.496965,54.519334,-165.507545,1470.0,93.4,1470.0,93.4
2017-06-03 10:50:42.996168,54.519355,-165.507498,1470.0,93.4,1470.0,93.4
2017-06-03 10:50:43.495367,54.519362,-165.507483,1470.0,93.4,1470.0,93.59
2017-06-03 10:50:43.994570,54.519384,-165.507434,1470.0,93.59,1470.0,93.4
2017-06-03 10:50:44.493769,54.519392,-165.507418,1470.0,93.4,1470.0,93.22
2017-06-03 10:50:44.992971,54.519417,-165.507369,1470.0,93.22,1470.0,93.22
2017-06-03 10:50:45.492172,54.519425,-165.507353,1470.0,94.34,1470.0,93.22
2017-06-03 10:50:45.991373,54.519451,-165.507305,1470.0,93.22,1470.0,93.22
2017-06-03 10:50:46.490574,54.519459,-165.507289,1470.0,93.4,1470.0,93.22
2017-06-03 10:50:46.989775,54.519482,-165.507242,1470.0,93.59,1470.0,93.4
2017-06-03 10:50:47.488976,54.51949,-165.507226,1470.0,94.53,1470.0,94.34
2017-06-03 10:50:47.988176,54.519514,-165.507177,1470.0,93.59,1470.0,94.72
2017-06-03 10:50:48.487377,54.519522,-165.507161,1470.0,93.59,1470.0,93.4
2017-06-03 10:50:48.986576,54.519546,-165.507113,1470.0,93.4,1470.0,93.22
2017-06-03 10:50:49.485779,54.519554,-165.507098,1470.0,93.22,1470.0,94.34
2017-06-03 10:50:49.984978,54.519577,-165.50705,1470.0,94.16,1470.0,93.97
2017-06-03 10:50:50.484180,54.519585,-165.507034,1470.0,93.22,1470.0,94.53
2017-06-03 10:50:50.998981,54.519609,-165.506985,1470.0,93.4,1470.0,93.22
2017-06-03 10:50:51.498182,54.519617,-165.506969,1470.0,93.4,1470.0,93.4
2017-06-03 10:50:51.997383,54.519639,-165.506919,1470.0,93.4,1470.0,93.4
2017-06-03 10:50:52.496584,54.519646,-165.506903,1470.0,93.4,1470.0,93.4
2017-06-03 10:50:52.995785,54.519668,-165.506854,1470.0,93.4,1470.0,93.4
2017-06-03 10:50:53.494986,54.519675,-165.506838,1470.0,94.72,1470.0,93.22
2017-06-03 10:50:53.994186,54.519698,-165.50679,1470.0,93.22,1470.0,93.22
2017-06-03 10:50:54.493387,54.519705,-165.506774,1470.0,93.22,1470.0,93.22
2017-06-03 10:50:54.992588,54.519729,-165.506727,1470.0,93.22,1470.0,93.97
2017-06-03 10:50:55.491789,54.519737,-165.506711,1470.0,94.34,1470.0,93.03
2017-06-03 10:50:55.990990,54.519761,-165.506663,1470.0,94.34,1470.0,93.03
2017-06-03 10:50:56.490191,54.519769,-165.506648,1470.0,93.22,1470.0,94.34
2017-06-03 10:50:56.989391,54.519791,-165.506599,1470.0,93.4,1470.0,93.22
2017-06-03 10:50:57.488592,54.519799,-165.506582,1470.0,94.53,1470.0,93.22
2017-06-03 10:50:57.987793,54.519821,-165.506532,1470.0,93.4,1470.0,93.4
2017-06-03 10:50:58.486994,54.519828,-165.506516,1470.0,94.72,1470.0,93.4
2017-06-03 10:50:58.986195,54.519851,-165.506466,1470.0,94.72,1470.0,93.22
2017-06-03 10:50:59.485395,54.519858,-165.506449,1470.0,94.53,1470.0,93.22
2017-06-03 10:50:59.984596,54.51988,-165.506398,1470.0,93.4,1470.0,94.72
2017-06-03 10:51:00.483797,54.519887,-165.506381,1470.0,94.72,1470.0,93.22
2017-06-03 10:51:00.998600,54.51991,-165.50633,1470.0,93.22,1470.0,93.22
2017-06-03 10:51:01.497799,54.519917,-165.506314,1470.0,93.4,1470.0,93.22
2017-06-03 10:51:01.997002,54.519941,-165.506263,1470.0,93.22,1470.0,94.53
2017-06-03 10:51:02.496201,54.519949,-165.506246,1470.0,93.22,1470.0,93.03
2017-06-03 10:51:02.995403,54.519973,-165.5062,1470.0,94.16,1470.0,93.4
2017-06-03 10:51:03.494602,54.51998,-165.506184,1470.0,93.22,1470.0,94.72
2017-06-03 10:51:03.993805,54.520004,-165.506135,1470.0,93.22,1470.0,93.22
2017-06-03 10:51:04.493004,54.520012,-165.506119,1470.0,93.22,1470.0,94.34
2017-06-03 10:51:04.992207,54.520034,-165.50607,1470.0,93.22,1470.0,93.4
2017-06-03 10:51:05.491405,54.520042,-165.506054,1470.0,93.22,1470.0,94.53
2017-06-03 10:51:05.990608,54.520064,-165.506005,1470.0,93.22,1470.0,93.22
2017-06-03 10:51:06.489809,54.520072,-165.505989,1470.0,94.91,1470.0,93.22
2017-06-03 10:51:06.989010,54.520094,-165.50594,1470.0,93.4,1470.0,93.4
2017-06-03 10:51:07.488211,54.520102,-165.505924,1470.0,93.4,1470.0,94.72
2017-06-03 10:51:07.987411,54.520123,-165.505875,1470.0,93.4,1470.0,94.34
2017-06-03 10:51:08.486612,54.52013,-165.505859,1470.0,93.22,1470.0,93.22
2017-06-03 10:51:08.985813,54.520154,-165.505813,1470.0,93.03,1470.0,93.97
2017-06-03 10:51:09.485014,54.520161,-165.505797,1470.0,92.84,1470.0,93.97
2017-06-03 10:51:09.984213,54.520186,-165.505747,1470.0,93.97,1470.0,92.65
2017-06-03 10:51:10.499016,54.520194,-165.50573,1470.0,93.78,1470.0,92.65
2017-06-03 10:51:10.998217,54.520218,-165.505684,1470.0,92.84,1470.0,93.97
2017-06-03 10:51:11.497417,54.520225,-165.505669,1470.0,93.03,1470.0,93.03
2017-06-03 10:51:11.996618,54.520248,-165.50562,1470.0,94.16,1470.0,94.72
2017-06-03 10:51:12.495819,54.520255,-165.505604,1470.0,93.4,1470.0,93.22
2017-06-03 10:51:12.995020,54.520278,-165.505553,1470.0,93.4,1470.0,95.1
2017-06-03 10:51:13.494221,54.520285,-165.505536,1470.0,93.4,1470.0,94.53
2017-06-03 10:51:13.993422,54.520309,-165.505486,1470.0,93.4,1470.0,93.22
2017-06-03 10:51:14.492622,54.520317,-165.505469,1470.0,93.22,1470.0,93.22
2017-06-03 10:51:14.991823,54.520341,-165.50542,1470.0,93.22,1470.0,93.22
2017-06-03 10:51:15.491024,54.520349,-165.505404,1470.0,93.22,1470.0,93.22
2017-06-03 10:51:15.990225,54.520374,-165.505355,1470.0,93.22,1470.0,94.72
2017-06-03 10:51:16.489426,54.520382,-165.505339,1470.0,93.22,1470.0,93.4
2017-06-03 10:51:16.988626,54.520407,-165.505293,1470.0,93.22,1470.0,93.4
2017-06-03 10:51:17.487827,54.520415,-165.505278,1470.0,93.03,1470.0,93.03
2017-06-03 10:51:17.987028,54.520439,-165.505231,1470.0,93.03,1470.0,92.84
2017-06-03 10:51:18.486229,54.520447,-165.505216,1470.0,92.84,1470.0,92.65
2017-06-03 10:51:18.985430,54.520472,-165.505171,1470.0,92.65,1470.0,92.65
2017-06-03 10:51:19.484631,54.52048,-165.505156,1470.0,92.65,1470.0,93.97
2017-06-03 10:51:19.983831,54.520503,-165.505107,1470.0,92.65,1470.0,94.16
2017-06-03 10:51:20.498632,54.520511,-165.50509,1470.0,93.97,1470.0,92.65
2017-06-03 10:51:20.997833,54.520532,-165.505042,1470.0,92.84,1470.0,94.16
2017-06-03 10:51:21.497034,54.520538,-165.505026,1470.0,93.03,1470.0,93.03
2017-06-03 10:51:21.996237,54.52056,-165.504974,1470.0,93.03,1470.0,94.53
2017-06-03 10:51:22.495436,54.520568,-165.504958,1470.0,94.34,1470.0,92.84
2017-06-03 10:51:22.994638,54.52059,-165.504909,1470.0,92.84,1470.0,92.84
2017-06-03 10:51:23.493837,54.520597,-165.504893,1470.0,92.84,1470.0,92.84
2017-06-03 10:51:23.993040,54.520621,-165.504844,1470.0,92.84,1470.0,92.84
2017-06-03 10:51:24.492239,54.520629,-165.504828,1470.0,92.84,1470.0,93.78
2017-06-03 10:51:24.991442,54.520654,-165.50478,1470.0,93.03,1470.0,94.34
2017-06-03 10:51:25.490641,54.520662,-165.504764,1470.0,93.03,1470.0,93.03
2017-06-03 10:51:25.989843,54.520687,-165.504715,1470.0,93.22,1470.0,93.03
2017-06-03 10:51:26.489042,54.520695,-165.504699,1470.0,94.16,1470.0,93.03
2017-06-03 10:51:26.988245,54.520721,-165.50465,1470.0,94.16,1470.0,93.03
2017-06-03 10:51:27.487446,54.520729,-165.504634,1470.0,94.16,1470.0,94.34
2017-06-03 10:51:27.986647,54.520752,-165.504587,1470.0,92.84,1470.0,93.78
2017-06-03 10:51:28.485847,54.52076,-165.504571,1470.0,92.84,1470.0,92.65
2017-06-03 10:51:28.985048,54.520784,-165.504523,1470.0,93.97,1470.0,93.78
2017-06-03 10:51:29.484249,54.520791,-165.504507,1470.0,92.65,1470.0,92.65
2017-06-03 10:51:29.999048,54.520814,-165.504456,1470.0,92.65,1470.0,93.78
2017-06-03 10:51:30.498251,54.520821,-165.504439,1470.0,94.16,1470.0,92.65
2017-06-03 10:51:30.997450,54.520843,-165.50439,1470.0,94.16,1470.0,94.34
2017-06-03 10:51:31.496653,54.52085,-165.504374,1470.0,94.34,1470.0,94.53
2017-06-03 10:51:31.995853,54.520871,-165.504325,1470.0,94.34,1470.0,92.65
2017-06-03 10:51:32.495054,54.520879,-165.504309,1470.0,93.78,1470.0,92.84
2017-06-03 10:51:32.994255,54.520902,-165.504262,1470.0,94.16,1470.0,92.65
2017-06-03 10:51:33.493456,54.52091,-165.504246,1470.0,92.65,1470.0,94.16
2017-06-03 10:51:33.992657,54.520933,-165.504198,1470.0,93.97,1470.0,93.59
2017-06-03 10:51:34.491858,54.52094,-165.504183,1470.0,92.65,1470.0,93.97
2017-06-03 10:51:34.991058,54.520964,-165.504135,1470.0,93.97,1470.0,92.65
2017-06-03 10:51:35.490259,54.520972,-165.504119,1470.0,93.97,1470.0,92.65
2017-06-03 10:51:35.989460,54.520996,-165.50407,1470.0,94.16,1470.0,93.97
2017-06-03 10:51:36.488663,54.521004,-165.504054,1470.0,93.97,1470.0,92.65
2017-06-03 10:51:36.987862,54.521027,-165.504004,1470.0,93.97,1470.0,92.65
2017-06-03 10:51:37.487062,54.521035,-165.503987,1470.0,92.84,1470.0,93.78
2017-06-03 10:51:37.986263,54.521058,-165.503937,1470.0,93.03,1470.0,94.53
2017-06-03 10:51:38.485464,54.521065,-165.503921,1470.0,93.03,1470.0,92.84
2017-06-03 10:51:38.984665,54.521087,-165.503872,1470.0,93.22,1470.0,94.16
2017-06-03 10:51:39.483866,54.521095,-165.503856,1470.0,93.22,1470.0,94.16
2017-06-03 10:51:39.998667,54.52112,-165.503803,1470.0,93.03,1470.0,92.84
2017-06-03 10:51:40.497868,54.521128,-165.503786,1470.0,93.03,1470.0,92.84
2017-06-03 10:51:40.997068,54.52115,-165.503738,1470.0,92.84,1470.0,93.22
2017-06-03 10:51:41.496269,54.521157,-165.503723,1470.0,92.84,1470.0,92.65
2017-06-03 10:51:41.995472,54.521181,-165.503675,1470.0,92.84,1470.0,93.4
2017-06-03 10:51:42.494671,54.521189,-165.503659,1470.0,92.84,1470.0,92.65
2017-06-03 10:51:42.993874,54.521212,-165.50361,1470.0,92.84,1470.0,93.03
2017-06-03 10:51:43.493073,54.52122,-165.503594,1470.0,92.84,1470.0,92.84
2017-06-03 10:51:43.992275,54.521243,-165.503548,1470.0,93.03,1470.0,92.84
2017-06-03 10:51:44.491474,54.52125,-165.503533,1470.0,93.03,1470.0,92.84
2017-06-03 10:51:44.990677,54.521273,-165.503484,1470.0,93.03,1470.0,92.84
2017-06-03 10:51:45.489876,54.52128,-165.503468,1470.0,92.84,1470.0,92.84
2017-06-03 10:51:45.989079,54.521304,-165.50342,1470.0,92.84,1470.0,93.97
2017-06-03 10:51:46.488277,54.521312,-165.503404,1470.0,92.84,1470.0,94.16
2017-06-03 10:51:46.987480,54.521336,-165.503357,1470.0,92.84,1470.0,92.84
2017-06-03 10:51:47.486681,54.521344,-165.503341,1470.0,92.84,1470.0,92.84
2017-06-03 10:51:47.985882,54.521367,-165.503293,1470.0,92.84,1470.0,93.78
2017-06-03 10:51:48.485083,54.521375,-165.503278,1470.0,94.16,1470.0,93.78
2017-06-03 10:51:48.984283,54.521397,-165.50323,1470.0,93.97,1470.0,92.65
2017-06-03 10:51:49.499084,54.521405,-165.503212,1470.0,94.16,1470.0,94.16
2017-06-03 10:51:49.998283,54.52143,-165.503161,1470.0,94.16,1470.0,92.84
2017-06-03 10:51:50.497486,54.521438,-165.503145,1470.0,92.84,1470.0,92.84
2017-06-03 10:51:50.996685,54.521461,-165.503097,1470.0,93.03,1470.0,94.34
2017-06-03 10:51:51.495888,54.521469,-165.503081,1470.0,93.97,1470.0,93.4
2017-06-03 10:51:51.995087,54.521492,-165.503032,1470.0,94.16,1470.0,92.84
2017-06-03 10:51:52.494289,54.5215,-165.503016,1470.0,93.03,1470.0,93.4
2017-06-03 10:51:52.993490,54.521524,-165.502966,1470.0,92.65,1470.0,92.65
2017-06-03 10:51:53.492691,54.521532,-165.502949,1470.0,93.78,1470.0,92.65
2017-06-03 10:51:53.991892,54.521556,-165.502902,1470.0,92.46,1470.0,93.59
2017-06-03 10:51:54.491093,54.521564,-165.502886,1470.0,92.65,1470.0,92.46
2017-06-03 10:51:54.990294,54.521587,-165.502838,1470.0,93.78,1470.0,93.03
2017-06-03 10:51:55.489494,54.521595,-165.502823,1470.0,92.65,1470.0,92.84
2017-06-03 10:51:55.988695,54.521619,-165.502775,1470.0,92.65,1470.0,92.65
2017-06-03 10:51:56.487896,54.521627,-165.502759,1470.0,93.97,1470.0,93.78
2017-06-03 10:51:56.987097,54.52165,-165.502713,1470.0,92.46,1470.0,92.46
2017-06-03 10:51:57.486300,54.521658,-165.502697,1470.0,93.59,1470.0,92.46
2017-06-03 10:51:57.985498,54.521681,-165.502647,1470.0,92.27,1470.0,92.27
2017-06-03 10:51:58.484701,54.521689,-165.502631,1470.0,92.27,1470.0,92.27
2017-06-03 10:51:58.983900,54.521712,-165.502583,1470.0,92.27,1470.0,92.27
2017-06-03 10:51:59.498701,54.52172,-165.502566,1470.0,92.27,1470.0,93.78
2017-06-03 10:51:59.997902,54.521743,-165.502518,1470.0,92.27,1470.0,92.27
2017-06-03 10:52:00.497103,54.52175,-165.502503,1470.0,92.27,1470.0,92.27
2017-06-03 10:52:00.996304,54.521776,-165.502455,1470.0,92.27,1470.0,92.27
2017-06-03 10:52:01.495504,54.521784,-165.502439,1470.0,93.22,1470.0,92.27
2017-06-03 10:52:01.994707,54.521807,-165.50239,1470.0,92.27,1470.0,92.27
2017-06-03 10:52:02.493906,54.521815,-165.502374,1470.0,92.46,1470.0,92.27
2017-06-03 10:52:02.993109,54.521836,-165.502324,1470.0,93.97,1470.0,93.78
2017-06-03 10:52:03.492308,54.521844,-165.502307,1470.0,92.46,1470.0,93.59
2017-06-03 10:52:03.991510,54.521866,-165.502256,1470.0,92.46,1470.0,93.78
2017-06-03 10:52:04.490709,54.521874,-165.502239,1470.0,92.46,1470.0,92.27
2017-06-03 10:52:04.989912,54.521896,-165.502189,1470.0,92.27,1470.0,92.27
2017-06-03 10:52:05.489111,54.521904,-165.502172,1470.0,92.27,1470.0,92.27
2017-06-03 10:52:05.988314,54.521927,-165.502122,1470.0,92.27,1470.0,92.27
2017-06-03 10:52:06.487513,54.521935,-165.502106,1470.0,93.78,1470.0,92.27
2017-06-03 10:52:06.986715,54.521957,-165.502058,1470.0,93.59,1470.0,92.27
2017-06-03 10:52:07.485916,54.521965,-165.502042,1470.0,92.46,1470.0,92.27
2017-06-03 10:52:07.985117,54.521989,-165.501992,1470.0,92.46,1470.0,92.27
2017-06-03 10:52:08.484318,54.521997,-165.501976,1470.0,93.59,1470.0,92.27
2017-06-03 10:52:08.999117,54.522021,-165.501927,1470.0,92.27,1470.0,92.27
2017-06-03 10:52:09.498320,54.522029,-165.501911,1470.0,93.22,1470.0,92.09
2017-06-03 10:52:09.997519,54.522052,-165.501861,1470.0,92.09,1470.0,92.09
2017-06-03 10:52:10.496721,54.522059,-165.501845,1470.0,92.09,1470.0,92.84
2017-06-03 10:52:10.995920,54.522081,-165.501797,1470.0,92.09,1470.0,93.22
2017-06-03 10:52:11.495123,54.522089,-165.501781,1470.0,92.09,1470.0,92.09
2017-06-03 10:52:11.994322,54.522111,-165.501732,1470.0,92.27,1470.0,93.59
2017-06-03 10:52:12.493525,54.522119,-165.501716,1470.0,92.27,1470.0,92.27
2017-06-03 10:52:12.992725,54.522141,-165.501667,1470.0,92.27,1470.0,92.27
2017-06-03 10:52:13.491926,54.522149,-165.501651,1470.0,92.27,1470.0,93.22
2017-06-03 10:52:13.991127,54.522171,-165.501601,1470.0,92.27,1470.0,92.09
2017-06-03 10:52:14.490328,54.522179,-165.501584,1470.0,92.09,1470.0,92.09
2017-06-03 10:52:14.989529,54.522202,-165.501535,1470.0,92.09,1470.0,92.09
2017-06-03 10:52:15.488729,54.52221,-165.501519,1470.0,92.09,1470.0,93.03
2017-06-03 10:52:15.987930,54.522234,-165.501472,1470.0,92.27,1470.0,92.09
2017-06-03 10:52:16.487131,54.522242,-165.501456,1470.0,92.27,1470.0,93.4
2017-06-03 10:52:16.986332,54.522265,-165.501408,1470.0,92.27,1470.0,93.22
2017-06-03 10:52:17.485533,54.522273,-165.501392,1470.0,92.46,1470.0,92.27
2017-06-03 10:52:17.984734,54.522297,-165.501341,1470.0,93.78,1470.0,92.27
2017-06-03 10:52:18.483936,54.522305,-165.501324,1470.0,93.59,1470.0,92.27
2017-06-03 10:52:18.998735,54.522328,-165.501275,1470.0,92.46,1470.0,92.27
2017-06-03 10:52:19.497936,54.522335,-165.501259,1470.0,93.59,1470.0,92.27
2017-06-03 10:52:19.997137,54.522359,-165.50121,1470.0,92.27,1470.0,93.4
2017-06-03 10:52:20.496338,54.522367,-165.501194,1470.0,92.09,1470.0,92.09
2017-06-03 10:52:20.995539,54.522391,-165.501145,1470.0,92.09,1470.0,93.22
2017-06-03 10:52:21.494740,54.522399,-165.501129,1470.0,92.09,1470.0,93.4
2017-06-03 10:52:21.993940,54.522422,-165.501082,1470.0,92.09,1470.0,92.09
2017-06-03 10:52:22.493141,54.52243,-165.501066,1470.0,93.22,1470.0,92.09
2017-06-03 10:52:22.992344,54.522456,-165.50102,1470.0,93.4,1470.0,93.4
2017-06-03 10:52:23.491543,54.522464,-165.501004,1470.0,92.27,1470.0,93.03
2017-06-03 10:52:23.990746,54.522487,-165.500955,1470.0,92.27,1470.0,93.22
2017-06-03 10:52:24.489944,54.522495,-165.500939,1470.0,92.27,1470.0,93.78
2017-06-03 10:52:24.989147,54.522519,-165.50089,1470.0,92.27,1470.0,93.22
2017-06-03 10:52:25.488346,54.522527,-165.500874,1470.0,92.27,1470.0,93.59
2017-06-03 10:52:25.987549,54.522551,-165.500827,1470.0,92.27,1470.0,92.27
2017-06-03 10:52:26.486748,54.522559,-165.500811,1470.0,92.46,1470.0,92.27
2017-06-03 10:52:26.985950,54.522582,-165.500763,1470.0,92.46,1470.0,92.27
2017-06-03 10:52:27.485151,54.52259,-165.500747,1470.0,92.46,1470.0,92.27
2017-06-03 10:52:27.984352,54.522614,-165.500697,1470.0,92.46,1470.0,92.27
2017-06-03 10:52:28.499153,54.522623,-165.50068,1470.0,93.59,1470.0,92.27
2017-06-03 10:52:28.998354,54.522647,-165.500633,1470.0,92.27,1470.0,92.27
2017-06-03 10:52:29.497555,54.522655,-165.500618,1470.0,93.78,1470.0,93.4
2017-06-03 10:52:29.996754,54.522678,-165.500569,1470.0,93.78,1470.0,92.46
2017-06-03 10:52:30.495956,54.522685,-165.500552,1470.0,92.84,1470.0,93.97
2017-06-03 10:52:30.995155,54.522709,-165.500502,1470.0,93.78,1470.0,92.65
2017-06-03 10:52:31.494358,54.522717,-165.500486,1470.0,92.84,1470.0,92.65
2017-06-03 10:52:31.993557,54.522739,-165.500434,1470.0,92.65,1470.0,92.65
2017-06-03 10:52:32.492760,54.522747,-165.500418,1470.0,93.97,1470.0,92.46
2017-06-03 10:52:32.991961,54.522771,-165.500369,1470.0,92.46,1470.0,92.46
2017-06-03 10:52:33.491161,54.522779,-165.500353,1470.0,93.59,1470.0,92.27
2017-06-03 10:52:33.990362,54.522802,-165.500305,1470.0,93.59,1470.0,92.27
2017-06-03 10:52:34.489563,54.52281,-165.500289,1470.0,92.46,1470.0,92.27
2017-06-03 10:52:34.988764,54.522834,-165.50024,1470.0,92.46,1470.0,93.59
2017-06-03 10:52:35.487965,54.522842,-165.500224,1470.0,92.46,1470.0,93.78
2017-06-03 10:52:35.987165,54.522864,-165.500177,1470.0,92.46,1470.0,92.46
2017-06-03 10:52:36.486366,54.522872,-165.500161,1470.0,92.46,1470.0,93.59
2017-06-03 10:52:36.985567,54.522894,-165.500113,1470.0,93.78,1470.0,92.27
2017-06-03 10:52:37.484768,54.522901,-165.500097,1470.0,92.27,1470.0,93.4
2017-06-03 10:52:37.983969,54.522926,-165.500046,1470.0,93.78,1470.0,93.4
2017-06-03 10:52:38.498770,54.522934,-165.500028,1470.0,92.27,1470.0,93.4
2017-06-03 10:52:38.997971,54.522956,-165.49998,1470.0,93.4,1470.0,92.27
2017-06-03 10:52:39.497171,54.522964,-165.499964,1470.0,92.46,1470.0,93.59
2017-06-03 10:52:39.996372,54.522986,-165.499915,1470.0,92.65,1470.0,92.46
2017-06-03 10:52:40.495573,54.522994,-165.499899,1470.0,92.65,1470.0,92.65
2017-06-03 10:52:40.994774,54.523016,-165.499848,1470.0,92.65,1470.0,92.65
2017-06-03 10:52:41.493975,54.523024,-165.499831,1470.0,93.59,1470.0,92.46
2017-06-03 10:52:41.993176,54.523047,-165.499781,1470.0,92.46,1470.0,92.84
2017-06-03 10:52:42.492376,54.523055,-165.499764,1470.0,92.46,1470.0,92.27
2017-06-03 10:52:42.991577,54.523078,-165.499714,1470.0,92.46,1470.0,92.27
2017-06-03 10:52:43.490778,54.523085,-165.499697,1470.0,92.46,1470.0,92.27
2017-06-03 10:52:43.989981,54.523109,-165.499647,1470.0,93.78,1470.0,93.78
2017-06-03 10:52:44.489180,54.523117,-165.499631,1470.0,92.46,1470.0,93.22
2017-06-03 10:52:44.988382,54.523138,-165.499582,1470.0,92.46,1470.0,93.59
2017-06-03 10:52:45.487581,54.523145,-165.499566,1470.0,93.59,1470.0,93.59
2017-06-03 10:52:45.986784,54.523168,-165.499514,1470.0,93.78,1470.0,93.59
2017-06-03 10:52:46.485983,54.523175,-165.499498,1470.0,92.27,1470.0,92.27
2017-06-03 10:52:46.985186,54.523196,-165.49945,1470.0,92.27,1470.0,93.4
2017-06-03 10:52:47.484385,54.523203,-165.499434,1470.0,93.4,1470.0,92.27
2017-06-03 10:52:47.999187,54.523227,-165.499381,1470.0,93.22,1470.0,92.27
2017-06-03 10:52:48.498388,54.523234,-165.499365,1470.0,92.46,1470.0,92.27
2017-06-03 10:52:48.997589,54.523255,-165.499317,1470.0,92.46,1470.0,92.46
2017-06-03 10:52:49.496790,54.523262,-165.499301,1470.0,93.4,1470.0,92.27
2017-06-03 10:52:49.995991,54.523286,-165.499249,1470.0,92.27,1470.0,92.27
2017-06-03 10:52:50.495192,54.523294,-165.499233,1470.0,92.46,1470.0,92.27
2017-06-03 10:52:50.994390,54.523316,-165.499185,1470.0,92.46,1470.0,92.27
2017-06-03 10:52:51.493593,54.523324,-165.499169,1470.0,92.46,1470.0,93.4
2017-06-03 10:52:51.992792,54.523346,-165.49912,1470.0,92.65,1470.0,93.22
2017-06-03 10:52:52.491995,54.523354,-165.499104,1470.0,92.46,1470.0,93.97
2017-06-03 10:52:52.991196,54.523377,-165.499055,1470.0,93.59,1470.0,92.27
2017-06-03 10:52:53.490396,54.523385,-165.499039,1470.0,92.27,1470.0,93.22
2017-06-03 10:52:53.989597,54.523411,-165.49899,1470.0,93.4,1470.0,93.4
2017-06-03 10:52:54.488798,54.523419,-165.498974,1470.0,92.27,1470.0,93.4
2017-06-03 10:52:54.987999,54.523442,-165.498927,1470.0,92.27,1470.0,93.4
2017-06-03 10:52:55.487200,54.52345,-165.498911,1470.0,92.46,1470.0,93.59
2017-06-03 10:52:55.986401,54.523473,-165.498858,1470.0,93.78,1470.0,92.46
2017-06-03 10:52:56.485601,54.52348,-165.498841,1470.0,92.65,1470.0,93.59
2017-06-03 10:52:56.984802,54.523502,-165.498792,1470.0,92.65,1470.0,93.22
2017-06-03 10:52:57.484003,54.52351,-165.498776,1470.0,92.65,1470.0,92.46
2017-06-03 10:52:57.998804,54.523533,-165.498723,1470.0,92.46,1470.0,92.46
2017-06-03 10:52:58.498005,54.523541,-165.498706,1470.0,92.46,1470.0,92.27
2017-06-03 10:52:58.997206,54.523564,-165.498658,1470.0,92.27,1470.0,92.27
2017-06-03 10:52:59.496407,54.523572,-165.498643,1470.0,92.27,1470.0,92.09
2017-06-03 10:52:59.995607,54.523597,-165.498596,1470.0,92.27,1470.0,92.09
2017-06-03 10:53:00.494808,54.523605,-165.498581,1470.0,92.27,1470.0,92.09
2017-06-03 10:53:00.994009,54.523629,-165.498533,1470.0,92.27,1470.0,93.78
2017-06-03 10:53:01.493210,54.523637,-165.498518,1470.0,92.46,1470.0,92.27
2017-06-03 10:53:01.992411,54.523659,-165.498469,1470.0,92.46,1470.0,93.4
2017-06-03 10:53:02.491611,54.523667,-165.498453,1470.0,92.46,1470.0,92.46
2017-06-03 10:53:02.990812,54.523689,-165.498404,1470.0,92.65,1470.0,92.46
2017-06-03 10:53:03.490013,54.523697,-165.498387,1470.0,92.46,1470.0,94.16
2017-06-03 10:53:03.989216,54.523719,-165.498336,1470.0,92.46,1470.0,92.46
2017-06-03 10:53:04.488415,54.523727,-165.498319,1470.0,92.46,1470.0,93.78
2017-06-03 10:53:04.987617,54.52375,-165.49827,1470.0,92.46,1470.0,92.27
2017-06-03 10:53:05.486816,54.523758,-165.498254,1470.0,92.46,1470.0,92.46
2017-06-03 10:53:05.986019,54.523784,-165.498204,1470.0,92.46,1470.0,92.46
2017-06-03 10:53:06.485218,54.523792,-165.498188,1470.0,93.59,1470.0,93.4
2017-06-03 10:53:06.984421,54.523815,-165.49814,1470.0,92.65,1470.0,93.59
2017-06-03 10:53:07.499220,54.523824,-165.498123,1470.0,92.65,1470.0,92.65
2017-06-03 10:53:07.998423,54.52385,-165.498074,1470.0,92.84,1470.0,92.84
2017-06-03 10:53:08.497622,54.523858,-165.498058,1470.0,92.84,1470.0,92.84
2017-06-03 10:53:08.996824,54.523881,-165.49801,1470.0,92.84,1470.0,92.84
2017-06-03 10:53:09.496025,54.523889,-165.497994,1470.0,92.65,1470.0,92.65
2017-06-03 10:53:09.995226,54.523912,-165.497947,1470.0,92.65,1470.0,93.4
2017-06-03 10:53:10.494427,54.52392,-165.497931,1470.0,92.65,1470.0,92.46
2017-06-03 10:53:10.993628,54.523943,-165.497882,1470.0,93.78,1470.0,92.46
2017-06-03 10:53:11.492828,54.52395,-165.497866,1470.0,92.65,1470.0,92.46
2017-06-03 10:53:11.992027,54.523973,-165.497818,1470.0,93.59,1470.0,92.46
2017-06-03 10:53:12.491230,54.52398,-165.497803,1470.0,93.4,1470.0,92.27
2017-06-03 10:53:12.990429,54.524004,-165.497755,1470.0,92.27,1470.0,92.46
2017-06-03 10:53:13.489632,54.524012,-165.497739,1470.0,92.27,1470.0,92.09
2017-06-03 10:53:13.988831,54.524036,-165.49769,1470.0,92.27,1470.0,92.27
2017-06-03 10:53:14.488033,54.524044,-165.497674,1470.0,92.46,1470.0,92.27
2017-06-03 10:53:14.987234,54.524067,-165.497628,1470.0,92.65,1470.0,92.65
2017-06-03 10:53:15.486435,54.524075,-165.497612,1470.0,93.97,1470.0,92.84
2017-06-03 10:53:15.985636,54.524098,-165.497561,1470.0,93.03,1470.0,93.03
2017-06-03 10:53:16.484837,54.524105,-165.497544,1470.0,93.22,1470.0,94.34
2017-06-03 10:53:16.984037,54.524129,-165.497495,1470.0,94.72,1470.0,94.53
2017-06-03 10:53:17.498838,54.524137,-165.497477,1470.0,93.22,1470.0,93.03
2017-06-03 10:53:17.998039,54.524161,-165.497427,1470.0,93.03,1470.0,93.03
2017-06-03 10:53:18.497240,54.524169,-165.497411,1470.0,93.03,1470.0,94.16
2017-06-03 10:53:18.996441,54.524194,-165.497363,1470.0,94.16,1470.0,92.84
2017-06-03 10:53:19.495642,54.524202,-165.497348,1470.0,94.34,1470.0,92.84
2017-06-03 10:53:19.994843,54.524226,-165.4973,1470.0,93.03,1470.0,92.84
2017-06-03 10:53:20.494043,54.524234,-165.497284,1470.0,92.84,1470.0,92.84
2017-06-03 10:53:20.993244,54.524257,-165.497238,1470.0,94.16,1470.0,92.65
2017-06-03 10:53:21.492445,54.524265,-165.497223,1470.0,93.59,1470.0,92.46
2017-06-03 10:53:21.991646,54.524288,-165.497175,1470.0,93.59,1470.0,92.27
2017-06-03 10:53:22.490847,54.524295,-165.497159,1470.0,92.27,1470.0,93.03
2017-06-03 10:53:22.990047,54.524318,-165.49711,1470.0,93.22,1470.0,92.27
2017-06-03 10:53:23.489248,54.524325,-165.497094,1470.0,92.46,1470.0,92.27
2017-06-03 10:53:23.988451,54.524345,-165.497043,1470.0,93.03,1470.0,92.46
2017-06-03 10:53:24.487650,54.524352,-165.497026,1470.0,92.84,1470.0,92.65
2017-06-03 10:53:24.986853,54.524371,-165.496976,1470.0,93.03,1470.0,92.84
2017-06-03 10:53:25.486052,54.524378,-165.496959,1470.0,93.22,1470.0,93.03
2017-06-03 10:53:25.985254,54.5244,-165.496905,1470.0,93.22,1470.0,94.91
2017-06-03 10:53:26.484453,54.524407,-165.496887,1470.0,93.03,1470.0,93.03
2017-06-03 10:53:26.999256,54.524431,-165.496836,1470.0,93.22,1470.0,93.03
2017-06-03 10:53:27.498455,54.524439,-165.496819,1470.0,93.03,1470.0,92.84
2017-06-03 10:53:27.997658,54.524463,-165.496768,1470.0,93.03,1470.0,92.84
2017-06-03 10:53:28.496857,54.524471,-165.496751,1470.0,94.16,1470.0,92.84
2017-06-03 10:53:28.996059,54.524496,-165.496703,1470.0,94.16,1470.0,92.84
2017-06-03 10:53:29.495260,54.524504,-165.496688,1470.0,94.34,1470.0,92.84
2017-06-03 10:53:29.994461,54.524527,-165.496639,1470.0,93.97,1470.0,92.84
2017-06-03 10:53:30.493662,54.524535,-165.496622,1470.0,94.16,1470.0,94.34
2017-06-03 10:53:30.992863,54.524556,-165.496572,1470.0,92.84,1470.0,93.97
2017-06-03 10:53:31.492064,54.524563,-165.496556,1470.0,92.84,1470.0,94.16
2017-06-03 10:53:31.991264,54.524585,-165.496504,1470.0,92.84,1470.0,92.84
2017-06-03 10:53:32.490465,54.524592,-165.496487,1470.0,93.03,1470.0,93.22
2017-06-03 10:53:32.989664,54.524612,-165.496437,1470.0,94.34,1470.0,94.16
2017-06-03 10:53:33.488867,54.524618,-165.496421,1470.0,93.03,1470.0,93.03
2017-06-03 10:53:33.988066,54.524637,-165.496369,1470.0,93.03,1470.0,94.16
2017-06-03 10:53:34.487268,54.524643,-165.496353,1470.0,94.34,1470.0,94.34
2017-06-03 10:53:34.986469,54.524666,-165.496304,1470.0,93.03,1470.0,94.53
2017-06-03 10:53:35.485670,54.524673,-165.496287,1470.0,93.22,1470.0,93.03
2017-06-03 10:53:35.984871,54.524696,-165.496237,1470.0,93.03,1470.0,93.03
2017-06-03 10:53:36.484072,54.524703,-165.496221,1470.0,93.22,1470.0,93.03
2017-06-03 10:53:36.998873,54.524726,-165.496172,1470.0,93.22,1470.0,93.22
2017-06-03 10:53:37.498074,54.524734,-165.496156,1470.0,93.59,1470.0,94.34
2017-06-03 10:53:37.997274,54.524756,-165.496106,1470.0,94.91,1470.0,94.72
2017-06-03 10:53:38.496475,54.524763,-165.496089,1470.0,93.59,1470.0,93.59
2017-06-03 10:53:38.995676,54.524785,-165.496039,1470.0,93.59,1470.0,95.1
2017-06-03 10:53:39.494877,54.524792,-165.496022,1470.0,93.59,1470.0,94.72
2017-06-03 10:53:39.994078,54.524814,-165.495972,1470.0,93.59,1470.0,94.72
2017-06-03 10:53:40.493279,54.524822,-165.495956,1470.0,94.91,1470.0,93.4
2017-06-03 10:53:40.992479,54.524844,-165.495906,1470.0,94.72,1470.0,93.4
2017-06-03 10:53:41.491680,54.524852,-165.495889,1470.0,93.59,1470.0,93.4
2017-06-03 10:53:41.990881,54.524874,-165.495838,1470.0,93.59,1470.0,94.91
2017-06-03 10:53:42.490082,54.524882,-165.495821,1470.0,94.72,1470.0,94.53
2017-06-03 10:53:42.989283,54.524903,-165.495772,1470.0,94.72,1470.0,94.72
2017-06-03 10:53:43.488483,54.52491,-165.495756,1470.0,93.59,1470.0,93.59
2017-06-03 10:53:43.987684,54.524933,-165.495706,1470.0,93.59,1470.0,94.72
2017-06-03 10:53:44.486885,54.52494,-165.495689,1470.0,93.59,1470.0,93.59
2017-06-03 10:53:44.986088,54.524962,-165.495642,1470.0,93.78,1470.0,95.1
2017-06-03 10:53:45.485287,54.52497,-165.495626,1470.0,95.47,1470.0,93.59
2017-06-03 10:53:45.984489,54.524993,-165.495576,1470.0,93.78,1470.0,93.59
2017-06-03 10:53:46.499289,54.525001,-165.495558,1470.0,94.91,1470.0,94.72
2017-06-03 10:53:46.998491,54.525024,-165.49551,1470.0,95.1,1470.0,94.72
2017-06-03 10:53:47.497690,54.525032,-165.495494,1470.0,93.78,1470.0,94.72
2017-06-03 10:53:47.996893,54.525054,-165.495445,1470.0,95.1,1470.0,94.72
2017-06-03 10:53:48.496092,54.525062,-165.495429,1470.0,95.1,1470.0,94.53
2017-06-03 10:53:48.995295,54.525084,-165.495382,1470.0,94.91,1470.0,93.59
2017-06-03 10:53:49.494495,54.525092,-165.495366,1470.0,93.59,1470.0,93.59
2017-06-03 10:53:49.993696,54.525116,-165.495317,1470.0,93.59,1470.0,94.53
2017-06-03 10:53:50.492897,54.525124,-165.495301,1470.0,95.1,1470.0,93.4
2017-06-03 10:53:50.992098,54.525146,-165.495252,1470.0,94.72,1470.0,94.72
2017-06-03 10:53:51.491299,54.525154,-165.495236,1470.0,95.1,1470.0,93.4
2017-06-03 10:53:51.990499,54.525177,-165.495188,1470.0,93.59,1470.0,94.91
2017-06-03 10:53:52.489700,54.525185,-165.495173,1470.0,93.59,1470.0,94.53
2017-06-03 10:53:52.988901,54.525208,-165.495124,1470.0,93.59,1470.0,93.59
2017-06-03 10:53:53.488102,54.525215,-165.495108,1470.0,95.47,1470.0,94.91
2017-06-03 10:53:53.987301,54.525239,-165.495059,1470.0,93.78,1470.0,93.78
2017-06-03 10:53:54.486504,54.525247,-165.495043,1470.0,95.1,1470.0,93.78
2017-06-03 10:53:54.985704,54.52527,-165.494994,1470.0,95.1,1470.0,93.59
2017-06-03 10:53:55.484905,54.525278,-165.494977,1470.0,93.78,1470.0,93.59
2017-06-03 10:53:55.984106,54.525302,-165.494927,1470.0,94.91,1470.0,94.72
2017-06-03 10:53:56.498907,54.525311,-165.49491,1470.0,93.78,1470.0,94.91
2017-06-03 10:53:56.998108,54.525334,-165.494863,1470.0,94.91,1470.0,94.72
2017-06-03 10:53:57.497309,54.525342,-165.494848,1470.0,93.78,1470.0,94.72
2017-06-03 10:53:57.996510,54.525366,-165.494799,1470.0,94.91,1470.0,93.4
2017-06-03 10:53:58.495710,54.525374,-165.494783,1470.0,93.4,1470.0,94.53
2017-06-03 10:53:58.994911,54.525397,-165.494735,1470.0,94.72,1470.0,93.22
2017-06-03 10:53:59.494112,54.525405,-165.494719,1470.0,94.53,1470.0,93.22
2017-06-03 10:53:59.993313,54.525429,-165.49467,1470.0,94.53,1470.0,94.34
2017-06-03 10:54:00.492514,54.525437,-165.494654,1470.0,94.72,1470.0,94.53
2017-06-03 10:54:00.991714,54.525459,-165.494605,1470.0,93.4,1470.0,94.53
2017-06-03 10:54:01.490915,54.525467,-165.494589,1470.0,93.4,1470.0,93.4
2017-06-03 10:54:01.990116,54.525488,-165.494539,1470.0,93.4,1470.0,93.4
2017-06-03 10:54:02.489317,54.525495,-165.494523,1470.0,94.91,1470.0,93.4
2017-06-03 10:54:02.988518,54.525516,-165.494474,1470.0,93.4,1470.0,93.4
2017-06-03 10:54:03.487719,54.525523,-165.494457,1470.0,93.4,1470.0,94.72
2017-06-03 10:54:03.986919,54.525546,-165.494406,1470.0,93.4,1470.0,94.91
2017-06-03 10:54:04.486120,54.525554,-165.494389,1470.0,93.4,1470.0,94.53
2017-06-03 10:54:04.985321,54.525577,-165.49434,1470.0,95.29,1470.0,93.4
2017-06-03 10:54:05.484522,54.525585,-165.494324,1470.0,94.91,1470.0,94.53
2017-06-03 10:54:05.999325,54.525608,-165.494274,1470.0,93.59,1470.0,94.91
2017-06-03 10:54:06.498524,54.525615,-165.494257,1470.0,93.59,1470.0,93.59
2017-06-03 10:54:06.997726,54.525639,-165.494207,1470.0,94.72,1470.0,94.53
2017-06-03 10:54:07.496925,54.525647,-165.494191,1470.0,93.4,1470.0,94.72
2017-06-03 10:54:07.996128,54.525669,-165.494142,1470.0,94.34,1470.0,93.97
2017-06-03 10:54:08.495327,54.525677,-165.494126,1470.0,94.34,1470.0,93.03
2017-06-03 10:54:08.994530,54.525701,-165.494077,1470.0,94.34,1470.0,92.84
2017-06-03 10:54:09.493729,54.525709,-165.494061,1470.0,94.16,1470.0,92.65
2017-06-03 10:54:09.992931,54.525731,-165.494012,1470.0,94.16,1470.0,92.65
2017-06-03 10:54:10.492132,54.525738,-165.493996,1470.0,92.84,1470.0,92.84
2017-06-03 10:54:10.991333,54.52576,-165.493946,1470.0,93.03,1470.0,93.03
2017-06-03 10:54:11.490534,54.525767,-165.493929,1470.0,94.34,1470.0,93.03
2017-06-03 10:54:11.989735,54.525788,-165.493878,1470.0,93.22,1470.0,94.16
2017-06-03 10:54:12.488935,54.525795,-165.493861,1470.0,93.22,1470.0,93.22
2017-06-03 10:54:12.988136,54.525816,-165.493809,1470.0,93.22,1470.0,94.16
2017-06-03 10:54:13.487337,54.525823,-165.493792,1470.0,93.03,1470.0,93.03
2017-06-03 10:54:13.986538,54.525845,-165.493741,1470.0,93.03,1470.0,94.16
2017-06-03 10:54:14.485739,54.525852,-165.493724,1470.0,92.84,1470.0,92.84
2017-06-03 10:54:14.984940,54.525875,-165.493677,1470.0,92.84,1470.0,92.84
2017-06-03 10:54:15.484140,54.525883,-165.493661,1470.0,93.78,1470.0,92.65
2017-06-03 10:54:15.998941,54.525908,-165.493612,1470.0,92.65,1470.0,93.22
2017-06-03 10:54:16.498142,54.525916,-165.493596,1470.0,92.65,1470.0,92.46
2017-06-03 10:54:16.997343,54.525941,-165.49355,1470.0,93.78,1470.0,93.4
2017-06-03 10:54:17.496544,54.525949,-165.493534,1470.0,93.59,1470.0,92.27
2017-06-03 10:54:17.995745,54.525972,-165.493487,1470.0,92.46,1470.0,92.27
2017-06-03 10:54:18.494946,54.52598,-165.493471,1470.0,93.97,1470.0,92.46
2017-06-03 10:54:18.994146,54.526001,-165.493421,1470.0,92.65,1470.0,93.97
2017-06-03 10:54:19.493347,54.526008,-165.493404,1470.0,92.84,1470.0,93.78
2017-06-03 10:54:19.992548,54.526028,-165.493353,1470.0,92.84,1470.0,92.84
2017-06-03 10:54:20.491751,54.526035,-165.493336,1470.0,92.84,1470.0,92.84
2017-06-03 10:54:20.990950,54.526058,-165.493284,1470.0,92.84,1470.0,92.84
2017-06-03 10:54:21.490152,54.526065,-165.493267,1470.0,92.65,1470.0,92.65
2017-06-03 10:54:21.989351,54.526088,-165.493217,1470.0,92.65,1470.0,93.97
2017-06-03 10:54:22.488552,54.526095,-165.493201,1470.0,92.84,1470.0,92.65
2017-06-03 10:54:22.987753,54.526119,-165.493153,1470.0,93.97,1470.0,92.65
2017-06-03 10:54:23.486954,54.526126,-165.493137,1470.0,94.16,1470.0,93.97
2017-06-03 10:54:23.986155,54.526151,-165.493089,1470.0,92.84,1470.0,94.16
2017-06-03 10:54:24.485355,54.526159,-165.493073,1470.0,92.84,1470.0,92.84
2017-06-03 10:54:24.984556,54.526182,-165.493028,1470.0,92.84,1470.0,94.16
2017-06-03 10:54:25.499357,54.52619,-165.493011,1470.0,94.16,1470.0,92.65
2017-06-03 10:54:25.998560,54.526216,-165.492963,1470.0,92.65,1470.0,93.59
2017-06-03 10:54:26.497759,54.526224,-165.492948,1470.0,92.65,1470.0,92.46
2017-06-03 10:54:26.996962,54.526246,-165.4929,1470.0,93.59,1470.0,92.46
2017-06-03 10:54:27.496161,54.526253,-165.492884,1470.0,92.46,1470.0,93.59
2017-06-03 10:54:27.995363,54.526275,-165.492835,1470.0,92.46,1470.0,92.46
2017-06-03 10:54:28.494562,54.526282,-165.492819,1470.0,92.46,1470.0,93.59
2017-06-03 10:54:28.993765,54.526303,-165.492769,1470.0,94.16,1470.0,92.46
2017-06-03 10:54:29.492964,54.52631,-165.492752,1470.0,92.65,1470.0,92.46
2017-06-03 10:54:29.992167,54.526333,-165.492702,1470.0,92.46,1470.0,94.16
2017-06-03 10:54:30.491365,54.52634,-165.492686,1470.0,92.46,1470.0,93.59
2017-06-03 10:54:30.990568,54.526363,-165.492637,1470.0,92.46,1470.0,92.46
2017-06-03 10:54:31.489769,54.52637,-165.492621,1470.0,92.65,1470.0,92.46
2017-06-03 10:54:31.988970,54.526393,-165.492572,1470.0,93.78,1470.0,93.97
2017-06-03 10:54:32.488171,54.5264,-165.492556,1470.0,93.59,1470.0,93.97
2017-06-03 10:54:32.987371,54.526424,-165.492508,1470.0,92.65,1470.0,92.65
2017-06-03 10:54:33.486572,54.526431,-165.492492,1470.0,93.78,1470.0,92.46
2017-06-03 10:54:33.985773,54.526456,-165.492442,1470.0,93.78,1470.0,92.46
2017-06-03 10:54:34.484974,54.526463,-165.492426,1470.0,92.46,1470.0,92.46
2017-06-03 10:54:34.984175,54.526486,-165.492377,1470.0,92.46,1470.0,93.59
2017-06-03 10:54:35.498976,54.526494,-165.492359,1470.0,92.46,1470.0,92.46
2017-06-03 10:54:35.998177,54.526516,-165.492309,1470.0,92.46,1470.0,92.46
2017-06-03 10:54:36.497377,54.526523,-165.492292,1470.0,92.46,1470.0,92.46
2017-06-03 10:54:36.996578,54.526545,-165.492242,1470.0,92.46,1470.0,93.59
2017-06-03 10:54:37.495779,54.526552,-165.492226,1470.0,93.4,1470.0,92.27
2017-06-03 10:54:37.994980,54.526574,-165.492174,1470.0,92.27,1470.0,92.27
2017-06-03 10:54:38.494181,54.526582,-165.492157,1470.0,92.27,1470.0,92.27
2017-06-03 10:54:38.993382,54.526603,-165.492107,1470.0,93.97,1470.0,92.27
2017-06-03 10:54:39.492582,54.52661,-165.492091,1470.0,92.46,1470.0,92.46
2017-06-03 10:54:39.991783,54.526633,-165.492042,1470.0,92.65,1470.0,92.46
2017-06-03 10:54:40.490986,54.52664,-165.492026,1470.0,93.59,1470.0,92.46
2017-06-03 10:54:40.990185,54.526661,-165.491976,1470.0,92.46,1470.0,92.46
2017-06-03 10:54:41.489388,54.526669,-165.491959,1470.0,92.46,1470.0,93.59
2017-06-03 10:54:41.988586,54.526692,-165.49191,1470.0,93.78,1470.0,92.27
2017-06-03 10:54:42.487789,54.5267,-165.491894,1470.0,93.59,1470.0,93.4
2017-06-03 10:54:42.986988,54.526722,-165.491847,1470.0,92.27,1470.0,92.09
2017-06-03 10:54:43.486189,54.52673,-165.491831,1470.0,92.27,1470.0,92.09
2017-06-03 10:54:43.985390,54.526753,-165.491782,1470.0,93.78,1470.0,92.27
2017-06-03 10:54:44.484591,54.52676,-165.491766,1470.0,92.27,1470.0,93.22
2017-06-03 10:54:44.983791,54.526782,-165.491717,1470.0,93.78,1470.0,92.27
2017-06-03 10:54:45.498592,54.52679,-165.491699,1470.0,93.97,1470.0,93.4
2017-06-03 10:54:45.997795,54.526811,-165.491649,1470.0,93.4,1470.0,94.16
2017-06-03 10:54:46.496994,54.526819,-165.491632,1470.0,93.97,1470.0,93.78
2017-06-03 10:54:46.996197,54.526841,-165.491581,1470.0,93.78,1470.0,92.27
2017-06-03 10:54:47.495396,54.526849,-165.491564,1470.0,92.27,1470.0,92.27
2017-06-03 10:54:47.994598,54.526871,-165.491513,1470.0,93.22,1470.0,92.27
2017-06-03 10:54:48.493797,54.526879,-165.491496,1470.0,92.27,1470.0,93.59
2017-06-03 10:54:48.993000,54.526901,-165.491447,1470.0,92.27,1470.0,93.4
2017-06-03 10:54:49.492199,54.526909,-165.491431,1470.0,92.27,1470.0,93.22
2017-06-03 10:54:49.991402,54.526932,-165.491382,1470.0,92.27,1470.0,92.27
2017-06-03 10:54:50.490601,54.52694,-165.491366,1470.0,93.59,1470.0,92.27
2017-06-03 10:54:50.989803,54.526964,-165.491317,1470.0,93.78,1470.0,92.27
2017-06-03 10:54:51.489004,54.526972,-165.491301,1470.0,92.46,1470.0,93.4
2017-06-03 10:54:51.988205,54.526996,-165.491253,1470.0,92.27,1470.0,93.03
2017-06-03 10:54:52.487406,54.527003,-165.491238,1470.0,92.09,1470.0,93.22
2017-06-03 10:54:52.986607,54.527026,-165.491189,1470.0,93.4,1470.0,92.09
2017-06-03 10:54:53.485807,54.527033,-165.491172,1470.0,92.09,1470.0,93.4
2017-06-03 10:54:53.985008,54.527057,-165.491124,1470.0,92.09,1470.0,93.22
2017-06-03 10:54:54.484209,54.527065,-165.491108,1470.0,92.27,1470.0,92.09
2017-06-03 10:54:54.999008,54.527088,-165.491058,1470.0,92.27,1470.0,92.27
2017-06-03 10:54:55.498211,54.527095,-165.491043,1470.0,92.46,1470.0,93.59
2017-06-03 10:54:55.997410,54.527118,-165.490994,1470.0,92.46,1470.0,92.27
2017-06-03 10:54:56.496613,54.527125,-165.490978,1470.0,92.27,1470.0,93.59
2017-06-03 10:54:56.995813,54.527151,-165.49093,1470.0,92.27,1470.0,93.4
2017-06-03 10:54:57.495014,54.527159,-165.490914,1470.0,93.4,1470.0,93.59
2017-06-03 10:54:57.994215,54.527182,-165.490868,1470.0,92.09,1470.0,91.9
2017-06-03 10:54:58.493416,54.52719,-165.490853,1470.0,93.22,1470.0,91.9
2017-06-03 10:54:58.992617,54.527216,-165.490805,1470.0,92.09,1470.0,92.09
2017-06-03 10:54:59.491817,54.527224,-165.490789,1470.0,92.09,1470.0,92.09
2017-06-03 10:54:59.991018,54.527247,-165.490739,1470.0,93.59,1470.0,92.27
2017-06-03 10:55:00.490219,54.527255,-165.490722,1470.0,92.27,1470.0,93.22
2017-06-03 10:55:00.989420,54.527278,-165.490672,1470.0,92.27,1470.0,93.22
2017-06-03 10:55:01.488621,54.527285,-165.490656,1470.0,93.59,1470.0,93.59
2017-06-03 10:55:01.987822,54.527309,-165.490606,1470.0,92.27,1470.0,93.78
2017-06-03 10:55:02.487024,54.527317,-165.490589,1470.0,92.27,1470.0,93.59
2017-06-03 10:55:02.986223,54.527339,-165.49054,1470.0,92.27,1470.0,93.59
2017-06-03 10:55:03.485426,54.527346,-165.490524,1470.0,93.4,1470.0,92.27
2017-06-03 10:55:03.984625,54.527372,-165.490475,1470.0,93.4,1470.0,92.09
2017-06-03 10:55:04.483826,54.52738,-165.490459,1470.0,92.09,1470.0,92.09
2017-06-03 10:55:04.998627,54.527406,-165.49041,1470.0,92.09,1470.0,93.22
2017-06-03 10:55:05.497828,54.527414,-165.490394,1470.0,93.4,1470.0,91.9
2017-06-03 10:55:05.997030,54.527437,-165.490345,1470.0,93.22,1470.0,91.9
2017-06-03 10:55:06.496229,54.527445,-165.490329,1470.0,93.22,1470.0,91.9
2017-06-03 10:55:06.995432,54.527469,-165.49028,1470.0,91.9,1470.0,91.9
2017-06-03 10:55:07.494631,54.527477,-165.490264,1470.0,93.4,1470.0,91.9
2017-06-03 10:55:07.993834,54.527499,-165.490217,1470.0,92.09,1470.0,93.03
2017-06-03 10:55:08.493032,54.527507,-165.490201,1470.0,92.09,1470.0,93.22
2017-06-03 10:55:08.992235,54.527529,-165.490152,1470.0,92.09,1470.0,92.09
2017-06-03 10:55:09.491434,54.527537,-165.490136,1470.0,92.84,1470.0,91.9
2017-06-03 10:55:09.990637,54.527559,-165.490086,1470.0,93.22,1470.0,93.03
2017-06-03 10:55:10.489836,54.527567,-165.490069,1470.0,92.84,1470.0,91.71
2017-06-03 10:55:10.989038,54.52759,-165.49002,1470.0,91.9,1470.0,91.71
2017-06-03 10:55:11.488239,54.527598,-165.490004,1470.0,93.4,1470.0,91.71
2017-06-03 10:55:11.987440,54.527621,-165.489953,1470.0,91.9,1470.0,93.22
2017-06-03 10:55:12.486641,54.527629,-165.489936,1470.0,91.9,1470.0,91.9
2017-06-03 10:55:12.985842,54.527652,-165.489887,1470.0,93.03,1470.0,93.03
2017-06-03 10:55:13.485043,54.52766,-165.489871,1470.0,93.4,1470.0,93.03
2017-06-03 10:55:13.984243,54.527684,-165.489819,1470.0,92.09,1470.0,92.09
2017-06-03 10:55:14.499044,54.527693,-165.489801,1470.0,92.09,1470.0,93.22
2017-06-03 10:55:14.998243,54.527716,-165.489752,1470.0,93.4,1470.0,92.65
2017-06-03 10:55:15.497446,54.527724,-165.489736,1470.0,92.84,1470.0,91.9
2017-06-03 10:55:15.996645,54.527749,-165.489686,1470.0,91.9,1470.0,93.4
2017-06-03 10:55:16.495848,54.527757,-165.489669,1470.0,93.4,1470.0,91.71
2017-06-03 10:55:16.995049,54.527781,-165.48962,1470.0,91.9,1470.0,91.71
2017-06-03 10:55:17.494249,54.527789,-165.489604,1470.0,91.71,1470.0,92.84
2017-06-03 10:55:17.993450,54.527814,-165.489554,1470.0,91.71,1470.0,91.71
2017-06-03 10:55:18.492651,54.527822,-165.489537,1470.0,93.03,1470.0,91.71
2017-06-03 10:55:18.991852,54.527844,-165.489486,1470.0,91.71,1470.0,91.71
2017-06-03 10:55:19.491053,54.527852,-165.489469,1470.0,91.9,1470.0,91.71
2017-06-03 10:55:19.990253,54.527874,-165.489418,1470.0,91.9,1470.0,92.84
2017-06-03 10:55:20.489454,54.527882,-165.489401,1470.0,91.9,1470.0,91.9
2017-06-03 10:55:20.988655,54.527904,-165.489351,1470.0,91.9,1470.0,91.9
2017-06-03 10:55:21.487856,54.527911,-165.489334,1470.0,93.4,1470.0,92.46
2017-06-03 10:55:21.987057,54.527936,-165.489283,1470.0,91.71,1470.0,93.03
2017-06-03 10:55:22.486259,54.527944,-165.489266,1470.0,91.71,1470.0,91.52
2017-06-03 10:55:22.985458,54.527967,-165.489217,1470.0,92.84,1470.0,91.33
2017-06-03 10:55:23.484661,54.527975,-165.489201,1470.0,91.33,1470.0,92.84
2017-06-03 10:55:23.983860,54.528,-165.489152,1470.0,92.27,1470.0,91.33
2017-06-03 10:55:24.498661,54.528009,-165.489134,1470.0,93.03,1470.0,93.03
2017-06-03 10:55:24.997862,54.528034,-165.489084,1470.0,91.71,1470.0,93.03
2017-06-03 10:55:25.497063,54.528042,-165.489067,1470.0,91.9,1470.0,92.84
2017-06-03 10:55:25.996264,54.528066,-165.489017,1470.0,92.09,1470.0,91.9
2017-06-03 10:55:26.495464,54.528074,-165.489001,1470.0,93.22,1470.0,92.27
2017-06-03 10:55:26.994665,54.528096,-165.488949,1470.0,93.22,1470.0,91.9
2017-06-03 10:55:27.493866,54.528104,-165.488932,1470.0,91.9,1470.0,91.9
2017-06-03 10:55:27.993069,54.528126,-165.48888,1470.0,92.84,1470.0,91.9
2017-06-03 10:55:28.492268,54.528134,-165.488862,1470.0,92.84,1470.0,91.9
2017-06-03 10:55:28.991470,54.528157,-165.488811,1470.0,91.71,1470.0,92.65
2017-06-03 10:55:29.490669,54.528165,-165.488794,1470.0,91.71,1470.0,91.71
2017-06-03 10:55:29.989872,54.528189,-165.488743,1470.0,92.84,1470.0,91.71
2017-06-03 10:55:30.489071,54.528197,-165.488726,1470.0,92.84,1470.0,91.71
2017-06-03 10:55:30.988274,54.52822,-165.488677,1470.0,91.71,1470.0,91.71
2017-06-03 10:55:31.487473,54.528228,-165.488661,1470.0,91.71,1470.0,91.71
2017-06-03 10:55:31.986675,54.528252,-165.488608,1470.0,92.65,1470.0,91.52
2017-06-03 10:55:32.485876,54.52826,-165.488591,1470.0,92.84,1470.0,92.84
2017-06-03 10:55:32.985077,54.528285,-165.488541,1470.0,92.65,1470.0,91.52
2017-06-03 10:55:33.484278,54.528293,-165.488524,1470.0,92.84,1470.0,93.03
2017-06-03 10:55:33.999079,54.528317,-165.48847,1470.0,93.22,1470.0,91.71
2017-06-03 10:55:34.498280,54.528325,-165.488452,1470.0,91.9,1470.0,92.65
2017-06-03 10:55:34.997478,54.528348,-165.4884,1470.0,92.09,1470.0,92.09
2017-06-03 10:55:35.496681,54.528355,-165.488382,1470.0,92.09,1470.0,92.09
2017-06-03 10:55:35.995880,54.528379,-165.488328,1470.0,92.09,1470.0,92.09
2017-06-03 10:55:36.495083,54.528387,-165.488311,1470.0,93.97,1470.0,92.09
2017-06-03 10:55:36.994284,54.528409,-165.488259,1470.0,93.4,1470.0,92.09
2017-06-03 10:55:37.493484,54.528417,-165.488242,1470.0,93.22,1470.0,92.09
2017-06-03 10:55:37.992685,54.528441,-165.488191,1470.0,93.59,1470.0,93.03
2017-06-03 10:55:38.491886,54.528449,-165.488174,1470.0,92.09,1470.0,93.4
2017-06-03 10:55:38.991087,54.528474,-165.488124,1470.0,92.09,1470.0,91.9
2017-06-03 10:55:39.490288,54.528482,-165.488107,1470.0,93.22,1470.0,91.9
2017-06-03 10:55:39.989489,54.528507,-165.488057,1470.0,92.84,1470.0,91.71
2017-06-03 10:55:40.488689,54.528515,-165.488041,1470.0,91.71,1470.0,92.65
2017-06-03 10:55:40.987890,54.528539,-165.487993,1470.0,91.71,1470.0,93.03
2017-06-03 10:55:41.487091,54.528546,-165.487977,1470.0,93.03,1470.0,92.84
2017-06-03 10:55:41.986292,54.528569,-165.487925,1470.0,91.71,1470.0,91.71
2017-06-03 10:55:42.485495,54.528577,-165.487907,1470.0,91.9,1470.0,91.71
2017-06-03 10:55:42.984694,54.528599,-165.487856,1470.0,92.09,1470.0,91.9
2017-06-03 10:55:43.483896,54.528606,-165.487839,1470.0,93.59,1470.0,92.27
2017-06-03 10:55:43.998695,54.528629,-165.487785,1470.0,93.4,1470.0,92.27
2017-06-03 10:55:44.497896,54.528637,-165.487767,1470.0,93.78,1470.0,92.09
2017-06-03 10:55:44.997097,54.528662,-165.487715,1470.0,93.03,1470.0,92.09
2017-06-03 10:55:45.496298,54.52867,-165.487697,1470.0,93.03,1470.0,91.9
2017-06-03 10:55:45.995499,54.528696,-165.487647,1470.0,91.9,1470.0,91.9
2017-06-03 10:55:46.494699,54.528704,-165.487631,1470.0,91.9,1470.0,93.03
2017-06-03 10:55:46.993900,54.528729,-165.487582,1470.0,91.9,1470.0,92.65
2017-06-03 10:55:47.493101,54.528737,-165.487566,1470.0,93.03,1470.0,91.71
2017-06-03 10:55:47.992304,54.528764,-165.487517,1470.0,93.03,1470.0,91.71
2017-06-03 10:55:48.491503,54.528772,-165.487501,1470.0,92.65,1470.0,92.65
2017-06-03 10:55:48.990705,54.528797,-165.487452,1470.0,91.71,1470.0,91.71
2017-06-03 10:55:49.489904,54.528805,-165.487436,1470.0,91.71,1470.0,91.71
2017-06-03 10:55:49.989107,54.528829,-165.487386,1470.0,93.03,1470.0,93.22
2017-06-03 10:55:50.488306,54.528837,-165.487369,1470.0,91.71,1470.0,91.71
2017-06-03 10:55:50.987509,54.528859,-165.487319,1470.0,93.03,1470.0,91.71
2017-06-03 10:55:51.486708,54.528866,-165.487302,1470.0,91.71,1470.0,91.71
2017-06-03 10:55:51.985910,54.528891,-165.487251,1470.0,91.71,1470.0,91.71
2017-06-03 10:55:52.485109,54.528898,-165.487234,1470.0,93.03,1470.0,91.52
2017-06-03 10:55:52.984312,54.528921,-165.487184,1470.0,91.52,1470.0,91.52
2017-06-03 10:55:53.499113,54.528929,-165.487166,1470.0,92.84,1470.0,91.52
2017-06-03 10:55:53.998314,54.528952,-165.487114,1470.0,93.03,1470.0,91.52
2017-06-03 10:55:54.497515,54.52896,-165.487097,1470.0,91.71,1470.0,91.71
2017-06-03 10:55:54.996716,54.528986,-165.487046,1470.0,93.22,1470.0,91.71
2017-06-03 10:55:55.495916,54.528994,-165.487029,1470.0,93.03,1470.0,93.03
2017-06-03 10:55:55.995115,54.529017,-165.486978,1470.0,91.9,1470.0,93.03
2017-06-03 10:55:56.494318,54.529025,-165.486961,1470.0,91.9,1470.0,91.9
2017-06-03 10:55:56.993517,54.529049,-165.486911,1470.0,93.22,1470.0,91.71
2017-06-03 10:55:57.492720,54.529057,-165.486894,1470.0,91.71,1470.0,93.03
2017-06-03 10:55:57.991920,54.529082,-165.486843,1470.0,93.03,1470.0,91.52
2017-06-03 10:55:58.491121,54.52909,-165.486826,1470.0,91.52,1470.0,92.46
2017-06-03 10:55:58.990322,54.529114,-165.486776,1470.0,92.46,1470.0,92.65
2017-06-03 10:55:59.489523,54.529122,-165.486759,1470.0,91.52,1470.0,92.65
2017-06-03 10:55:59.988724,54.529144,-165.486709,1470.0,92.46,1470.0,91.52
2017-06-03 10:56:00.487925,54.529152,-165.486693,1470.0,92.65,1470.0,92.84
2017-06-03 10:56:00.987125,54.529175,-165.486644,1470.0,92.65,1470.0,91.33
2017-06-03 10:56:01.486326,54.529183,-165.486627,1470.0,91.33,1470.0,93.03
2017-06-03 10:56:01.985527,54.529206,-165.486576,1470.0,91.33,1470.0,91.33
2017-06-03 10:56:02.484730,54.529214,-165.486559,1470.0,91.33,1470.0,91.33
2017-06-03 10:56:02.983929,54.529237,-165.48651,1470.0,91.33,1470.0,91.33
2017-06-03 10:56:03.498730,54.529245,-165.486493,1470.0,93.03,1470.0,91.33
2017-06-03 10:56:03.997931,54.529269,-165.486444,1470.0,92.46,1470.0,92.09
2017-06-03 10:56:04.497131,54.529277,-165.486427,1470.0,92.46,1470.0,91.52
2017-06-03 10:56:04.996332,54.529301,-165.486377,1470.0,92.65,1470.0,92.27
2017-06-03 10:56:05.495533,54.529309,-165.486361,1470.0,92.84,1470.0,91.52
2017-06-03 10:56:05.994734,54.529334,-165.486312,1470.0,92.65,1470.0,92.65
2017-06-03 10:56:06.493935,54.529342,-165.486296,1470.0,93.03,1470.0,91.33
2017-06-03 10:56:06.993135,54.529367,-165.486246,1470.0,91.33,1470.0,91.33
2017-06-03 10:56:07.492336,54.529376,-165.486229,1470.0,91.33,1470.0,91.33
2017-06-03 10:56:07.991539,54.529402,-165.486182,1470.0,91.33,1470.0,91.33
2017-06-03 10:56:08.490738,54.52941,-165.486166,1470.0,91.33,1470.0,91.33
2017-06-03 10:56:08.989941,54.529436,-165.486118,1470.0,91.33,1470.0,91.33
2017-06-03 10:56:09.489140,54.529445,-165.486102,1470.0,91.33,1470.0,91.33
2017-06-03 10:56:09.988342,54.52947,-165.486054,1470.0,91.33,1470.0,91.33
2017-06-03 10:56:10.487541,54.529479,-165.486038,1470.0,91.33,1470.0,92.27
2017-06-03 10:56:10.986744,54.529505,-165.48599,1470.0,92.65,1470.0,91.15
2017-06-03 10:56:11.485943,54.529513,-165.485974,1470.0,91.15,1470.0,91.15
2017-06-03 10:56:11.985146,54.529541,-165.485928,1470.0,91.15,1470.0,91.15
2017-06-03 10:56:12.484344,54.52955,-165.485913,1470.0,91.15,1470.0,92.09
2017-06-03 10:56:12.999147,54.529576,-165.485863,1470.0,91.15,1470.0,92.27
2017-06-03 10:56:13.498348,54.529584,-165.485848,1470.0,91.15,1470.0,92.65
2017-06-03 10:56:13.997549,54.529609,-165.485801,1470.0,91.15,1470.0,92.27
2017-06-03 10:56:14.496750,54.529617,-165.485786,1470.0,90.96,1470.0,90.96
2017-06-03 10:56:14.995951,54.529644,-165.48574,1470.0,90.96,1470.0,91.9
2017-06-03 10:56:15.495152,54.529652,-165.485724,1470.0,92.27,1470.0,90.96
2017-06-03 10:56:15.994352,54.52968,-165.485678,1470.0,92.46,1470.0,90.96
2017-06-03 10:56:16.493553,54.529689,-165.485663,1470.0,91.15,1470.0,90.96
2017-06-03 10:56:16.992752,54.529714,-165.485616,1470.0,92.09,1470.0,90.96
2017-06-03 10:56:17.491955,54.529722,-165.485601,1470.0,92.65,1470.0,90.96
2017-06-03 10:56:17.991154,54.52975,-165.485555,1470.0,90.96,1470.0,90.96
2017-06-03 10:56:18.490356,54.529759,-165.485539,1470.0,90.96,1470.0,90.96
2017-06-03 10:56:18.989557,54.529785,-165.485492,1470.0,90.96,1470.0,90.96
2017-06-03 10:56:19.488758,54.529794,-165.485476,1470.0,92.09,1470.0,90.96
2017-06-03 10:56:19.987959,54.529822,-165.48543,1470.0,92.27,1470.0,90.77
2017-06-03 10:56:20.487160,54.529831,-165.485414,1470.0,92.27,1470.0,90.77
2017-06-03 10:56:20.986361,54.529858,-165.485368,1470.0,90.96,1470.0,90.96
2017-06-03 10:56:21.485561,54.529866,-165.485352,1470.0,90.96,1470.0,90.96
2017-06-03 10:56:21.984762,54.529893,-165.485304,1470.0,90.96,1470.0,90.96
2017-06-03 10:56:22.483963,54.529901,-165.485288,1470.0,90.96,1470.0,90.96
2017-06-03 10:56:22.998764,54.529929,-165.485238,1470.0,90.96,1470.0,90.96
2017-06-03 10:56:23.497965,54.529937,-165.485223,1470.0,90.96,1470.0,90.96
2017-06-03 10:56:23.997166,54.529964,-165.485175,1470.0,90.96,1470.0,90.96
2017-06-03 10:56:24.496367,54.529972,-165.485159,1470.0,90.96,1470.0,90.96
2017-06-03 10:56:24.995567,54.529997,-165.48511,1470.0,90.96,1470.0,90.96
2017-06-03 10:56:25.494768,54.530005,-165.485094,1470.0,92.09,1470.0,90.96
2017-06-03 10:56:25.993969,54.530031,-165.485047,1470.0,92.09,1470.0,90.77
2017-06-03 10:56:26.493170,54.530039,-165.485031,1470.0,90.77,1470.0,91.71
2017-06-03 10:56:26.992371,54.530065,-165.484983,1470.0,92.09,1470.0,90.58
2017-06-03 10:56:27.491571,54.530074,-165.484968,1470.0,90.58,1470.0,91.52
2017-06-03 10:56:27.990774,54.530099,-165.48492,1470.0,90.58,1470.0,90.58
2017-06-03 10:56:28.489973,54.530107,-165.484904,1470.0,91.9,1470.0,90.58
2017-06-03 10:56:28.989176,54.530132,-165.484858,1470.0,92.09,1470.0,90.77
2017-06-03 10:56:29.488375,54.53014,-165.484842,1470.0,90.77,1470.0,91.9
2017-06-03 10:56:29.987577,54.530164,-165.484791,1470.0,90.77,1470.0,90.77
2017-06-03 10:56:30.486776,54.530172,-165.484774,1470.0,90.96,1470.0,90.77
2017-06-03 10:56:30.985979,54.530197,-165.484724,1470.0,90.96,1470.0,90.77
2017-06-03 10:56:31.485178,54.530205,-165.484707,1470.0,90.77,1470.0,90.77
2017-06-03 10:56:31.984381,54.530228,-165.484657,1470.0,90.77,1470.0,90.77
2017-06-03 10:56:32.499180,54.530237,-165.484639,1470.0,90.77,1470.0,90.77
2017-06-03 10:56:32.998383,54.530264,-165.484589,1470.0,90.77,1470.0,91.9
2017-06-03 10:56:33.497583,54.530272,-165.484573,1470.0,91.71,1470.0,90.77
2017-06-03 10:56:33.996784,54.530297,-165.484524,1470.0,90.58,1470.0,90.58
2017-06-03 10:56:34.495985,54.530306,-165.484507,1470.0,90.58,1470.0,90.58
2017-06-03 10:56:34.995186,54.530332,-165.484457,1470.0,90.58,1470.0,91.71
2017-06-03 10:56:35.494387,54.53034,-165.484441,1470.0,90.58,1470.0,90.58
2017-06-03 10:56:35.993587,54.530366,-165.484391,1470.0,90.77,1470.0,90.58
2017-06-03 10:56:36.492788,54.530374,-165.484374,1470.0,90.58,1470.0,90.58
2017-06-03 10:56:36.991989,54.530397,-165.484324,1470.0,91.71,1470.0,90.58
2017-06-03 10:56:37.491190,54.530405,-165.484307,1470.0,91.71,1470.0,90.58
2017-06-03 10:56:37.990389,54.530428,-165.484257,1470.0,90.58,1470.0,90.39
2017-06-03 10:56:38.489592,54.530435,-165.484241,1470.0,91.71,1470.0,90.39
2017-06-03 10:56:38.988792,54.530459,-165.484191,1470.0,90.39,1470.0,90.39
2017-06-03 10:56:39.487993,54.530466,-165.484174,1470.0,90.39,1470.0,90.39
2017-06-03 10:56:39.987194,54.530491,-165.484124,1470.0,90.39,1470.0,90.39
2017-06-03 10:56:40.486395,54.530499,-165.484108,1470.0,91.52,1470.0,90.39
2017-06-03 10:56:40.985596,54.530523,-165.48406,1470.0,91.9,1470.0,91.15
2017-06-03 10:56:41.484797,54.530531,-165.484044,1470.0,90.58,1470.0,90.58
2017-06-03 10:56:41.983997,54.530554,-165.483994,1470.0,90.58,1470.0,90.58
2017-06-03 10:56:42.498798,54.530562,-165.483976,1470.0,91.9,1470.0,90.58
2017-06-03 10:56:42.997999,54.530586,-165.483927,1470.0,90.58,1470.0,90.58
2017-06-03 10:56:43.497200,54.530594,-165.483911,1470.0,91.71,1470.0,90.39
2017-06-03 10:56:43.996401,54.530619,-165.483861,1470.0,90.39,1470.0,90.39
2017-06-03 10:56:44.495602,54.530627,-165.483844,1470.0,90.2,1470.0,90.2
2017-06-03 10:56:44.994802,54.530654,-165.483795,1470.0,91.15,1470.0,90.02
2017-06-03 10:56:45.494003,54.530662,-165.483779,1470.0,91.52,1470.0,90.02
2017-06-03 10:56:45.993204,54.530687,-165.48373,1470.0,90.2,1470.0,91.33
2017-06-03 10:56:46.492405,54.530695,-165.483714,1470.0,90.39,1470.0,90.2
2017-06-03 10:56:46.991606,54.530719,-165.483663,1470.0,91.9,1470.0,90.39
2017-06-03 10:56:47.490807,54.530727,-165.483646,1470.0,90.58,1470.0,91.33
2017-06-03 10:56:47.990007,54.530751,-165.483594,1470.0,90.58,1470.0,90.58
2017-06-03 10:56:48.489208,54.530759,-165.483577,1470.0,90.58,1470.0,90.58
2017-06-03 10:56:48.988411,54.530782,-165.483527,1470.0,90.58,1470.0,90.39
2017-06-03 10:56:49.487610,54.53079,-165.483511,1470.0,90.39,1470.0,90.39
2017-06-03 10:56:49.986813,54.530814,-165.483459,1470.0,90.39,1470.0,91.52
2017-06-03 10:56:50.486012,54.530822,-165.483443,1470.0,90.39,1470.0,90.2
2017-06-03 10:56:50.985214,54.530845,-165.483395,1470.0,91.71,1470.0,90.2
2017-06-03 10:56:51.484413,54.530853,-165.483379,1470.0,90.2,1470.0,90.2
2017-06-03 10:56:51.999216,54.53088,-165.483327,1470.0,90.2,1470.0,90.02
2017-06-03 10:56:52.498415,54.530888,-165.483311,1470.0,90.02,1470.0,89.83
2017-06-03 10:56:52.997618,54.530912,-165.483263,1470.0,90.02,1470.0,89.83
2017-06-03 10:56:53.496819,54.53092,-165.483248,1470.0,90.02,1470.0,89.83
2017-06-03 10:56:53.996019,54.530944,-165.483199,1470.0,91.15,1470.0,91.52
2017-06-03 10:56:54.495220,54.530952,-165.483182,1470.0,90.02,1470.0,89.83
2017-06-03 10:56:54.994421,54.530976,-165.483132,1470.0,90.02,1470.0,90.96
2017-06-03 10:56:55.493622,54.530984,-165.483116,1470.0,90.02,1470.0,90.02
2017-06-03 10:56:55.992823,54.531006,-165.483066,1470.0,90.2,1470.0,90.02
2017-06-03 10:56:56.492023,54.531014,-165.483049,1470.0,90.2,1470.0,90.2
2017-06-03 10:56:56.991224,54.531036,-165.482999,1470.0,90.2,1470.0,90.2
2017-06-03 10:56:57.490425,54.531044,-165.482982,1470.0,90.2,1470.0,90.2
2017-06-03 10:56:57.989626,54.531067,-165.482932,1470.0,90.2,1470.0,90.96
2017-06-03 10:56:58.488827,54.531075,-165.482916,1470.0,91.33,1470.0,90.02
2017-06-03 10:56:58.988028,54.531099,-165.482867,1470.0,91.52,1470.0,91.52
2017-06-03 10:56:59.487228,54.531106,-165.482851,1470.0,91.15,1470.0,91.15
2017-06-03 10:56:59.986429,54.531132,-165.482801,1470.0,90.02,1470.0,91.15
2017-06-03 10:57:00.485630,54.53114,-165.482784,1470.0,91.15,1470.0,90.96
2017-06-03 10:57:00.984831,54.531164,-165.482738,1470.0,90.02,1470.0,89.83
2017-06-03 10:57:01.484032,54.531171,-165.482722,1470.0,90.02,1470.0,89.83
2017-06-03 10:57:01.998833,54.531196,-165.482671,1470.0,90.96,1470.0,89.83
2017-06-03 10:57:02.498034,54.531204,-165.482654,1470.0,89.83,1470.0,89.83
2017-06-03 10:57:02.997234,54.531226,-165.482605,1470.0,89.83,1470.0,90.77
2017-06-03 10:57:03.496435,54.531233,-165.482589,1470.0,90.96,1470.0,89.83
2017-06-03 10:57:03.995636,54.531255,-165.482538,1470.0,89.83,1470.0,89.83
2017-06-03 10:57:04.494839,54.531262,-165.482521,1470.0,89.83,1470.0,89.83
2017-06-03 10:57:04.994038,54.531284,-165.482472,1470.0,89.83,1470.0,90.77
2017-06-03 10:57:05.493240,54.531292,-165.482456,1470.0,90.96,1470.0,91.15
2017-06-03 10:57:05.992439,54.531314,-165.482408,1470.0,90.96,1470.0,89.64
2017-06-03 10:57:06.491640,54.531322,-165.482393,1470.0,90.77,1470.0,89.64
2017-06-03 10:57:06.990841,54.531347,-165.482348,1470.0,89.64,1470.0,89.64
2017-06-03 10:57:07.490042,54.531355,-165.482332,1470.0,90.96,1470.0,89.83
2017-06-03 10:57:07.989243,54.531379,-165.482282,1470.0,89.83,1470.0,89.83
2017-06-03 10:57:08.488443,54.531387,-165.482266,1470.0,91.15,1470.0,90.96
2017-06-03 10:57:08.987644,54.531409,-165.48222,1470.0,90.96,1470.0,91.15
2017-06-03 10:57:09.486845,54.531416,-165.482204,1470.0,90.02,1470.0,90.02
2017-06-03 10:57:09.986048,54.531439,-165.482154,1470.0,91.15,1470.0,89.83
2017-06-03 10:57:10.485247,54.531447,-165.482138,1470.0,89.83,1470.0,89.83
2017-06-03 10:57:10.984449,54.531472,-165.48209,1470.0,90.96,1470.0,89.64
2017-06-03 10:57:11.499249,54.53148,-165.482072,1470.0,91.15,1470.0,89.64
2017-06-03 10:57:11.998451,54.531504,-165.482022,1470.0,91.15,1470.0,89.83
2017-06-03 10:57:12.497650,54.531512,-165.482006,1470.0,90.58,1470.0,89.83
2017-06-03 10:57:12.996853,54.531536,-165.481957,1470.0,91.15,1470.0,91.15
2017-06-03 10:57:13.496052,54.531544,-165.481941,1470.0,90.02,1470.0,91.15
2017-06-03 10:57:13.995255,54.531566,-165.481889,1470.0,90.02,1470.0,91.15
2017-06-03 10:57:14.494455,54.531574,-165.481872,1470.0,91.15,1470.0,89.83
2017-06-03 10:57:14.993656,54.531597,-165.481822,1470.0,89.83,1470.0,89.83
2017-06-03 10:57:15.492857,54.531605,-165.481806,1470.0,90.96,1470.0,89.64
2017-06-03 10:57:15.992058,54.531628,-165.481757,1470.0,90.96,1470.0,90.96
2017-06-03 10:57:16.491259,54.531635,-165.481741,1470.0,90.77,1470.0,89.45
2017-06-03 10:57:16.990459,54.531659,-165.481692,1470.0,90.58,1470.0,89.45
2017-06-03 10:57:17.489660,54.531667,-165.481676,1470.0,90.96,1470.0,90.96
2017-06-03 10:57:17.988861,54.531688,-165.481627,1470.0,89.83,1470.0,89.64
2017-06-03 10:57:18.488062,54.531695,-165.481611,1470.0,91.33,1470.0,89.83
2017-06-03 10:57:18.987263,54.531717,-165.481563,1470.0,89.83,1470.0,90.96
2017-06-03 10:57:19.486464,54.531725,-165.481547,1470.0,89.83,1470.0,90.96
2017-06-03 10:57:19.985664,54.531747,-165.481499,1470.0,90.96,1470.0,89.64
2017-06-03 10:57:20.484865,54.531755,-165.481482,1470.0,89.64,1470.0,89.64
2017-06-03 10:57:20.984066,54.531777,-165.481434,1470.0,90.58,1470.0,90.58
2017-06-03 10:57:21.498867,54.531785,-165.481416,1470.0,89.45,1470.0,89.45
2017-06-03 10:57:21.998068,54.531809,-165.481368,1470.0,89.45,1470.0,89.45
2017-06-03 10:57:22.497269,54.531817,-165.481353,1470.0,89.45,1470.0,89.45
2017-06-03 10:57:22.996469,54.531841,-165.481305,1470.0,89.45,1470.0,90.39
2017-06-03 10:57:23.495670,54.531849,-165.481289,1470.0,89.45,1470.0,90.77
2017-06-03 10:57:23.994871,54.531872,-165.481242,1470.0,89.45,1470.0,90.39
2017-06-03 10:57:24.494074,54.53188,-165.481226,1470.0,89.45,1470.0,89.45
2017-06-03 10:57:24.993273,54.531904,-165.481177,1470.0,90.77,1470.0,90.77
2017-06-03 10:57:25.492476,54.531912,-165.481161,1470.0,90.77,1470.0,90.96
2017-06-03 10:57:25.991674,54.531934,-165.481112,1470.0,89.64,1470.0,89.64
2017-06-03 10:57:26.490877,54.531942,-165.481096,1470.0,89.64,1470.0,89.64
2017-06-03 10:57:26.990076,54.531965,-165.481048,1470.0,89.45,1470.0,89.45
2017-06-03 10:57:27.489277,54.531973,-165.481032,1470.0,89.45,1470.0,89.45
2017-06-03 10:57:27.988478,54.531996,-165.480982,1470.0,89.64,1470.0,89.45
2017-06-03 10:57:28.487679,54.532004,-165.480966,1470.0,90.58,1470.0,89.64
2017-06-03 10:57:28.986879,54.532028,-165.480918,1470.0,89.64,1470.0,89.64
2017-06-03 10:57:29.486080,54.532036,-165.480903,1470.0,89.83,1470.0,89.64
2017-06-03 10:57:29.985283,54.53206,-165.480855,1470.0,89.64,1470.0,89.64
2017-06-03 10:57:30.484482,54.532068,-165.480839,1470.0,89.64,1470.0,89.64
2017-06-03 10:57:30.999285,54.532092,-165.48079,1470.0,90.96,1470.0,89.45
2017-06-03 10:57:31.498484,54.5321,-165.480774,1470.0,89.45,1470.0,89.45
2017-06-03 10:57:31.997686,54.532124,-165.480727,1470.0,89.45,1470.0,89.26
2017-06-03 10:57:32.496885,54.532132,-165.480711,1470.0,90.58,1470.0,90.58
2017-06-03 10:57:32.996088,54.532154,-165.480663,1470.0,90.58,1470.0,89.26
2017-06-03 10:57:33.495287,54.532162,-165.480648,1470.0,89.26,1470.0,90.2
2017-06-03 10:57:33.994490,54.532184,-165.480599,1470.0,90.39,1470.0,90.58
2017-06-03 10:57:34.493689,54.532192,-165.480583,1470.0,90.58,1470.0,89.83
2017-06-03 10:57:34.992891,54.532214,-165.480535,1470.0,89.26,1470.0,90.39
2017-06-03 10:57:35.492092,54.532222,-165.480519,1470.0,89.26,1470.0,90.2
2017-06-03 10:57:35.991293,54.532244,-165.48047,1470.0,90.77,1470.0,90.58
2017-06-03 10:57:36.490494,54.532252,-165.480454,1470.0,89.26,1470.0,89.26
2017-06-03 10:57:36.989695,54.532274,-165.480407,1470.0,89.26,1470.0,89.26
2017-06-03 10:57:37.488895,54.532281,-165.480391,1470.0,89.26,1470.0,89.26
2017-06-03 10:57:37.988096,54.532304,-165.480341,1470.0,89.26,1470.0,90.39
2017-06-03 10:57:38.487297,54.532312,-165.480324,1470.0,89.26,1470.0,89.26
2017-06-03 10:57:38.986498,54.532335,-165.480275,1470.0,90.96,1470.0,89.26
2017-06-03 10:57:39.485699,54.532343,-165.480259,1470.0,89.45,1470.0,90.58
2017-06-03 10:57:39.984900,54.532367,-165.48021,1470.0,90.39,1470.0,89.26
2017-06-03 10:57:40.484100,54.532375,-165.480194,1470.0,90.77,1470.0,89.26
2017-06-03 10:57:40.998901,54.532399,-165.480145,1470.0,89.26,1470.0,89.26
2017-06-03 10:57:41.498102,54.532407,-165.480129,1470.0,89.26,1470.0,89.26
2017-06-03 10:57:41.997303,54.532432,-165.48008,1470.0,89.26,1470.0,89.26
2017-06-03 10:57:42.496504,54.53244,-165.480064,1470.0,89.26,1470.0,89.26
2017-06-03 10:57:42.995705,54.532463,-165.480015,1470.0,89.26,1470.0,90.77
2017-06-03 10:57:43.494905,54.53247,-165.479999,1470.0,90.39,1470.0,90.02
2017-06-03 10:57:43.994106,54.532493,-165.479949,1470.0,90.2,1470.0,89.26
2017-06-03 10:57:44.493309,54.5325,-165.479932,1470.0,90.39,1470.0,89.26
2017-06-03 10:57:44.992508,54.532523,-165.479882,1470.0,90.58,1470.0,89.08
2017-06-03 10:57:45.491711,54.53253,-165.479866,1470.0,90.77,1470.0,90.39
2017-06-03 10:57:45.990910,54.532553,-165.479817,1470.0,89.08,1470.0,89.08
2017-06-03 10:57:46.490112,54.53256,-165.479801,1470.0,89.08,1470.0,89.08
2017-06-03 10:57:46.989311,54.532583,-165.479751,1470.0,89.08,1470.0,90.02
2017-06-03 10:57:47.488514,54.53259,-165.479734,1470.0,88.89,1470.0,88.89
2017-06-03 10:57:47.987713,54.532614,-165.479685,1470.0,88.89,1470.0,88.89
2017-06-03 10:57:48.486914,54.532622,-165.479669,1470.0,88.89,1470.0,89.83
2017-06-03 10:57:48.986115,54.532645,-165.479623,1470.0,88.89,1470.0,90.2
2017-06-03 10:57:49.485315,54.532653,-165.479608,1470.0,88.89,1470.0,88.89
2017-06-03 10:57:49.984518,54.532677,-165.47956,1470.0,90.02,1470.0,88.7
2017-06-03 10:57:50.499317,54.532685,-165.479543,1470.0,88.7,1470.0,90.02
2017-06-03 10:57:50.998520,54.532709,-165.479494,1470.0,89.64,1470.0,88.51
2017-06-03 10:57:51.497719,54.532717,-165.479478,1470.0,88.51,1470.0,88.51
2017-06-03 10:57:51.996922,54.532741,-165.479429,1470.0,88.7,1470.0,88.7
2017-06-03 10:57:52.496120,54.532749,-165.479412,1470.0,90.02,1470.0,88.7
2017-06-03 10:57:52.995323,54.532771,-165.479362,1470.0,88.89,1470.0,88.89
2017-06-03 10:57:53.494522,54.532778,-165.479346,1470.0,90.02,1470.0,89.08
2017-06-03 10:57:53.993725,54.5328,-165.479296,1470.0,89.08,1470.0,90.2
2017-06-03 10:57:54.492924,54.532807,-165.479279,1470.0,89.08,1470.0,90.2
2017-06-03 10:57:54.992126,54.53283,-165.47923,1470.0,90.02,1470.0,90.2
2017-06-03 10:57:55.491327,54.532838,-165.479214,1470.0,89.08,1470.0,88.89
2017-06-03 10:57:55.990528,54.532864,-165.479165,1470.0,89.83,1470.0,88.89
2017-06-03 10:57:56.489729,54.532872,-165.479149,1470.0,90.2,1470.0,88.89
2017-06-03 10:57:56.988930,54.532895,-165.479103,1470.0,88.89,1470.0,90.02
2017-06-03 10:57:57.488131,54.532903,-165.479088,1470.0,90.2,1470.0,88.7
2017-06-03 10:57:57.987331,54.532929,-165.47904,1470.0,88.7,1470.0,88.7
2017-06-03 10:57:58.486532,54.532937,-165.479024,1470.0,88.7,1470.0,90.2
2017-06-03 10:57:58.985733,54.53296,-165.478977,1470.0,88.7,1470.0,89.83
2017-06-03 10:57:59.484934,54.532968,-165.478961,1470.0,88.7,1470.0,89.64
2017-06-03 10:57:59.984135,54.532992,-165.478912,1470.0,88.7,1470.0,88.7
2017-06-03 10:58:00.498936,54.533,-165.478894,1470.0,88.7,1470.0,89.83
2017-06-03 10:58:00.998137,54.533024,-165.478843,1470.0,88.7,1470.0,88.7
2017-06-03 10:58:01.497337,54.533032,-165.478826,1470.0,88.89,1470.0,90.02
2017-06-03 10:58:01.996538,54.533054,-165.478776,1470.0,90.58,1470.0,90.39
2017-06-03 10:58:02.495739,54.533062,-165.478759,1470.0,89.26,1470.0,89.08
2017-06-03 10:58:02.994940,54.533086,-165.478708,1470.0,89.26,1470.0,90.2
2017-06-03 10:58:03.494141,54.533094,-165.478691,1470.0,90.02,1470.0,89.26
2017-06-03 10:58:03.993341,54.533117,-165.478641,1470.0,89.08,1470.0,90.77
2017-06-03 10:58:04.492542,54.533125,-165.478624,1470.0,88.89,1470.0,88.89
2017-06-03 10:58:04.991743,54.533151,-165.478577,1470.0,88.7,1470.0,88.7
2017-06-03 10:58:05.490944,54.533159,-165.478561,1470.0,88.7,1470.0,89.08
2017-06-03 10:58:05.990145,54.533185,-165.478515,1470.0,90.02,1470.0,88.51
2017-06-03 10:58:06.489347,54.533194,-165.478499,1470.0,90.02,1470.0,88.7
2017-06-03 10:58:06.988546,54.533218,-165.478453,1470.0,88.7,1470.0,88.51
2017-06-03 10:58:07.487749,54.533226,-165.478437,1470.0,90.02,1470.0,88.7
2017-06-03 10:58:07.986948,54.533251,-165.478386,1470.0,88.7,1470.0,88.7
2017-06-03 10:58:08.486151,54.533258,-165.478369,1470.0,90.02,1470.0,88.7
2017-06-03 10:58:08.985350,54.533278,-165.47832,1470.0,88.89,1470.0,88.89
2017-06-03 10:58:09.484550,54.533285,-165.478304,1470.0,90.2,1470.0,88.89
2017-06-03 10:58:09.999353,54.533308,-165.478251,1470.0,88.89,1470.0,88.89
2017-06-03 10:58:10.498552,54.533315,-165.478234,1470.0,88.89,1470.0,88.89
2017-06-03 10:58:10.997755,54.533338,-165.478184,1470.0,88.89,1470.0,88.7
2017-06-03 10:58:11.496954,54.533345,-165.478168,1470.0,88.7,1470.0,89.64
2017-06-03 10:58:11.996157,54.533371,-165.47812,1470.0,88.7,1470.0,89.83
2017-06-03 10:58:12.495356,54.533379,-165.478104,1470.0,89.83,1470.0,88.51
2017-06-03 10:58:12.994558,54.533404,-165.478057,1470.0,88.7,1470.0,89.83
2017-06-03 10:58:13.493757,54.533412,-165.478041,1470.0,88.7,1470.0,88.7
2017-06-03 10:58:13.992960,54.533437,-165.477995,1470.0,88.7,1470.0,88.7
2017-06-03 10:58:14.492159,54.533445,-165.477979,1470.0,88.7,1470.0,88.7
2017-06-03 10:58:14.991362,54.53347,-165.477932,1470.0,89.83,1470.0,88.51
2017-06-03 10:58:15.490562,54.533478,-165.477916,1470.0,88.51,1470.0,89.26
2017-06-03 10:58:15.989763,54.533502,-165.477864,1470.0,89.83,1470.0,88.51
2017-06-03 10:58:16.488964,54.53351,-165.477848,1470.0,88.51,1470.0,88.51
2017-06-03 10:58:16.988165,54.533534,-165.477799,1470.0,89.83,1470.0,89.45
2017-06-03 10:58:17.487366,54.533541,-165.477782,1470.0,88.7,1470.0,88.7
2017-06-03 10:58:17.986567,54.533564,-165.477731,1470.0,88.7,1470.0,90.02
2017-06-03 10:58:18.485767,54.533571,-165.477714,1470.0,88.7,1470.0,88.7
2017-06-03 10:58:18.984968,54.533595,-165.477664,1470.0,88.7,1470.0,88.7
2017-06-03 10:58:19.484169,54.533603,-165.477647,1470.0,88.7,1470.0,88.7
2017-06-03 10:58:19.998968,54.533628,-165.477594,1470.0,88.7,1470.0,88.7
2017-06-03 10:58:20.498171,54.533636,-165.477578,1470.0,88.7,1470.0,88.7
2017-06-03 10:58:20.997372,54.533661,-165.47753,1470.0,88.51,1470.0,89.45
2017-06-03 10:58:21.496572,54.533669,-165.477514,1470.0,88.32,1470.0,88.32
2017-06-03 10:58:21.995773,54.533695,-165.477465,1470.0,89.64,1470.0,89.64
2017-06-03 10:58:22.494974,54.533704,-165.477449,1470.0,89.45,1470.0,88.14
2017-06-03 10:58:22.994175,54.533729,-165.477402,1470.0,88.32,1470.0,89.64
2017-06-03 10:58:23.493376,54.533737,-165.477386,1470.0,88.51,1470.0,89.83
2017-06-03 10:58:23.992577,54.533761,-165.477338,1470.0,89.64,1470.0,88.51
2017-06-03 10:58:24.491777,54.533769,-165.477323,1470.0,88.51,1470.0,88.89
2017-06-03 10:58:24.990978,54.533792,-165.477274,1470.0,88.51,1470.0,89.64
2017-06-03 10:58:25.490179,54.5338,-165.477257,1470.0,89.83,1470.0,88.32
2017-06-03 10:58:25.989380,54.533824,-165.477205,1470.0,88.32,1470.0,89.83
2017-06-03 10:58:26.488583,54.533832,-165.477188,1470.0,88.32,1470.0,89.64
2017-06-03 10:58:26.987782,54.533855,-165.47714,1470.0,88.32,1470.0,88.32
2017-06-03 10:58:27.486984,54.533863,-165.477124,1470.0,88.51,1470.0,88.51
2017-06-03 10:58:27.986183,54.533887,-165.477075,1470.0,88.7,1470.0,88.51
2017-06-03 10:58:28.485386,54.533895,-165.477059,1470.0,90.02,1470.0,88.7
2017-06-03 10:58:28.984585,54.53392,-165.477009,1470.0,88.7,1470.0,88.7
2017-06-03 10:58:29.483788,54.533928,-165.476992,1470.0,90.2,1470.0,88.7
2017-06-03 10:58:29.998587,54.533954,-165.476942,1470.0,89.83,1470.0,89.83
2017-06-03 10:58:30.497787,54.533962,-165.476926,1470.0,89.64,1470.0,88.51
2017-06-03 10:58:30.996988,54.533986,-165.476877,1470.0,88.51,1470.0,88.51
2017-06-03 10:58:31.496189,54.533994,-165.476861,1470.0,89.45,1470.0,88.51
2017-06-03 10:58:31.995392,54.53402,-165.476812,1470.0,89.45,1470.0,89.83
2017-06-03 10:58:32.494591,54.534029,-165.476796,1470.0,88.51,1470.0,88.51
2017-06-03 10:58:32.993793,54.534054,-165.476747,1470.0,88.51,1470.0,88.51
2017-06-03 10:58:33.492992,54.534062,-165.476731,1470.0,89.26,1470.0,89.64
2017-06-03 10:58:33.992195,54.534086,-165.476682,1470.0,88.7,1470.0,88.7
2017-06-03 10:58:34.491394,54.534094,-165.476666,1470.0,90.02,1470.0,88.89
2017-06-03 10:58:34.990597,54.534117,-165.476616,1470.0,88.89,1470.0,90.02
2017-06-03 10:58:35.489796,54.534125,-165.476599,1470.0,88.89,1470.0,88.89
2017-06-03 10:58:35.988998,54.534149,-165.476546,1470.0,88.89,1470.0,88.89
2017-06-03 10:58:36.488199,54.534157,-165.476529,1470.0,88.89,1470.0,90.02
2017-06-03 10:58:36.987400,54.534179,-165.476482,1470.0,89.83,1470.0,89.64
2017-06-03 10:58:37.486601,54.534186,-165.476466,1470.0,88.89,1470.0,88.7
2017-06-03 10:58:37.985802,54.53421,-165.476418,1470.0,89.83,1470.0,88.7
2017-06-03 10:58:38.485003,54.534218,-165.476403,1470.0,88.51,1470.0,88.7
2017-06-03 10:58:38.984203,54.534243,-165.476355,1470.0,89.45,1470.0,89.26
2017-06-03 10:58:39.499004,54.534252,-165.476338,1470.0,88.14,1470.0,89.08
2017-06-03 10:58:39.998203,54.534279,-165.476291,1470.0,88.14,1470.0,87.95
2017-06-03 10:58:40.497406,54.534287,-165.476276,1470.0,87.95,1470.0,87.95
2017-06-03 10:58:40.996607,54.534311,-165.476228,1470.0,89.26,1470.0,87.95
2017-06-03 10:58:41.495808,54.534319,-165.476212,1470.0,89.45,1470.0,89.45
2017-06-03 10:58:41.995008,54.534341,-165.476162,1470.0,89.45,1470.0,88.32
2017-06-03 10:58:42.494209,54.534349,-165.476146,1470.0,88.7,1470.0,88.89
2017-06-03 10:58:42.993410,54.534371,-165.476093,1470.0,88.89,1470.0,88.89
2017-06-03 10:58:43.492611,54.534379,-165.476076,1470.0,89.08,1470.0,88.89
2017-06-03 10:58:43.991812,54.534401,-165.476024,1470.0,88.89,1470.0,88.89
2017-06-03 10:58:44.491013,54.534409,-165.476007,1470.0,88.89,1470.0,88.7
2017-06-03 10:58:44.990213,54.534432,-165.475956,1470.0,88.7,1470.0,89.64
2017-06-03 10:58:45.489414,54.53444,-165.475939,1470.0,88.51,1470.0,88.51
2017-06-03 10:58:45.988615,54.534465,-165.475889,1470.0,88.51,1470.0,88.32
2017-06-03 10:58:46.487818,54.534474,-165.475873,1470.0,89.45,1470.0,88.32
2017-06-03 10:58:46.987017,54.534498,-165.475826,1470.0,88.51,1470.0,89.45
2017-06-03 10:58:47.486219,54.534506,-165.475811,1470.0,88.51,1470.0,88.51
2017-06-03 10:58:47.985418,54.534531,-165.475766,1470.0,89.64,1470.0,88.32
2017-06-03 10:58:48.484621,54.53454,-165.475751,1470.0,89.64,1470.0,88.14
2017-06-03 10:58:48.983820,54.534565,-165.475703,1470.0,88.14,1470.0,87.95
2017-06-03 10:58:49.498621,54.534574,-165.475686,1470.0,87.95,1470.0,89.08
2017-06-03 10:58:49.997822,54.534596,-165.475638,1470.0,87.95,1470.0,88.89
2017-06-03 10:58:50.497023,54.534603,-165.475622,1470.0,89.26,1470.0,89.26
2017-06-03 10:58:50.996223,54.534625,-165.475572,1470.0,89.26,1470.0,89.64
2017-06-03 10:58:51.495424,54.534632,-165.475556,1470.0,88.51,1470.0,88.51
2017-06-03 10:58:51.994627,54.534654,-165.475506,1470.0,88.51,1470.0,88.51
2017-06-03 10:58:52.493826,54.534662,-165.475489,1470.0,88.7,1470.0,88.51
2017-06-03 10:58:52.993029,54.534684,-165.475438,1470.0,90.02,1470.0,88.51
2017-06-03 10:58:53.492228,54.534692,-165.475421,1470.0,88.32,1470.0,88.32
2017-06-03 10:58:53.991430,54.534716,-165.475372,1470.0,88.32,1470.0,88.14
2017-06-03 10:58:54.490629,54.534724,-165.475356,1470.0,88.14,1470.0,88.14
2017-06-03 10:58:54.989832,54.53475,-165.47531,1470.0,88.14,1470.0,89.64
2017-06-03 10:58:55.489031,54.534758,-165.475294,1470.0,88.14,1470.0,88.14
2017-06-03 10:58:55.988234,54.534785,-165.475247,1470.0,88.14,1470.0,88.14
2017-06-03 10:58:56.487432,54.534794,-165.475231,1470.0,88.14,1470.0,88.14
2017-06-03 10:58:56.986635,54.534818,-165.475185,1470.0,88.14,1470.0,87.95
2017-06-03 10:58:57.485836,54.534826,-165.475169,1470.0,89.26,1470.0,87.95
2017-06-03 10:58:57.985037,54.534852,-165.475119,1470.0,88.14,1470.0,89.26
2017-06-03 10:58:58.484238,54.53486,-165.475103,1470.0,89.26,1470.0,88.14
2017-06-03 10:58:58.999039,54.534883,-165.475052,1470.0,89.83,1470.0,88.14
2017-06-03 10:58:59.498240,54.53489,-165.475036,1470.0,88.32,1470.0,88.32
2017-06-03 10:58:59.997440,54.534913,-165.474986,1470.0,88.32,1470.0,88.32
2017-06-03 10:59:00.496641,54.53492,-165.474969,1470.0,88.51,1470.0,89.64
2017-06-03 10:59:00.995840,54.534944,-165.474919,1470.0,88.32,1470.0,88.32
2017-06-03 10:59:01.495043,54.534952,-165.474903,1470.0,88.32,1470.0,88.32
2017-06-03 10:59:01.994244,54.534976,-165.474854,1470.0,90.02,1470.0,88.32
2017-06-03 10:59:02.493444,54.534984,-165.474838,1470.0,89.45,1470.0,88.14
2017-06-03 10:59:02.992645,54.535009,-165.47479,1470.0,88.32,1470.0,88.14
2017-06-03 10:59:03.491846,54.535017,-165.474774,1470.0,88.32,1470.0,88.14
2017-06-03 10:59:03.991047,54.535042,-165.474728,1470.0,89.45,1470.0,88.14
2017-06-03 10:59:04.490248,54.53505,-165.474713,1470.0,89.83,1470.0,88.32
2017-06-03 10:59:04.989449,54.535074,-165.474666,1470.0,88.14,1470.0,88.14
2017-06-03 10:59:05.488649,54.535081,-165.474651,1470.0,89.08,1470.0,87.95
2017-06-03 10:59:05.987850,54.535106,-165.474601,1470.0,87.95,1470.0,87.95
2017-06-03 10:59:06.487053,54.535114,-165.474584,1470.0,87.95,1470.0,89.26
2017-06-03 10:59:06.986252,54.535137,-165.474537,1470.0,87.95,1470.0,87.95
2017-06-03 10:59:07.485455,54.535144,-165.474521,1470.0,88.14,1470.0,87.95
2017-06-03 10:59:07.984653,54.535166,-165.474468,1470.0,89.64,1470.0,88.14
2017-06-03 10:59:08.483856,54.535173,-165.474451,1470.0,88.32,1470.0,88.32
2017-06-03 10:59:08.998655,54.535196,-165.474398,1470.0,88.51,1470.0,88.89
2017-06-03 10:59:09.497856,54.535204,-165.474381,1470.0,88.51,1470.0,88.51
2017-06-03 10:59:09.997057,54.535226,-165.474328,1470.0,88.51,1470.0,88.51
2017-06-03 10:59:10.496258,54.535234,-165.474311,1470.0,88.32,1470.0,88.32
2017-06-03 10:59:10.995459,54.535257,-165.474259,1470.0,88.32,1470.0,90.02
2017-06-03 10:59:11.494659,54.535265,-165.474243,1470.0,88.32,1470.0,88.14
2017-06-03 10:59:11.993862,54.535291,-165.474194,1470.0,89.64,1470.0,89.26
2017-06-03 10:59:12.493061,54.535299,-165.474178,1470.0,89.64,1470.0,88.32
2017-06-03 10:59:12.992264,54.535325,-165.474131,1470.0,88.32,1470.0,88.32
2017-06-03 10:59:13.491463,54.535333,-165.474116,1470.0,89.64,1470.0,89.26
2017-06-03 10:59:13.990665,54.535359,-165.474067,1470.0,89.64,1470.0,88.32
2017-06-03 10:59:14.489864,54.535367,-165.474051,1470.0,89.45,1470.0,88.32
2017-06-03 10:59:14.989067,54.53539,-165.474005,1470.0,89.64,1470.0,88.14
2017-06-03 10:59:15.488266,54.535398,-165.473989,1470.0,88.14,1470.0,88.14
2017-06-03 10:59:15.987469,54.535421,-165.473939,1470.0,89.26,1470.0,88.14
2017-06-03 10:59:16.486668,54.535428,-165.473923,1470.0,88.14,1470.0,87.95
2017-06-03 10:59:16.985870,54.535451,-165.473874,1470.0,89.26,1470.0,87.95
2017-06-03 10:59:17.485071,54.535458,-165.473857,1470.0,88.14,1470.0,87.95
2017-06-03 10:59:17.984272,54.535479,-165.473809,1470.0,88.14,1470.0,88.14
2017-06-03 10:59:18.499073,54.535487,-165.473791,1470.0,89.64,1470.0,88.14
2017-06-03 10:59:18.998274,54.535509,-165.473742,1470.0,88.14,1470.0,88.14
2017-06-03 10:59:19.497475,54.535517,-165.473726,1470.0,88.14,1470.0,88.14
2017-06-03 10:59:19.996675,54.535542,-165.473678,1470.0,89.45,1470.0,87.95
2017-06-03 10:59:20.495876,54.53555,-165.473663,1470.0,89.45,1470.0,87.95
2017-06-03 10:59:20.995077,54.535576,-165.473615,1470.0,88.14,1470.0,88.14
2017-06-03 10:59:21.494278,54.535584,-165.473599,1470.0,88.14,1470.0,88.14
2017-06-03 10:59:21.993477,54.535609,-165.473549,1470.0,88.7,1470.0,88.14
2017-06-03 10:59:22.492680,54.535617,-165.473533,1470.0,88.32,1470.0,89.26
2017-06-03 10:59:22.991880,54.535642,-165.473484,1470.0,88.32,1470.0,89.26
2017-06-03 10:59:23.491081,54.53565,-165.473467,1470.0,88.32,1470.0,88.32
2017-06-03 10:59:23.990282,54.535674,-165.473415,1470.0,88.32,1470.0,88.89
2017-06-03 10:59:24.489483,54.535682,-165.473397,1470.0,88.32,1470.0,88.32
2017-06-03 10:59:24.988684,54.535705,-165.473347,1470.0,88.32,1470.0,88.32
2017-06-03 10:59:25.487885,54.535713,-165.473331,1470.0,88.51,1470.0,88.32
2017-06-03 10:59:25.987085,54.535736,-165.473278,1470.0,88.51,1470.0,88.32
2017-06-03 10:59:26.486286,54.535744,-165.473261,1470.0,88.51,1470.0,88.32
2017-06-03 10:59:26.985487,54.535767,-165.473212,1470.0,88.32,1470.0,89.45
2017-06-03 10:59:27.484688,54.535775,-165.473196,1470.0,88.14,1470.0,89.45
2017-06-03 10:59:27.983889,54.535798,-165.473148,1470.0,87.95,1470.0,88.89
2017-06-03 10:59:28.498692,54.535807,-165.473131,1470.0,87.76,1470.0,87.76
2017-06-03 10:59:28.997890,54.535832,-165.473085,1470.0,87.76,1470.0,87.57
2017-06-03 10:59:29.497091,54.53584,-165.473069,1470.0,88.14,1470.0,87.57
2017-06-03 10:59:29.996292,54.535864,-165.473023,1470.0,88.89,1470.0,89.08
2017-06-03 10:59:30.495493,54.535872,-165.473008,1470.0,87.57,1470.0,87.57
2017-06-03 10:59:30.994694,54.535894,-165.47296,1470.0,87.57,1470.0,88.14
2017-06-03 10:59:31.493895,54.535902,-165.472944,1470.0,87.57,1470.0,87.57
2017-06-03 10:59:31.993097,54.535924,-165.472894,1470.0,87.76,1470.0,87.57
2017-06-03 10:59:32.492296,54.535932,-165.472877,1470.0,87.76,1470.0,87.76
2017-06-03 10:59:32.991499,54.535953,-165.472827,1470.0,88.14,1470.0,87.95
2017-06-03 10:59:33.490698,54.53596,-165.472811,1470.0,88.14,1470.0,88.14
2017-06-03 10:59:33.989901,54.535983,-165.472757,1470.0,88.32,1470.0,88.14
2017-06-03 10:59:34.489100,54.53599,-165.472739,1470.0,88.14,1470.0,88.14
2017-06-03 10:59:34.988302,54.536012,-165.472689,1470.0,88.14,1470.0,88.14
2017-06-03 10:59:35.487501,54.53602,-165.472672,1470.0,88.14,1470.0,88.14
2017-06-03 10:59:35.986704,54.536045,-165.472621,1470.0,88.14,1470.0,87.95
2017-06-03 10:59:36.485903,54.536053,-165.472604,1470.0,88.51,1470.0,87.95
2017-06-03 10:59:36.985106,54.536079,-165.472555,1470.0,87.95,1470.0,87.95
2017-06-03 10:59:37.484306,54.536088,-165.472539,1470.0,87.95,1470.0,87.76
2017-06-03 10:59:37.999107,54.536114,-165.47249,1470.0,87.95,1470.0,87.76
2017-06-03 10:59:38.498308,54.536122,-165.472474,1470.0,87.95,1470.0,87.95
2017-06-03 10:59:38.997509,54.536146,-165.472425,1470.0,87.95,1470.0,87.95
2017-06-03 10:59:39.496710,54.536154,-165.472409,1470.0,87.95,1470.0,87.95
2017-06-03 10:59:39.995911,54.536177,-165.47236,1470.0,89.08,1470.0,88.89
2017-06-03 10:59:40.495111,54.536185,-165.472344,1470.0,87.95,1470.0,87.95
2017-06-03 10:59:40.994312,54.536205,-165.472295,1470.0,88.89,1470.0,89.08
2017-06-03 10:59:41.493513,54.536212,-165.472279,1470.0,89.64,1470.0,89.26
2017-06-03 10:59:41.992714,54.536233,-165.472229,1470.0,89.64,1470.0,87.76
2017-06-03 10:59:42.491915,54.53624,-165.472213,1470.0,87.76,1470.0,87.76
2017-06-03 10:59:42.991116,54.536262,-165.472166,1470.0,87.76,1470.0,87.76
2017-06-03 10:59:43.490316,54.53627,-165.472151,1470.0,87.57,1470.0,87.57
2017-06-03 10:59:43.989517,54.536293,-165.472101,1470.0,87.57,1470.0,89.08
2017-06-03 10:59:44.488718,54.5363,-165.472084,1470.0,88.7,1470.0,87.38
2017-06-03 10:59:44.987919,54.536325,-165.472038,1470.0,87.57,1470.0,87.38
2017-06-03 10:59:45.487120,54.536333,-165.472022,1470.0,87.57,1470.0,88.32
2017-06-03 10:59:45.986320,54.536358,-165.471974,1470.0,87.76,1470.0,87.76
2017-06-03 10:59:46.485521,54.536366,-165.471957,1470.0,87.95,1470.0,88.7
2017-06-03 10:59:46.984722,54.536389,-165.471906,1470.0,89.26,1470.0,89.45
2017-06-03 10:59:47.483923,54.536396,-165.471889,1470.0,89.83,1470.0,89.08
2017-06-03 10:59:47.998724,54.536421,-165.471836,1470.0,87.95,1470.0,87.95
2017-06-03 10:59:48.497927,54.536429,-165.471819,1470.0,87.95,1470.0,89.26
2017-06-03 10:59:48.997126,54.536452,-165.471766,1470.0,87.76,1470.0,88.7
2017-06-03 10:59:49.496328,54.53646,-165.471749,1470.0,87.57,1470.0,89.08
2017-06-03 10:59:49.995527,54.536484,-165.471699,1470.0,87.57,1470.0,88.14
2017-06-03 10:59:50.494728,54.536492,-165.471683,1470.0,88.7,1470.0,87.57
2017-06-03 10:59:50.993929,54.536517,-165.471635,1470.0,87.57,1470.0,87.76
2017-06-03 10:59:51.493130,54.536525,-165.471619,1470.0,87.57,1470.0,87.57
2017-06-03 10:59:51.992331,54.536551,-165.471572,1470.0,88.7,1470.0,87.38
2017-06-03 10:59:52.491531,54.536559,-165.471556,1470.0,88.32,1470.0,87.38
2017-06-03 10:59:52.990732,54.536581,-165.471509,1470.0,87.38,1470.0,87.38
2017-06-03 10:59:53.489933,54.536589,-165.471493,1470.0,87.38,1470.0,88.51
2017-06-03 10:59:53.989136,54.536611,-165.471445,1470.0,88.51,1470.0,87.38
2017-06-03 10:59:54.488335,54.536618,-165.471429,1470.0,87.57,1470.0,88.32
2017-06-03 10:59:54.987537,54.536641,-165.471382,1470.0,87.57,1470.0,88.51
2017-06-03 10:59:55.486736,54.536648,-165.471366,1470.0,87.57,1470.0,87.57
2017-06-03 10:59:55.985939,54.536669,-165.471316,1470.0,88.7,1470.0,88.7
2017-06-03 10:59:56.485138,54.536676,-165.471299,1470.0,87.76,1470.0,87.57
2017-06-03 10:59:56.984341,54.536699,-165.471249,1470.0,87.95,1470.0,87.76
2017-06-03 10:59:57.499142,54.536707,-165.471231,1470.0,87.76,1470.0,87.76
2017-06-03 10:59:57.998343,54.536731,-165.471181,1470.0,89.08,1470.0,87.76
2017-06-03 10:59:58.497543,54.536739,-165.471164,1470.0,88.89,1470.0,88.89
2017-06-03 10:59:58.996744,54.536762,-165.471115,1470.0,87.95,1470.0,87.76
2017-06-03 10:59:59.495945,54.53677,-165.471099,1470.0,87.76,1470.0,87.76
2017-06-03 10:59:59.995146,54.536796,-165.47105,1470.0,87.76,1470.0,88.7
2017-06-03 11:00:00.494347,54.536804,-165.471034,1470.0,87.76,1470.0,87.57
2017-06-03 11:00:00.993547,54.536829,-165.470985,1470.0,88.89,1470.0,89.26
2017-06-03 11:00:01.492748,54.536837,-165.470969,1470.0,88.7,1470.0,87.57
2017-06-03 11:00:01.991949,54.536862,-165.470922,1470.0,89.08,1470.0,87.57
2017-06-03 11:00:02.491150,54.53687,-165.470906,1470.0,89.08,1470.0,87.57
2017-06-03 11:00:02.990351,54.536894,-165.470858,1470.0,87.76,1470.0,87.57
2017-06-03 11:00:03.489552,54.536901,-165.470842,1470.0,87.76,1470.0,87.76
2017-06-03 11:00:03.988752,54.536924,-165.47079,1470.0,87.76,1470.0,87.76
2017-06-03 11:00:04.487953,54.536932,-165.470773,1470.0,88.7,1470.0,87.95
2017-06-03 11:00:04.987154,54.536954,-165.470724,1470.0,87.95,1470.0,88.89
2017-06-03 11:00:05.486355,54.536961,-165.470707,1470.0,87.95,1470.0,87.95
2017-06-03 11:00:05.985556,54.536984,-165.470659,1470.0,89.08,1470.0,89.08
2017-06-03 11:00:06.484756,54.536991,-165.470642,1470.0,87.95,1470.0,87.76
2017-06-03 11:00:06.983957,54.537014,-165.470594,1470.0,87.76,1470.0,87.76
2017-06-03 11:00:07.498758,54.537022,-165.470576,1470.0,87.76,1470.0,87.76
2017-06-03 11:00:07.997959,54.537046,-165.470528,1470.0,87.76,1470.0,87.76
2017-06-03 11:00:08.497162,54.537054,-165.470513,1470.0,87.76,1470.0,87.76
2017-06-03 11:00:08.996361,54.53708,-165.470465,1470.0,87.76,1470.0,88.89
2017-06-03 11:00:09.495564,54.537089,-165.470449,1470.0,88.7,1470.0,87.57
2017-06-03 11:00:09.994762,54.537111,-165.4704,1470.0,89.08,1470.0,87.57
2017-06-03 11:00:10.493965,54.537119,-165.470384,1470.0,88.7,1470.0,88.89
2017-06-03 11:00:10.993164,54.537144,-165.470334,1470.0,87.76,1470.0,87.76
2017-06-03 11:00:11.492365,54.537152,-165.470317,1470.0,88.89,1470.0,87.76
2017-06-03 11:00:11.991566,54.537173,-165.470266,1470.0,89.26,1470.0,88.89
2017-06-03 11:00:12.490767,54.53718,-165.470249,1470.0,89.26,1470.0,87.76
2017-06-03 11:00:12.989967,54.537202,-165.470199,1470.0,88.7,1470.0,87.76
2017-06-03 11:00:13.489168,54.53721,-165.470182,1470.0,87.95,1470.0,87.76
2017-06-03 11:00:13.988371,54.537233,-165.47013,1470.0,89.26,1470.0,87.76
2017-06-03 11:00:14.487570,54.53724,-165.470113,1470.0,88.7,1470.0,88.7
2017-06-03 11:00:14.986773,54.537264,-165.470065,1470.0,88.7,1470.0,87.76
2017-06-03 11:00:15.485971,54.537271,-165.470049,1470.0,87.76,1470.0,87.57
2017-06-03 11:00:15.985174,54.537295,-165.469999,1470.0,88.7,1470.0,87.57
2017-06-03 11:00:16.484373,54.537303,-165.469982,1470.0,88.7,1470.0,87.57
2017-06-03 11:00:16.999176,54.537327,-165.469932,1470.0,87.57,1470.0,87.57
2017-06-03 11:00:17.498375,54.537335,-165.469916,1470.0,88.14,1470.0,87.76
2017-06-03 11:00:17.997578,54.537359,-165.469867,1470.0,88.7,1470.0,88.7
2017-06-03 11:00:18.496777,54.537367,-165.469851,1470.0,87.76,1470.0,88.89
2017-06-03 11:00:18.995979,54.537391,-165.469801,1470.0,88.89,1470.0,87.76
2017-06-03 11:00:19.495180,54.537399,-165.469784,1470.0,89.08,1470.0,87.76
2017-06-03 11:00:19.994381,54.537422,-165.469734,1470.0,89.08,1470.0,87.76
2017-06-03 11:00:20.493582,54.53743,-165.469717,1470.0,87.76,1470.0,88.7
2017-06-03 11:00:20.992783,54.537453,-165.469667,1470.0,87.57,1470.0,87.57
2017-06-03 11:00:21.491983,54.53746,-165.469651,1470.0,87.57,1470.0,88.89
2017-06-03 11:00:21.991184,54.537483,-165.469603,1470.0,87.57,1470.0,88.89
2017-06-03 11:00:22.490385,54.53749,-165.469588,1470.0,87.57,1470.0,87.76
2017-06-03 11:00:22.989586,54.537514,-165.46954,1470.0,87.57,1470.0,88.51
2017-06-03 11:00:23.488787,54.537521,-165.469524,1470.0,87.38,1470.0,87.38
2017-06-03 11:00:23.987988,54.537544,-165.469475,1470.0,87.38,1470.0,87.38
2017-06-03 11:00:24.487188,54.537551,-165.469459,1470.0,87.38,1470.0,87.38
2017-06-03 11:00:24.986389,54.537574,-165.46941,1470.0,88.7,1470.0,88.89
2017-06-03 11:00:25.485590,54.537581,-165.469394,1470.0,88.7,1470.0,88.51
2017-06-03 11:00:25.984791,54.537605,-165.469344,1470.0,87.57,1470.0,88.89
2017-06-03 11:00:26.483992,54.537613,-165.469327,1470.0,87.57,1470.0,87.57
2017-06-03 11:00:26.998793,54.537636,-165.469276,1470.0,88.89,1470.0,87.57
2017-06-03 11:00:27.497993,54.537644,-165.469259,1470.0,87.57,1470.0,87.38
2017-06-03 11:00:27.997194,54.537667,-165.469209,1470.0,87.38,1470.0,87.38
2017-06-03 11:00:28.496397,54.537675,-165.469193,1470.0,87.38,1470.0,87.38
2017-06-03 11:00:28.995596,54.537701,-165.469144,1470.0,89.08,1470.0,88.7
2017-06-03 11:00:29.494799,54.537709,-165.469128,1470.0,87.57,1470.0,87.57
2017-06-03 11:00:29.993998,54.537732,-165.469079,1470.0,89.08,1470.0,87.57
2017-06-03 11:00:30.493200,54.53774,-165.469063,1470.0,87.57,1470.0,87.57
2017-06-03 11:00:30.992399,54.537764,-165.469014,1470.0,87.57,1470.0,88.7
2017-06-03 11:00:31.491602,54.537771,-165.468997,1470.0,88.51,1470.0,88.32
2017-06-03 11:00:31.990801,54.537796,-165.468949,1470.0,88.7,1470.0,88.7
2017-06-03 11:00:32.490002,54.537803,-165.468933,1470.0,87.57,1470.0,87.38
2017-06-03 11:00:32.989202,54.537826,-165.468886,1470.0,87.38,1470.0,87.38
2017-06-03 11:00:33.488403,54.537833,-165.468871,1470.0,88.51,1470.0,87.38
2017-06-03 11:00:33.987606,54.537857,-165.468822,1470.0,87.38,1470.0,87.19
2017-06-03 11:00:34.486805,54.537865,-165.468806,1470.0,88.14,1470.0,87.19
2017-06-03 11:00:34.986008,54.537887,-165.468758,1470.0,88.32,1470.0,87.19
2017-06-03 11:00:35.485207,54.537895,-165.468742,1470.0,88.32,1470.0,88.32
2017-06-03 11:00:35.984409,54.537918,-165.468694,1470.0,88.32,1470.0,87.19
2017-06-03 11:00:36.499208,54.537927,-165.468676,1470.0,87.19,1470.0,87.19
2017-06-03 11:00:36.998411,54.537949,-165.468627,1470.0,87.95,1470.0,87.38
2017-06-03 11:00:37.497610,54.537957,-165.468611,1470.0,87.38,1470.0,87.38
2017-06-03 11:00:37.996813,54.537981,-165.468562,1470.0,87.57,1470.0,88.89
2017-06-03 11:00:38.496012,54.537989,-165.468546,1470.0,87.57,1470.0,87.57
2017-06-03 11:00:38.995214,54.538011,-165.468496,1470.0,87.57,1470.0,87.57
2017-06-03 11:00:39.494415,54.538019,-165.468479,1470.0,87.57,1470.0,87.57
2017-06-03 11:00:39.993616,54.538044,-165.468429,1470.0,88.51,1470.0,87.38
2017-06-03 11:00:40.492817,54.538052,-165.468413,1470.0,87.38,1470.0,87.38
2017-06-03 11:00:40.992018,54.538077,-165.468366,1470.0,87.19,1470.0,87.19
2017-06-03 11:00:41.491219,54.538085,-165.468351,1470.0,87.19,1470.0,87.19
2017-06-03 11:00:41.990419,54.53811,-165.468302,1470.0,87.19,1470.0,87.19
2017-06-03 11:00:42.489620,54.538119,-165.468286,1470.0,87.19,1470.0,87.01
2017-06-03 11:00:42.988821,54.538142,-165.46824,1470.0,87.19,1470.0,87.19
2017-06-03 11:00:43.488022,54.53815,-165.468224,1470.0,88.7,1470.0,87.19
2017-06-03 11:00:43.987223,54.538172,-165.468174,1470.0,87.38,1470.0,87.38
2017-06-03 11:00:44.486423,54.53818,-165.468157,1470.0,87.38,1470.0,87.38
2017-06-03 11:00:44.985624,54.538202,-165.468109,1470.0,87.38,1470.0,88.14
2017-06-03 11:00:45.484825,54.53821,-165.468092,1470.0,88.7,1470.0,88.32
2017-06-03 11:00:45.984026,54.538232,-165.468041,1470.0,87.19,1470.0,87.19
2017-06-03 11:00:46.498827,54.53824,-165.468023,1470.0,87.19,1470.0,87.19
2017-06-03 11:00:46.998028,54.538263,-165.467974,1470.0,87.19,1470.0,87.19
2017-06-03 11:00:47.497229,54.53827,-165.467958,1470.0,87.19,1470.0,87.19
2017-06-03 11:00:47.996429,54.538294,-165.467909,1470.0,87.38,1470.0,87.19
2017-06-03 11:00:48.495630,54.538302,-165.467893,1470.0,87.19,1470.0,87.19
2017-06-03 11:00:48.994831,54.538326,-165.467845,1470.0,87.19,1470.0,87.19
2017-06-03 11:00:49.494034,54.538334,-165.467829,1470.0,87.19,1470.0,87.01
2017-06-03 11:00:49.993233,54.538357,-165.46778,1470.0,87.01,1470.0,87.01
2017-06-03 11:00:50.492435,54.538365,-165.467764,1470.0,87.19,1470.0,87.01
2017-06-03 11:00:50.991634,54.538389,-165.467717,1470.0,87.19,1470.0,87.19
2017-06-03 11:00:51.490837,54.538396,-165.467701,1470.0,88.32,1470.0,87.19
2017-06-03 11:00:51.990036,54.538421,-165.467651,1470.0,87.38,1470.0,87.19
2017-06-03 11:00:52.489239,54.538428,-165.467634,1470.0,88.51,1470.0,87.19
2017-06-03 11:00:52.988438,54.538451,-165.467585,1470.0,88.14,1470.0,87.19
2017-06-03 11:00:53.487638,54.538458,-165.467569,1470.0,87.19,1470.0,87.19
2017-06-03 11:00:53.986841,54.538482,-165.467519,1470.0,88.14,1470.0,87.76
2017-06-03 11:00:54.486040,54.53849,-165.467503,1470.0,87.01,1470.0,87.01
2017-06-03 11:00:54.985243,54.538514,-165.467454,1470.0,87.01,1470.0,87.01
2017-06-03 11:00:55.484442,54.538521,-165.467437,1470.0,87.01,1470.0,87.01
2017-06-03 11:00:55.999245,54.538544,-165.467387,1470.0,88.32,1470.0,87.01
2017-06-03 11:00:56.498444,54.538552,-165.467371,1470.0,87.19,1470.0,87.19
2017-06-03 11:00:56.997646,54.538577,-165.467323,1470.0,88.14,1470.0,87.19
2017-06-03 11:00:57.496845,54.538585,-165.467308,1470.0,88.51,1470.0,87.01
2017-06-03 11:00:57.996048,54.538608,-165.467259,1470.0,87.01,1470.0,87.01
2017-06-03 11:00:58.495247,54.538615,-165.467243,1470.0,87.01,1470.0,87.01
2017-06-03 11:00:58.994450,54.53864,-165.467195,1470.0,87.01,1470.0,87.01
2017-06-03 11:00:59.493650,54.538648,-165.467179,1470.0,87.01,1470.0,88.14
2017-06-03 11:00:59.992851,54.538671,-165.467128,1470.0,87.01,1470.0,87.01
2017-06-03 11:01:00.492052,54.538678,-165.467111,1470.0,87.19,1470.0,87.01
2017-06-03 11:01:00.991253,54.538699,-165.467062,1470.0,87.19,1470.0,88.32
2017-06-03 11:01:01.490454,54.538706,-165.467046,1470.0,87.19,1470.0,87.19
2017-06-03 11:01:01.989655,54.538731,-165.466993,1470.0,87.19,1470.0,87.19
2017-06-03 11:01:02.488855,54.538738,-165.466976,1470.0,87.19,1470.0,87.01
2017-06-03 11:01:02.988056,54.538761,-165.466927,1470.0,87.95,1470.0,87.01
2017-06-03 11:01:03.487257,54.538768,-165.466911,1470.0,88.51,1470.0,87.01
2017-06-03 11:01:03.986458,54.53879,-165.466861,1470.0,87.19,1470.0,87.01
2017-06-03 11:01:04.485659,54.538798,-165.466844,1470.0,88.14,1470.0,87.01
2017-06-03 11:01:04.984859,54.538823,-165.466795,1470.0,87.19,1470.0,87.01
2017-06-03 11:01:05.484060,54.538831,-165.466779,1470.0,88.51,1470.0,88.14
2017-06-03 11:01:05.998861,54.538856,-165.466729,1470.0,87.19,1470.0,88.32
2017-06-03 11:01:06.498062,54.538864,-165.466713,1470.0,88.32,1470.0,87.01
2017-06-03 11:01:06.997263,54.538887,-165.466665,1470.0,87.01,1470.0,87.01
2017-06-03 11:01:07.496464,54.538895,-165.466649,1470.0,88.32,1470.0,87.01
2017-06-03 11:01:07.995665,54.538921,-165.466603,1470.0,86.82,1470.0,86.82
2017-06-03 11:01:08.494865,54.538929,-165.466588,1470.0,88.14,1470.0,86.63
2017-06-03 11:01:08.994066,54.538952,-165.46654,1470.0,86.63,1470.0,86.63
2017-06-03 11:01:09.493267,54.53896,-165.466524,1470.0,86.63,1470.0,87.76
2017-06-03 11:01:09.992468,54.538983,-165.466475,1470.0,86.63,1470.0,87.76
2017-06-03 11:01:10.491671,54.53899,-165.466459,1470.0,86.63,1470.0,86.63
2017-06-03 11:01:10.990870,54.539014,-165.466412,1470.0,87.95,1470.0,86.82
2017-06-03 11:01:11.490072,54.539021,-165.466396,1470.0,86.82,1470.0,86.82
2017-06-03 11:01:11.989271,54.539044,-165.466344,1470.0,87.01,1470.0,87.01
2017-06-03 11:01:12.488474,54.539052,-165.466328,1470.0,87.95,1470.0,87.01
2017-06-03 11:01:12.987673,54.539075,-165.466279,1470.0,87.19,1470.0,87.19
2017-06-03 11:01:13.486876,54.539083,-165.466262,1470.0,87.19,1470.0,88.7
2017-06-03 11:01:13.986074,54.539107,-165.466214,1470.0,87.19,1470.0,88.7
2017-06-03 11:01:14.485275,54.539115,-165.466197,1470.0,87.19,1470.0,87.95
2017-06-03 11:01:14.984478,54.53914,-165.466147,1470.0,87.19,1470.0,87.01
2017-06-03 11:01:15.499277,54.539149,-165.466129,1470.0,87.01,1470.0,87.01
2017-06-03 11:01:15.998480,54.539174,-165.466082,1470.0,87.01,1470.0,88.32
2017-06-03 11:01:16.497679,54.539182,-165.466066,1470.0,88.32,1470.0,88.51
2017-06-03 11:01:16.996881,54.539206,-165.46602,1470.0,88.14,1470.0,86.82
2017-06-03 11:01:17.496080,54.539214,-165.466004,1470.0,86.82,1470.0,86.82
2017-06-03 11:01:17.995283,54.539239,-165.465958,1470.0,88.32,1470.0,86.63
2017-06-03 11:01:18.494482,54.539247,-165.465943,1470.0,87.95,1470.0,86.44
2017-06-03 11:01:18.993685,54.539269,-165.465895,1470.0,86.44,1470.0,87.76
2017-06-03 11:01:19.492886,54.539277,-165.465879,1470.0,87.57,1470.0,86.44
2017-06-03 11:01:19.992086,54.539301,-165.46583,1470.0,87.95,1470.0,87.57
2017-06-03 11:01:20.491287,54.539308,-165.465814,1470.0,86.44,1470.0,86.44
2017-06-03 11:01:20.990488,54.539331,-165.465767,1470.0,86.63,1470.0,87.01
2017-06-03 11:01:21.489689,54.539338,-165.465751,1470.0,86.82,1470.0,86.63
2017-06-03 11:01:21.988890,54.539361,-165.465699,1470.0,87.01,1470.0,86.82
2017-06-03 11:01:22.488091,54.539369,-165.465683,1470.0,86.82,1470.0,86.82
2017-06-03 11:01:22.987291,54.539392,-165.465635,1470.0,86.82,1470.0,86.82
2017-06-03 11:01:23.486492,54.5394,-165.465619,1470.0,88.32,1470.0,87.95
2017-06-03 11:01:23.985693,54.539426,-165.46557,1470.0,86.63,1470.0,86.63
2017-06-03 11:01:24.484894,54.539435,-165.465554,1470.0,87.01,1470.0,86.44
2017-06-03 11:01:24.984095,54.539461,-165.465507,1470.0,87.95,1470.0,86.44
2017-06-03 11:01:25.498896,54.53947,-165.465489,1470.0,86.63,1470.0,87.76
2017-06-03 11:01:25.998096,54.539496,-165.46544,1470.0,86.82,1470.0,86.63
2017-06-03 11:01:26.497297,54.539504,-165.465424,1470.0,87.01,1470.0,88.32
2017-06-03 11:01:26.996498,54.539527,-165.465375,1470.0,88.14,1470.0,86.82
2017-06-03 11:01:27.495699,54.539535,-165.465359,1470.0,86.82,1470.0,86.63
2017-06-03 11:01:27.994900,54.539556,-165.46531,1470.0,88.14,1470.0,86.63
2017-06-03 11:01:28.494101,54.539563,-165.465294,1470.0,88.14,1470.0,87.76
2017-06-03 11:01:28.993301,54.539586,-165.465247,1470.0,86.44,1470.0,87.19
2017-06-03 11:01:29.492502,54.539593,-165.465231,1470.0,88.14,1470.0,86.25
2017-06-03 11:01:29.991703,54.539616,-165.465182,1470.0,87.57,1470.0,87.76
2017-06-03 11:01:30.490906,54.539623,-165.465166,1470.0,86.25,1470.0,87.19
2017-06-03 11:01:30.990105,54.539646,-165.46512,1470.0,86.25,1470.0,86.25
2017-06-03 11:01:31.489307,54.539653,-165.465104,1470.0,86.44,1470.0,87.76
2017-06-03 11:01:31.988506,54.539675,-165.465058,1470.0,86.44,1470.0,86.44
2017-06-03 11:01:32.487709,54.539683,-165.465043,1470.0,86.63,1470.0,86.63
2017-06-03 11:01:32.986908,54.539707,-165.464995,1470.0,86.82,1470.0,86.63
2017-06-03 11:01:33.486111,54.539715,-165.464979,1470.0,86.63,1470.0,87.76
2017-06-03 11:01:33.985310,54.539738,-165.464932,1470.0,87.76,1470.0,88.14
2017-06-03 11:01:34.484512,54.539746,-165.464916,1470.0,86.44,1470.0,86.44
2017-06-03 11:01:34.999311,54.539772,-165.464865,1470.0,87.76,1470.0,86.25
2017-06-03 11:01:35.498512,54.53978,-165.464849,1470.0,87.57,1470.0,86.82
2017-06-03 11:01:35.997715,54.539804,-165.464802,1470.0,87.95,1470.0,86.44
2017-06-03 11:01:36.496914,54.539812,-165.464786,1470.0,86.63,1470.0,86.63
2017-06-03 11:01:36.996117,54.539837,-165.464736,1470.0,88.14,1470.0,87.76
2017-06-03 11:01:37.495316,54.539845,-165.464719,1470.0,87.95,1470.0,86.63
2017-06-03 11:01:37.994518,54.539869,-165.46467,1470.0,86.63,1470.0,86.63
2017-06-03 11:01:38.493717,54.539877,-165.464654,1470.0,86.63,1470.0,86.63
2017-06-03 11:01:38.992920,54.539899,-165.464607,1470.0,87.95,1470.0,87.57
2017-06-03 11:01:39.492119,54.539906,-165.464591,1470.0,87.76,1470.0,87.57
2017-06-03 11:01:39.991322,54.539931,-165.464542,1470.0,87.57,1470.0,86.25
2017-06-03 11:01:40.490522,54.539939,-165.464526,1470.0,87.76,1470.0,86.25
2017-06-03 11:01:40.989723,54.539962,-165.46448,1470.0,87.57,1470.0,86.25
2017-06-03 11:01:41.488924,54.53997,-165.464464,1470.0,86.44,1470.0,87.38
2017-06-03 11:01:41.988125,54.539992,-165.464417,1470.0,86.44,1470.0,87.95
2017-06-03 11:01:42.487326,54.539999,-165.464401,1470.0,86.63,1470.0,86.44
2017-06-03 11:01:42.986526,54.540021,-165.464354,1470.0,87.95,1470.0,86.44
2017-06-03 11:01:43.485727,54.540028,-165.464339,1470.0,86.44,1470.0,87.76
2017-06-03 11:01:43.984928,54.540052,-165.464292,1470.0,87.57,1470.0,86.44
2017-06-03 11:01:44.484129,54.54006,-165.464276,1470.0,86.25,1470.0,86.25
2017-06-03 11:01:44.998930,54.540084,-165.464227,1470.0,86.25,1470.0,86.25
2017-06-03 11:01:45.498131,54.540092,-165.464211,1470.0,87.95,1470.0,86.25
2017-06-03 11:01:45.997332,54.540116,-165.464163,1470.0,86.44,1470.0,86.82
2017-06-03 11:01:46.496532,54.540124,-165.464148,1470.0,87.76,1470.0,86.44
2017-06-03 11:01:46.995733,54.540146,-165.464099,1470.0,86.63,1470.0,87.95
2017-06-03 11:01:47.494934,54.540154,-165.464083,1470.0,87.95,1470.0,87.76
2017-06-03 11:01:47.994135,54.540179,-165.464035,1470.0,86.44,1470.0,87.76
2017-06-03 11:01:48.493336,54.540187,-165.464019,1470.0,87.95,1470.0,86.25
2017-06-03 11:01:48.992537,54.540212,-165.463972,1470.0,86.25,1470.0,86.25
2017-06-03 11:01:49.491737,54.54022,-165.463956,1470.0,86.44,1470.0,86.25
2017-06-03 11:01:49.990938,54.540244,-165.463907,1470.0,86.44,1470.0,86.25
2017-06-03 11:01:50.490141,54.540252,-165.463891,1470.0,86.44,1470.0,86.44
2017-06-03 11:01:50.989340,54.540277,-165.463846,1470.0,86.44,1470.0,87.95
2017-06-03 11:01:51.488543,54.540285,-165.463831,1470.0,87.76,1470.0,86.44
2017-06-03 11:01:51.987741,54.540307,-165.463782,1470.0,87.95,1470.0,86.44
2017-06-03 11:01:52.486944,54.540315,-165.463766,1470.0,86.44,1470.0,87.76
2017-06-03 11:01:52.986143,54.540338,-165.463718,1470.0,86.44,1470.0,86.44
2017-06-03 11:01:53.485346,54.540346,-165.463702,1470.0,86.44,1470.0,86.44
2017-06-03 11:01:53.984545,54.540369,-165.463654,1470.0,86.44,1470.0,87.95
2017-06-03 11:01:54.499346,54.540377,-165.463636,1470.0,86.44,1470.0,87.76
2017-06-03 11:01:54.998547,54.540401,-165.463587,1470.0,86.44,1470.0,87.76
2017-06-03 11:01:55.497747,54.540409,-165.463571,1470.0,86.44,1470.0,86.44
2017-06-03 11:01:55.996950,54.540431,-165.463525,1470.0,86.44,1470.0,86.44
2017-06-03 11:01:56.496149,54.540439,-165.463509,1470.0,86.44,1470.0,86.44
2017-06-03 11:01:56.995352,54.540464,-165.463462,1470.0,86.44,1470.0,87.57
2017-06-03 11:01:57.494551,54.540472,-165.463446,1470.0,87.19,1470.0,86.44
2017-06-03 11:01:57.993753,54.540494,-165.463398,1470.0,87.76,1470.0,86.25
2017-06-03 11:01:58.492952,54.540502,-165.463383,1470.0,86.25,1470.0,86.25
2017-06-03 11:01:58.992155,54.540525,-165.463336,1470.0,86.44,1470.0,86.25
2017-06-03 11:01:59.491354,54.540533,-165.463321,1470.0,87.76,1470.0,87.76
2017-06-03 11:01:59.990557,54.540557,-165.463272,1470.0,87.76,1470.0,86.25
2017-06-03 11:02:00.489756,54.540565,-165.463256,1470.0,87.76,1470.0,87.76
2017-06-03 11:02:00.988958,54.54059,-165.46321,1470.0,86.44,1470.0,86.25
2017-06-03 11:02:01.488159,54.540598,-165.463194,1470.0,87.76,1470.0,86.25
2017-06-03 11:02:01.987360,54.540622,-165.463145,1470.0,86.25,1470.0,86.25
2017-06-03 11:02:02.486561,54.54063,-165.463129,1470.0,86.25,1470.0,86.25
2017-06-03 11:02:02.985762,54.540653,-165.46308,1470.0,86.44,1470.0,86.44
2017-06-03 11:02:03.484962,54.540661,-165.463064,1470.0,87.95,1470.0,86.44
2017-06-03 11:02:03.984163,54.540685,-165.463015,1470.0,86.63,1470.0,87.38
2017-06-03 11:02:04.498964,54.540694,-165.462998,1470.0,87.95,1470.0,86.63
2017-06-03 11:02:04.998165,54.540717,-165.462949,1470.0,88.14,1470.0,86.63
2017-06-03 11:02:05.497366,54.540725,-165.462933,1470.0,88.14,1470.0,87.19
2017-06-03 11:02:05.996567,54.540748,-165.462885,1470.0,87.76,1470.0,86.44
2017-06-03 11:02:06.495768,54.540755,-165.462869,1470.0,86.44,1470.0,86.25
2017-06-03 11:02:06.994968,54.54078,-165.462823,1470.0,87.57,1470.0,86.07
2017-06-03 11:02:07.494169,54.540789,-165.462808,1470.0,87.38,1470.0,86.07
2017-06-03 11:02:07.993370,54.540814,-165.462762,1470.0,87.38,1470.0,87.38
2017-06-03 11:02:08.492571,54.540822,-165.462746,1470.0,86.63,1470.0,87.38
2017-06-03 11:02:08.991772,54.540848,-165.4627,1470.0,86.25,1470.0,87.19
2017-06-03 11:02:09.490973,54.540856,-165.462684,1470.0,86.25,1470.0,86.25
2017-06-03 11:02:09.990173,54.540881,-165.462635,1470.0,86.44,1470.0,87.95
2017-06-03 11:02:10.489374,54.540888,-165.462619,1470.0,86.44,1470.0,88.14
2017-06-03 11:02:10.988575,54.540911,-165.462572,1470.0,88.14,1470.0,86.44
2017-06-03 11:02:11.487778,54.540918,-165.462556,1470.0,86.44,1470.0,86.44
2017-06-03 11:02:11.986977,54.540942,-165.462508,1470.0,86.63,1470.0,86.44
2017-06-03 11:02:12.486179,54.54095,-165.462492,1470.0,87.95,1470.0,86.44
2017-06-03 11:02:12.985378,54.540975,-165.462444,1470.0,86.44,1470.0,86.44
2017-06-03 11:02:13.484581,54.540983,-165.462428,1470.0,86.44,1470.0,87.57
2017-06-03 11:02:13.983780,54.541008,-165.462381,1470.0,86.44,1470.0,88.14
2017-06-03 11:02:14.498581,54.541017,-165.462365,1470.0,86.44,1470.0,87.76
2017-06-03 11:02:14.997782,54.541042,-165.462319,1470.0,87.38,1470.0,86.25
2017-06-03 11:02:15.496983,54.54105,-165.462304,1470.0,87.76,1470.0,86.25
2017-06-03 11:02:15.996185,54.541076,-165.462258,1470.0,86.25,1470.0,87.38
2017-06-03 11:02:16.495384,54.541084,-165.462243,1470.0,87.38,1470.0,86.07
2017-06-03 11:02:16.994587,54.541107,-165.462196,1470.0,87.38,1470.0,86.07
2017-06-03 11:02:17.493786,54.541115,-165.462181,1470.0,86.25,1470.0,87.38
2017-06-03 11:02:17.992989,54.541138,-165.462131,1470.0,86.25,1470.0,87.57
2017-06-03 11:02:18.492188,54.541145,-165.462114,1470.0,86.44,1470.0,86.25
2017-06-03 11:02:18.991390,54.541167,-165.462067,1470.0,86.44,1470.0,87.76
2017-06-03 11:02:19.490589,54.541175,-165.462051,1470.0,86.44,1470.0,86.44
2017-06-03 11:02:19.989792,54.541199,-165.461999,1470.0,87.01,1470.0,86.44
2017-06-03 11:02:20.488991,54.541207,-165.461983,1470.0,86.63,1470.0,86.44
2017-06-03 11:02:20.988194,54.541229,-165.461934,1470.0,86.63,1470.0,86.44
2017-06-03 11:02:21.487394,54.541236,-165.461917,1470.0,86.63,1470.0,87.95
2017-06-03 11:02:21.986595,54.541262,-165.461869,1470.0,87.76,1470.0,86.44
2017-06-03 11:02:22.485796,54.54127,-165.461853,1470.0,88.14,1470.0,86.44
2017-06-03 11:02:22.984997,54.541296,-165.461808,1470.0,87.95,1470.0,86.44
2017-06-03 11:02:23.484198,54.541305,-165.461793,1470.0,86.44,1470.0,87.76
2017-06-03 11:02:23.998999,54.541332,-165.461745,1470.0,86.44,1470.0,86.25
2017-06-03 11:02:24.498199,54.54134,-165.461729,1470.0,87.57,1470.0,87.38
2017-06-03 11:02:24.997400,54.541366,-165.461683,1470.0,87.57,1470.0,86.25
2017-06-03 11:02:25.496601,54.541374,-165.461668,1470.0,86.25,1470.0,86.07
2017-06-03 11:02:25.995802,54.541397,-165.461619,1470.0,86.25,1470.0,86.07
2017-06-03 11:02:26.495003,54.541405,-165.461603,1470.0,86.25,1470.0,86.07
2017-06-03 11:02:26.994204,54.541427,-165.461555,1470.0,86.25,1470.0,86.25
2017-06-03 11:02:27.493404,54.541435,-165.461539,1470.0,86.25,1470.0,86.44
2017-06-03 11:02:27.992605,54.541458,-165.461489,1470.0,86.44,1470.0,86.25
2017-06-03 11:02:28.491806,54.541465,-165.461473,1470.0,86.44,1470.0,87.38
2017-06-03 11:02:28.991007,54.541489,-165.461424,1470.0,86.44,1470.0,86.44
2017-06-03 11:02:29.490208,54.541496,-165.461407,1470.0,86.44,1470.0,87.76
2017-06-03 11:02:29.989408,54.541519,-165.461357,1470.0,87.95,1470.0,87.19
2017-06-03 11:02:30.488609,54.541527,-165.461341,1470.0,87.38,1470.0,86.25
2017-06-03 11:02:30.987810,54.54155,-165.461293,1470.0,86.25,1470.0,86.25
2017-06-03 11:02:31.487011,54.541558,-165.461277,1470.0,86.25,1470.0,87.38
2017-06-03 11:02:31.986212,54.541583,-165.461229,1470.0,86.44,1470.0,86.25
2017-06-03 11:02:32.485415,54.541591,-165.461213,1470.0,87.76,1470.0,87.38
2017-06-03 11:02:32.984613,54.541614,-165.461165,1470.0,86.44,1470.0,87.38
2017-06-03 11:02:33.483816,54.541621,-165.461149,1470.0,86.44,1470.0,87.76
2017-06-03 11:02:33.998615,54.541647,-165.461099,1470.0,86.44,1470.0,86.44
2017-06-03 11:02:34.497816,54.541655,-165.461083,1470.0,86.44,1470.0,86.44
2017-06-03 11:02:34.997017,54.541679,-165.461035,1470.0,86.63,1470.0,86.44
2017-06-03 11:02:35.496218,54.541687,-165.461019,1470.0,87.76,1470.0,86.44
2017-06-03 11:02:35.995419,54.541711,-165.46097,1470.0,87.57,1470.0,86.44
2017-06-03 11:02:36.494619,54.541719,-165.460954,1470.0,86.44,1470.0,87.57
2017-06-03 11:02:36.993822,54.541742,-165.460908,1470.0,87.95,1470.0,86.25
2017-06-03 11:02:37.493021,54.54175,-165.460892,1470.0,86.25,1470.0,87.19
2017-06-03 11:02:37.992224,54.541774,-165.460844,1470.0,86.25,1470.0,86.25
2017-06-03 11:02:38.491423,54.541782,-165.460828,1470.0,86.25,1470.0,87.19
2017-06-03 11:02:38.990625,54.541807,-165.460783,1470.0,86.25,1470.0,87.76
2017-06-03 11:02:39.489824,54.541815,-165.460767,1470.0,86.44,1470.0,86.25
2017-06-03 11:02:39.989027,54.541838,-165.460719,1470.0,87.57,1470.0,87.38
2017-06-03 11:02:40.488226,54.541845,-165.460703,1470.0,86.44,1470.0,87.01
2017-06-03 11:02:40.987429,54.541869,-165.460656,1470.0,87.76,1470.0,86.25
2017-06-03 11:02:41.486629,54.541876,-165.460641,1470.0,86.44,1470.0,85.88
2017-06-03 11:02:41.985830,54.5419,-165.460593,1470.0,86.25,1470.0,86.07
2017-06-03 11:02:42.485031,54.541908,-165.460578,1470.0,86.07,1470.0,86.07
2017-06-03 11:02:42.984232,54.541933,-165.46053,1470.0,86.07,1470.0,87.38
2017-06-03 11:02:43.499033,54.541942,-165.460513,1470.0,86.07,1470.0,87.19
2017-06-03 11:02:43.998234,54.541967,-165.460466,1470.0,87.38,1470.0,86.07
2017-06-03 11:02:44.497435,54.541975,-165.460451,1470.0,87.95,1470.0,86.25
2017-06-03 11:02:44.996635,54.541999,-165.460401,1470.0,86.44,1470.0,86.44
2017-06-03 11:02:45.495836,54.542007,-165.460384,1470.0,88.32,1470.0,86.63
2017-06-03 11:02:45.995037,54.542029,-165.460335,1470.0,86.63,1470.0,87.76
2017-06-03 11:02:46.494238,54.542037,-165.460319,1470.0,86.63,1470.0,87.95
2017-06-03 11:02:46.993439,54.54206,-165.46027,1470.0,87.38,1470.0,88.14
2017-06-03 11:02:47.492640,54.542068,-165.460254,1470.0,86.44,1470.0,87.57
2017-06-03 11:02:47.991840,54.542092,-165.460205,1470.0,88.14,1470.0,86.25
2017-06-03 11:02:48.491041,54.5421,-165.460189,1470.0,86.25,1470.0,87.38
2017-06-03 11:02:48.990242,54.542124,-165.460143,1470.0,87.57,1470.0,87.57
2017-06-03 11:02:49.489443,54.542131,-165.460128,1470.0,86.07,1470.0,87.19
2017-06-03 11:02:49.988644,54.542156,-165.460082,1470.0,87.01,1470.0,87.38
2017-06-03 11:02:50.487844,54.542165,-165.460068,1470.0,86.25,1470.0,86.07
2017-06-03 11:02:50.987045,54.54219,-165.460024,1470.0,86.25,1470.0,87.01
2017-06-03 11:02:51.486246,54.542198,-165.460009,1470.0,86.25,1470.0,87.57
2017-06-03 11:02:51.985447,54.54222,-165.459962,1470.0,87.38,1470.0,87.76
2017-06-03 11:02:52.484650,54.542228,-165.459946,1470.0,87.38,1470.0,87.57
2017-06-03 11:02:52.983849,54.542252,-165.459898,1470.0,87.76,1470.0,86.07
2017-06-03 11:02:53.498652,54.54226,-165.459881,1470.0,87.38,1470.0,86.07
2017-06-03 11:02:53.997850,54.542283,-165.459832,1470.0,86.25,1470.0,87.38
2017-06-03 11:02:54.497053,54.54229,-165.459816,1470.0,86.25,1470.0,87.38
2017-06-03 11:02:54.996252,54.542314,-165.459768,1470.0,86.44,1470.0,86.25
2017-06-03 11:02:55.495453,54.542322,-165.459753,1470.0,87.57,1470.0,87.76
2017-06-03 11:02:55.994654,54.542349,-165.459705,1470.0,86.44,1470.0,87.38
2017-06-03 11:02:56.493855,54.542357,-165.459689,1470.0,86.44,1470.0,87.95
2017-06-03 11:02:56.993055,54.542382,-165.459643,1470.0,87.57,1470.0,86.25
2017-06-03 11:02:57.492256,54.54239,-165.459627,1470.0,87.57,1470.0,87.38
2017-06-03 11:02:57.991459,54.542415,-165.459579,1470.0,86.25,1470.0,87.38
2017-06-03 11:02:58.490658,54.542424,-165.459563,1470.0,86.25,1470.0,86.25
2017-06-03 11:02:58.989861,54.542447,-165.459516,1470.0,87.19,1470.0,87.19
2017-06-03 11:02:59.489059,54.542455,-165.459501,1470.0,86.25,1470.0,86.25
2017-06-03 11:02:59.988262,54.542478,-165.459453,1470.0,86.25,1470.0,87.38
2017-06-03 11:03:00.487461,54.542486,-165.459437,1470.0,87.57,1470.0,86.25
2017-06-03 11:03:00.986664,54.54251,-165.459389,1470.0,86.25,1470.0,87.38
2017-06-03 11:03:01.485863,54.542518,-165.459373,1470.0,87.57,1470.0,86.82
2017-06-03 11:03:01.985065,54.54254,-165.459325,1470.0,86.63,1470.0,86.07
2017-06-03 11:03:02.484266,54.542548,-165.459309,1470.0,87.57,1470.0,86.07
2017-06-03 11:03:02.999067,54.542572,-165.45926,1470.0,87.57,1470.0,87.57
2017-06-03 11:03:03.498268,54.54258,-165.459244,1470.0,87.38,1470.0,86.25
2017-06-03 11:03:03.997469,54.542603,-165.459197,1470.0,86.25,1470.0,87.38
2017-06-03 11:03:04.496670,54.54261,-165.459181,1470.0,86.25,1470.0,87.38
2017-06-03 11:03:04.995871,54.542634,-165.459133,1470.0,86.25,1470.0,87.38
2017-06-03 11:03:05.495071,54.542642,-165.459118,1470.0,86.25,1470.0,86.25
2017-06-03 11:03:05.994272,54.542666,-165.459069,1470.0,87.38,1470.0,86.07
2017-06-03 11:03:06.493473,54.542674,-165.459053,1470.0,86.07,1470.0,86.07
2017-06-03 11:03:06.992674,54.542697,-165.459005,1470.0,87.38,1470.0,86.07
2017-06-03 11:03:07.491875,54.542705,-165.458989,1470.0,87.19,1470.0,87.38
2017-06-03 11:03:07.991076,54.542728,-165.458939,1470.0,86.25,1470.0,86.25
2017-06-03 11:03:08.490276,54.542735,-165.458923,1470.0,86.25,1470.0,87.76
2017-06-03 11:03:08.989477,54.542757,-165.458875,1470.0,86.25,1470.0,87.38
2017-06-03 11:03:09.488678,54.542765,-165.458859,1470.0,87.38,1470.0,87.38
2017-06-03 11:03:09.987879,54.542789,-165.458808,1470.0,87.57,1470.0,86.07
2017-06-03 11:03:10.487080,54.542797,-165.458791,1470.0,86.07,1470.0,86.07
2017-06-03 11:03:10.986280,54.542822,-165.458743,1470.0,86.07,1470.0,87.38
2017-06-03 11:03:11.485481,54.54283,-165.458727,1470.0,87.57,1470.0,86.07
2017-06-03 11:03:11.984682,54.542853,-165.458679,1470.0,87.38,1470.0,87.57
2017-06-03 11:03:12.483885,54.542861,-165.458662,1470.0,87.95,1470.0,86.25
2017-06-03 11:03:12.998684,54.542886,-165.458612,1470.0,87.57,1470.0,86.25
2017-06-03 11:03:13.497887,54.542894,-165.458596,1470.0,87.76,1470.0,86.44
2017-06-03 11:03:13.997086,54.542917,-165.458547,1470.0,86.44,1470.0,87.76
2017-06-03 11:03:14.496288,54.542925,-165.458531,1470.0,86.44,1470.0,86.25
2017-06-03 11:03:14.995487,54.542949,-165.458482,1470.0,86.25,1470.0,87.38
2017-06-03 11:03:15.494690,54.542956,-165.458466,1470.0,86.25,1470.0,87.57
2017-06-03 11:03:15.993889,54.542981,-165.458417,1470.0,86.25,1470.0,86.25
2017-06-03 11:03:16.493090,54.542989,-165.458401,1470.0,86.25,1470.0,87.38
2017-06-03 11:03:16.992290,54.543012,-165.458353,1470.0,86.25,1470.0,86.07
2017-06-03 11:03:17.491491,54.54302,-165.458338,1470.0,86.07,1470.0,86.07
2017-06-03 11:03:17.990694,54.543043,-165.458289,1470.0,87.19,1470.0,87.19
2017-06-03 11:03:18.489893,54.54305,-165.458273,1470.0,85.88,1470.0,87.19
2017-06-03 11:03:18.989096,54.543072,-165.458226,1470.0,85.88,1470.0,87.19
2017-06-03 11:03:19.488295,54.54308,-165.458211,1470.0,85.88,1470.0,87.19
2017-06-03 11:03:19.987497,54.543103,-165.458163,1470.0,86.44,1470.0,85.88
2017-06-03 11:03:20.486696,54.543111,-165.458148,1470.0,86.07,1470.0,87.38
2017-06-03 11:03:20.985899,54.543134,-165.4581,1470.0,86.07,1470.0,86.07
2017-06-03 11:03:21.485098,54.543141,-165.458084,1470.0,86.07,1470.0,86.07
2017-06-03 11:03:21.984301,54.543166,-165.458035,1470.0,86.07,1470.0,86.07
2017-06-03 11:03:22.499100,54.543175,-165.458018,1470.0,85.69,1470.0,87.19
2017-06-03 11:03:22.998302,54.543199,-165.457969,1470.0,85.5,1470.0,85.69
2017-06-03 11:03:23.497503,54.543207,-165.457953,1470.0,86.07,1470.0,86.07
2017-06-03 11:03:23.996704,54.543231,-165.457904,1470.0,85.69,1470.0,85.69
2017-06-03 11:03:24.495905,54.543239,-165.457888,1470.0,87.19,1470.0,85.69
2017-06-03 11:03:24.995106,54.543263,-165.457841,1470.0,86.07,1470.0,85.88
2017-06-03 11:03:25.494307,54.543271,-165.457826,1470.0,85.88,1470.0,85.88
2017-06-03 11:03:25.993507,54.543296,-165.457776,1470.0,87.01,1470.0,85.69
2017-06-03 11:03:26.492708,54.543304,-165.457759,1470.0,85.69,1470.0,86.63
2017-06-03 11:03:26.991909,54.543327,-165.457712,1470.0,85.69,1470.0,86.63
2017-06-03 11:03:27.491110,54.543335,-165.457696,1470.0,85.88,1470.0,87.19
2017-06-03 11:03:27.990311,54.543359,-165.457646,1470.0,85.88,1470.0,85.69
2017-06-03 11:03:28.489511,54.543367,-165.457629,1470.0,87.38,1470.0,87.01
2017-06-03 11:03:28.988712,54.543389,-165.457582,1470.0,85.88,1470.0,85.69
2017-06-03 11:03:29.487913,54.543396,-165.457566,1470.0,85.69,1470.0,85.69
2017-06-03 11:03:29.987114,54.54342,-165.457518,1470.0,85.69,1470.0,85.69
2017-06-03 11:03:30.486315,54.543428,-165.457502,1470.0,85.69,1470.0,85.5
2017-06-03 11:03:30.985516,54.543452,-165.457454,1470.0,85.5,1470.0,85.31
2017-06-03 11:03:31.484716,54.54346,-165.457438,1470.0,86.63,1470.0,85.31
2017-06-03 11:03:31.983917,54.543483,-165.457391,1470.0,85.31,1470.0,85.31
2017-06-03 11:03:32.498720,54.543492,-165.457374,1470.0,85.31,1470.0,85.31
2017-06-03 11:03:32.997919,54.543517,-165.457327,1470.0,85.5,1470.0,86.82
2017-06-03 11:03:33.497122,54.543525,-165.457311,1470.0,85.5,1470.0,85.5
2017-06-03 11:03:33.996321,54.543549,-165.457265,1470.0,86.63,1470.0,85.5
2017-06-03 11:03:34.495523,54.543557,-165.457249,1470.0,87.01,1470.0,86.44
2017-06-03 11:03:34.994722,54.54358,-165.457202,1470.0,87.19,1470.0,86.82
2017-06-03 11:03:35.493925,54.543588,-165.457186,1470.0,86.82,1470.0,85.5
2017-06-03 11:03:35.993124,54.543612,-165.457136,1470.0,86.82,1470.0,85.5
2017-06-03 11:03:36.492327,54.54362,-165.457119,1470.0,85.5,1470.0,85.5
2017-06-03 11:03:36.991526,54.543644,-165.457072,1470.0,85.69,1470.0,85.5
2017-06-03 11:03:37.490726,54.543651,-165.457056,1470.0,85.69,1470.0,87.01
2017-06-03 11:03:37.989929,54.543674,-165.457006,1470.0,85.88,1470.0,85.69
2017-06-03 11:03:38.489128,54.543682,-165.456989,1470.0,85.88,1470.0,87.19
2017-06-03 11:03:38.988331,54.543705,-165.45694,1470.0,85.88,1470.0,85.88
2017-06-03 11:03:39.487530,54.543713,-165.456924,1470.0,87.38,1470.0,85.88
2017-06-03 11:03:39.986732,54.543737,-165.456874,1470.0,85.88,1470.0,87.01
2017-06-03 11:03:40.485931,54.543745,-165.456858,1470.0,87.38,1470.0,85.69
2017-06-03 11:03:40.985134,54.54377,-165.45681,1470.0,85.69,1470.0,87.01
2017-06-03 11:03:41.484333,54.543778,-165.456794,1470.0,87.01,1470.0,85.5
2017-06-03 11:03:41.999136,54.543804,-165.456745,1470.0,85.69,1470.0,86.82
2017-06-03 11:03:42.498335,54.543812,-165.45673,1470.0,85.69,1470.0,87.19
2017-06-03 11:03:42.997538,54.543836,-165.456684,1470.0,87.01,1470.0,85.69
2017-06-03 11:03:43.496738,54.543844,-165.456669,1470.0,87.38,1470.0,85.69
2017-06-03 11:03:43.995939,54.543867,-165.456623,1470.0,87.19,1470.0,87.01
2017-06-03 11:03:44.495140,54.543875,-165.456608,1470.0,87.01,1470.0,85.5
2017-06-03 11:03:44.994341,54.543899,-165.456561,1470.0,85.5,1470.0,85.5
2017-06-03 11:03:45.493542,54.543906,-165.456546,1470.0,85.31,1470.0,86.63
2017-06-03 11:03:45.992743,54.543931,-165.456498,1470.0,85.31,1470.0,85.31
2017-06-03 11:03:46.491943,54.543939,-165.456483,1470.0,85.31,1470.0,85.31
2017-06-03 11:03:46.991144,54.543962,-165.456436,1470.0,85.5,1470.0,85.5
2017-06-03 11:03:47.490345,54.54397,-165.456421,1470.0,86.82,1470.0,85.69
2017-06-03 11:03:47.989546,54.543993,-165.456373,1470.0,85.69,1470.0,85.69
2017-06-03 11:03:48.488747,54.544001,-165.456357,1470.0,85.88,1470.0,85.88
2017-06-03 11:03:48.987947,54.544025,-165.456309,1470.0,85.88,1470.0,85.88
2017-06-03 11:03:49.487148,54.544033,-165.456292,1470.0,87.57,1470.0,85.88
2017-06-03 11:03:49.986349,54.544057,-165.456244,1470.0,85.88,1470.0,85.88
2017-06-03 11:03:50.485550,54.544065,-165.456228,1470.0,85.88,1470.0,85.88
2017-06-03 11:03:50.984751,54.54409,-165.45618,1470.0,85.88,1470.0,85.88
2017-06-03 11:03:51.483952,54.544098,-165.456164,1470.0,85.88,1470.0,85.88
2017-06-03 11:03:51.998753,54.544124,-165.456115,1470.0,85.88,1470.0,87.19
2017-06-03 11:03:52.497953,54.544132,-165.456099,1470.0,87.19,1470.0,85.69
2017-06-03 11:03:52.997154,54.544159,-165.456053,1470.0,86.82,1470.0,86.82
2017-06-03 11:03:53.496357,54.544167,-165.456038,1470.0,86.82,1470.0,85.5
2017-06-03 11:03:53.995556,54.544192,-165.455991,1470.0,86.82,1470.0,86.44
2017-06-03 11:03:54.494759,54.5442,-165.455976,1470.0,85.69,1470.0,86.44
2017-06-03 11:03:54.993958,54.544225,-165.455931,1470.0,85.69,1470.0,86.82
2017-06-03 11:03:55.493160,54.544233,-165.455916,1470.0,85.69,1470.0,85.69
2017-06-03 11:03:55.992359,54.544256,-165.455867,1470.0,87.19,1470.0,85.69
2017-06-03 11:03:56.491562,54.544263,-165.455851,1470.0,85.88,1470.0,85.69
2017-06-03 11:03:56.990761,54.544286,-165.455806,1470.0,87.38,1470.0,87.19
2017-06-03 11:03:57.489964,54.544293,-165.455791,1470.0,86.63,1470.0,85.69
2017-06-03 11:03:57.989164,54.544317,-165.455743,1470.0,85.5,1470.0,85.69
2017-06-03 11:03:58.488363,54.544325,-165.455728,1470.0,85.31,1470.0,85.31
2017-06-03 11:03:58.987566,54.544348,-165.455681,1470.0,86.82,1470.0,85.31
2017-06-03 11:03:59.486765,54.544356,-165.455666,1470.0,85.5,1470.0,85.31
2017-06-03 11:03:59.985968,54.54438,-165.455619,1470.0,86.82,1470.0,85.31
2017-06-03 11:04:00.485167,54.544388,-165.455604,1470.0,85.5,1470.0,85.5
2017-06-03 11:04:00.984369,54.544412,-165.455557,1470.0,85.5,1470.0,85.5
2017-06-03 11:04:01.499168,54.54442,-165.455539,1470.0,85.5,1470.0,85.31
2017-06-03 11:04:01.998371,54.544445,-165.455492,1470.0,85.5,1470.0,85.31
2017-06-03 11:04:02.497570,54.544454,-165.455476,1470.0,85.31,1470.0,85.12
2017-06-03 11:04:02.996773,54.544477,-165.455427,1470.0,85.31,1470.0,85.31
2017-06-03 11:04:03.495974,54.544485,-165.455411,1470.0,85.5,1470.0,85.31
2017-06-03 11:04:03.995174,54.544508,-165.455361,1470.0,85.31,1470.0,85.31
2017-06-03 11:04:04.494375,54.544515,-165.455344,1470.0,85.5,1470.0,85.31
2017-06-03 11:04:04.993576,54.544537,-165.455297,1470.0,86.82,1470.0,85.31
2017-06-03 11:04:05.492777,54.544545,-165.455281,1470.0,85.31,1470.0,86.44
2017-06-03 11:04:05.991978,54.544568,-165.455229,1470.0,85.31,1470.0,85.12
2017-06-03 11:04:06.491179,54.544575,-165.455213,1470.0,85.31,1470.0,85.12
2017-06-03 11:04:06.990379,54.544597,-165.455165,1470.0,85.12,1470.0,85.12
2017-06-03 11:04:07.489580,54.544605,-165.455149,1470.0,85.12,1470.0,85.12
2017-06-03 11:04:07.988781,54.544627,-165.455103,1470.0,85.31,1470.0,85.12
2017-06-03 11:04:08.487982,54.544635,-165.455087,1470.0,85.31,1470.0,85.12
2017-06-03 11:04:08.987183,54.544657,-165.455039,1470.0,85.31,1470.0,86.82
2017-06-03 11:04:09.486383,54.544665,-165.455023,1470.0,86.82,1470.0,85.31
2017-06-03 11:04:09.985584,54.544687,-165.454975,1470.0,85.5,1470.0,86.44
2017-06-03 11:04:10.484785,54.544694,-165.454959,1470.0,85.5,1470.0,85.5
2017-06-03 11:04:10.983986,54.544716,-165.45491,1470.0,85.5,1470.0,85.5
2017-06-03 11:04:11.498787,54.544724,-165.454893,1470.0,85.5,1470.0,87.01
2017-06-03 11:04:11.997988,54.544746,-165.454844,1470.0,87.19,1470.0,85.5
2017-06-03 11:04:12.497189,54.544754,-165.454828,1470.0,87.01,1470.0,85.5
2017-06-03 11:04:12.996389,54.544776,-165.454779,1470.0,86.82,1470.0,86.63
2017-06-03 11:04:13.495590,54.544784,-165.454763,1470.0,86.63,1470.0,86.82
2017-06-03 11:04:13.994791,54.544807,-165.454714,1470.0,87.01,1470.0,87.01
2017-06-03 11:04:14.493994,54.544815,-165.454698,1470.0,87.19,1470.0,87.19
2017-06-03 11:04:14.993193,54.544839,-165.454649,1470.0,85.69,1470.0,85.5
2017-06-03 11:04:15.492395,54.544847,-165.454633,1470.0,87.01,1470.0,85.5
2017-06-03 11:04:15.991594,54.544871,-165.454584,1470.0,86.82,1470.0,85.5
2017-06-03 11:04:16.490797,54.544879,-165.454568,1470.0,86.82,1470.0,85.5
2017-06-03 11:04:16.989996,54.544902,-165.45452,1470.0,86.82,1470.0,86.82
2017-06-03 11:04:17.489199,54.54491,-165.454504,1470.0,85.69,1470.0,85.5
2017-06-03 11:04:17.988398,54.544933,-165.454457,1470.0,85.69,1470.0,85.5
2017-06-03 11:04:18.487600,54.544941,-165.454441,1470.0,86.82,1470.0,85.5
2017-06-03 11:04:18.986799,54.544965,-165.454393,1470.0,85.69,1470.0,85.5
2017-06-03 11:04:19.486000,54.544973,-165.454377,1470.0,85.5,1470.0,86.63
2017-06-03 11:04:19.985203,54.544997,-165.454329,1470.0,85.5,1470.0,87.01
2017-06-03 11:04:20.484402,54.545005,-165.454313,1470.0,85.5,1470.0,85.5
2017-06-03 11:04:20.999205,54.545028,-165.454263,1470.0,87.01,1470.0,85.5
2017-06-03 11:04:21.498404,54.545035,-165.454248,1470.0,85.69,1470.0,85.69
2017-06-03 11:04:21.997606,54.545056,-165.454199,1470.0,85.69,1470.0,85.69
2017-06-03 11:04:22.496805,54.545064,-165.454183,1470.0,87.01,1470.0,85.69
2017-06-03 11:04:22.996008,54.545087,-165.454134,1470.0,87.19,1470.0,85.69
2017-06-03 11:04:23.495209,54.545095,-165.454118,1470.0,85.69,1470.0,85.69
2017-06-03 11:04:23.994410,54.545118,-165.45407,1470.0,86.82,1470.0,86.63
2017-06-03 11:04:24.493610,54.545125,-165.454054,1470.0,87.01,1470.0,85.5
2017-06-03 11:04:24.992811,54.54515,-165.454008,1470.0,86.63,1470.0,85.69
2017-06-03 11:04:25.492012,54.545158,-165.453993,1470.0,85.69,1470.0,87.19
2017-06-03 11:04:25.991213,54.545182,-165.453945,1470.0,85.88,1470.0,85.88
2017-06-03 11:04:26.490414,54.54519,-165.453929,1470.0,85.88,1470.0,86.82
2017-06-03 11:04:26.989614,54.545215,-165.453883,1470.0,85.88,1470.0,85.88
2017-06-03 11:04:27.488815,54.545223,-165.453868,1470.0,85.88,1470.0,85.88
2017-06-03 11:04:27.988016,54.545245,-165.453821,1470.0,85.88,1470.0,86.82
2017-06-03 11:04:28.487217,54.545253,-165.453806,1470.0,85.88,1470.0,85.69
2017-06-03 11:04:28.986418,54.545277,-165.453758,1470.0,85.69,1470.0,86.82
2017-06-03 11:04:29.485619,54.545285,-165.453743,1470.0,86.82,1470.0,85.5
2017-06-03 11:04:29.984819,54.545308,-165.453696,1470.0,85.5,1470.0,86.63
2017-06-03 11:04:30.484020,54.545316,-165.453681,1470.0,85.5,1470.0,85.5
2017-06-03 11:04:30.998821,54.545341,-165.453633,1470.0,85.5,1470.0,86.44
2017-06-03 11:04:31.498022,54.545349,-165.453618,1470.0,87.01,1470.0,85.5
2017-06-03 11:04:31.997223,54.545371,-165.453571,1470.0,87.01,1470.0,85.69
2017-06-03 11:04:32.496424,54.545379,-165.453556,1470.0,85.88,1470.0,85.88
2017-06-03 11:04:32.995625,54.545402,-165.453508,1470.0,86.07,1470.0,87.19
2017-06-03 11:04:33.494825,54.54541,-165.453492,1470.0,86.07,1470.0,86.07
2017-06-03 11:04:33.994026,54.545433,-165.453442,1470.0,86.07,1470.0,87.57
2017-06-03 11:04:34.493229,54.54544,-165.453426,1470.0,86.63,1470.0,85.88
2017-06-03 11:04:34.992428,54.545464,-165.453381,1470.0,85.88,1470.0,85.88
2017-06-03 11:04:35.491631,54.545471,-165.453366,1470.0,85.88,1470.0,87.19
2017-06-03 11:04:35.990829,54.545496,-165.453318,1470.0,87.19,1470.0,85.69
2017-06-03 11:04:36.490032,54.545504,-165.453303,1470.0,85.88,1470.0,87.01
2017-06-03 11:04:36.989231,54.545527,-165.453255,1470.0,85.88,1470.0,86.82
2017-06-03 11:04:37.488434,54.545535,-165.453239,1470.0,85.88,1470.0,85.88
2017-06-03 11:04:37.987633,54.545559,-165.45319,1470.0,87.19,1470.0,85.88
2017-06-03 11:04:38.486835,54.545567,-165.453174,1470.0,85.88,1470.0,87.19
2017-06-03 11:04:38.986034,54.54559,-165.453128,1470.0,85.88,1470.0,87.01
2017-06-03 11:04:39.485237,54.545598,-165.453113,1470.0,85.88,1470.0,85.88
2017-06-03 11:04:39.984438,54.545622,-165.453066,1470.0,87.38,1470.0,85.88
2017-06-03 11:04:40.499237,54.54563,-165.453049,1470.0,87.01,1470.0,87.19
2017-06-03 11:04:40.998440,54.545653,-165.453002,1470.0,86.07,1470.0,87.19
2017-06-03 11:04:41.497639,54.54566,-165.452986,1470.0,86.07,1470.0,86.07
2017-06-03 11:04:41.996841,54.545684,-165.45294,1470.0,87.38,1470.0,86.07
2017-06-03 11:04:42.496040,54.545692,-165.452924,1470.0,87.19,1470.0,86.07
2017-06-03 11:04:42.995243,54.545714,-165.452878,1470.0,87.38,1470.0,86.07
2017-06-03 11:04:43.494442,54.545721,-165.452863,1470.0,86.07,1470.0,86.07
2017-06-03 11:04:43.993645,54.545746,-165.452816,1470.0,86.07,1470.0,86.25
2017-06-03 11:04:44.492844,54.545754,-165.452801,1470.0,87.38,1470.0,85.88
2017-06-03 11:04:44.992046,54.545778,-165.452757,1470.0,85.88,1470.0,87.19
2017-06-03 11:04:45.491247,54.545786,-165.452743,1470.0,87.19,1470.0,86.25
2017-06-03 11:04:45.990448,54.545811,-165.452696,1470.0,87.01,1470.0,85.69
2017-06-03 11:04:46.489649,54.54582,-165.452681,1470.0,87.01,1470.0,85.69
2017-06-03 11:04:46.988850,54.545843,-165.452636,1470.0,85.88,1470.0,87.38
2017-06-03 11:04:47.488050,54.545851,-165.452621,1470.0,87.38,1470.0,87.19
2017-06-03 11:04:47.987251,54.545875,-165.452574,1470.0,86.25,1470.0,86.07
2017-06-03 11:04:48.486452,54.545883,-165.452559,1470.0,87.38,1470.0,87.57
2017-06-03 11:04:48.985653,54.545905,-165.45251,1470.0,86.25,1470.0,87.38
2017-06-03 11:04:49.484854,54.545913,-165.452494,1470.0,86.25,1470.0,86.25
2017-06-03 11:04:49.984055,54.545937,-165.452447,1470.0,87.19,1470.0,86.07
2017-06-03 11:04:50.498856,54.545945,-165.452429,1470.0,86.25,1470.0,86.07
2017-06-03 11:04:50.998056,54.545971,-165.452382,1470.0,86.25,1470.0,86.07
2017-06-03 11:04:51.497257,54.545979,-165.452366,1470.0,86.25,1470.0,86.25
2017-06-03 11:04:51.996458,54.546004,-165.45232,1470.0,87.57,1470.0,86.25
2017-06-03 11:04:52.495659,54.546012,-165.452305,1470.0,86.63,1470.0,86.44
2017-06-03 11:04:52.994860,54.546037,-165.452262,1470.0,87.76,1470.0,87.76
2017-06-03 11:04:53.494061,54.546045,-165.452248,1470.0,87.38,1470.0,86.25
2017-06-03 11:04:53.993261,54.546072,-165.452203,1470.0,87.38,1470.0,87.57
2017-06-03 11:04:54.492464,54.54608,-165.452188,1470.0,86.07,1470.0,85.88
2017-06-03 11:04:54.991663,54.546105,-165.452145,1470.0,87.19,1470.0,85.88
2017-06-03 11:04:55.490866,54.546113,-165.452131,1470.0,86.07,1470.0,85.88
2017-06-03 11:04:55.990065,54.546136,-165.452085,1470.0,87.19,1470.0,87.19
2017-06-03 11:04:56.489267,54.546143,-165.45207,1470.0,87.38,1470.0,86.07
2017-06-03 11:04:56.988466,54.546166,-165.452026,1470.0,87.57,1470.0,86.07
2017-06-03 11:04:57.487669,54.546173,-165.452011,1470.0,87.57,1470.0,86.07
2017-06-03 11:04:57.986868,54.546195,-165.451964,1470.0,86.07,1470.0,86.07
2017-06-03 11:04:58.486071,54.546203,-165.451949,1470.0,86.25,1470.0,86.07
2017-06-03 11:04:58.985270,54.546225,-165.451902,1470.0,86.25,1470.0,86.25
2017-06-03 11:04:59.484472,54.546233,-165.451886,1470.0,86.44,1470.0,86.25
2017-06-03 11:04:59.999273,54.546257,-165.451838,1470.0,86.44,1470.0,87.95
2017-06-03 11:05:00.498472,54.546265,-165.451823,1470.0,86.63,1470.0,86.63
2017-06-03 11:05:00.997675,54.546289,-165.451775,1470.0,86.63,1470.0,87.19
2017-06-03 11:05:01.496874,54.546297,-165.451759,1470.0,86.63,1470.0,87.95
2017-06-03 11:05:01.996077,54.546324,-165.451713,1470.0,88.14,1470.0,86.44
2017-06-03 11:05:02.495275,54.546332,-165.451698,1470.0,86.44,1470.0,87.76
2017-06-03 11:05:02.994478,54.546358,-165.451653,1470.0,86.25,1470.0,86.25
2017-06-03 11:05:03.493677,54.546366,-165.451638,1470.0,86.25,1470.0,86.25
2017-06-03 11:05:03.992880,54.546393,-165.451591,1470.0,87.57,1470.0,87.01
2017-06-03 11:05:04.492079,54.546402,-165.451576,1470.0,86.25,1470.0,87.19
2017-06-03 11:05:04.991282,54.546425,-165.451532,1470.0,87.57,1470.0,86.25
2017-06-03 11:05:05.490482,54.546433,-165.451518,1470.0,87.76,1470.0,86.25
2017-06-03 11:05:05.989683,54.546457,-165.451471,1470.0,86.44,1470.0,86.25
2017-06-03 11:05:06.488884,54.546464,-165.451456,1470.0,86.25,1470.0,87.38
2017-06-03 11:05:06.988085,54.546486,-165.451407,1470.0,86.25,1470.0,87.57
2017-06-03 11:05:07.487286,54.546493,-165.451391,1470.0,86.25,1470.0,86.44
2017-06-03 11:05:07.986486,54.546515,-165.451344,1470.0,86.25,1470.0,87.76
2017-06-03 11:05:08.485687,54.546523,-165.451329,1470.0,86.25,1470.0,87.19
2017-06-03 11:05:08.984888,54.546544,-165.451282,1470.0,87.57,1470.0,86.25
2017-06-03 11:05:09.484089,54.546551,-165.451266,1470.0,86.25,1470.0,86.25
2017-06-03 11:05:09.998890,54.546576,-165.451218,1470.0,87.76,1470.0,86.63
2017-06-03 11:05:10.498091,54.546584,-165.451203,1470.0,86.25,1470.0,86.63
2017-06-03 11:05:10.997292,54.546606,-165.451156,1470.0,86.25,1470.0,86.07
2017-06-03 11:05:11.496492,54.546614,-165.451141,1470.0,87.38,1470.0,86.07
2017-06-03 11:05:11.995693,54.546637,-165.451093,1470.0,87.57,1470.0,86.07
2017-06-03 11:05:12.494894,54.546645,-165.451078,1470.0,87.38,1470.0,86.07
2017-06-03 11:05:12.994095,54.546669,-165.451031,1470.0,87.19,1470.0,87.57
2017-06-03 11:05:13.493296,54.546676,-165.451016,1470.0,86.07,1470.0,86.07
2017-06-03 11:05:13.992496,54.546699,-165.450966,1470.0,87.01,1470.0,86.07
2017-06-03 11:05:14.491697,54.546707,-165.450949,1470.0,86.25,1470.0,87.19
2017-06-03 11:05:14.990898,54.54673,-165.4509,1470.0,86.25,1470.0,87.19
2017-06-03 11:05:15.490101,54.546738,-165.450884,1470.0,86.44,1470.0,87.38
2017-06-03 11:05:15.989300,54.54676,-165.450834,1470.0,86.63,1470.0,86.44
2017-06-03 11:05:16.488503,54.546768,-165.450817,1470.0,86.63,1470.0,87.01
2017-06-03 11:05:16.987701,54.546789,-165.450767,1470.0,86.82,1470.0,88.14
2017-06-03 11:05:17.486904,54.546796,-165.450751,1470.0,86.63,1470.0,87.01
2017-06-03 11:05:17.986103,54.546819,-165.450702,1470.0,87.19,1470.0,87.76
2017-06-03 11:05:18.485306,54.546826,-165.450686,1470.0,87.38,1470.0,86.25
2017-06-03 11:05:18.984505,54.546851,-165.450642,1470.0,87.57,1470.0,86.82
2017-06-03 11:05:19.499306,54.54686,-165.450626,1470.0,86.07,1470.0,87.38
2017-06-03 11:05:19.998508,54.546886,-165.450584,1470.0,86.07,1470.0,85.88
2017-06-03 11:05:20.497707,54.546894,-165.45057,1470.0,86.07,1470.0,85.88
2017-06-03 11:05:20.996910,54.546918,-165.450526,1470.0,86.07,1470.0,86.82
2017-06-03 11:05:21.496109,54.546926,-165.450511,1470.0,86.07,1470.0,85.88
2017-06-03 11:05:21.995312,54.546949,-165.450463,1470.0,87.01,1470.0,85.88
2017-06-03 11:05:22.494511,54.546957,-165.450448,1470.0,86.07,1470.0,85.88
2017-06-03 11:05:22.993713,54.546979,-165.450401,1470.0,87.38,1470.0,87.01
2017-06-03 11:05:23.492912,54.546986,-165.450386,1470.0,86.07,1470.0,86.82
2017-06-03 11:05:23.992115,54.547008,-165.450336,1470.0,86.25,1470.0,86.07
2017-06-03 11:05:24.491314,54.547015,-165.450319,1470.0,86.25,1470.0,87.01
2017-06-03 11:05:24.990517,54.547039,-165.450272,1470.0,86.44,1470.0,86.25
2017-06-03 11:05:25.489717,54.547046,-165.450256,1470.0,86.44,1470.0,86.44
2017-06-03 11:05:25.988918,54.54707,-165.450209,1470.0,86.63,1470.0,86.44
2017-06-03 11:05:26.488119,54.547078,-165.450194,1470.0,86.63,1470.0,86.44
2017-06-03 11:05:26.987320,54.547104,-165.450147,1470.0,86.63,1470.0,86.44
2017-06-03 11:05:27.486521,54.547113,-165.450131,1470.0,86.44,1470.0,87.57
2017-06-03 11:05:27.985722,54.547139,-165.450086,1470.0,86.44,1470.0,86.25
2017-06-03 11:05:28.484922,54.547148,-165.450071,1470.0,87.38,1470.0,86.07
2017-06-03 11:05:28.984123,54.547173,-165.450026,1470.0,86.07,1470.0,85.88
2017-06-03 11:05:29.498924,54.547182,-165.45001,1470.0,86.25,1470.0,87.38
2017-06-03 11:05:29.998125,54.547207,-165.449964,1470.0,87.38,1470.0,86.07
2017-06-03 11:05:30.497326,54.547215,-165.44995,1470.0,87.38,1470.0,86.07
2017-06-03 11:05:30.996527,54.547239,-165.449904,1470.0,86.25,1470.0,86.07
2017-06-03 11:05:31.495728,54.547246,-165.449889,1470.0,86.07,1470.0,86.07
2017-06-03 11:05:31.994928,54.547268,-165.44984,1470.0,86.07,1470.0,86.07
2017-06-03 11:05:32.494129,54.547275,-165.449824,1470.0,86.25,1470.0,85.88
2017-06-03 11:05:32.993330,54.547297,-165.449778,1470.0,87.95,1470.0,86.07
2017-06-03 11:05:33.492531,54.547305,-165.449763,1470.0,86.25,1470.0,86.25
2017-06-03 11:05:33.991732,54.547328,-165.449715,1470.0,86.44,1470.0,86.25
2017-06-03 11:05:34.490932,54.547335,-165.4497,1470.0,86.44,1470.0,87.76
2017-06-03 11:05:34.990133,54.547359,-165.449656,1470.0,86.44,1470.0,87.38
2017-06-03 11:05:35.489334,54.547366,-165.449641,1470.0,86.44,1470.0,87.76
2017-06-03 11:05:35.988535,54.547391,-165.449594,1470.0,87.38,1470.0,86.25
2017-06-03 11:05:36.487738,54.5474,-165.449579,1470.0,86.25,1470.0,86.07
2017-06-03 11:05:36.986937,54.547425,-165.449533,1470.0,86.07,1470.0,85.88
2017-06-03 11:05:37.486139,54.547433,-165.449518,1470.0,86.07,1470.0,85.88
2017-06-03 11:05:37.985338,54.547458,-165.449471,1470.0,86.07,1470.0,87.76
2017-06-03 11:05:38.484541,54.547466,-165.449456,1470.0,87.38,1470.0,85.88
2017-06-03 11:05:38.999340,54.547489,-165.449407,1470.0,86.25,1470.0,86.07
2017-06-03 11:05:39.498541,54.547497,-165.449391,1470.0,86.25,1470.0,86.07
2017-06-03 11:05:39.997742,54.547519,-165.449342,1470.0,86.07,1470.0,86.07
2017-06-03 11:05:40.496943,54.547527,-165.449326,1470.0,86.07,1470.0,86.07
2017-06-03 11:05:40.996145,54.547549,-165.449277,1470.0,86.07,1470.0,86.07
2017-06-03 11:05:41.495344,54.547556,-165.449261,1470.0,86.07,1470.0,86.07
2017-06-03 11:05:41.994547,54.547579,-165.449212,1470.0,86.07,1470.0,85.88
2017-06-03 11:05:42.493746,54.547587,-165.449196,1470.0,86.07,1470.0,85.88
2017-06-03 11:05:42.992949,54.54761,-165.449151,1470.0,86.07,1470.0,87.01
2017-06-03 11:05:43.492147,54.547618,-165.449136,1470.0,86.07,1470.0,87.38
2017-06-03 11:05:43.991350,54.547642,-165.44909,1470.0,87.01,1470.0,86.07
2017-06-03 11:05:44.490549,54.54765,-165.449075,1470.0,87.19,1470.0,86.07
2017-06-03 11:05:44.989752,54.547675,-165.449031,1470.0,86.25,1470.0,86.07
2017-06-03 11:05:45.488953,54.547683,-165.449016,1470.0,86.07,1470.0,85.88
2017-06-03 11:05:45.988153,54.547707,-165.448971,1470.0,86.07,1470.0,87.19
2017-06-03 11:05:46.487354,54.547715,-165.448956,1470.0,86.07,1470.0,85.88
2017-06-03 11:05:46.986555,54.547741,-165.448911,1470.0,85.88,1470.0,85.88
2017-06-03 11:05:47.485756,54.54775,-165.448896,1470.0,86.07,1470.0,85.88
2017-06-03 11:05:47.984957,54.547773,-165.448851,1470.0,86.07,1470.0,86.07
2017-06-03 11:05:48.484158,54.547781,-165.448836,1470.0,86.25,1470.0,86.07
2017-06-03 11:05:48.998959,54.547804,-165.448788,1470.0,86.44,1470.0,87.76
2017-06-03 11:05:49.498159,54.547812,-165.448773,1470.0,88.14,1470.0,86.44
2017-06-03 11:05:49.997360,54.547834,-165.448724,1470.0,86.63,1470.0,86.44
2017-06-03 11:05:50.496561,54.547842,-165.448708,1470.0,86.44,1470.0,87.19
2017-06-03 11:05:50.995762,54.547866,-165.448659,1470.0,86.25,1470.0,86.25
2017-06-03 11:05:51.494963,54.547874,-165.448643,1470.0,86.07,1470.0,86.07
2017-06-03 11:05:51.994164,54.547897,-165.448596,1470.0,87.76,1470.0,86.25
2017-06-03 11:05:52.493364,54.547905,-165.448581,1470.0,87.57,1470.0,86.25
2017-06-03 11:05:52.992565,54.547928,-165.448535,1470.0,86.63,1470.0,86.44
2017-06-03 11:05:53.491766,54.547936,-165.448519,1470.0,88.14,1470.0,86.82
2017-06-03 11:05:53.990967,54.547959,-165.44847,1470.0,88.14,1470.0,87.95
2017-06-03 11:05:54.490168,54.547967,-165.448455,1470.0,87.95,1470.0,86.82
2017-06-03 11:05:54.989368,54.54799,-165.448409,1470.0,88.14,1470.0,86.63
2017-06-03 11:05:55.488569,54.547998,-165.448394,1470.0,86.44,1470.0,86.44
2017-06-03 11:05:55.987770,54.548023,-165.448348,1470.0,87.57,1470.0,86.25
2017-06-03 11:05:56.486973,54.548031,-165.448333,1470.0,87.57,1470.0,86.07
2017-06-03 11:05:56.986172,54.548055,-165.448286,1470.0,87.57,1470.0,86.07
2017-06-03 11:05:57.485374,54.548063,-165.448271,1470.0,87.57,1470.0,87.01
2017-06-03 11:05:57.984573,54.548085,-165.448226,1470.0,86.44,1470.0,86.25
2017-06-03 11:05:58.483776,54.548093,-165.448211,1470.0,86.44,1470.0,87.57
2017-06-03 11:05:58.998575,54.548116,-165.44816,1470.0,87.57,1470.0,87.38
2017-06-03 11:05:59.497778,54.548124,-165.448144,1470.0,87.38,1470.0,87.19
2017-06-03 11:05:59.996977,54.548146,-165.448097,1470.0,86.63,1470.0,86.63
2017-06-03 11:06:00.496178,54.548154,-165.448081,1470.0,87.95,1470.0,88.14
2017-06-03 11:06:00.995378,54.548177,-165.448035,1470.0,86.82,1470.0,86.63
2017-06-03 11:06:01.494579,54.548185,-165.448019,1470.0,86.82,1470.0,86.63
2017-06-03 11:06:01.993782,54.548209,-165.44797,1470.0,87.76,1470.0,86.63
2017-06-03 11:06:02.492981,54.548217,-165.447954,1470.0,86.63,1470.0,87.57
2017-06-03 11:06:02.992184,54.54824,-165.447908,1470.0,86.63,1470.0,86.63
2017-06-03 11:06:03.491383,54.548248,-165.447893,1470.0,86.63,1470.0,86.63
2017-06-03 11:06:03.990585,54.548275,-165.447846,1470.0,86.63,1470.0,86.63
2017-06-03 11:06:04.489784,54.548284,-165.447831,1470.0,86.82,1470.0,86.63
2017-06-03 11:06:04.988987,54.548308,-165.447785,1470.0,86.82,1470.0,87.76
2017-06-03 11:06:05.488186,54.548316,-165.447769,1470.0,86.82,1470.0,87.01
2017-06-03 11:06:05.987389,54.548339,-165.447722,1470.0,174.5,1470.0,87.95
2017-06-03 11:06:06.486589,54.548346,-165.447706,1470.0,86.82,1470.0,88.14
2017-06-03 11:06:06.985790,54.548369,-165.447657,1470.0,86.82,1470.0,86.63
2017-06-03 11:06:07.484991,54.548376,-165.447641,1470.0,86.63,1470.0,87.76
2017-06-03 11:06:07.984192,54.5484,-165.447593,1470.0,86.63,1470.0,87.38
2017-06-03 11:06:08.498993,54.548409,-165.447576,1470.0,86.63,1470.0,87.19
2017-06-03 11:06:08.998194,54.548431,-165.44753,1470.0,86.63,1470.0,87.95
2017-06-03 11:06:09.497395,54.548439,-165.447514,1470.0,86.82,1470.0,88.14
2017-06-03 11:06:09.996595,54.548461,-165.447467,1470.0,86.82,1470.0,87.95
2017-06-03 11:06:10.495796,54.548469,-165.447451,1470.0,86.82,1470.0,86.82
2017-06-03 11:06:10.994997,54.548492,-165.447406,1470.0,87.01,1470.0,86.82
2017-06-03 11:06:11.494198,54.5485,-165.447391,1470.0,88.7,1470.0,86.82
2017-06-03 11:06:11.993399,54.548525,-165.447343,1470.0,87.95,1470.0,86.82
2017-06-03 11:06:12.492599,54.548534,-165.447328,1470.0,87.76,1470.0,86.82
2017-06-03 11:06:12.991800,54.548557,-165.447283,1470.0,88.32,1470.0,86.82
2017-06-03 11:06:13.491001,54.548565,-165.447268,1470.0,87.95,1470.0,86.82
2017-06-03 11:06:13.990202,54.548588,-165.447222,1470.0,86.82,1470.0,87.76
2017-06-03 11:06:14.489403,54.548596,-165.447208,1470.0,86.82,1470.0,86.63
2017-06-03 11:06:14.988604,54.548621,-165.447162,1470.0,86.63,1470.0,86.63
2017-06-03 11:06:15.487804,54.54863,-165.447148,1470.0,86.63,1470.0,86.44
2017-06-03 11:06:15.987005,54.548653,-165.447102,1470.0,87.95,1470.0,86.63
2017-06-03 11:06:16.486208,54.548661,-165.447088,1470.0,86.63,1470.0,87.76
2017-06-03 11:06:16.985407,54.548685,-165.447041,1470.0,86.82,1470.0,86.63
2017-06-03 11:06:17.484610,54.548693,-165.447026,1470.0,86.82,1470.0,88.14
2017-06-03 11:06:17.983809,54.548714,-165.446977,1470.0,86.82,1470.0,86.82
2017-06-03 11:06:18.498611,54.548722,-165.446959,1470.0,86.82,1470.0,86.82
2017-06-03 11:06:18.997810,54.548744,-165.44691,1470.0,87.01,1470.0,86.82
2017-06-03 11:06:19.497013,54.548752,-165.446894,1470.0,88.51,1470.0,87.01
2017-06-03 11:06:19.996212,54.548774,-165.446847,1470.0,87.19,1470.0,87.01
2017-06-03 11:06:20.495415,54.548782,-165.446831,1470.0,88.14,1470.0,87.01
2017-06-03 11:06:20.994614,54.548804,-165.446783,1470.0,87.19,1470.0,87.01
2017-06-03 11:06:21.493814,54.548811,-165.446768,1470.0,87.19,1470.0,87.01
2017-06-03 11:06:21.993017,54.548836,-165.44672,1470.0,87.19,1470.0,88.51
2017-06-03 11:06:22.492216,54.548844,-165.446705,1470.0,87.01,1470.0,87.76
2017-06-03 11:06:22.991419,54.548868,-165.446659,1470.0,88.32,1470.0,86.82
2017-06-03 11:06:23.490618,54.548876,-165.446644,1470.0,88.32,1470.0,87.76
2017-06-03 11:06:23.989820,54.548901,-165.446598,1470.0,86.82,1470.0,87.76
2017-06-03 11:06:24.489019,54.548908,-165.446583,1470.0,86.82,1470.0,87.76
2017-06-03 11:06:24.988222,54.548931,-165.446538,1470.0,88.32,1470.0,86.63
2017-06-03 11:06:25.487421,54.548938,-165.446523,1470.0,87.95,1470.0,86.63
2017-06-03 11:06:25.986624,54.54896,-165.446475,1470.0,88.14,1470.0,88.14
2017-06-03 11:06:26.485823,54.548968,-165.446459,1470.0,87.95,1470.0,86.82
2017-06-03 11:06:26.985025,54.54899,-165.446413,1470.0,87.01,1470.0,88.51
2017-06-03 11:06:27.484226,54.548998,-165.446398,1470.0,87.01,1470.0,87.01
2017-06-03 11:06:27.999027,54.549021,-165.446348,1470.0,87.19,1470.0,87.01
2017-06-03 11:06:28.498228,54.549028,-165.446333,1470.0,87.19,1470.0,87.01
2017-06-03 11:06:28.997429,54.549051,-165.446285,1470.0,87.01,1470.0,88.89
2017-06-03 11:06:29.496630,54.549058,-165.446269,1470.0,88.51,1470.0,86.82
2017-06-03 11:06:29.995831,54.549081,-165.44622,1470.0,86.82,1470.0,87.95
2017-06-03 11:06:30.495031,54.549089,-165.446205,1470.0,88.32,1470.0,87.95
2017-06-03 11:06:30.994232,54.549113,-165.446159,1470.0,86.82,1470.0,87.01
2017-06-03 11:06:31.493433,54.549121,-165.446144,1470.0,87.01,1470.0,86.82
2017-06-03 11:06:31.992634,54.549147,-165.446097,1470.0,87.01,1470.0,87.01
2017-06-03 11:06:32.491835,54.549155,-165.446081,1470.0,88.51,1470.0,86.82
2017-06-03 11:06:32.991035,54.549179,-165.446035,1470.0,88.14,1470.0,87.19
2017-06-03 11:06:33.490236,54.549186,-165.446019,1470.0,87.19,1470.0,88.14
2017-06-03 11:06:33.989437,54.549209,-165.44597,1470.0,87.19,1470.0,87.19
2017-06-03 11:06:34.488638,54.549216,-165.445954,1470.0,88.51,1470.0,88.7
2017-06-03 11:06:34.987839,54.549239,-165.445907,1470.0,87.19,1470.0,88.51
2017-06-03 11:06:35.487040,54.549246,-165.445891,1470.0,87.01,1470.0,87.01
2017-06-03 11:06:35.986240,54.54927,-165.445843,1470.0,88.51,1470.0,86.82
2017-06-03 11:06:36.485441,54.549278,-165.445828,1470.0,86.82,1470.0,87.95
2017-06-03 11:06:36.984642,54.549302,-165.445783,1470.0,86.82,1470.0,86.82
2017-06-03 11:06:37.483845,54.54931,-165.445768,1470.0,86.82,1470.0,88.14
2017-06-03 11:06:37.998644,54.549335,-165.445721,1470.0,86.82,1470.0,87.95
2017-06-03 11:06:38.497847,54.549344,-165.445706,1470.0,86.82,1470.0,86.82
2017-06-03 11:06:38.997046,54.549366,-165.44566,1470.0,87.01,1470.0,86.82
2017-06-03 11:06:39.496248,54.549374,-165.445644,1470.0,87.01,1470.0,87.95
2017-06-03 11:06:39.995447,54.549396,-165.445598,1470.0,87.01,1470.0,87.01
2017-06-03 11:06:40.494650,54.549404,-165.445583,1470.0,87.01,1470.0,88.32
2017-06-03 11:06:40.993849,54.549427,-165.445538,1470.0,87.01,1470.0,88.32
2017-06-03 11:06:41.493052,54.549435,-165.445523,1470.0,88.32,1470.0,87.01
2017-06-03 11:06:41.992252,54.54946,-165.445476,1470.0,86.82,1470.0,87.95
2017-06-03 11:06:42.491451,54.549468,-165.445461,1470.0,86.82,1470.0,87.95
2017-06-03 11:06:42.990654,54.549493,-165.445414,1470.0,86.82,1470.0,87.76
2017-06-03 11:06:43.489853,54.549501,-165.445399,1470.0,86.82,1470.0,86.82
2017-06-03 11:06:43.989056,54.549526,-165.445352,1470.0,87.57,1470.0,87.95
2017-06-03 11:06:44.488255,54.549535,-165.445336,1470.0,88.32,1470.0,88.14
2017-06-03 11:06:44.987457,54.549558,-165.445287,1470.0,88.32,1470.0,87.01
2017-06-03 11:06:45.486656,54.549566,-165.445271,1470.0,87.19,1470.0,87.19
2017-06-03 11:06:45.985859,54.54959,-165.445222,1470.0,87.19,1470.0,87.19
2017-06-03 11:06:46.485058,54.549598,-165.445206,1470.0,87.19,1470.0,87.19
2017-06-03 11:06:46.984261,54.54962,-165.445157,1470.0,87.19,1470.0,88.14
2017-06-03 11:06:47.499062,54.549629,-165.445139,1470.0,87.01,1470.0,87.01
2017-06-03 11:06:47.998262,54.549652,-165.44509,1470.0,87.01,1470.0,87.01
2017-06-03 11:06:48.497463,54.54966,-165.445075,1470.0,87.01,1470.0,87.01
2017-06-03 11:06:48.996664,54.549682,-165.445029,1470.0,87.01,1470.0,87.01
2017-06-03 11:06:49.495865,54.54969,-165.445014,1470.0,87.01,1470.0,87.01
2017-06-03 11:06:49.995066,54.549714,-165.444967,1470.0,87.01,1470.0,87.01
2017-06-03 11:06:50.494267,54.549722,-165.444951,1470.0,87.01,1470.0,87.95
2017-06-03 11:06:50.993467,54.549744,-165.444906,1470.0,87.01,1470.0,87.76
2017-06-03 11:06:51.492668,54.549751,-165.444891,1470.0,88.32,1470.0,86.82
2017-06-03 11:06:51.991869,54.549775,-165.444844,1470.0,86.82,1470.0,86.82
2017-06-03 11:06:52.491070,54.549783,-165.444829,1470.0,87.76,1470.0,86.63
2017-06-03 11:06:52.990271,54.549807,-165.444784,1470.0,86.63,1470.0,86.63
2017-06-03 11:06:53.489471,54.549815,-165.444769,1470.0,86.63,1470.0,86.63
2017-06-03 11:06:53.988672,54.549837,-165.444723,1470.0,88.14,1470.0,88.14
2017-06-03 11:06:54.487873,54.549845,-165.444708,1470.0,86.82,1470.0,86.82
2017-06-03 11:06:54.987074,54.549868,-165.44466,1470.0,87.01,1470.0,87.01
2017-06-03 11:06:55.486275,54.549876,-165.444644,1470.0,88.32,1470.0,87.19
2017-06-03 11:06:55.985476,54.549899,-165.444597,1470.0,88.32,1470.0,87.19
2017-06-03 11:06:56.484676,54.549906,-165.444581,1470.0,87.38,1470.0,87.38
2017-06-03 11:06:56.983877,54.54993,-165.444533,1470.0,88.32,1470.0,87.19
2017-06-03 11:06:57.498680,54.549939,-165.444516,1470.0,87.19,1470.0,88.51
2017-06-03 11:06:57.997879,54.549964,-165.444468,1470.0,87.01,1470.0,87.01
2017-06-03 11:06:58.497082,54.549972,-165.444453,1470.0,86.82,1470.0,86.82
2017-06-03 11:06:58.996281,54.549998,-165.444406,1470.0,86.82,1470.0,86.82
2017-06-03 11:06:59.495483,54.550006,-165.444391,1470.0,88.32,1470.0,88.14
2017-06-03 11:06:59.994682,54.550032,-165.444343,1470.0,87.19,1470.0,87.01
2017-06-03 11:07:00.493885,54.55004,-165.444328,1470.0,87.19,1470.0,88.51
2017-06-03 11:07:00.993084,54.550064,-165.444281,1470.0,87.19,1470.0,87.19
2017-06-03 11:07:01.492287,54.550071,-165.444266,1470.0,87.19,1470.0,88.32
2017-06-03 11:07:01.991486,54.550095,-165.444218,1470.0,88.7,1470.0,88.51
2017-06-03 11:07:02.490688,54.550103,-165.444203,1470.0,87.01,1470.0,87.01
2017-06-03 11:07:02.989889,54.550127,-165.444156,1470.0,88.32,1470.0,87.01
2017-06-03 11:07:03.489088,54.550135,-165.444141,1470.0,86.82,1470.0,86.82
2017-06-03 11:07:03.988291,54.550158,-165.444096,1470.0,86.82,1470.0,87.01
2017-06-03 11:07:04.487490,54.550166,-165.444081,1470.0,86.82,1470.0,87.95
2017-06-03 11:07:04.986692,54.55019,-165.444037,1470.0,86.82,1470.0,87.95
2017-06-03 11:07:05.485891,54.550198,-165.444023,1470.0,86.82,1470.0,86.82
2017-06-03 11:07:05.985094,54.550223,-165.443977,1470.0,86.82,1470.0,87.01
2017-06-03 11:07:06.484293,54.550231,-165.443963,1470.0,87.76,1470.0,88.14
2017-06-03 11:07:06.999096,54.550256,-165.443917,1470.0,87.95,1470.0,86.82
2017-06-03 11:07:07.498297,54.550264,-165.443903,1470.0,87.95,1470.0,86.63
2017-06-03 11:07:07.997498,54.550287,-165.443855,1470.0,87.95,1470.0,88.14
2017-06-03 11:07:08.496698,54.550295,-165.443839,1470.0,86.82,1470.0,86.82
2017-06-03 11:07:08.995899,54.550317,-165.443793,1470.0,88.32,1470.0,88.14
2017-06-03 11:07:09.495100,54.550325,-165.443777,1470.0,88.32,1470.0,88.32
2017-06-03 11:07:09.994301,54.550348,-165.443726,1470.0,87.19,1470.0,87.19
2017-06-03 11:07:10.493502,54.550355,-165.443709,1470.0,88.32,1470.0,87.19
2017-06-03 11:07:10.992702,54.550379,-165.443662,1470.0,88.32,1470.0,87.19
2017-06-03 11:07:11.491903,54.550386,-165.443646,1470.0,87.19,1470.0,88.89
2017-06-03 11:07:11.991104,54.550411,-165.443598,1470.0,88.32,1470.0,87.01
2017-06-03 11:07:12.490305,54.55042,-165.443583,1470.0,87.01,1470.0,88.32
2017-06-03 11:07:12.989506,54.550445,-165.443535,1470.0,88.32,1470.0,86.82
2017-06-03 11:07:13.488707,54.550453,-165.443519,1470.0,87.01,1470.0,87.76
2017-06-03 11:07:13.987907,54.550478,-165.443474,1470.0,87.95,1470.0,86.82
2017-06-03 11:07:14.487108,54.550486,-165.443459,1470.0,88.32,1470.0,86.82
2017-06-03 11:07:14.986309,54.55051,-165.443414,1470.0,88.14,1470.0,86.82
2017-06-03 11:07:15.485510,54.550518,-165.443399,1470.0,86.82,1470.0,86.82
2017-06-03 11:07:15.984711,54.55054,-165.443353,1470.0,87.76,1470.0,87.57
2017-06-03 11:07:16.483912,54.550548,-165.443338,1470.0,86.63,1470.0,87.95
2017-06-03 11:07:16.998713,54.550571,-165.443288,1470.0,86.44,1470.0,86.44
2017-06-03 11:07:17.497913,54.550579,-165.443273,1470.0,86.25,1470.0,86.25
2017-06-03 11:07:17.997114,54.550602,-165.443226,1470.0,86.25,1470.0,86.25
2017-06-03 11:07:18.496317,54.55061,-165.443211,1470.0,86.25,1470.0,87.38
2017-06-03 11:07:18.995516,54.550633,-165.443166,1470.0,86.44,1470.0,86.25
2017-06-03 11:07:19.494719,54.55064,-165.443151,1470.0,86.44,1470.0,86.44
2017-06-03 11:07:19.993917,54.550663,-165.443103,1470.0,86.44,1470.0,86.44
2017-06-03 11:07:20.493120,54.55067,-165.443088,1470.0,86.44,1470.0,87.76
2017-06-03 11:07:20.992319,54.550692,-165.443041,1470.0,86.44,1470.0,86.44
2017-06-03 11:07:21.491522,54.5507,-165.443026,1470.0,87.76,1470.0,86.25
2017-06-03 11:07:21.990721,54.550723,-165.442977,1470.0,86.44,1470.0,86.25
2017-06-03 11:07:22.489923,54.550731,-165.442961,1470.0,86.44,1470.0,87.57
2017-06-03 11:07:22.989122,54.550756,-165.442914,1470.0,86.25,1470.0,87.38
2017-06-03 11:07:23.488325,54.550765,-165.442899,1470.0,86.25,1470.0,86.25
2017-06-03 11:07:23.987526,54.55079,-165.442853,1470.0,87.76,1470.0,86.25
2017-06-03 11:07:24.486725,54.550798,-165.442838,1470.0,86.44,1470.0,86.44
2017-06-03 11:07:24.985928,54.550822,-165.44279,1470.0,86.44,1470.0,86.44
2017-06-03 11:07:25.485126,54.55083,-165.442774,1470.0,87.76,1470.0,86.44
2017-06-03 11:07:25.984329,54.550852,-165.442728,1470.0,86.44,1470.0,87.19
2017-06-03 11:07:26.499128,54.55086,-165.442711,1470.0,87.57,1470.0,87.38
2017-06-03 11:07:26.998331,54.550883,-165.442662,1470.0,87.57,1470.0,87.76
2017-06-03 11:07:27.497530,54.55089,-165.442646,1470.0,86.44,1470.0,86.25
2017-06-03 11:07:27.996733,54.550911,-165.442599,1470.0,86.44,1470.0,87.38
2017-06-03 11:07:28.495934,54.550919,-165.442583,1470.0,86.44,1470.0,86.44
2017-06-03 11:07:28.995134,54.550942,-165.442539,1470.0,86.44,1470.0,87.57
2017-06-03 11:07:29.494335,54.55095,-165.442524,1470.0,86.44,1470.0,86.25
2017-06-03 11:07:29.993536,54.550974,-165.442477,1470.0,87.19,1470.0,86.25
2017-06-03 11:07:30.492737,54.550982,-165.442461,1470.0,86.07,1470.0,87.38
2017-06-03 11:07:30.991938,54.551007,-165.442417,1470.0,86.07,1470.0,86.07
2017-06-03 11:07:31.491138,54.551015,-165.442403,1470.0,85.88,1470.0,85.88
2017-06-03 11:07:31.990339,54.55104,-165.442359,1470.0,85.88,1470.0,86.82
2017-06-03 11:07:32.489540,54.551048,-165.442344,1470.0,85.88,1470.0,85.88
2017-06-03 11:07:32.988741,54.551073,-165.442299,1470.0,86.07,1470.0,85.88
2017-06-03 11:07:33.487942,54.551081,-165.442284,1470.0,86.07,1470.0,85.88
2017-06-03 11:07:33.987143,54.551105,-165.442238,1470.0,86.07,1470.0,86.07
2017-06-03 11:07:34.486343,54.551113,-165.442222,1470.0,86.82,1470.0,86.63
2017-06-03 11:07:34.985544,54.551135,-165.442174,1470.0,86.07,1470.0,85.88
2017-06-03 11:07:35.484745,54.551143,-165.442157,1470.0,86.07,1470.0,85.88
2017-06-03 11:07:35.983946,54.551165,-165.442109,1470.0,87.19,1470.0,85.88
2017-06-03 11:07:36.498747,54.551174,-165.442091,1470.0,86.07,1470.0,85.88
2017-06-03 11:07:36.997948,54.551197,-165.442042,1470.0,85.88,1470.0,85.88
2017-06-03 11:07:37.497149,54.551205,-165.442026,1470.0,85.88,1470.0,85.88
2017-06-03 11:07:37.996349,54.551229,-165.44198,1470.0,85.88,1470.0,87.19
2017-06-03 11:07:38.495552,54.551237,-165.441965,1470.0,87.01,1470.0,85.69
2017-06-03 11:07:38.994751,54.551263,-165.441919,1470.0,85.69,1470.0,85.69
2017-06-03 11:07:39.493954,54.551271,-165.441904,1470.0,85.5,1470.0,85.5
2017-06-03 11:07:39.993153,54.551297,-165.441858,1470.0,85.5,1470.0,86.63
2017-06-03 11:07:40.492355,54.551305,-165.441843,1470.0,85.5,1470.0,86.63
2017-06-03 11:07:40.991554,54.55133,-165.441799,1470.0,85.5,1470.0,86.44
2017-06-03 11:07:41.490757,54.551338,-165.441784,1470.0,85.5,1470.0,85.69
2017-06-03 11:07:41.989956,54.551362,-165.441739,1470.0,85.5,1470.0,85.69
2017-06-03 11:07:42.489159,54.55137,-165.441724,1470.0,85.5,1470.0,86.82
2017-06-03 11:07:42.988358,54.551393,-165.441677,1470.0,85.69,1470.0,85.5
2017-06-03 11:07:43.487560,54.551401,-165.441661,1470.0,85.69,1470.0,85.69
2017-06-03 11:07:43.986761,54.551424,-165.441613,1470.0,85.88,1470.0,87.01
2017-06-03 11:07:44.485962,54.551431,-165.441598,1470.0,85.69,1470.0,85.69
2017-06-03 11:07:44.985163,54.551454,-165.44155,1470.0,85.69,1470.0,85.69
2017-06-03 11:07:45.484364,54.551461,-165.441534,1470.0,85.88,1470.0,85.69
2017-06-03 11:07:45.999165,54.551486,-165.441485,1470.0,87.01,1470.0,85.69
2017-06-03 11:07:46.498363,54.551494,-165.44147,1470.0,85.5,1470.0,85.5
2017-06-03 11:07:46.997566,54.551518,-165.441424,1470.0,86.63,1470.0,85.31
2017-06-03 11:07:47.496765,54.551526,-165.441409,1470.0,85.31,1470.0,85.31
2017-06-03 11:07:47.995968,54.551552,-165.441362,1470.0,85.31,1470.0,85.31
2017-06-03 11:07:48.495167,54.55156,-165.441346,1470.0,85.5,1470.0,85.31
2017-06-03 11:07:48.994370,54.551584,-165.441301,1470.0,85.5,1470.0,86.82
2017-06-03 11:07:49.493570,54.551591,-165.441286,1470.0,85.69,1470.0,85.5
2017-06-03 11:07:49.992771,54.551616,-165.441237,1470.0,85.69,1470.0,85.5
2017-06-03 11:07:50.491972,54.551624,-165.441221,1470.0,85.5,1470.0,85.5
2017-06-03 11:07:50.991173,54.551648,-165.441175,1470.0,85.5,1470.0,85.31
2017-06-03 11:07:51.490374,54.551656,-165.441159,1470.0,85.31,1470.0,85.31
2017-06-03 11:07:51.989574,54.55168,-165.44111,1470.0,85.31,1470.0,85.12
2017-06-03 11:07:52.488775,54.551688,-165.441094,1470.0,85.31,1470.0,85.31
2017-06-03 11:07:52.987976,54.55171,-165.441045,1470.0,85.12,1470.0,84.94
2017-06-03 11:07:53.487177,54.551718,-165.441029,1470.0,85.5,1470.0,84.94
2017-06-03 11:07:53.986378,54.551739,-165.440982,1470.0,85.5,1470.0,85.5
2017-06-03 11:07:54.485579,54.551746,-165.440966,1470.0,85.5,1470.0,85.5
2017-06-03 11:07:54.984779,54.55177,-165.44092,1470.0,86.63,1470.0,85.31
2017-06-03 11:07:55.483980,54.551778,-165.440904,1470.0,85.31,1470.0,85.31
2017-06-03 11:07:55.998781,54.551802,-165.440857,1470.0,85.12,1470.0,85.12
2017-06-03 11:07:56.497982,54.55181,-165.440841,1470.0,85.12,1470.0,86.07
2017-06-03 11:07:56.997183,54.551834,-165.440797,1470.0,85.12,1470.0,85.12
2017-06-03 11:07:57.496384,54.551841,-165.440783,1470.0,85.12,1470.0,85.12
2017-06-03 11:07:57.995584,54.551866,-165.440735,1470.0,85.12,1470.0,86.44
2017-06-03 11:07:58.494787,54.551874,-165.44072,1470.0,85.12,1470.0,86.07
2017-06-03 11:07:58.993986,54.551897,-165.440674,1470.0,85.31,1470.0,85.12
2017-06-03 11:07:59.493189,54.551905,-165.440659,1470.0,86.07,1470.0,85.12
2017-06-03 11:07:59.992388,54.551928,-165.440612,1470.0,86.25,1470.0,86.44
2017-06-03 11:08:00.491590,54.551936,-165.440596,1470.0,85.31,1470.0,85.31
2017-06-03 11:08:00.990789,54.551959,-165.440547,1470.0,85.31,1470.0,86.25
2017-06-03 11:08:01.489992,54.551966,-165.440531,1470.0,86.82,1470.0,85.31
2017-06-03 11:08:01.989191,54.55199,-165.440483,1470.0,86.44,1470.0,86.82
2017-06-03 11:08:02.488394,54.551998,-165.440467,1470.0,86.82,1470.0,85.31
2017-06-03 11:08:02.987593,54.552022,-165.440419,1470.0,85.31,1470.0,85.31
2017-06-03 11:08:03.486795,54.55203,-165.440403,1470.0,85.31,1470.0,85.31
2017-06-03 11:08:03.985996,54.552055,-165.440355,1470.0,85.31,1470.0,86.63
2017-06-03 11:08:04.485197,54.552063,-165.440339,1470.0,85.31,1470.0,85.12
2017-06-03 11:08:04.984398,54.552087,-165.440293,1470.0,86.44,1470.0,85.31
2017-06-03 11:08:05.499197,54.552095,-165.440276,1470.0,85.12,1470.0,85.12
2017-06-03 11:08:05.998400,54.552121,-165.44023,1470.0,85.12,1470.0,85.12
2017-06-03 11:08:06.497599,54.552129,-165.440215,1470.0,85.12,1470.0,86.44
2017-06-03 11:08:06.996801,54.552152,-165.440169,1470.0,86.25,1470.0,85.12
2017-06-03 11:08:07.496000,54.55216,-165.440154,1470.0,85.12,1470.0,85.12
2017-06-03 11:08:07.995203,54.552184,-165.440104,1470.0,85.12,1470.0,86.07
2017-06-03 11:08:08.494402,54.552192,-165.440088,1470.0,85.12,1470.0,86.63
2017-06-03 11:08:08.993605,54.552213,-165.44004,1470.0,85.31,1470.0,85.31
2017-06-03 11:08:09.492805,54.55222,-165.440024,1470.0,85.31,1470.0,85.31
2017-06-03 11:08:09.992006,54.552243,-165.439978,1470.0,85.31,1470.0,85.31
2017-06-03 11:08:10.491207,54.552251,-165.439963,1470.0,85.31,1470.0,85.31
2017-06-03 11:08:10.990408,54.552275,-165.439916,1470.0,86.44,1470.0,85.12
2017-06-03 11:08:11.489609,54.552283,-165.439901,1470.0,85.12,1470.0,85.5
2017-06-03 11:08:11.988810,54.552308,-165.439856,1470.0,86.07,1470.0,86.44
2017-06-03 11:08:12.488010,54.552316,-165.439841,1470.0,84.94,1470.0,84.94
2017-06-03 11:08:12.987211,54.552341,-165.439796,1470.0,84.94,1470.0,84.94
2017-06-03 11:08:13.486412,54.55235,-165.439781,1470.0,86.25,1470.0,84.94
2017-06-03 11:08:13.985613,54.552375,-165.439736,1470.0,86.25,1470.0,86.44
2017-06-03 11:08:14.484814,54.552383,-165.439721,1470.0,85.12,1470.0,86.44
2017-06-03 11:08:14.984015,54.552407,-165.439674,1470.0,85.12,1470.0,86.25
2017-06-03 11:08:15.498816,54.552415,-165.439658,1470.0,86.44,1470.0,84.94
2017-06-03 11:08:15.998016,54.552441,-165.43961,1470.0,84.94,1470.0,84.94
2017-06-03 11:08:16.497217,54.552449,-165.439595,1470.0,84.94,1470.0,84.75
2017-06-03 11:08:16.996418,54.552472,-165.439549,1470.0,86.25,1470.0,86.07
2017-06-03 11:08:17.495619,54.55248,-165.439534,1470.0,84.94,1470.0,86.44
2017-06-03 11:08:17.994820,54.552504,-165.439485,1470.0,85.12,1470.0,86.63
2017-06-03 11:08:18.494020,54.552512,-165.439469,1470.0,85.69,1470.0,85.12
2017-06-03 11:08:18.993221,54.552535,-165.439423,1470.0,85.31,1470.0,86.25
2017-06-03 11:08:19.492424,54.552543,-165.439408,1470.0,85.31,1470.0,85.12
2017-06-03 11:08:19.991623,54.552567,-165.43936,1470.0,85.12,1470.0,85.12
2017-06-03 11:08:20.490826,54.552575,-165.439344,1470.0,84.94,1470.0,86.44
2017-06-03 11:08:20.990025,54.5526,-165.439298,1470.0,86.44,1470.0,84.75
2017-06-03 11:08:21.489227,54.552608,-165.439283,1470.0,84.94,1470.0,85.88
2017-06-03 11:08:21.988426,54.552633,-165.439236,1470.0,85.88,1470.0,85.88
2017-06-03 11:08:22.487629,54.552641,-165.439221,1470.0,86.07,1470.0,86.25
2017-06-03 11:08:22.986828,54.552665,-165.439174,1470.0,85.12,1470.0,85.12
2017-06-03 11:08:23.486031,54.552673,-165.439159,1470.0,86.63,1470.0,85.12
2017-06-03 11:08:23.985231,54.552697,-165.439113,1470.0,85.31,1470.0,86.44
2017-06-03 11:08:24.484432,54.552705,-165.439098,1470.0,85.31,1470.0,86.63
2017-06-03 11:08:24.999233,54.552729,-165.43905,1470.0,86.44,1470.0,86.44
2017-06-03 11:08:25.498432,54.552737,-165.439034,1470.0,86.25,1470.0,85.12
2017-06-03 11:08:25.997635,54.552759,-165.438987,1470.0,86.25,1470.0,86.07
2017-06-03 11:08:26.496834,54.552767,-165.438971,1470.0,85.12,1470.0,84.94
2017-06-03 11:08:26.996037,54.552789,-165.438925,1470.0,84.94,1470.0,85.88
2017-06-03 11:08:27.495235,54.552796,-165.438909,1470.0,85.88,1470.0,86.07
2017-06-03 11:08:27.994438,54.552822,-165.438863,1470.0,84.94,1470.0,84.75
2017-06-03 11:08:28.493637,54.55283,-165.438848,1470.0,84.75,1470.0,84.75
2017-06-03 11:08:28.992840,54.552855,-165.438803,1470.0,84.94,1470.0,84.75
2017-06-03 11:08:29.492041,54.552863,-165.438788,1470.0,84.94,1470.0,84.75
2017-06-03 11:08:29.991241,54.552887,-165.438741,1470.0,84.56,1470.0,84.56
2017-06-03 11:08:30.490442,54.552895,-165.438726,1470.0,84.75,1470.0,84.56
2017-06-03 11:08:30.989643,54.552918,-165.438677,1470.0,84.94,1470.0,84.75
2017-06-03 11:08:31.488844,54.552926,-165.438661,1470.0,85.31,1470.0,85.12
2017-06-03 11:08:31.988045,54.55295,-165.438612,1470.0,85.5,1470.0,85.5
2017-06-03 11:08:32.487246,54.552958,-165.438596,1470.0,85.69,1470.0,85.5
2017-06-03 11:08:32.986446,54.552983,-165.438548,1470.0,87.19,1470.0,86.63
2017-06-03 11:08:33.485647,54.552991,-165.438533,1470.0,85.5,1470.0,86.63
2017-06-03 11:08:33.984848,54.553016,-165.438485,1470.0,86.82,1470.0,86.82
2017-06-03 11:08:34.484049,54.553025,-165.438469,1470.0,86.25,1470.0,85.31
2017-06-03 11:08:34.998850,54.553049,-165.438423,1470.0,85.31,1470.0,86.82
2017-06-03 11:08:35.498051,54.553056,-165.438408,1470.0,86.63,1470.0,85.12
2017-06-03 11:08:35.997252,54.553082,-165.43836,1470.0,86.44,1470.0,86.44
2017-06-03 11:08:36.496452,54.55309,-165.438345,1470.0,85.12,1470.0,84.94
2017-06-03 11:08:36.995653,54.553115,-165.438301,1470.0,86.25,1470.0,84.94
2017-06-03 11:08:37.494854,54.553123,-165.438286,1470.0,84.94,1470.0,84.75
2017-06-03 11:08:37.994055,54.553146,-165.438238,1470.0,84.94,1470.0,84.94
2017-06-03 11:08:38.493256,54.553154,-165.438223,1470.0,84.94,1470.0,86.25
2017-06-03 11:08:38.992456,54.553177,-165.438176,1470.0,84.94,1470.0,84.94
2017-06-03 11:08:39.491657,54.553184,-165.438161,1470.0,86.82,1470.0,86.44
2017-06-03 11:08:39.990858,54.553206,-165.438112,1470.0,87.01,1470.0,86.07
2017-06-03 11:08:40.490061,54.553213,-165.438096,1470.0,85.5,1470.0,85.31
2017-06-03 11:08:40.989260,54.553235,-165.438047,1470.0,85.5,1470.0,85.5
2017-06-03 11:08:41.488462,54.553243,-165.438031,1470.0,85.5,1470.0,86.82
2017-06-03 11:08:41.987661,54.553267,-165.437982,1470.0,85.5,1470.0,86.63
2017-06-03 11:08:42.486864,54.553275,-165.437966,1470.0,85.5,1470.0,86.82
2017-06-03 11:08:42.986063,54.553298,-165.437918,1470.0,85.5,1470.0,85.31
2017-06-03 11:08:43.485266,54.553306,-165.437903,1470.0,85.31,1470.0,86.25
2017-06-03 11:08:43.984465,54.553331,-165.437855,1470.0,85.31,1470.0,86.63
2017-06-03 11:08:44.499266,54.553341,-165.437838,1470.0,86.44,1470.0,85.12
2017-06-03 11:08:44.998468,54.553367,-165.437791,1470.0,85.31,1470.0,85.12
2017-06-03 11:08:45.497667,54.553375,-165.437776,1470.0,86.44,1470.0,86.25
2017-06-03 11:08:45.996870,54.553399,-165.43773,1470.0,85.31,1470.0,86.44
2017-06-03 11:08:46.496069,54.553407,-165.437714,1470.0,85.5,1470.0,85.31
2017-06-03 11:08:46.995272,54.553429,-165.437667,1470.0,85.5,1470.0,85.5
2017-06-03 11:08:47.494471,54.553436,-165.437651,1470.0,85.5,1470.0,86.44
2017-06-03 11:08:47.993673,54.553458,-165.437602,1470.0,85.69,1470.0,85.5
2017-06-03 11:08:48.492872,54.553465,-165.437586,1470.0,85.5,1470.0,86.82
2017-06-03 11:08:48.992075,54.553489,-165.43754,1470.0,85.5,1470.0,85.31
2017-06-03 11:08:49.491276,54.553496,-165.437524,1470.0,85.31,1470.0,85.31
2017-06-03 11:08:49.990477,54.55352,-165.437479,1470.0,85.31,1470.0,85.69
2017-06-03 11:08:50.489677,54.553528,-165.437464,1470.0,85.31,1470.0,86.82
2017-06-03 11:08:50.988878,54.553552,-165.437418,1470.0,85.31,1470.0,85.31
2017-06-03 11:08:51.488079,54.55356,-165.437403,1470.0,85.31,1470.0,85.31
2017-06-03 11:08:51.987280,54.553585,-165.437357,1470.0,86.63,1470.0,85.31
2017-06-03 11:08:52.486481,54.553593,-165.437343,1470.0,86.63,1470.0,85.31
2017-06-03 11:08:52.985682,54.553617,-165.437297,1470.0,85.31,1470.0,85.31
2017-06-03 11:08:53.484882,54.553625,-165.437283,1470.0,85.31,1470.0,86.44
2017-06-03 11:08:53.984083,54.55365,-165.437235,1470.0,86.63,1470.0,85.31
2017-06-03 11:08:54.498884,54.553658,-165.437218,1470.0,86.44,1470.0,85.31
2017-06-03 11:08:54.998085,54.553681,-165.43717,1470.0,86.63,1470.0,86.82
2017-06-03 11:08:55.497286,54.553688,-165.437154,1470.0,87.01,1470.0,87.19
2017-06-03 11:08:55.996487,54.553712,-165.437104,1470.0,85.88,1470.0,85.69
2017-06-03 11:08:56.495687,54.55372,-165.437088,1470.0,85.88,1470.0,86.82
2017-06-03 11:08:56.994888,54.553744,-165.43704,1470.0,85.88,1470.0,86.63
2017-06-03 11:08:57.494089,54.553751,-165.437024,1470.0,85.88,1470.0,85.69
2017-06-03 11:08:57.993290,54.553776,-165.436975,1470.0,85.69,1470.0,85.69
2017-06-03 11:08:58.492491,54.553784,-165.436959,1470.0,85.69,1470.0,85.69
2017-06-03 11:08:58.991692,54.553808,-165.436913,1470.0,85.69,1470.0,85.69
2017-06-03 11:08:59.490892,54.553816,-165.436898,1470.0,85.69,1470.0,86.82
2017-06-03 11:08:59.990093,54.55384,-165.436852,1470.0,85.69,1470.0,86.82
2017-06-03 11:09:00.489296,54.553848,-165.436838,1470.0,85.69,1470.0,85.5
2017-06-03 11:09:00.988495,54.553873,-165.436791,1470.0,87.19,1470.0,87.01
2017-06-03 11:09:01.487698,54.553881,-165.436776,1470.0,87.01,1470.0,85.5
2017-06-03 11:09:01.986897,54.553905,-165.436731,1470.0,86.63,1470.0,85.5
2017-06-03 11:09:02.486099,54.553913,-165.436716,1470.0,85.5,1470.0,85.5
2017-06-03 11:09:02.985298,54.553937,-165.436671,1470.0,85.5,1470.0,87.01
2017-06-03 11:09:03.484501,54.553945,-165.436656,1470.0,85.5,1470.0,86.82
2017-06-03 11:09:03.999300,54.553969,-165.436608,1470.0,87.19,1470.0,85.5
2017-06-03 11:09:04.498503,54.553977,-165.436593,1470.0,85.69,1470.0,87.01
2017-06-03 11:09:04.997702,54.553999,-165.436546,1470.0,85.88,1470.0,87.01
2017-06-03 11:09:05.496902,54.554006,-165.436531,1470.0,86.07,1470.0,86.44
2017-06-03 11:09:05.996105,54.554028,-165.436482,1470.0,86.07,1470.0,86.07
2017-06-03 11:09:06.495304,54.554035,-165.436466,1470.0,86.25,1470.0,86.07
2017-06-03 11:09:06.994507,54.554059,-165.436418,1470.0,86.07,1470.0,86.07
2017-06-03 11:09:07.493706,54.554066,-165.436402,1470.0,87.38,1470.0,86.07
2017-06-03 11:09:07.992908,54.554091,-165.436354,1470.0,86.07,1470.0,87.01
2017-06-03 11:09:08.492107,54.554099,-165.436338,1470.0,87.38,1470.0,87.19
2017-06-03 11:09:08.991310,54.554122,-165.436293,1470.0,86.07,1470.0,85.88
2017-06-03 11:09:09.490509,54.55413,-165.436278,1470.0,87.19,1470.0,87.19
2017-06-03 11:09:09.989712,54.554155,-165.436231,1470.0,87.38,1470.0,87.38
2017-06-03 11:09:10.488911,54.554163,-165.436216,1470.0,85.88,1470.0,85.88
2017-06-03 11:09:10.988113,54.554188,-165.436169,1470.0,86.82,1470.0,86.82
2017-06-03 11:09:11.487314,54.554196,-165.436154,1470.0,87.38,1470.0,85.88
2017-06-03 11:09:11.986515,54.55422,-165.436107,1470.0,86.07,1470.0,86.07
2017-06-03 11:09:12.485716,54.554228,-165.436091,1470.0,86.07,1470.0,86.07
2017-06-03 11:09:12.984917,54.55425,-165.436043,1470.0,86.25,1470.0,86.07
2017-06-03 11:09:13.484118,54.554258,-165.436028,1470.0,87.57,1470.0,86.07
2017-06-03 11:09:13.998919,54.55428,-165.435978,1470.0,87.57,1470.0,87.38
2017-06-03 11:09:14.498119,54.554287,-165.435963,1470.0,86.25,1470.0,87.57
2017-06-03 11:09:14.997320,54.554309,-165.435916,1470.0,86.44,1470.0,87.01
2017-06-03 11:09:15.496521,54.554316,-165.435901,1470.0,86.25,1470.0,86.07
2017-06-03 11:09:15.995722,54.554341,-165.435853,1470.0,86.07,1470.0,86.07
2017-06-03 11:09:16.494923,54.554349,-165.435838,1470.0,86.07,1470.0,87.38
2017-06-03 11:09:16.994123,54.554373,-165.435793,1470.0,87.19,1470.0,85.88
2017-06-03 11:09:17.493324,54.554381,-165.435778,1470.0,87.19,1470.0,87.19
2017-06-03 11:09:17.992525,54.554406,-165.435732,1470.0,86.07,1470.0,87.38
2017-06-03 11:09:18.491726,54.554415,-165.435718,1470.0,86.25,1470.0,86.07
2017-06-03 11:09:18.990927,54.554438,-165.435671,1470.0,86.25,1470.0,86.25
2017-06-03 11:09:19.490128,54.554446,-165.435656,1470.0,86.44,1470.0,87.57
2017-06-03 11:09:19.989328,54.554469,-165.435607,1470.0,86.44,1470.0,86.25
2017-06-03 11:09:20.488531,54.554476,-165.435591,1470.0,86.25,1470.0,87.76
2017-06-03 11:09:20.987730,54.554499,-165.435543,1470.0,87.38,1470.0,87.76
2017-06-03 11:09:21.486933,54.554506,-165.435527,1470.0,86.07,1470.0,87.01
2017-06-03 11:09:21.986132,54.554529,-165.435479,1470.0,87.38,1470.0,86.07
