ping_time,latitude,longitude,38kHz_sound_speed_m_s,38kHz_basic,120kHz_sound_speed_m_s,120kHz_basic
2017-06-03 08:13:06.491552,54.216068,-166.112008,1470.0,165.66,1470.0,165.66
2017-06-03 08:13:07.491957,54.216077,-166.111993,1470.0,165.85,1470.0,165.66
2017-06-03 08:13:07.991158,54.216104,-166.111943,1470.0,165.85,1470.0,165.47
2017-06-03 08:13:08.490358,54.216113,-166.111927,1470.0,165.85,1470.0,165.47
2017-06-03 08:13:08.989559,54.216141,-166.111876,1470.0,166.03,1470.0,165.47
2017-06-03 08:13:09.488760,54.21615,-166.11186,1470.0,165.66,1470.0,165.47
2017-06-03 08:13:09.987961,54.216178,-166.111811,1470.0,165.85,1470.0,165.66
2017-06-03 08:13:10.487162,54.216187,-166.111795,1470.0,166.6,1470.0,166.03
2017-06-03 08:13:10.986362,54.216214,-166.111746,1470.0,166.6,1470.0,166.03
2017-06-03 08:13:11.485563,54.216223,-166.111731,1470.0,166.6,1470.0,166.22
2017-06-03 08:13:11.984764,54.216249,-166.111683,1470.0,166.22,1470.0,166.03
2017-06-03 08:13:12.483965,54.216259,-166.111667,1470.0,166.22,1470.0,165.85
2017-06-03 08:13:12.997965,54.216288,-166.111618,1470.0,165.85,1470.0,165.66
2017-06-03 08:13:13.497168,54.216297,-166.111602,1470.0,166.03,1470.0,165.28
2017-06-03 08:13:13.996367,54.216327,-166.111552,1470.0,165.47,1470.0,165.28
2017-06-03 08:13:14.495569,54.216336,-166.111536,1470.0,165.47,1470.0,165.47
2017-06-03 08:13:14.994768,54.216363,-166.11149,1470.0,165.66,1470.0,165.28
2017-06-03 08:13:15.493971,54.216372,-166.111474,1470.0,165.66,1470.0,165.28
2017-06-03 08:13:15.993170,54.216399,-166.111425,1470.0,165.66,1470.0,165.28
2017-06-03 08:13:16.492373,54.216409,-166.111409,1470.0,165.47,1470.0,165.28
2017-06-03 08:13:16.991573,54.216438,-166.11136,1470.0,165.28,1470.0,164.9
2017-06-03 08:13:17.490774,54.216447,-166.111343,1470.0,165.28,1470.0,164.9
2017-06-03 08:13:17.989975,54.216474,-166.111293,1470.0,164.72,1470.0,165.09
2017-06-03 08:13:18.489176,54.216483,-166.111277,1470.0,164.9,1470.0,164.72
2017-06-03 08:13:18.988377,54.216511,-166.111228,1470.0,165.85,1470.0,165.09
2017-06-03 08:13:19.487577,54.21652,-166.111212,1470.0,165.09,1470.0,165.09
2017-06-03 08:13:19.986778,54.216546,-166.111161,1470.0,165.85,1470.0,164.9
2017-06-03 08:13:20.485979,54.216555,-166.111145,1470.0,166.22,1470.0,164.72
2017-06-03 08:13:20.985180,54.216583,-166.111096,1470.0,164.53,1470.0,164.72
2017-06-03 08:13:21.484381,54.216592,-166.11108,1470.0,164.15,1470.0,164.34
2017-06-03 08:13:21.999182,54.216622,-166.11103,1470.0,163.78,1470.0,163.78
2017-06-03 08:13:22.498383,54.216631,-166.111014,1470.0,163.59,1470.0,163.59
2017-06-03 08:13:22.997583,54.216659,-166.110968,1470.0,163.96,1470.0,163.4
2017-06-03 08:13:23.496784,54.216669,-166.110952,1470.0,163.59,1470.0,163.4
2017-06-03 08:13:23.995985,54.216697,-166.110903,1470.0,163.4,1470.0,163.21
2017-06-03 08:13:24.495186,54.216706,-166.110887,1470.0,163.02,1470.0,163.02
2017-06-03 08:13:24.994387,54.216733,-166.11084,1470.0,162.83,1470.0,162.65
2017-06-03 08:13:25.493587,54.216742,-166.110824,1470.0,163.02,1470.0,162.46
2017-06-03 08:13:25.992788,54.216769,-166.110775,1470.0,163.21,1470.0,162.27
2017-06-03 08:13:26.491989,54.216778,-166.110758,1470.0,162.83,1470.0,162.27
2017-06-03 08:13:26.991192,54.216804,-166.110708,1470.0,162.08,1470.0,162.08
2017-06-03 08:13:27.490391,54.216813,-166.110692,1470.0,161.89,1470.0,162.27
2017-06-03 08:13:27.989594,54.216841,-166.110643,1470.0,163.4,1470.0,162.46
2017-06-03 08:13:28.488792,54.21685,-166.110626,1470.0,162.08,1470.0,162.27
2017-06-03 08:13:28.987995,54.216876,-166.110575,1470.0,162.83,1470.0,161.89
2017-06-03 08:13:29.487194,54.216885,-166.110558,1470.0,162.83,1470.0,161.33
2017-06-03 08:13:29.986397,54.216911,-166.110508,1470.0,161.71,1470.0,161.14
2017-06-03 08:13:30.485596,54.21692,-166.110492,1470.0,161.14,1470.0,160.76
2017-06-03 08:13:30.984798,54.216948,-166.110443,1470.0,160.2,1470.0,160.39
2017-06-03 08:13:31.483999,54.216957,-166.110427,1470.0,160.01,1470.0,160.01
2017-06-03 08:13:31.998800,54.216987,-166.110378,1470.0,159.64,1470.0,159.82
2017-06-03 08:13:32.498001,54.216996,-166.110363,1470.0,159.45,1470.0,159.45
2017-06-03 08:13:32.997202,54.217024,-166.110316,1470.0,159.26,1470.0,159.26
2017-06-03 08:13:33.496403,54.217034,-166.1103,1470.0,159.26,1470.0,158.88
2017-06-03 08:13:33.995602,54.217062,-166.11025,1470.0,159.07,1470.0,158.88
2017-06-03 08:13:34.494804,54.21707,-166.110234,1470.0,159.07,1470.0,158.32
2017-06-03 08:13:34.994003,54.217096,-166.110186,1470.0,159.45,1470.0,158.32
2017-06-03 08:13:35.493206,54.217105,-166.110169,1470.0,159.26,1470.0,158.13
2017-06-03 08:13:35.992405,54.217133,-166.110118,1470.0,158.88,1470.0,157.75
2017-06-03 08:13:36.491608,54.217141,-166.110102,1470.0,158.7,1470.0,157.57
2017-06-03 08:13:36.990808,54.217168,-166.110051,1470.0,157.19,1470.0,157.19
2017-06-03 08:13:37.490009,54.217177,-166.110035,1470.0,156.63,1470.0,156.63
2017-06-03 08:13:37.989210,54.217204,-166.109985,1470.0,156.81,1470.0,156.44
2017-06-03 08:13:38.488411,54.217214,-166.109969,1470.0,156.25,1470.0,155.87
2017-06-03 08:13:38.987612,54.217243,-166.109921,1470.0,155.87,1470.0,155.68
2017-06-03 08:13:39.486813,54.217252,-166.109906,1470.0,155.31,1470.0,155.31
2017-06-03 08:13:39.986013,54.217279,-166.109858,1470.0,154.93,1470.0,154.93
2017-06-03 08:13:40.485214,54.217289,-166.109842,1470.0,154.56,1470.0,154.56
2017-06-03 08:13:40.984415,54.217318,-166.109793,1470.0,154.93,1470.0,154.37
2017-06-03 08:13:41.499216,54.217328,-166.109775,1470.0,153.99,1470.0,153.8
2017-06-03 08:13:41.998417,54.217355,-166.109727,1470.0,153.8,1470.0,153.8
2017-06-03 08:13:42.497618,54.217364,-166.10971,1470.0,153.8,1470.0,153.43
2017-06-03 08:13:42.996819,54.217389,-166.109661,1470.0,153.43,1470.0,153.24
2017-06-03 08:13:43.496019,54.217398,-166.109644,1470.0,153.05,1470.0,153.05
2017-06-03 08:13:43.995220,54.217425,-166.109592,1470.0,153.24,1470.0,153.05
2017-06-03 08:13:44.494421,54.217434,-166.109575,1470.0,152.86,1470.0,152.67
2017-06-03 08:13:44.993622,54.217459,-166.109523,1470.0,152.86,1470.0,152.11
2017-06-03 08:13:45.492823,54.217468,-166.109507,1470.0,151.73,1470.0,151.92
2017-06-03 08:13:45.992023,54.217494,-166.109456,1470.0,151.55,1470.0,151.73
2017-06-03 08:13:46.491224,54.217503,-166.10944,1470.0,151.73,1470.0,151.17
2017-06-03 08:13:46.990425,54.217531,-166.10939,1470.0,150.79,1470.0,150.6
2017-06-03 08:13:47.489626,54.21754,-166.109374,1470.0,150.42,1470.0,150.23
2017-06-03 08:13:47.988829,54.217569,-166.109325,1470.0,150.04,1470.0,150.04
2017-06-03 08:13:48.488028,54.217579,-166.109308,1470.0,149.85,1470.0,149.66
2017-06-03 08:13:48.987230,54.217608,-166.109258,1470.0,149.48,1470.0,149.48
2017-06-03 08:13:49.486429,54.217616,-166.109242,1470.0,149.29,1470.0,149.48
2017-06-03 08:13:49.985632,54.217643,-166.109191,1470.0,149.1,1470.0,148.91
2017-06-03 08:13:50.484831,54.217651,-166.109174,1470.0,148.72,1470.0,148.53
2017-06-03 08:13:50.984034,54.217678,-166.109123,1470.0,148.35,1470.0,148.35
2017-06-03 08:13:51.498833,54.217688,-166.109104,1470.0,148.16,1470.0,148.16
2017-06-03 08:13:51.998035,54.217715,-166.109053,1470.0,148.16,1470.0,147.78
2017-06-03 08:13:52.497236,54.217724,-166.109037,1470.0,147.78,1470.0,147.59
2017-06-03 08:13:52.996437,54.217751,-166.108988,1470.0,147.59,1470.0,147.41
2017-06-03 08:13:53.495638,54.21776,-166.108971,1470.0,147.41,1470.0,147.22
2017-06-03 08:13:53.994839,54.217787,-166.10892,1470.0,147.22,1470.0,146.84
2017-06-03 08:13:54.494040,54.217796,-166.108903,1470.0,146.65,1470.0,146.65
2017-06-03 08:13:54.993240,54.217824,-166.108853,1470.0,146.46,1470.0,146.46
2017-06-03 08:13:55.492441,54.217833,-166.108837,1470.0,146.46,1470.0,146.28
2017-06-03 08:13:55.991640,54.217861,-166.108788,1470.0,146.09,1470.0,145.9
2017-06-03 08:13:56.490843,54.21787,-166.108772,1470.0,145.9,1470.0,145.71
2017-06-03 08:13:56.990044,54.217896,-166.108721,1470.0,145.52,1470.0,145.71
2017-06-03 08:13:57.489244,54.217905,-166.108705,1470.0,145.15,1470.0,145.15
2017-06-03 08:13:57.988445,54.217933,-166.108655,1470.0,144.77,1470.0,144.77
2017-06-03 08:13:58.487646,54.217942,-166.108638,1470.0,144.58,1470.0,144.21
2017-06-03 08:13:58.986847,54.217969,-166.108586,1470.0,144.02,1470.0,144.02
2017-06-03 08:13:59.486048,54.217978,-166.10857,1470.0,143.83,1470.0,143.83
2017-06-03 08:13:59.985249,54.218006,-166.10852,1470.0,143.64,1470.0,143.45
2017-06-03 08:14:00.484449,54.218015,-166.108504,1470.0,143.64,1470.0,143.64
2017-06-03 08:14:00.999250,54.218043,-166.108453,1470.0,143.64,1470.0,143.45
2017-06-03 08:14:01.498451,54.218052,-166.108436,1470.0,143.64,1470.0,143.08
2017-06-03 08:14:01.997652,54.21808,-166.108385,1470.0,143.08,1470.0,143.08
2017-06-03 08:14:02.496853,54.218089,-166.108368,1470.0,142.7,1470.0,142.7
2017-06-03 08:14:02.996054,54.218118,-166.108318,1470.0,142.51,1470.0,142.51
2017-06-03 08:14:03.495255,54.218127,-166.108302,1470.0,142.7,1470.0,142.14
2017-06-03 08:14:03.994455,54.218155,-166.108252,1470.0,142.14,1470.0,141.95
2017-06-03 08:14:04.493656,54.218164,-166.108236,1470.0,141.76,1470.0,141.76
2017-06-03 08:14:04.992857,54.218191,-166.108188,1470.0,141.57,1470.0,141.76
2017-06-03 08:14:05.492058,54.2182,-166.108172,1470.0,141.57,1470.0,141.57
2017-06-03 08:14:05.991259,54.218228,-166.108123,1470.0,141.57,1470.0,141.57
2017-06-03 08:14:06.490459,54.218237,-166.108107,1470.0,141.38,1470.0,142.14
2017-06-03 08:14:06.989660,54.218264,-166.108056,1470.0,141.2,1470.0,141.2
2017-06-03 08:14:07.488861,54.218273,-166.10804,1470.0,140.82,1470.0,140.82
2017-06-03 08:14:07.988064,54.218301,-166.107991,1470.0,140.82,1470.0,140.63
2017-06-03 08:14:08.487263,54.21831,-166.107975,1470.0,140.44,1470.0,140.44
2017-06-03 08:14:08.986465,54.218338,-166.107926,1470.0,140.26,1470.0,140.26
2017-06-03 08:14:09.485664,54.218347,-166.107911,1470.0,140.07,1470.0,140.07
2017-06-03 08:14:09.984867,54.218376,-166.107863,1470.0,139.88,1470.0,139.69
2017-06-03 08:14:10.484066,54.218385,-166.107847,1470.0,139.88,1470.0,139.69
2017-06-03 08:14:10.998869,54.218413,-166.107798,1470.0,139.69,1470.0,139.69
2017-06-03 08:14:11.498068,54.218422,-166.107781,1470.0,139.88,1470.0,139.69
2017-06-03 08:14:11.997271,54.21845,-166.107728,1470.0,140.07,1470.0,135.74
2017-06-03 08:14:12.496469,54.218459,-166.107712,1470.0,139.88,1470.0,139.88
2017-06-03 08:14:12.995672,54.218484,-166.107661,1470.0,139.69,1470.0,139.69
2017-06-03 08:14:13.494873,54.218494,-166.107645,1470.0,139.5,1470.0,139.5
2017-06-03 08:14:13.994074,54.218523,-166.107595,1470.0,139.31,1470.0,139.13
2017-06-03 08:14:14.493275,54.218532,-166.107579,1470.0,138.94,1470.0,138.75
2017-06-03 08:14:14.992476,54.218561,-166.10753,1470.0,138.56,1470.0,138.56
2017-06-03 08:14:15.491676,54.21857,-166.107514,1470.0,138.37,1470.0,138.37
2017-06-03 08:14:15.990877,54.218598,-166.107466,1470.0,138.37,1470.0,138.37
2017-06-03 08:14:16.490078,54.218607,-166.10745,1470.0,138.37,1470.0,138.37
2017-06-03 08:14:16.989277,54.218638,-166.107401,1470.0,138.19,1470.0,138.19
2017-06-03 08:14:17.488480,54.218647,-166.107385,1470.0,138.0,1470.0,138.0
2017-06-03 08:14:17.987679,54.218674,-166.107336,1470.0,137.81,1470.0,137.81
2017-06-03 08:14:18.486881,54.218683,-166.10732,1470.0,137.62,1470.0,137.62
2017-06-03 08:14:18.986082,54.218709,-166.10727,1470.0,137.62,1470.0,137.43
2017-06-03 08:14:19.485283,54.218718,-166.107253,1470.0,137.62,1470.0,137.43
2017-06-03 08:14:19.984484,54.218744,-166.107201,1470.0,137.43,1470.0,137.43
2017-06-03 08:14:20.499285,54.218754,-166.107184,1470.0,137.43,1470.0,137.24
2017-06-03 08:14:20.998486,54.218781,-166.107135,1470.0,137.24,1470.0,137.24
2017-06-03 08:14:21.497686,54.21879,-166.107117,1470.0,137.24,1470.0,137.06
2017-06-03 08:14:21.996887,54.218817,-166.107065,1470.0,137.24,1470.0,137.06
2017-06-03 08:14:22.496090,54.218826,-166.107049,1470.0,137.06,1470.0,137.06
2017-06-03 08:14:22.995289,54.218853,-166.107001,1470.0,137.24,1470.0,137.06
2017-06-03 08:14:23.494490,54.218862,-166.106985,1470.0,137.06,1470.0,136.87
2017-06-03 08:14:23.993690,54.218889,-166.106935,1470.0,136.87,1470.0,136.87
2017-06-03 08:14:24.492891,54.218898,-166.106919,1470.0,136.49,1470.0,136.49
2017-06-03 08:14:24.992092,54.218926,-166.10687,1470.0,136.3,1470.0,136.3
2017-06-03 08:14:25.491293,54.218936,-166.106853,1470.0,136.12,1470.0,136.12
2017-06-03 08:14:25.990494,54.218965,-166.106802,1470.0,135.93,1470.0,135.93
2017-06-03 08:14:26.489695,54.218974,-166.106785,1470.0,135.93,1470.0,135.93
2017-06-03 08:14:26.988895,54.219001,-166.106735,1470.0,135.93,1470.0,135.93
2017-06-03 08:14:27.488096,54.21901,-166.106718,1470.0,135.93,1470.0,135.93
2017-06-03 08:14:27.987299,54.219036,-166.106666,1470.0,136.12,1470.0,135.93
2017-06-03 08:14:28.486498,54.219045,-166.106649,1470.0,136.12,1470.0,136.12
2017-06-03 08:14:28.985701,54.219071,-166.106596,1470.0,135.74,1470.0,135.74
2017-06-03 08:14:29.484900,54.21908,-166.106579,1470.0,135.74,1470.0,135.55
2017-06-03 08:14:29.984102,54.219106,-166.106528,1470.0,135.18,1470.0,135.18
2017-06-03 08:14:30.498901,54.219116,-166.106511,1470.0,134.99,1470.0,134.99
2017-06-03 08:14:30.998104,54.219143,-166.106463,1470.0,134.99,1470.0,135.18
2017-06-03 08:14:31.497303,54.219151,-166.106447,1470.0,134.99,1470.0,134.99
2017-06-03 08:14:31.996506,54.219178,-166.106397,1470.0,135.18,1470.0,134.99
2017-06-03 08:14:32.495705,54.219187,-166.106381,1470.0,134.99,1470.0,134.99
2017-06-03 08:14:32.994907,54.219214,-166.106335,1470.0,134.61,1470.0,134.61
2017-06-03 08:14:33.494108,54.219223,-166.106319,1470.0,134.61,1470.0,134.61
2017-06-03 08:14:33.993309,54.219251,-166.10627,1470.0,134.23,1470.0,134.23
2017-06-03 08:14:34.492510,54.21926,-166.106254,1470.0,134.23,1470.0,134.23
2017-06-03 08:14:34.991711,54.219289,-166.106205,1470.0,134.05,1470.0,134.05
2017-06-03 08:14:35.490911,54.219298,-166.106189,1470.0,134.23,1470.0,134.99
2017-06-03 08:14:35.990112,54.219326,-166.106141,1470.0,134.23,1470.0,134.05
2017-06-03 08:14:36.489313,54.219335,-166.106125,1470.0,134.23,1470.0,134.05
2017-06-03 08:14:36.988514,54.219363,-166.106075,1470.0,134.23,1470.0,134.23
2017-06-03 08:14:37.487715,54.219372,-166.106058,1470.0,134.23,1470.0,134.23
2017-06-03 08:14:37.986914,54.219401,-166.106008,1470.0,134.23,1470.0,134.23
2017-06-03 08:14:38.486116,54.21941,-166.105991,1470.0,134.23,1470.0,134.05
2017-06-03 08:14:38.985317,54.219438,-166.10594,1470.0,134.23,1470.0,134.05
2017-06-03 08:14:39.484518,54.219447,-166.105923,1470.0,134.05,1470.0,133.86
2017-06-03 08:14:39.999319,54.219475,-166.105872,1470.0,133.86,1470.0,133.86
2017-06-03 08:14:40.498520,54.219484,-166.105856,1470.0,133.86,1470.0,133.67
2017-06-03 08:14:40.997721,54.219511,-166.105808,1470.0,133.67,1470.0,133.67
2017-06-03 08:14:41.496922,54.219521,-166.105792,1470.0,133.48,1470.0,133.48
2017-06-03 08:14:41.996122,54.219552,-166.105745,1470.0,133.29,1470.0,133.11
2017-06-03 08:14:42.495323,54.219561,-166.10573,1470.0,133.11,1470.0,134.23
2017-06-03 08:14:42.994524,54.219589,-166.105685,1470.0,132.92,1470.0,132.73
2017-06-03 08:14:43.493725,54.219599,-166.105669,1470.0,132.73,1470.0,132.73
2017-06-03 08:14:43.992926,54.219628,-166.105623,1470.0,132.73,1470.0,132.73
2017-06-03 08:14:44.492126,54.219637,-166.105607,1470.0,132.54,1470.0,132.54
2017-06-03 08:14:44.991327,54.219664,-166.105558,1470.0,132.54,1470.0,132.54
2017-06-03 08:14:45.490528,54.219673,-166.105542,1470.0,132.73,1470.0,132.92
2017-06-03 08:14:45.989729,54.219699,-166.105493,1470.0,132.73,1470.0,132.73
2017-06-03 08:14:46.488930,54.219708,-166.105477,1470.0,132.92,1470.0,132.73
2017-06-03 08:14:46.988131,54.219734,-166.105426,1470.0,133.11,1470.0,132.92
2017-06-03 08:14:47.487331,54.219743,-166.10541,1470.0,132.92,1470.0,132.92
2017-06-03 08:14:47.986532,54.219769,-166.105361,1470.0,132.92,1470.0,132.73
2017-06-03 08:14:48.485733,54.219779,-166.105345,1470.0,132.54,1470.0,132.54
2017-06-03 08:14:48.984936,54.219809,-166.105296,1470.0,132.35,1470.0,132.35
2017-06-03 08:14:49.484135,54.219819,-166.10528,1470.0,132.35,1470.0,132.35
2017-06-03 08:14:49.998938,54.219848,-166.105228,1470.0,132.35,1470.0,132.35
2017-06-03 08:14:50.498137,54.219857,-166.105212,1470.0,132.35,1470.0,132.35
2017-06-03 08:14:50.997339,54.219884,-166.105163,1470.0,132.54,1470.0,132.54
2017-06-03 08:14:51.496538,54.219894,-166.105146,1470.0,132.54,1470.0,132.35
2017-06-03 08:14:51.995741,54.219923,-166.105095,1470.0,132.54,1470.0,132.35
2017-06-03 08:14:52.494940,54.219932,-166.105079,1470.0,132.16,1470.0,131.98
2017-06-03 08:14:52.994143,54.219959,-166.10503,1470.0,131.98,1470.0,131.98
2017-06-03 08:14:53.493343,54.219969,-166.105014,1470.0,131.79,1470.0,131.79
2017-06-03 08:14:53.992544,54.219998,-166.104965,1470.0,131.79,1470.0,131.6
2017-06-03 08:14:54.491745,54.220007,-166.104948,1470.0,131.6,1470.0,131.6
2017-06-03 08:14:54.990946,54.220034,-166.104898,1470.0,131.6,1470.0,131.6
2017-06-03 08:14:55.490147,54.220043,-166.104882,1470.0,131.6,1470.0,131.6
2017-06-03 08:14:55.989347,54.220069,-166.104833,1470.0,131.6,1470.0,131.6
2017-06-03 08:14:56.488548,54.220078,-166.104817,1470.0,131.6,1470.0,131.6
2017-06-03 08:14:56.987749,54.220104,-166.104768,1470.0,131.6,1470.0,131.6
2017-06-03 08:14:57.486950,54.220113,-166.104752,1470.0,131.41,1470.0,131.41
2017-06-03 08:14:57.986151,54.220139,-166.104703,1470.0,131.41,1470.0,131.41
2017-06-03 08:14:58.485352,54.220148,-166.104687,1470.0,131.22,1470.0,131.22
2017-06-03 08:14:58.984552,54.220176,-166.104638,1470.0,131.22,1470.0,131.22
2017-06-03 08:14:59.499353,54.220186,-166.10462,1470.0,131.22,1470.0,131.04
2017-06-03 08:14:59.998554,54.220213,-166.104572,1470.0,131.22,1470.0,131.22
2017-06-03 08:15:00.497755,54.220222,-166.104555,1470.0,131.41,1470.0,131.41
2017-06-03 08:15:00.996956,54.220249,-166.104506,1470.0,131.6,1470.0,131.41
2017-06-03 08:15:01.496157,54.220259,-166.104489,1470.0,131.6,1470.0,131.41
2017-06-03 08:15:01.995358,54.220288,-166.104438,1470.0,131.41,1470.0,131.41
2017-06-03 08:15:02.494558,54.220297,-166.104422,1470.0,131.41,1470.0,131.22
2017-06-03 08:15:02.993759,54.220323,-166.104371,1470.0,131.22,1470.0,131.22
2017-06-03 08:15:03.492960,54.220332,-166.104354,1470.0,131.22,1470.0,131.22
2017-06-03 08:15:03.992161,54.220361,-166.104303,1470.0,131.04,1470.0,130.85
2017-06-03 08:15:04.491364,54.22037,-166.104287,1470.0,130.85,1470.0,130.66
2017-06-03 08:15:04.990562,54.220398,-166.104238,1470.0,130.66,1470.0,130.47
2017-06-03 08:15:05.489763,54.220407,-166.104222,1470.0,131.79,1470.0,130.47
2017-06-03 08:15:05.988964,54.220434,-166.104173,1470.0,130.47,1470.0,130.47
2017-06-03 08:15:06.488165,54.220443,-166.104158,1470.0,130.85,1470.0,130.47
2017-06-03 08:15:06.987366,54.220471,-166.104111,1470.0,130.47,1470.0,130.47
2017-06-03 08:15:07.486567,54.22048,-166.104095,1470.0,130.47,1470.0,130.28
2017-06-03 08:15:07.985767,54.220509,-166.104046,1470.0,130.28,1470.0,130.28
2017-06-03 08:15:08.484968,54.220517,-166.10403,1470.0,130.66,1470.0,130.28
2017-06-03 08:15:08.984169,54.220542,-166.103981,1470.0,130.66,1470.0,130.28
2017-06-03 08:15:09.498970,54.220551,-166.103962,1470.0,130.66,1470.0,130.47
2017-06-03 08:15:09.998173,54.220577,-166.10391,1470.0,131.04,1470.0,130.66
2017-06-03 08:15:10.497372,54.220585,-166.103894,1470.0,130.85,1470.0,130.66
2017-06-03 08:15:10.996574,54.220611,-166.103845,1470.0,130.85,1470.0,130.47
2017-06-03 08:15:11.495773,54.220621,-166.103827,1470.0,130.66,1470.0,130.28
2017-06-03 08:15:11.994976,54.22065,-166.103775,1470.0,129.91,1470.0,129.91
2017-06-03 08:15:12.494175,54.220659,-166.103759,1470.0,129.72,1470.0,129.72
2017-06-03 08:15:12.993378,54.220688,-166.103713,1470.0,129.72,1470.0,129.72
2017-06-03 08:15:13.492577,54.220697,-166.103698,1470.0,129.72,1470.0,129.72
2017-06-03 08:15:13.991779,54.220726,-166.103651,1470.0,129.91,1470.0,129.91
2017-06-03 08:15:14.490980,54.220735,-166.103635,1470.0,129.91,1470.0,129.91
2017-06-03 08:15:14.990181,54.220764,-166.103585,1470.0,129.91,1470.0,129.91
2017-06-03 08:15:15.489382,54.220774,-166.103568,1470.0,129.72,1470.0,129.72
2017-06-03 08:15:15.988583,54.220803,-166.103516,1470.0,129.72,1470.0,129.72
2017-06-03 08:15:16.487783,54.220811,-166.1035,1470.0,129.72,1470.0,129.72
2017-06-03 08:15:16.986984,54.220838,-166.10345,1470.0,129.91,1470.0,129.72
2017-06-03 08:15:17.486185,54.220846,-166.103433,1470.0,130.09,1470.0,129.91
2017-06-03 08:15:17.985386,54.220873,-166.103383,1470.0,130.09,1470.0,129.91
2017-06-03 08:15:18.484587,54.220881,-166.103366,1470.0,130.09,1470.0,130.09
2017-06-03 08:15:18.983788,54.220907,-166.103316,1470.0,129.91,1470.0,129.72
2017-06-03 08:15:19.498589,54.220917,-166.103298,1470.0,129.72,1470.0,129.53
2017-06-03 08:15:19.997789,54.220945,-166.103247,1470.0,129.53,1470.0,129.34
2017-06-03 08:15:20.496990,54.220954,-166.103231,1470.0,129.53,1470.0,129.34
2017-06-03 08:15:20.996191,54.220981,-166.103183,1470.0,129.15,1470.0,129.15
2017-06-03 08:15:21.495392,54.220991,-166.103167,1470.0,129.15,1470.0,129.15
2017-06-03 08:15:21.994593,54.22102,-166.10312,1470.0,129.15,1470.0,129.15
2017-06-03 08:15:22.493793,54.221029,-166.103104,1470.0,129.15,1470.0,129.15
2017-06-03 08:15:22.992994,54.221058,-166.103058,1470.0,130.09,1470.0,129.15
2017-06-03 08:15:23.492195,54.221067,-166.103042,1470.0,129.15,1470.0,128.97
2017-06-03 08:15:23.991396,54.221094,-166.102995,1470.0,128.97,1470.0,128.97
2017-06-03 08:15:24.490599,54.221103,-166.102978,1470.0,128.97,1470.0,128.97
2017-06-03 08:15:24.989798,54.221129,-166.102928,1470.0,129.15,1470.0,128.97
2017-06-03 08:15:25.489000,54.221138,-166.102912,1470.0,129.15,1470.0,129.91
2017-06-03 08:15:25.988199,54.221164,-166.102861,1470.0,129.53,1470.0,129.15
2017-06-03 08:15:26.487400,54.221173,-166.102844,1470.0,129.15,1470.0,129.15
2017-06-03 08:15:26.986601,54.221199,-166.102791,1470.0,129.15,1470.0,129.15
2017-06-03 08:15:27.485802,54.221208,-166.102775,1470.0,129.15,1470.0,128.97
2017-06-03 08:15:27.985003,54.221236,-166.102725,1470.0,128.97,1470.0,128.97
2017-06-03 08:15:28.484203,54.221245,-166.102709,1470.0,128.97,1470.0,128.78
2017-06-03 08:15:28.999004,54.221273,-166.102658,1470.0,128.97,1470.0,128.97
2017-06-03 08:15:29.498205,54.221282,-166.102642,1470.0,128.97,1470.0,128.97
2017-06-03 08:15:29.997408,54.22131,-166.102593,1470.0,128.78,1470.0,128.78
2017-06-03 08:15:30.496607,54.221319,-166.102577,1470.0,128.78,1470.0,128.78
2017-06-03 08:15:30.995810,54.221348,-166.10253,1470.0,128.59,1470.0,128.59
2017-06-03 08:15:31.495008,54.221357,-166.102513,1470.0,128.59,1470.0,128.59
2017-06-03 08:15:31.994211,54.221385,-166.102462,1470.0,128.59,1470.0,128.59
2017-06-03 08:15:32.493410,54.221394,-166.102445,1470.0,128.59,1470.0,128.59
2017-06-03 08:15:32.992613,54.221419,-166.102396,1470.0,128.78,1470.0,128.59
2017-06-03 08:15:33.491812,54.221428,-166.10238,1470.0,128.78,1470.0,128.78
2017-06-03 08:15:33.991014,54.221454,-166.10233,1470.0,128.59,1470.0,128.59
2017-06-03 08:15:34.490213,54.221463,-166.102313,1470.0,128.59,1470.0,128.4
2017-06-03 08:15:34.989416,54.221491,-166.102261,1470.0,128.21,1470.0,128.21
2017-06-03 08:15:35.488617,54.2215,-166.102246,1470.0,128.21,1470.0,128.21
2017-06-03 08:15:35.987818,54.221528,-166.102198,1470.0,128.21,1470.0,128.03
2017-06-03 08:15:36.487019,54.221537,-166.102182,1470.0,128.21,1470.0,128.21
2017-06-03 08:15:36.986219,54.221566,-166.102133,1470.0,128.21,1470.0,128.21
2017-06-03 08:15:37.485420,54.221575,-166.102117,1470.0,128.21,1470.0,128.21
2017-06-03 08:15:37.984621,54.221603,-166.10207,1470.0,128.21,1470.0,128.4
2017-06-03 08:15:38.483822,54.221611,-166.102054,1470.0,128.21,1470.0,128.4
2017-06-03 08:15:38.998621,54.221639,-166.102003,1470.0,128.4,1470.0,128.21
2017-06-03 08:15:39.497824,54.221649,-166.101986,1470.0,128.4,1470.0,128.4
2017-06-03 08:15:39.997025,54.221677,-166.101935,1470.0,128.4,1470.0,128.21
2017-06-03 08:15:40.496225,54.221686,-166.101919,1470.0,128.21,1470.0,128.21
2017-06-03 08:15:40.995426,54.221713,-166.10187,1470.0,128.21,1470.0,128.21
2017-06-03 08:15:41.494627,54.221722,-166.101854,1470.0,128.21,1470.0,128.03
2017-06-03 08:15:41.993828,54.221751,-166.101805,1470.0,128.21,1470.0,128.03
2017-06-03 08:15:42.493029,54.22176,-166.101788,1470.0,128.21,1470.0,128.03
2017-06-03 08:15:42.992229,54.221788,-166.101738,1470.0,128.03,1470.0,127.84
2017-06-03 08:15:43.491430,54.221797,-166.101722,1470.0,128.03,1470.0,127.84
2017-06-03 08:15:43.990631,54.221826,-166.101671,1470.0,128.03,1470.0,127.84
2017-06-03 08:15:44.489834,54.221835,-166.101656,1470.0,127.84,1470.0,127.84
2017-06-03 08:15:44.989033,54.221864,-166.101608,1470.0,127.84,1470.0,127.84
2017-06-03 08:15:45.488235,54.221873,-166.101592,1470.0,127.84,1470.0,127.84
2017-06-03 08:15:45.987434,54.221901,-166.101541,1470.0,127.65,1470.0,127.65
2017-06-03 08:15:46.486637,54.22191,-166.101526,1470.0,127.65,1470.0,127.65
2017-06-03 08:15:46.985836,54.221938,-166.101478,1470.0,127.65,1470.0,127.65
2017-06-03 08:15:47.485039,54.221947,-166.101462,1470.0,127.84,1470.0,127.65
2017-06-03 08:15:47.984238,54.221974,-166.101413,1470.0,127.84,1470.0,127.84
2017-06-03 08:15:48.499039,54.221984,-166.101395,1470.0,127.84,1470.0,127.84
2017-06-03 08:15:48.998240,54.222012,-166.101347,1470.0,127.84,1470.0,127.65
2017-06-03 08:15:49.497440,54.222021,-166.10133,1470.0,127.46,1470.0,127.46
2017-06-03 08:15:49.996643,54.22205,-166.101278,1470.0,127.46,1470.0,127.46
2017-06-03 08:15:50.495842,54.222059,-166.101262,1470.0,127.46,1470.0,127.46
2017-06-03 08:15:50.995045,54.222086,-166.101215,1470.0,127.65,1470.0,127.46
2017-06-03 08:15:51.494244,54.222095,-166.101198,1470.0,127.65,1470.0,127.65
2017-06-03 08:15:51.993446,54.222123,-166.101148,1470.0,127.84,1470.0,127.65
2017-06-03 08:15:52.492645,54.222132,-166.101132,1470.0,127.65,1470.0,127.46
2017-06-03 08:15:52.991848,54.222159,-166.101081,1470.0,127.65,1470.0,127.46
2017-06-03 08:15:53.491047,54.222168,-166.101065,1470.0,127.46,1470.0,127.46
2017-06-03 08:15:53.990250,54.222196,-166.101016,1470.0,127.46,1470.0,128.4
2017-06-03 08:15:54.489449,54.222205,-166.101,1470.0,127.46,1470.0,127.46
2017-06-03 08:15:54.988651,54.222234,-166.10095,1470.0,127.46,1470.0,127.46
2017-06-03 08:15:55.487852,54.222243,-166.100933,1470.0,127.27,1470.0,127.65
2017-06-03 08:15:55.987053,54.222271,-166.100883,1470.0,127.46,1470.0,127.27
2017-06-03 08:15:56.486254,54.22228,-166.100867,1470.0,127.27,1470.0,127.27
2017-06-03 08:15:56.985455,54.222309,-166.100816,1470.0,127.27,1470.0,127.27
2017-06-03 08:15:57.484655,54.222318,-166.1008,1470.0,127.27,1470.0,127.46
2017-06-03 08:15:57.983856,54.222344,-166.100751,1470.0,127.27,1470.0,127.46
2017-06-03 08:15:58.498657,54.222354,-166.100734,1470.0,127.08,1470.0,127.08
2017-06-03 08:15:58.997856,54.222383,-166.100685,1470.0,126.9,1470.0,127.08
2017-06-03 08:15:59.497059,54.222392,-166.100668,1470.0,126.9,1470.0,126.9
2017-06-03 08:15:59.996258,54.22242,-166.100618,1470.0,127.08,1470.0,126.9
2017-06-03 08:16:00.495461,54.222429,-166.100602,1470.0,127.27,1470.0,127.27
2017-06-03 08:16:00.994661,54.222456,-166.100553,1470.0,127.27,1470.0,127.27
2017-06-03 08:16:01.493862,54.222465,-166.100537,1470.0,127.46,1470.0,127.27
2017-06-03 08:16:01.993063,54.222493,-166.100486,1470.0,127.27,1470.0,127.08
2017-06-03 08:16:02.492264,54.222502,-166.10047,1470.0,126.9,1470.0,126.9
2017-06-03 08:16:02.991465,54.222531,-166.10042,1470.0,126.71,1470.0,126.71
2017-06-03 08:16:03.490665,54.22254,-166.100403,1470.0,126.52,1470.0,126.52
2017-06-03 08:16:03.989866,54.222569,-166.100353,1470.0,126.71,1470.0,126.52
2017-06-03 08:16:04.489067,54.222578,-166.100337,1470.0,126.71,1470.0,126.71
2017-06-03 08:16:04.988268,54.222606,-166.100288,1470.0,126.71,1470.0,126.71
2017-06-03 08:16:05.487471,54.222615,-166.100272,1470.0,126.9,1470.0,126.9
2017-06-03 08:16:05.986670,54.222644,-166.100223,1470.0,127.08,1470.0,126.9
2017-06-03 08:16:06.485872,54.222653,-166.100206,1470.0,127.08,1470.0,127.08
2017-06-03 08:16:06.985071,54.22268,-166.100156,1470.0,127.27,1470.0,127.08
2017-06-03 08:16:07.484274,54.222689,-166.100139,1470.0,127.27,1470.0,127.08
2017-06-03 08:16:07.999073,54.222718,-166.100085,1470.0,127.27,1470.0,127.08
2017-06-03 08:16:08.498274,54.222727,-166.100068,1470.0,126.9,1470.0,126.9
2017-06-03 08:16:08.997475,54.222754,-166.100018,1470.0,126.71,1470.0,126.52
2017-06-03 08:16:09.496675,54.222764,-166.100002,1470.0,126.52,1470.0,126.52
2017-06-03 08:16:09.995878,54.222793,-166.099952,1470.0,127.27,1470.0,126.52
2017-06-03 08:16:10.495077,54.222803,-166.099936,1470.0,126.52,1470.0,126.71
2017-06-03 08:16:10.994280,54.222831,-166.09989,1470.0,126.71,1470.0,126.52
2017-06-03 08:16:11.493479,54.22284,-166.099874,1470.0,126.52,1470.0,126.52
2017-06-03 08:16:11.992682,54.222869,-166.099825,1470.0,126.52,1470.0,126.52
2017-06-03 08:16:12.491880,54.222879,-166.099809,1470.0,127.46,1470.0,126.52
2017-06-03 08:16:12.991083,54.222908,-166.099761,1470.0,126.52,1470.0,126.52
2017-06-03 08:16:13.490282,54.222916,-166.099745,1470.0,126.52,1470.0,126.52
2017-06-03 08:16:13.989485,54.222943,-166.099695,1470.0,126.71,1470.0,126.52
2017-06-03 08:16:14.488684,54.222952,-166.099678,1470.0,126.71,1470.0,126.71
2017-06-03 08:16:14.987886,54.222979,-166.099628,1470.0,126.71,1470.0,126.71
2017-06-03 08:16:15.487087,54.222988,-166.099611,1470.0,126.52,1470.0,126.52
2017-06-03 08:16:15.986288,54.223016,-166.09956,1470.0,126.52,1470.0,126.52
2017-06-03 08:16:16.485489,54.223025,-166.099544,1470.0,126.33,1470.0,126.33
2017-06-03 08:16:16.984690,54.223053,-166.099494,1470.0,126.33,1470.0,126.14
2017-06-03 08:16:17.483891,54.223063,-166.099478,1470.0,126.33,1470.0,126.14
2017-06-03 08:16:17.998692,54.223093,-166.099425,1470.0,126.33,1470.0,126.33
2017-06-03 08:16:18.497892,54.223102,-166.099409,1470.0,126.52,1470.0,126.33
2017-06-03 08:16:18.997091,54.223129,-166.099363,1470.0,126.52,1470.0,126.33
2017-06-03 08:16:19.496294,54.223139,-166.099346,1470.0,127.65,1470.0,126.33
2017-06-03 08:16:19.995493,54.223168,-166.099295,1470.0,127.27,1470.0,126.33
2017-06-03 08:16:20.494696,54.223178,-166.099279,1470.0,126.14,1470.0,126.14
2017-06-03 08:16:20.993896,54.223206,-166.09923,1470.0,126.14,1470.0,126.14
2017-06-03 08:16:21.493097,54.223215,-166.099213,1470.0,126.14,1470.0,126.14
2017-06-03 08:16:21.992298,54.223243,-166.099161,1470.0,126.14,1470.0,126.14
2017-06-03 08:16:22.491499,54.223252,-166.099144,1470.0,126.33,1470.0,126.33
2017-06-03 08:16:22.990700,54.223279,-166.099093,1470.0,127.65,1470.0,126.14
2017-06-03 08:16:23.489901,54.223288,-166.099076,1470.0,126.14,1470.0,126.14
2017-06-03 08:16:23.989101,54.223316,-166.099023,1470.0,126.14,1470.0,126.14
2017-06-03 08:16:24.488302,54.223325,-166.099006,1470.0,126.14,1470.0,126.14
2017-06-03 08:16:24.987503,54.223351,-166.098955,1470.0,126.14,1470.0,126.14
2017-06-03 08:16:25.486704,54.22336,-166.098938,1470.0,126.33,1470.0,126.33
2017-06-03 08:16:25.985905,54.223388,-166.098886,1470.0,126.33,1470.0,126.33
2017-06-03 08:16:26.485107,54.223397,-166.09887,1470.0,126.33,1470.0,126.33
2017-06-03 08:16:26.984306,54.223424,-166.09882,1470.0,127.27,1470.0,126.14
2017-06-03 08:16:27.499107,54.223435,-166.098802,1470.0,125.96,1470.0,125.96
2017-06-03 08:16:27.998308,54.223465,-166.098752,1470.0,126.9,1470.0,126.52
2017-06-03 08:16:28.497509,54.223474,-166.098736,1470.0,125.58,1470.0,125.58
2017-06-03 08:16:28.996710,54.223503,-166.098688,1470.0,125.58,1470.0,125.58
2017-06-03 08:16:29.495911,54.223512,-166.098672,1470.0,126.71,1470.0,126.71
2017-06-03 08:16:29.995111,54.223539,-166.098621,1470.0,125.77,1470.0,125.77
2017-06-03 08:16:30.494312,54.223548,-166.098604,1470.0,126.33,1470.0,125.58
2017-06-03 08:16:30.993515,54.223574,-166.098551,1470.0,125.58,1470.0,125.58
2017-06-03 08:16:31.492714,54.223583,-166.098534,1470.0,125.58,1470.0,125.39
2017-06-03 08:16:31.991917,54.223611,-166.098481,1470.0,125.58,1470.0,125.58
2017-06-03 08:16:32.491116,54.223619,-166.098464,1470.0,125.77,1470.0,125.77
2017-06-03 08:16:32.990318,54.223644,-166.098411,1470.0,125.96,1470.0,125.77
2017-06-03 08:16:33.489517,54.223654,-166.098394,1470.0,125.96,1470.0,125.96
2017-06-03 08:16:33.988720,54.223683,-166.098341,1470.0,125.96,1470.0,125.77
2017-06-03 08:16:34.487919,54.223692,-166.098324,1470.0,125.77,1470.0,125.77
2017-06-03 08:16:34.987122,54.223719,-166.098273,1470.0,125.77,1470.0,125.77
2017-06-03 08:16:35.486320,54.223729,-166.098257,1470.0,125.77,1470.0,125.77
2017-06-03 08:16:35.985523,54.223758,-166.098208,1470.0,125.77,1470.0,125.77
2017-06-03 08:16:36.484724,54.223767,-166.098192,1470.0,125.77,1470.0,126.71
2017-06-03 08:16:36.983925,54.223795,-166.098143,1470.0,127.08,1470.0,125.58
2017-06-03 08:16:37.498726,54.223806,-166.098125,1470.0,126.52,1470.0,125.39
2017-06-03 08:16:37.997927,54.223837,-166.098075,1470.0,125.58,1470.0,125.39
2017-06-03 08:16:38.497128,54.223846,-166.098059,1470.0,126.9,1470.0,125.39
2017-06-03 08:16:38.996328,54.223874,-166.09801,1470.0,125.39,1470.0,125.39
2017-06-03 08:16:39.495529,54.223883,-166.097993,1470.0,125.39,1470.0,125.01
2017-06-03 08:16:39.994728,54.223911,-166.097943,1470.0,125.2,1470.0,125.01
2017-06-03 08:16:40.493931,54.22392,-166.097926,1470.0,125.01,1470.0,124.83
2017-06-03 08:16:40.993132,54.223946,-166.097875,1470.0,125.2,1470.0,125.01
2017-06-03 08:16:41.492332,54.223955,-166.097858,1470.0,125.39,1470.0,125.2
2017-06-03 08:16:41.991533,54.223983,-166.097808,1470.0,125.39,1470.0,125.39
2017-06-03 08:16:42.490734,54.223992,-166.097791,1470.0,125.39,1470.0,125.39
2017-06-03 08:16:42.989935,54.224019,-166.09774,1470.0,125.58,1470.0,125.39
2017-06-03 08:16:43.489136,54.224029,-166.097723,1470.0,125.58,1470.0,125.77
2017-06-03 08:16:43.988337,54.224058,-166.097673,1470.0,125.77,1470.0,125.77
2017-06-03 08:16:44.487537,54.224067,-166.097657,1470.0,125.77,1470.0,125.58
2017-06-03 08:16:44.986738,54.224094,-166.097606,1470.0,125.58,1470.0,125.58
2017-06-03 08:16:45.485939,54.224104,-166.09759,1470.0,125.58,1470.0,125.58
2017-06-03 08:16:45.985140,54.224133,-166.09754,1470.0,125.58,1470.0,125.39
2017-06-03 08:16:46.484343,54.224142,-166.097524,1470.0,125.58,1470.0,125.39
2017-06-03 08:16:46.999142,54.224171,-166.097475,1470.0,125.39,1470.0,125.39
2017-06-03 08:16:47.498343,54.224181,-166.097458,1470.0,125.39,1470.0,125.2
2017-06-03 08:16:47.997543,54.224212,-166.097408,1470.0,126.14,1470.0,125.2
2017-06-03 08:16:48.496744,54.224221,-166.097392,1470.0,125.2,1470.0,125.2
2017-06-03 08:16:48.995945,54.224249,-166.097345,1470.0,125.2,1470.0,126.14
2017-06-03 08:16:49.495146,54.224259,-166.097328,1470.0,125.01,1470.0,125.2
2017-06-03 08:16:49.994347,54.224287,-166.097278,1470.0,125.2,1470.0,125.39
2017-06-03 08:16:50.493547,54.224296,-166.097262,1470.0,125.2,1470.0,125.2
2017-06-03 08:16:50.992748,54.224323,-166.097213,1470.0,125.39,1470.0,125.39
2017-06-03 08:16:51.491949,54.224331,-166.097197,1470.0,125.39,1470.0,125.39
2017-06-03 08:16:51.991152,54.224358,-166.097146,1470.0,125.39,1470.0,125.2
2017-06-03 08:16:52.490351,54.224367,-166.097129,1470.0,125.2,1470.0,125.39
2017-06-03 08:16:52.989553,54.224394,-166.097078,1470.0,125.2,1470.0,125.2
2017-06-03 08:16:53.488752,54.224404,-166.097062,1470.0,125.2,1470.0,125.39
2017-06-03 08:16:53.987955,54.224433,-166.097011,1470.0,125.2,1470.0,125.2
2017-06-03 08:16:54.487154,54.224442,-166.096995,1470.0,125.01,1470.0,125.01
2017-06-03 08:16:54.986357,54.224471,-166.096946,1470.0,124.83,1470.0,124.83
2017-06-03 08:16:55.485556,54.224481,-166.096931,1470.0,125.77,1470.0,124.64
2017-06-03 08:16:55.984758,54.224513,-166.096883,1470.0,124.64,1470.0,124.64
2017-06-03 08:16:56.483957,54.224522,-166.096867,1470.0,124.64,1470.0,124.64
2017-06-03 08:16:56.998760,54.224551,-166.096818,1470.0,124.64,1470.0,124.64
2017-06-03 08:16:57.497961,54.22456,-166.096801,1470.0,124.64,1470.0,124.64
2017-06-03 08:16:57.997162,54.224588,-166.096748,1470.0,124.64,1470.0,124.64
2017-06-03 08:16:58.496363,54.224597,-166.096731,1470.0,124.64,1470.0,124.64
2017-06-03 08:16:58.995564,54.224623,-166.09668,1470.0,124.45,1470.0,124.64
2017-06-03 08:16:59.494764,54.224631,-166.096662,1470.0,124.64,1470.0,124.45
2017-06-03 08:16:59.993965,54.224658,-166.096607,1470.0,124.83,1470.0,124.45
2017-06-03 08:17:00.493166,54.224667,-166.09659,1470.0,125.39,1470.0,124.83
2017-06-03 08:17:00.992365,54.224693,-166.09654,1470.0,125.2,1470.0,124.83
2017-06-03 08:17:01.491568,54.224702,-166.096523,1470.0,125.01,1470.0,125.01
2017-06-03 08:17:01.990768,54.224729,-166.096473,1470.0,125.01,1470.0,125.01
2017-06-03 08:17:02.489969,54.224739,-166.096457,1470.0,124.83,1470.0,124.83
2017-06-03 08:17:02.989170,54.224768,-166.096406,1470.0,124.83,1470.0,124.83
2017-06-03 08:17:03.488371,54.224777,-166.09639,1470.0,124.83,1470.0,124.64
2017-06-03 08:17:03.987572,54.224808,-166.09634,1470.0,124.83,1470.0,124.83
2017-06-03 08:17:04.486773,54.224816,-166.096324,1470.0,126.33,1470.0,126.14
2017-06-03 08:17:04.985973,54.224843,-166.096274,1470.0,125.01,1470.0,125.01
2017-06-03 08:17:05.485174,54.224853,-166.096257,1470.0,125.2,1470.0,125.2
2017-06-03 08:17:05.984375,54.224881,-166.096205,1470.0,125.2,1470.0,125.39
2017-06-03 08:17:06.499178,54.22489,-166.096186,1470.0,125.2,1470.0,125.2
2017-06-03 08:17:06.998377,54.224916,-166.096135,1470.0,125.2,1470.0,125.2
2017-06-03 08:17:07.497578,54.224925,-166.096117,1470.0,126.71,1470.0,125.01
2017-06-03 08:17:07.996778,54.224952,-166.096063,1470.0,125.01,1470.0,125.01
2017-06-03 08:17:08.495979,54.224961,-166.096047,1470.0,124.83,1470.0,124.83
2017-06-03 08:17:08.995180,54.224988,-166.095996,1470.0,124.83,1470.0,124.64
2017-06-03 08:17:09.494381,54.224996,-166.09598,1470.0,124.83,1470.0,124.64
2017-06-03 08:17:09.993582,54.225023,-166.09593,1470.0,124.83,1470.0,124.83
2017-06-03 08:17:10.492783,54.225032,-166.095913,1470.0,125.01,1470.0,125.01
2017-06-03 08:17:10.991983,54.225059,-166.095863,1470.0,125.2,1470.0,125.01
2017-06-03 08:17:11.491184,54.225069,-166.095847,1470.0,125.2,1470.0,125.2
2017-06-03 08:17:11.990387,54.225098,-166.095796,1470.0,125.2,1470.0,125.01
2017-06-03 08:17:12.489586,54.225107,-166.09578,1470.0,125.01,1470.0,125.01
2017-06-03 08:17:12.988789,54.225134,-166.09573,1470.0,125.01,1470.0,124.83
2017-06-03 08:17:13.487988,54.225143,-166.095714,1470.0,125.96,1470.0,124.83
2017-06-03 08:17:13.987190,54.225171,-166.095665,1470.0,124.83,1470.0,124.83
2017-06-03 08:17:14.486389,54.22518,-166.095649,1470.0,124.83,1470.0,124.83
2017-06-03 08:17:14.985592,54.225207,-166.095599,1470.0,125.77,1470.0,124.83
2017-06-03 08:17:15.484791,54.225216,-166.095582,1470.0,124.83,1470.0,124.83
2017-06-03 08:17:15.983994,54.225244,-166.09553,1470.0,124.83,1470.0,124.83
2017-06-03 08:17:16.498793,54.225254,-166.095512,1470.0,126.33,1470.0,124.83
2017-06-03 08:17:16.997995,54.225281,-166.095461,1470.0,126.14,1470.0,125.01
2017-06-03 08:17:17.497196,54.22529,-166.095444,1470.0,125.01,1470.0,125.01
2017-06-03 08:17:17.996397,54.225318,-166.095392,1470.0,125.2,1470.0,125.2
2017-06-03 08:17:18.495598,54.225328,-166.095375,1470.0,125.2,1470.0,125.01
2017-06-03 08:17:18.994799,54.225356,-166.095325,1470.0,125.2,1470.0,125.01
2017-06-03 08:17:19.493999,54.225365,-166.095308,1470.0,125.2,1470.0,125.2
2017-06-03 08:17:19.993200,54.225393,-166.095256,1470.0,125.2,1470.0,125.01
2017-06-03 08:17:20.492401,54.225402,-166.09524,1470.0,125.01,1470.0,125.01
2017-06-03 08:17:20.991602,54.225429,-166.09519,1470.0,125.01,1470.0,124.83
2017-06-03 08:17:21.490803,54.225439,-166.095174,1470.0,124.83,1470.0,124.83
2017-06-03 08:17:21.990002,54.225468,-166.095125,1470.0,125.96,1470.0,124.64
2017-06-03 08:17:22.489204,54.225477,-166.095109,1470.0,125.77,1470.0,124.64
2017-06-03 08:17:22.988405,54.225508,-166.09506,1470.0,124.64,1470.0,124.45
2017-06-03 08:17:23.487606,54.225516,-166.095044,1470.0,124.64,1470.0,124.64
2017-06-03 08:17:23.986807,54.225543,-166.094998,1470.0,124.64,1470.0,124.64
2017-06-03 08:17:24.486008,54.225551,-166.094982,1470.0,124.83,1470.0,124.83
2017-06-03 08:17:24.985209,54.225578,-166.094933,1470.0,124.83,1470.0,124.83
2017-06-03 08:17:25.484409,54.225587,-166.094916,1470.0,124.83,1470.0,124.83
2017-06-03 08:17:25.999210,54.225613,-166.094862,1470.0,125.01,1470.0,124.83
2017-06-03 08:17:26.498411,54.225622,-166.094845,1470.0,125.01,1470.0,124.83
2017-06-03 08:17:26.997612,54.225648,-166.094795,1470.0,125.01,1470.0,125.01
2017-06-03 08:17:27.496815,54.225657,-166.094778,1470.0,125.01,1470.0,125.01
2017-06-03 08:17:27.996014,54.225684,-166.094728,1470.0,124.83,1470.0,124.83
2017-06-03 08:17:28.495214,54.225694,-166.094712,1470.0,124.83,1470.0,125.01
2017-06-03 08:17:28.994415,54.225723,-166.094663,1470.0,124.83,1470.0,124.83
2017-06-03 08:17:29.493616,54.225732,-166.094647,1470.0,125.01,1470.0,124.83
2017-06-03 08:17:29.992817,54.225759,-166.094598,1470.0,125.01,1470.0,124.83
2017-06-03 08:17:30.492018,54.225768,-166.094582,1470.0,125.2,1470.0,125.01
2017-06-03 08:17:30.991219,54.225796,-166.094533,1470.0,125.39,1470.0,125.01
2017-06-03 08:17:31.490419,54.225805,-166.094517,1470.0,125.01,1470.0,125.01
2017-06-03 08:17:31.989622,54.225833,-166.094466,1470.0,125.01,1470.0,125.01
2017-06-03 08:17:32.488821,54.225842,-166.094449,1470.0,125.01,1470.0,124.83
2017-06-03 08:17:32.988024,54.225869,-166.094398,1470.0,125.01,1470.0,125.01
2017-06-03 08:17:33.487223,54.225878,-166.094382,1470.0,125.2,1470.0,125.01
2017-06-03 08:17:33.986425,54.225904,-166.094331,1470.0,125.2,1470.0,125.2
2017-06-03 08:17:34.485624,54.225913,-166.094315,1470.0,125.2,1470.0,125.2
2017-06-03 08:17:34.984827,54.22594,-166.094266,1470.0,125.2,1470.0,125.2
2017-06-03 08:17:35.484026,54.225949,-166.094249,1470.0,125.2,1470.0,125.01
2017-06-03 08:17:35.998829,54.225977,-166.094197,1470.0,125.01,1470.0,125.01
2017-06-03 08:17:36.498028,54.225986,-166.094181,1470.0,125.01,1470.0,125.01
2017-06-03 08:17:36.997231,54.226013,-166.094133,1470.0,125.01,1470.0,125.01
2017-06-03 08:17:37.496431,54.226022,-166.094117,1470.0,125.01,1470.0,125.01
2017-06-03 08:17:37.995632,54.226049,-166.094068,1470.0,125.01,1470.0,125.01
2017-06-03 08:17:38.494833,54.226059,-166.094052,1470.0,125.2,1470.0,125.2
2017-06-03 08:17:38.994034,54.226088,-166.094001,1470.0,126.33,1470.0,125.2
2017-06-03 08:17:39.493235,54.226097,-166.093985,1470.0,125.2,1470.0,125.2
2017-06-03 08:17:39.992435,54.226124,-166.093935,1470.0,125.2,1470.0,125.2
2017-06-03 08:17:40.491636,54.226134,-166.093917,1470.0,125.2,1470.0,125.2
2017-06-03 08:17:40.990837,54.226163,-166.093865,1470.0,125.39,1470.0,125.2
2017-06-03 08:17:41.490038,54.226171,-166.093848,1470.0,125.39,1470.0,125.39
2017-06-03 08:17:41.989239,54.226198,-166.093798,1470.0,125.39,1470.0,125.39
2017-06-03 08:17:42.488440,54.226207,-166.093781,1470.0,125.39,1470.0,125.39
2017-06-03 08:17:42.987640,54.226234,-166.09373,1470.0,125.58,1470.0,125.39
2017-06-03 08:17:43.486841,54.226244,-166.093714,1470.0,125.39,1470.0,125.39
2017-06-03 08:17:43.986042,54.226273,-166.093665,1470.0,125.2,1470.0,125.2
2017-06-03 08:17:44.485243,54.226282,-166.093649,1470.0,126.14,1470.0,125.2
2017-06-03 08:17:44.984444,54.22631,-166.093601,1470.0,125.01,1470.0,125.01
2017-06-03 08:17:45.499245,54.22632,-166.093584,1470.0,125.01,1470.0,125.01
2017-06-03 08:17:45.998446,54.226348,-166.093535,1470.0,125.01,1470.0,125.01
2017-06-03 08:17:46.497646,54.226358,-166.093519,1470.0,126.14,1470.0,125.01
2017-06-03 08:17:46.996847,54.226386,-166.093471,1470.0,125.01,1470.0,125.01
2017-06-03 08:17:47.496048,54.226395,-166.093455,1470.0,125.01,1470.0,125.2
2017-06-03 08:17:47.995249,54.226423,-166.093405,1470.0,125.2,1470.0,125.2
2017-06-03 08:17:48.494452,54.226431,-166.093388,1470.0,125.2,1470.0,125.2
2017-06-03 08:17:48.993650,54.226458,-166.093338,1470.0,125.39,1470.0,125.2
2017-06-03 08:17:49.492851,54.226467,-166.093322,1470.0,125.39,1470.0,125.39
2017-06-03 08:17:49.992052,54.226494,-166.093271,1470.0,125.39,1470.0,125.39
2017-06-03 08:17:50.491253,54.226504,-166.093255,1470.0,125.39,1470.0,125.39
2017-06-03 08:17:50.990454,54.226533,-166.093205,1470.0,125.39,1470.0,125.39
2017-06-03 08:17:51.489655,54.226542,-166.093189,1470.0,125.39,1470.0,125.39
2017-06-03 08:17:51.988855,54.226571,-166.09314,1470.0,125.39,1470.0,125.39
2017-06-03 08:17:52.488056,54.226581,-166.093124,1470.0,125.39,1470.0,125.39
2017-06-03 08:17:52.987259,54.226611,-166.093075,1470.0,125.39,1470.0,125.2
2017-06-03 08:17:53.486458,54.22662,-166.093058,1470.0,125.2,1470.0,125.2
2017-06-03 08:17:53.985661,54.226649,-166.093008,1470.0,125.2,1470.0,125.58
2017-06-03 08:17:54.484859,54.226658,-166.092992,1470.0,125.2,1470.0,125.2
2017-06-03 08:17:54.984062,54.226686,-166.092943,1470.0,125.2,1470.0,125.2
2017-06-03 08:17:55.498861,54.226696,-166.092925,1470.0,125.39,1470.0,125.2
2017-06-03 08:17:55.998064,54.226725,-166.092875,1470.0,125.39,1470.0,125.39
2017-06-03 08:17:56.497263,54.226734,-166.092858,1470.0,125.58,1470.0,125.39
2017-06-03 08:17:56.996466,54.226759,-166.092808,1470.0,125.58,1470.0,125.58
2017-06-03 08:17:57.495667,54.226768,-166.092792,1470.0,125.77,1470.0,125.77
2017-06-03 08:17:57.994867,54.226796,-166.092743,1470.0,125.96,1470.0,125.77
2017-06-03 08:17:58.494068,54.226805,-166.092727,1470.0,125.58,1470.0,125.58
2017-06-03 08:17:58.993269,54.226833,-166.092676,1470.0,125.58,1470.0,125.39
2017-06-03 08:17:59.492470,54.226842,-166.09266,1470.0,125.2,1470.0,125.2
2017-06-03 08:17:59.991671,54.226871,-166.092611,1470.0,125.2,1470.0,125.2
2017-06-03 08:18:00.490871,54.22688,-166.092596,1470.0,125.2,1470.0,125.2
2017-06-03 08:18:00.990072,54.226909,-166.092548,1470.0,125.96,1470.0,125.2
2017-06-03 08:18:01.489273,54.226918,-166.092532,1470.0,125.58,1470.0,125.39
2017-06-03 08:18:01.988474,54.226946,-166.092483,1470.0,125.58,1470.0,125.58
2017-06-03 08:18:02.487675,54.226955,-166.092467,1470.0,125.96,1470.0,125.58
2017-06-03 08:18:02.986876,54.226982,-166.092418,1470.0,125.58,1470.0,125.58
2017-06-03 08:18:03.486076,54.226991,-166.092401,1470.0,125.58,1470.0,125.58
2017-06-03 08:18:03.985277,54.227019,-166.092351,1470.0,125.58,1470.0,125.58
2017-06-03 08:18:04.484478,54.227028,-166.092335,1470.0,126.71,1470.0,125.58
2017-06-03 08:18:04.999279,54.227056,-166.092283,1470.0,125.58,1470.0,125.58
2017-06-03 08:18:05.498480,54.227065,-166.092266,1470.0,125.58,1470.0,125.58
2017-06-03 08:18:05.997681,54.227093,-166.092213,1470.0,125.58,1470.0,125.58
2017-06-03 08:18:06.496881,54.227102,-166.092197,1470.0,125.77,1470.0,125.77
2017-06-03 08:18:06.996082,54.227129,-166.092148,1470.0,125.96,1470.0,125.77
2017-06-03 08:18:07.495283,54.227138,-166.092132,1470.0,125.96,1470.0,125.96
2017-06-03 08:18:07.994484,54.227166,-166.092081,1470.0,125.96,1470.0,125.77
2017-06-03 08:18:08.493687,54.227175,-166.092065,1470.0,125.96,1470.0,125.77
2017-06-03 08:18:08.992886,54.227204,-166.092015,1470.0,125.77,1470.0,125.77
2017-06-03 08:18:09.492088,54.227214,-166.091999,1470.0,125.58,1470.0,125.58
2017-06-03 08:18:09.991287,54.227243,-166.09195,1470.0,125.58,1470.0,125.58
2017-06-03 08:18:10.490488,54.227252,-166.091934,1470.0,126.33,1470.0,125.58
2017-06-03 08:18:10.989689,54.227279,-166.091886,1470.0,127.08,1470.0,125.39
2017-06-03 08:18:11.488890,54.227289,-166.09187,1470.0,125.58,1470.0,125.58
2017-06-03 08:18:11.988091,54.227318,-166.091821,1470.0,125.77,1470.0,125.77
2017-06-03 08:18:12.487291,54.227326,-166.091806,1470.0,125.96,1470.0,125.77
2017-06-03 08:18:12.986492,54.227353,-166.091758,1470.0,125.96,1470.0,125.96
2017-06-03 08:18:13.485693,54.227362,-166.091741,1470.0,125.96,1470.0,125.96
2017-06-03 08:18:13.984896,54.227389,-166.09169,1470.0,126.9,1470.0,125.96
2017-06-03 08:18:14.484095,54.227398,-166.091673,1470.0,126.9,1470.0,125.77
2017-06-03 08:18:14.998898,54.227426,-166.091621,1470.0,125.77,1470.0,125.77
2017-06-03 08:18:15.498096,54.227435,-166.091605,1470.0,125.77,1470.0,125.77
2017-06-03 08:18:15.997299,54.227463,-166.091556,1470.0,125.96,1470.0,125.77
2017-06-03 08:18:16.496498,54.227472,-166.09154,1470.0,125.96,1470.0,125.96
2017-06-03 08:18:16.995701,54.227499,-166.09149,1470.0,126.33,1470.0,125.96
2017-06-03 08:18:17.494900,54.227509,-166.091474,1470.0,126.14,1470.0,126.52
2017-06-03 08:18:17.994102,54.227538,-166.091425,1470.0,126.14,1470.0,126.14
2017-06-03 08:18:18.493303,54.227547,-166.091408,1470.0,127.46,1470.0,125.96
2017-06-03 08:18:18.992504,54.227576,-166.091358,1470.0,125.96,1470.0,125.96
2017-06-03 08:18:19.491705,54.227585,-166.091342,1470.0,126.14,1470.0,126.14
2017-06-03 08:18:19.990906,54.227614,-166.091293,1470.0,126.14,1470.0,126.9
2017-06-03 08:18:20.490107,54.227623,-166.091277,1470.0,126.14,1470.0,126.14
2017-06-03 08:18:20.989307,54.227651,-166.091228,1470.0,126.14,1470.0,125.96
2017-06-03 08:18:21.488508,54.22766,-166.091211,1470.0,125.96,1470.0,125.96
2017-06-03 08:18:21.987709,54.227688,-166.09116,1470.0,125.96,1470.0,125.96
2017-06-03 08:18:22.486910,54.227696,-166.091144,1470.0,125.96,1470.0,125.96
2017-06-03 08:18:22.986111,54.227723,-166.091094,1470.0,125.96,1470.0,125.96
2017-06-03 08:18:23.485312,54.227733,-166.091078,1470.0,126.14,1470.0,125.96
2017-06-03 08:18:23.984512,54.227761,-166.091028,1470.0,126.14,1470.0,126.14
2017-06-03 08:18:24.499313,54.227771,-166.091011,1470.0,126.14,1470.0,126.14
2017-06-03 08:18:24.998514,54.227798,-166.090963,1470.0,126.14,1470.0,126.14
2017-06-03 08:18:25.497715,54.227807,-166.090947,1470.0,126.14,1470.0,126.14
2017-06-03 08:18:25.996916,54.227834,-166.090898,1470.0,126.33,1470.0,126.33
2017-06-03 08:18:26.496117,54.227844,-166.090882,1470.0,126.52,1470.0,126.33
2017-06-03 08:18:26.995317,54.227873,-166.090833,1470.0,126.52,1470.0,126.52
2017-06-03 08:18:27.494518,54.227882,-166.090816,1470.0,126.52,1470.0,126.52
2017-06-03 08:18:27.993719,54.22791,-166.090765,1470.0,126.52,1470.0,126.33
2017-06-03 08:18:28.492922,54.227919,-166.090749,1470.0,126.52,1470.0,126.52
2017-06-03 08:18:28.992121,54.227946,-166.0907,1470.0,126.52,1470.0,126.52
2017-06-03 08:18:29.491323,54.227955,-166.090683,1470.0,126.71,1470.0,126.71
2017-06-03 08:18:29.990522,54.227983,-166.090633,1470.0,126.71,1470.0,126.52
2017-06-03 08:18:30.489725,54.227992,-166.090617,1470.0,126.71,1470.0,126.52
2017-06-03 08:18:30.988924,54.228019,-166.090568,1470.0,126.52,1470.0,127.27
2017-06-03 08:18:31.488127,54.228029,-166.090552,1470.0,126.52,1470.0,126.33
2017-06-03 08:18:31.987326,54.228058,-166.090501,1470.0,126.52,1470.0,126.52
2017-06-03 08:18:32.486526,54.228066,-166.090486,1470.0,127.65,1470.0,126.71
2017-06-03 08:18:32.985727,54.228093,-166.090438,1470.0,126.9,1470.0,126.71
2017-06-03 08:18:33.484928,54.228103,-166.090421,1470.0,126.9,1470.0,126.9
2017-06-03 08:18:33.984131,54.228131,-166.09037,1470.0,126.9,1470.0,126.9
2017-06-03 08:18:34.498930,54.228141,-166.090352,1470.0,126.9,1470.0,127.08
2017-06-03 08:18:34.998133,54.228168,-166.090303,1470.0,126.9,1470.0,126.9
2017-06-03 08:18:35.497332,54.228177,-166.090287,1470.0,126.9,1470.0,126.9
2017-06-03 08:18:35.996534,54.228204,-166.090238,1470.0,127.08,1470.0,126.9
2017-06-03 08:18:36.495733,54.228213,-166.090222,1470.0,127.08,1470.0,127.08
2017-06-03 08:18:36.994936,54.228239,-166.090175,1470.0,127.08,1470.0,127.08
2017-06-03 08:18:37.494135,54.228249,-166.090159,1470.0,127.08,1470.0,127.08
2017-06-03 08:18:37.993338,54.228278,-166.09011,1470.0,126.9,1470.0,126.9
2017-06-03 08:18:38.492537,54.228287,-166.090094,1470.0,126.9,1470.0,126.71
2017-06-03 08:18:38.991739,54.228316,-166.090045,1470.0,126.9,1470.0,127.84
2017-06-03 08:18:39.490940,54.228325,-166.090029,1470.0,127.08,1470.0,127.08
2017-06-03 08:18:39.990141,54.228351,-166.08998,1470.0,127.46,1470.0,127.27
2017-06-03 08:18:40.489342,54.22836,-166.089963,1470.0,127.65,1470.0,127.65
2017-06-03 08:18:40.988543,54.228386,-166.089913,1470.0,127.84,1470.0,127.84
2017-06-03 08:18:41.487743,54.228395,-166.089896,1470.0,127.84,1470.0,127.84
2017-06-03 08:18:41.986944,54.228423,-166.089845,1470.0,127.65,1470.0,127.65
2017-06-03 08:18:42.486145,54.228431,-166.089828,1470.0,127.65,1470.0,127.46
2017-06-03 08:18:42.985346,54.228458,-166.089778,1470.0,127.65,1470.0,127.46
2017-06-03 08:18:43.484547,54.228468,-166.089761,1470.0,127.65,1470.0,127.65
2017-06-03 08:18:43.999348,54.228498,-166.08971,1470.0,128.03,1470.0,127.65
2017-06-03 08:18:44.498549,54.228508,-166.089694,1470.0,128.03,1470.0,127.84
2017-06-03 08:18:44.997749,54.228536,-166.089646,1470.0,128.03,1470.0,128.03
2017-06-03 08:18:45.496950,54.228545,-166.08963,1470.0,128.03,1470.0,128.03
2017-06-03 08:18:45.996151,54.228574,-166.089581,1470.0,128.03,1470.0,128.03
2017-06-03 08:18:46.495352,54.228584,-166.089565,1470.0,128.03,1470.0,127.84
2017-06-03 08:18:46.994553,54.228613,-166.089516,1470.0,128.03,1470.0,127.84
2017-06-03 08:18:47.493753,54.228621,-166.089501,1470.0,128.03,1470.0,128.03
2017-06-03 08:18:47.992954,54.228648,-166.089453,1470.0,128.21,1470.0,128.21
2017-06-03 08:18:48.492157,54.228657,-166.089437,1470.0,128.59,1470.0,128.4
2017-06-03 08:18:48.991356,54.228684,-166.089386,1470.0,128.59,1470.0,128.59
2017-06-03 08:18:49.490559,54.228693,-166.08937,1470.0,128.97,1470.0,128.97
2017-06-03 08:18:49.989758,54.228719,-166.08932,1470.0,129.15,1470.0,128.97
2017-06-03 08:18:50.488960,54.228728,-166.089303,1470.0,129.34,1470.0,128.78
2017-06-03 08:18:50.988159,54.228754,-166.089253,1470.0,129.34,1470.0,128.97
2017-06-03 08:18:51.487362,54.228763,-166.089237,1470.0,129.34,1470.0,129.34
2017-06-03 08:18:51.986561,54.228791,-166.089188,1470.0,129.72,1470.0,129.15
2017-06-03 08:18:52.485764,54.2288,-166.089172,1470.0,129.53,1470.0,129.34
2017-06-03 08:18:52.984962,54.228828,-166.089124,1470.0,129.53,1470.0,129.34
2017-06-03 08:18:53.484163,54.228838,-166.089108,1470.0,129.34,1470.0,129.34
2017-06-03 08:18:53.998966,54.228868,-166.089058,1470.0,129.53,1470.0,129.34
2017-06-03 08:18:54.498165,54.228878,-166.089043,1470.0,129.72,1470.0,129.53
2017-06-03 08:18:54.997368,54.228906,-166.088996,1470.0,130.09,1470.0,129.72
2017-06-03 08:18:55.496567,54.228915,-166.08898,1470.0,130.09,1470.0,129.91
2017-06-03 08:18:55.995770,54.228944,-166.088931,1470.0,130.28,1470.0,130.28
2017-06-03 08:18:56.494968,54.228953,-166.088914,1470.0,130.66,1470.0,130.28
2017-06-03 08:18:56.994171,54.228979,-166.088863,1470.0,130.66,1470.0,130.85
2017-06-03 08:18:57.493370,54.228988,-166.088846,1470.0,130.85,1470.0,130.66
2017-06-03 08:18:57.992573,54.229014,-166.088795,1470.0,131.04,1470.0,130.85
2017-06-03 08:18:58.491772,54.229023,-166.088778,1470.0,131.22,1470.0,131.04
2017-06-03 08:18:58.990974,54.229049,-166.088726,1470.0,131.79,1470.0,131.04
2017-06-03 08:18:59.490175,54.229058,-166.088709,1470.0,131.41,1470.0,131.22
2017-06-03 08:18:59.989376,54.229086,-166.088658,1470.0,131.98,1470.0,131.22
2017-06-03 08:19:00.488577,54.229095,-166.088642,1470.0,131.6,1470.0,131.41
2017-06-03 08:19:00.987778,54.229121,-166.088591,1470.0,131.6,1470.0,131.41
2017-06-03 08:19:01.486979,54.22913,-166.088575,1470.0,131.6,1470.0,131.41
2017-06-03 08:19:01.986179,54.229158,-166.088526,1470.0,131.98,1470.0,131.6
2017-06-03 08:19:02.485380,54.229166,-166.088511,1470.0,131.98,1470.0,131.79
2017-06-03 08:19:02.984581,54.229193,-166.088464,1470.0,131.79,1470.0,131.79
2017-06-03 08:19:03.483782,54.229203,-166.088448,1470.0,131.98,1470.0,131.79
2017-06-03 08:19:03.998581,54.229232,-166.088395,1470.0,132.16,1470.0,131.98
2017-06-03 08:19:04.497784,54.22924,-166.088378,1470.0,132.35,1470.0,132.16
2017-06-03 08:19:04.996984,54.229266,-166.088328,1470.0,133.11,1470.0,132.54
2017-06-03 08:19:05.496185,54.229274,-166.088311,1470.0,133.48,1470.0,132.92
2017-06-03 08:19:05.995386,54.229299,-166.08826,1470.0,133.48,1470.0,133.29
2017-06-03 08:19:06.494587,54.229308,-166.088243,1470.0,133.29,1470.0,133.29
2017-06-03 08:19:06.993788,54.229334,-166.088191,1470.0,133.48,1470.0,133.29
2017-06-03 08:19:07.492989,54.229343,-166.088174,1470.0,134.05,1470.0,133.29
2017-06-03 08:19:07.992189,54.229371,-166.088123,1470.0,133.48,1470.0,133.48
2017-06-03 08:19:08.491390,54.22938,-166.088107,1470.0,134.42,1470.0,133.48
2017-06-03 08:19:08.990591,54.229408,-166.088056,1470.0,134.23,1470.0,134.05
2017-06-03 08:19:09.489792,54.229416,-166.08804,1470.0,134.8,1470.0,134.05
2017-06-03 08:19:09.988993,54.229443,-166.08799,1470.0,134.61,1470.0,134.23
2017-06-03 08:19:10.488195,54.229452,-166.087974,1470.0,134.61,1470.0,134.42
2017-06-03 08:19:10.987394,54.22948,-166.087924,1470.0,134.42,1470.0,134.23
2017-06-03 08:19:11.486597,54.229489,-166.087908,1470.0,134.61,1470.0,134.23
2017-06-03 08:19:11.985796,54.229518,-166.087856,1470.0,134.42,1470.0,134.42
2017-06-03 08:19:12.484999,54.229526,-166.087841,1470.0,134.8,1470.0,134.42
2017-06-03 08:19:12.984198,54.229553,-166.087793,1470.0,134.99,1470.0,134.99
2017-06-03 08:19:13.498999,54.229563,-166.087774,1470.0,135.36,1470.0,135.36
2017-06-03 08:19:13.998201,54.22959,-166.087723,1470.0,135.74,1470.0,135.55
2017-06-03 08:19:14.497400,54.229599,-166.087707,1470.0,136.49,1470.0,135.74
2017-06-03 08:19:14.996603,54.229624,-166.087658,1470.0,136.49,1470.0,135.74
2017-06-03 08:19:15.495802,54.229633,-166.087641,1470.0,136.3,1470.0,135.55
2017-06-03 08:19:15.995005,54.229661,-166.08759,1470.0,136.3,1470.0,135.93
2017-06-03 08:19:16.494204,54.22967,-166.087573,1470.0,136.12,1470.0,135.74
2017-06-03 08:19:16.993406,54.229698,-166.087523,1470.0,136.49,1470.0,135.74
2017-06-03 08:19:17.492605,54.229707,-166.087507,1470.0,136.68,1470.0,136.12
2017-06-03 08:19:17.991808,54.229734,-166.087458,1470.0,136.87,1470.0,136.3
2017-06-03 08:19:18.491007,54.229743,-166.087442,1470.0,136.87,1470.0,136.87
2017-06-03 08:19:18.990210,54.229771,-166.087393,1470.0,136.87,1470.0,136.68
2017-06-03 08:19:19.489410,54.22978,-166.087376,1470.0,137.24,1470.0,136.87
2017-06-03 08:19:19.988611,54.229808,-166.087325,1470.0,137.24,1470.0,137.06
2017-06-03 08:19:20.487812,54.229816,-166.087309,1470.0,137.62,1470.0,137.06
2017-06-03 08:19:20.987013,54.229843,-166.087259,1470.0,137.62,1470.0,137.43
2017-06-03 08:19:21.486214,54.229853,-166.087243,1470.0,137.81,1470.0,137.24
2017-06-03 08:19:21.985415,54.229881,-166.087191,1470.0,138.19,1470.0,137.24
2017-06-03 08:19:22.484615,54.229889,-166.087175,1470.0,138.19,1470.0,137.62
2017-06-03 08:19:22.983816,54.229915,-166.087126,1470.0,138.0,1470.0,137.62
2017-06-03 08:19:23.498617,54.229925,-166.087108,1470.0,138.0,1470.0,137.62
2017-06-03 08:19:23.997816,54.229951,-166.087058,1470.0,138.0,1470.0,137.62
2017-06-03 08:19:24.497019,54.22996,-166.087042,1470.0,138.0,1470.0,137.62
2017-06-03 08:19:24.996220,54.229988,-166.086991,1470.0,138.19,1470.0,137.81
2017-06-03 08:19:25.495420,54.229997,-166.086975,1470.0,138.0,1470.0,137.62
2017-06-03 08:19:25.994621,54.230024,-166.086926,1470.0,138.19,1470.0,137.81
2017-06-03 08:19:26.493822,54.230033,-166.08691,1470.0,138.19,1470.0,138.0
2017-06-03 08:19:26.993023,54.230061,-166.086861,1470.0,138.94,1470.0,138.37
2017-06-03 08:19:27.492224,54.23007,-166.086844,1470.0,139.69,1470.0,138.75
2017-06-03 08:19:27.991425,54.230096,-166.086793,1470.0,139.88,1470.0,139.5
2017-06-03 08:19:28.490625,54.230105,-166.086776,1470.0,140.44,1470.0,139.69
2017-06-03 08:19:28.989826,54.230131,-166.086723,1470.0,140.82,1470.0,139.88
2017-06-03 08:19:29.489027,54.230139,-166.086706,1470.0,140.63,1470.0,139.88
2017-06-03 08:19:29.988228,54.230164,-166.086653,1470.0,140.82,1470.0,140.07
2017-06-03 08:19:30.487431,54.230174,-166.086637,1470.0,140.44,1470.0,139.5
2017-06-03 08:19:30.986629,54.230202,-166.086588,1470.0,140.07,1470.0,139.31
2017-06-03 08:19:31.485832,54.230211,-166.086572,1470.0,139.69,1470.0,139.31
2017-06-03 08:19:31.985031,54.230239,-166.086523,1470.0,139.69,1470.0,139.5
2017-06-03 08:19:32.484234,54.230248,-166.086508,1470.0,139.88,1470.0,139.69
2017-06-03 08:19:32.999033,54.230276,-166.086461,1470.0,140.07,1470.0,139.88
2017-06-03 08:19:33.498234,54.230285,-166.086445,1470.0,140.26,1470.0,140.07
2017-06-03 08:19:33.997435,54.230313,-166.086395,1470.0,140.44,1470.0,140.07
2017-06-03 08:19:34.496635,54.230322,-166.086379,1470.0,140.44,1470.0,140.26
2017-06-03 08:19:34.995836,54.230348,-166.08633,1470.0,140.63,1470.0,140.44
2017-06-03 08:19:35.495037,54.230356,-166.086313,1470.0,141.38,1470.0,140.82
2017-06-03 08:19:35.994240,54.230381,-166.086263,1470.0,141.57,1470.0,141.2
2017-06-03 08:19:36.493439,54.23039,-166.086247,1470.0,142.51,1470.0,141.76
2017-06-03 08:19:36.992641,54.230416,-166.086196,1470.0,142.89,1470.0,141.95
2017-06-03 08:19:37.491840,54.230425,-166.086179,1470.0,142.89,1470.0,141.95
2017-06-03 08:19:37.991043,54.230454,-166.086128,1470.0,142.7,1470.0,142.14
2017-06-03 08:19:38.490242,54.230464,-166.086112,1470.0,142.7,1470.0,142.14
2017-06-03 08:19:38.989445,54.230493,-166.086063,1470.0,142.33,1470.0,142.14
2017-06-03 08:19:39.488644,54.230502,-166.086047,1470.0,142.7,1470.0,142.33
2017-06-03 08:19:39.987846,54.230531,-166.086,1470.0,143.27,1470.0,142.7
2017-06-03 08:19:40.487047,54.23054,-166.085984,1470.0,143.45,1470.0,143.08
2017-06-03 08:19:40.986248,54.230567,-166.085938,1470.0,143.64,1470.0,143.45
2017-06-03 08:19:41.485449,54.230576,-166.085921,1470.0,143.83,1470.0,143.27
2017-06-03 08:19:41.984650,54.230604,-166.08587,1470.0,143.45,1470.0,10.8
2017-06-03 08:19:42.483850,54.230613,-166.085854,1470.0,143.64,1470.0,143.27
2017-06-03 08:19:42.998652,54.230641,-166.085805,1470.0,143.83,1470.0,143.27
2017-06-03 08:19:43.497852,54.23065,-166.085789,1470.0,143.83,1470.0,143.64
2017-06-03 08:19:43.997053,54.230676,-166.08574,1470.0,144.4,1470.0,143.83
2017-06-03 08:19:44.496254,54.230685,-166.085724,1470.0,144.96,1470.0,144.21
2017-06-03 08:19:44.995455,54.230711,-166.085675,1470.0,145.34,1470.0,144.77
2017-06-03 08:19:45.494656,54.23072,-166.085658,1470.0,146.09,1470.0,145.15
2017-06-03 08:19:45.993856,54.230746,-166.085608,1470.0,147.03,1470.0,145.52
2017-06-03 08:19:46.493057,54.230755,-166.085592,1470.0,146.46,1470.0,145.52
2017-06-03 08:19:46.992258,54.230783,-166.085541,1470.0,146.84,1470.0,145.71
2017-06-03 08:19:47.491459,54.230791,-166.085525,1470.0,146.84,1470.0,145.9
2017-06-03 08:19:47.990660,54.230818,-166.085476,1470.0,147.03,1470.0,146.09
2017-06-03 08:19:48.489861,54.230827,-166.08546,1470.0,147.78,1470.0,146.65
2017-06-03 08:19:48.989061,54.230854,-166.085411,1470.0,148.53,1470.0,146.84
2017-06-03 08:19:49.488262,54.230863,-166.085395,1470.0,148.91,1470.0,147.22
2017-06-03 08:19:49.987463,54.230891,-166.085346,1470.0,148.35,1470.0,147.41
2017-06-03 08:19:50.486666,54.2309,-166.08533,1470.0,148.35,1470.0,147.97
2017-06-03 08:19:50.985865,54.230927,-166.085281,1470.0,148.53,1470.0,147.78
2017-06-03 08:19:51.485067,54.230936,-166.085264,1470.0,148.53,1470.0,148.35
2017-06-03 08:19:51.984266,54.230964,-166.085213,1470.0,149.1,1470.0,148.35
2017-06-03 08:19:52.499067,54.230974,-166.085195,1470.0,149.48,1470.0,148.72
2017-06-03 08:19:52.998268,54.230999,-166.085146,1470.0,150.6,1470.0,148.91
2017-06-03 08:19:53.497469,54.231008,-166.085129,1470.0,150.42,1470.0,149.66
2017-06-03 08:19:53.996670,54.231034,-166.085078,1470.0,151.55,1470.0,150.23
2017-06-03 08:19:54.495871,54.231043,-166.085062,1470.0,150.98,1470.0,150.23
2017-06-03 08:19:54.995071,54.231069,-166.085011,1470.0,150.04,1470.0,150.42
2017-06-03 08:19:55.494272,54.231078,-166.084995,1470.0,151.73,1470.0,150.79
2017-06-03 08:19:55.993475,54.231104,-166.084946,1470.0,152.67,1470.0,150.42
2017-06-03 08:19:56.492674,54.231113,-166.08493,1470.0,151.92,1470.0,150.98
2017-06-03 08:19:56.991877,54.231141,-166.084881,1470.0,152.11,1470.0,150.98
2017-06-03 08:19:57.491076,54.23115,-166.084866,1470.0,152.67,1470.0,151.73
2017-06-03 08:19:57.990278,54.231178,-166.084818,1470.0,151.92,1470.0,152.11
2017-06-03 08:19:58.489477,54.231187,-166.084802,1470.0,152.3,1470.0,151.92
2017-06-03 08:19:58.988680,54.231214,-166.084755,1470.0,153.05,1470.0,152.3
2017-06-03 08:19:59.487879,54.231223,-166.084739,1470.0,153.24,1470.0,152.49
2017-06-03 08:19:59.987082,54.231251,-166.08469,1470.0,154.37,1470.0,153.24
2017-06-03 08:20:00.486280,54.231259,-166.084674,1470.0,154.56,1470.0,153.61
2017-06-03 08:20:00.985483,54.231285,-166.084624,1470.0,155.87,1470.0,154.18
2017-06-03 08:20:01.484684,54.231294,-166.084608,1470.0,155.87,1470.0,154.74
2017-06-03 08:20:01.983885,54.231321,-166.084556,1470.0,155.87,1470.0,154.93
2017-06-03 08:20:02.498686,54.231331,-166.084539,1470.0,156.44,1470.0,155.87
2017-06-03 08:20:02.997887,54.231358,-166.08449,1470.0,157.38,1470.0,155.5
2017-06-03 08:20:03.497087,54.231367,-166.084474,1470.0,157.19,1470.0,155.5
2017-06-03 08:20:03.996288,54.231396,-166.084425,1470.0,156.63,1470.0,155.87
2017-06-03 08:20:04.495489,54.231405,-166.084409,1470.0,157.19,1470.0,156.06
2017-06-03 08:20:04.994690,54.231434,-166.084361,1470.0,157.0,1470.0,156.06
2017-06-03 08:20:05.493891,54.231444,-166.084346,1470.0,157.75,1470.0,156.63
2017-06-03 08:20:05.993092,54.231473,-166.084298,1470.0,157.57,1470.0,157.0
2017-06-03 08:20:06.492292,54.231482,-166.084282,1470.0,158.13,1470.0,157.38
2017-06-03 08:20:06.991493,54.231509,-166.084233,1470.0,158.51,1470.0,157.75
2017-06-03 08:20:07.490694,54.231518,-166.084217,1470.0,159.26,1470.0,158.13
2017-06-03 08:20:07.989895,54.231544,-166.084168,1470.0,159.82,1470.0,158.51
2017-06-03 08:20:08.489096,54.231553,-166.084152,1470.0,159.64,1470.0,158.7
2017-06-03 08:20:08.988297,54.23158,-166.084103,1470.0,160.39,1470.0,158.88
2017-06-03 08:20:09.487497,54.231589,-166.084086,1470.0,160.76,1470.0,159.26
2017-06-03 08:20:09.986698,54.231618,-166.084036,1470.0,160.58,1470.0,159.64
2017-06-03 08:20:10.485901,54.231626,-166.084021,1470.0,161.33,1470.0,160.76
2017-06-03 08:20:10.985100,54.231652,-166.083973,1470.0,161.89,1470.0,160.39
2017-06-03 08:20:11.484303,54.231661,-166.083957,1470.0,161.71,1470.0,160.95
2017-06-03 08:20:11.999102,54.23169,-166.083907,1470.0,161.14,1470.0,161.14
2017-06-03 08:20:12.498302,54.231699,-166.083891,1470.0,161.89,1470.0,161.33
2017-06-03 08:20:12.997503,54.231726,-166.083843,1470.0,161.89,1470.0,161.33
2017-06-03 08:20:13.496704,54.231735,-166.083827,1470.0,162.83,1470.0,161.71
2017-06-03 08:20:13.995905,54.231763,-166.083778,1470.0,163.78,1470.0,162.08
2017-06-03 08:20:14.495106,54.231772,-166.083762,1470.0,163.4,1470.0,162.65
2017-06-03 08:20:14.994307,54.231799,-166.083713,1470.0,164.15,1470.0,163.02
2017-06-03 08:20:15.493507,54.231808,-166.083696,1470.0,164.53,1470.0,163.96
2017-06-03 08:20:15.992710,54.231836,-166.083645,1470.0,165.28,1470.0,164.15
2017-06-03 08:20:16.491909,54.231845,-166.083628,1470.0,165.28,1470.0,164.15
2017-06-03 08:20:16.991112,54.231871,-166.083578,1470.0,165.66,1470.0,164.72
2017-06-03 08:20:17.490311,54.23188,-166.083562,1470.0,166.03,1470.0,164.72
2017-06-03 08:20:17.989513,54.231908,-166.083511,1470.0,164.9,1470.0,164.72
2017-06-03 08:20:18.488712,54.231917,-166.083496,1470.0,165.66,1470.0,165.47
2017-06-03 08:20:18.987915,54.231945,-166.083448,1470.0,166.41,1470.0,165.47
2017-06-03 08:20:19.487114,54.231954,-166.083432,1470.0,166.41,1470.0,165.66
2017-06-03 08:20:19.986317,54.231983,-166.083383,1470.0,166.79,1470.0,166.03
2017-06-03 08:20:20.485516,54.231991,-166.083367,1470.0,166.97,1470.0,166.41
2017-06-03 08:20:20.984718,54.232018,-166.083319,1470.0,167.35,1470.0,166.79
2017-06-03 08:20:21.483919,54.232027,-166.083303,1470.0,167.16,1470.0,166.97
2017-06-03 08:20:21.998720,54.232056,-166.083253,1470.0,167.73,1470.0,167.35
2017-06-03 08:20:22.497921,54.232065,-166.083237,1470.0,168.1,1470.0,167.73
2017-06-03 08:20:22.997122,54.232091,-166.083186,1470.0,169.23,1470.0,168.1
2017-06-03 08:20:23.496323,54.232099,-166.08317,1470.0,169.61,1470.0,168.48
2017-06-03 08:20:23.995523,54.232124,-166.08312,1470.0,169.61,1470.0,169.04
2017-06-03 08:20:24.494724,54.232133,-166.083103,1470.0,170.36,1470.0,169.42
2017-06-03 08:20:24.993925,54.232161,-166.083053,1470.0,171.11,1470.0,169.61
2017-06-03 08:20:25.493126,54.23217,-166.083036,1470.0,171.11,1470.0,169.98
2017-06-03 08:20:25.992327,54.232196,-166.082985,1470.0,171.11,1470.0,169.98
2017-06-03 08:20:26.491528,54.232205,-166.082969,1470.0,170.74,1470.0,170.36
2017-06-03 08:20:26.990728,54.232233,-166.08292,1470.0,171.49,1470.0,170.55
2017-06-03 08:20:27.489929,54.232242,-166.082904,1470.0,171.49,1470.0,170.74
2017-06-03 08:20:27.989130,54.232269,-166.082855,1470.0,172.05,1470.0,171.3
2017-06-03 08:20:28.488331,54.232278,-166.082838,1470.0,172.24,1470.0,171.49
2017-06-03 08:20:28.987532,54.232306,-166.082788,1470.0,172.24,1470.0,171.68
2017-06-03 08:20:29.486732,54.232315,-166.082772,1470.0,172.62,1470.0,172.05
2017-06-03 08:20:29.985933,54.232343,-166.082723,1470.0,172.81,1470.0,172.43
2017-06-03 08:20:30.485134,54.232351,-166.082707,1470.0,173.18,1470.0,172.81
2017-06-03 08:20:30.984335,54.232378,-166.082658,1470.0,173.37,1470.0,173.0
2017-06-03 08:20:31.499138,54.232388,-166.08264,1470.0,173.56,1470.0,173.37
2017-06-03 08:20:31.998337,54.232414,-166.08259,1470.0,174.69,1470.0,173.56
2017-06-03 08:20:32.497540,54.232423,-166.082574,1470.0,175.44,1470.0,173.94
2017-06-03 08:20:32.996738,54.232451,-166.082525,1470.0,174.88,1470.0,174.12
2017-06-03 08:20:33.495939,54.23246,-166.082509,1470.0,175.25,1470.0,174.5
2017-06-03 08:20:33.995140,54.232489,-166.08246,1470.0,175.44,1470.0,174.69
2017-06-03 08:20:34.494341,54.232498,-166.082444,1470.0,175.82,1470.0,174.88
2017-06-03 08:20:34.993542,54.232526,-166.082395,1470.0,175.82,1470.0,175.25
2017-06-03 08:20:35.492743,54.232535,-166.082379,1470.0,176.38,1470.0,175.63
2017-06-03 08:20:35.991945,54.232564,-166.082331,1470.0,176.57,1470.0,176.01
2017-06-03 08:20:36.491144,54.232573,-166.082315,1470.0,177.13,1470.0,176.01
2017-06-03 08:20:36.990347,54.232601,-166.082266,1470.0,176.57,1470.0,176.38
2017-06-03 08:20:37.489546,54.23261,-166.08225,1470.0,176.76,1470.0,176.57
2017-06-03 08:20:37.988749,54.232639,-166.082201,1470.0,177.32,1470.0,176.76
2017-06-03 08:20:38.487947,54.232648,-166.082186,1470.0,177.51,1470.0,176.95
2017-06-03 08:20:38.987150,54.232675,-166.082138,1470.0,177.7,1470.0,177.32
2017-06-03 08:20:39.486349,54.232684,-166.082121,1470.0,177.89,1470.0,177.51
2017-06-03 08:20:39.985552,54.232713,-166.082071,1470.0,178.26,1470.0,178.08
2017-06-03 08:20:40.484751,54.232722,-166.082056,1470.0,178.08,1470.0,178.08
2017-06-03 08:20:40.983953,54.23275,-166.082008,1470.0,178.45,1470.0,178.08
2017-06-03 08:20:41.498755,54.23276,-166.08199,1470.0,178.83,1470.0,178.26
2017-06-03 08:20:41.997955,54.232789,-166.081941,1470.0,178.83,1470.0,178.64
2017-06-03 08:20:42.497156,54.232798,-166.081925,1470.0,179.96,1470.0,179.02
2017-06-03 08:20:42.996357,54.232826,-166.081876,1470.0,179.96,1470.0,179.39
2017-06-03 08:20:43.495558,54.232835,-166.08186,1470.0,12.87,1470.0,179.58
2017-06-03 08:20:43.994759,54.232864,-166.08181,1470.0,180.52,1470.0,179.77
2017-06-03 08:20:44.493959,54.232873,-166.081794,1470.0,180.71,1470.0,180.15
2017-06-03 08:20:44.993160,54.232901,-166.081745,1470.0,180.9,1470.0,180.33
2017-06-03 08:20:45.492361,54.23291,-166.081729,1470.0,181.09,1470.0,180.52
2017-06-03 08:20:45.991562,54.232939,-166.08168,1470.0,181.09,1470.0,180.9
2017-06-03 08:20:46.490763,54.232949,-166.081664,1470.0,181.09,1470.0,180.9
2017-06-03 08:20:46.989964,54.232978,-166.081615,1470.0,181.27,1470.0,180.9
2017-06-03 08:20:47.489164,54.232987,-166.081599,1470.0,181.27,1470.0,181.09
2017-06-03 08:20:47.988365,54.233016,-166.081551,1470.0,181.46,1470.0,181.46
2017-06-03 08:20:48.487566,54.233025,-166.081536,1470.0,181.65,1470.0,181.65
2017-06-03 08:20:48.986767,54.233052,-166.081488,1470.0,182.03,1470.0,181.84
2017-06-03 08:20:49.485968,54.233061,-166.081471,1470.0,182.22,1470.0,182.03
2017-06-03 08:20:49.985168,54.233089,-166.081421,1470.0,182.59,1470.0,182.22
2017-06-03 08:20:50.484369,54.233099,-166.081406,1470.0,182.59,1470.0,182.4
2017-06-03 08:20:50.999170,54.233128,-166.081356,1470.0,182.97,1470.0,182.78
2017-06-03 08:20:51.498371,54.233136,-166.08134,1470.0,4.78,1470.0,182.97
2017-06-03 08:20:51.997572,54.233163,-166.08129,1470.0,183.72,1470.0,183.34
2017-06-03 08:20:52.496775,54.233172,-166.081273,1470.0,184.1,1470.0,183.53
2017-06-03 08:20:52.995974,54.233199,-166.081221,1470.0,184.47,1470.0,183.72
2017-06-03 08:20:53.495176,54.233209,-166.081205,1470.0,184.28,1470.0,183.91
2017-06-03 08:20:53.994375,54.233238,-166.081156,1470.0,4.78,1470.0,184.1
2017-06-03 08:20:54.493578,54.233247,-166.08114,1470.0,184.66,1470.0,184.47
2017-06-03 08:20:54.992777,54.233274,-166.08109,1470.0,184.66,1470.0,184.66
2017-06-03 08:20:55.491978,54.233284,-166.081074,1470.0,184.85,1470.0,184.66
2017-06-03 08:20:55.991179,54.233313,-166.081025,1470.0,185.04,1470.0,184.85
2017-06-03 08:20:56.490379,54.233322,-166.081009,1470.0,185.23,1470.0,185.04
2017-06-03 08:20:56.989582,54.23335,-166.080963,1470.0,185.41,1470.0,185.23
2017-06-03 08:20:57.488781,54.233359,-166.080946,1470.0,185.6,1470.0,185.41
2017-06-03 08:20:57.987984,54.233388,-166.080896,1470.0,185.79,1470.0,185.6
2017-06-03 08:20:58.487183,54.233397,-166.08088,1470.0,186.17,1470.0,185.79
2017-06-03 08:20:58.986385,54.233425,-166.080831,1470.0,186.35,1470.0,185.98
2017-06-03 08:20:59.485584,54.233434,-166.080815,1470.0,186.17,1470.0,185.98
2017-06-03 08:20:59.984787,54.233463,-166.080765,1470.0,186.35,1470.0,186.17
2017-06-03 08:21:00.483986,54.233471,-166.080749,1470.0,186.73,1470.0,186.54
2017-06-03 08:21:00.998789,54.233498,-166.080698,1470.0,187.11,1470.0,186.92
2017-06-03 08:21:01.497990,54.233507,-166.080681,1470.0,187.48,1470.0,187.11
2017-06-03 08:21:01.997190,54.233535,-166.080628,1470.0,187.67,1470.0,187.48
2017-06-03 08:21:02.496391,54.233544,-166.080612,1470.0,188.05,1470.0,187.48
2017-06-03 08:21:02.995592,54.233571,-166.080563,1470.0,187.86,1470.0,187.67
2017-06-03 08:21:03.494793,54.23358,-166.080547,1470.0,188.05,1470.0,187.86
2017-06-03 08:21:03.993994,54.233609,-166.080498,1470.0,188.05,1470.0,188.05
2017-06-03 08:21:04.493195,54.233619,-166.080482,1470.0,188.42,1470.0,188.24
2017-06-03 08:21:04.992395,54.233648,-166.080433,1470.0,188.61,1470.0,188.42
2017-06-03 08:21:05.491596,54.233657,-166.080417,1470.0,188.8,1470.0,188.61
2017-06-03 08:21:05.990797,54.233684,-166.080366,1470.0,189.18,1470.0,188.8
2017-06-03 08:21:06.489998,54.233693,-166.08035,1470.0,189.18,1470.0,188.99
2017-06-03 08:21:06.989199,54.233721,-166.080301,1470.0,189.55,1470.0,189.37
2017-06-03 08:21:07.488400,54.23373,-166.080284,1470.0,189.55,1470.0,189.37
2017-06-03 08:21:07.987600,54.233759,-166.080233,1470.0,189.55,1470.0,189.55
2017-06-03 08:21:08.486801,54.233768,-166.080217,1470.0,189.93,1470.0,189.55
2017-06-03 08:21:08.986002,54.233795,-166.080168,1470.0,190.31,1470.0,190.12
2017-06-03 08:21:09.485203,54.233804,-166.080151,1470.0,190.87,1470.0,190.31
2017-06-03 08:21:09.984404,54.233833,-166.0801,1470.0,191.06,1470.0,190.68
2017-06-03 08:21:10.499205,54.233842,-166.080082,1470.0,191.06,1470.0,190.87
2017-06-03 08:21:10.998405,54.233869,-166.080031,1470.0,191.44,1470.0,191.25
2017-06-03 08:21:11.497606,54.233879,-166.080015,1470.0,191.62,1470.0,191.25
2017-06-03 08:21:11.996807,54.233908,-166.079965,1470.0,191.81,1470.0,191.44
2017-06-03 08:21:12.496010,54.233917,-166.079948,1470.0,192.0,1470.0,191.62
2017-06-03 08:21:12.995209,54.233944,-166.079898,1470.0,192.56,1470.0,191.81
2017-06-03 08:21:13.494411,54.233954,-166.079882,1470.0,192.56,1470.0,192.0
2017-06-03 08:21:13.993610,54.233983,-166.079833,1470.0,192.38,1470.0,192.19
2017-06-03 08:21:14.492813,54.233992,-166.079817,1470.0,192.75,1470.0,192.56
2017-06-03 08:21:14.992012,54.234021,-166.079766,1470.0,192.75,1470.0,192.75
2017-06-03 08:21:15.491215,54.23403,-166.07975,1470.0,192.94,1470.0,192.94
2017-06-03 08:21:15.990414,54.234058,-166.079701,1470.0,193.32,1470.0,193.13
2017-06-03 08:21:16.489614,54.234066,-166.079685,1470.0,193.5,1470.0,193.32
2017-06-03 08:21:16.988815,54.234093,-166.079636,1470.0,193.69,1470.0,193.5
2017-06-03 08:21:17.488016,54.234103,-166.079619,1470.0,194.07,1470.0,193.88
2017-06-03 08:21:17.987219,54.234131,-166.079568,1470.0,194.45,1470.0,194.07
2017-06-03 08:21:18.486418,54.234139,-166.079551,1470.0,194.63,1470.0,194.45
2017-06-03 08:21:18.985620,54.234165,-166.079501,1470.0,195.01,1470.0,194.82
2017-06-03 08:21:19.484819,54.234174,-166.079484,1470.0,195.39,1470.0,195.01
2017-06-03 08:21:19.984022,54.2342,-166.079431,1470.0,195.57,1470.0,195.39
2017-06-03 08:21:20.498821,54.23421,-166.079413,1470.0,195.57,1470.0,195.39
2017-06-03 08:21:20.998024,54.234238,-166.079363,1470.0,195.76,1470.0,195.76
2017-06-03 08:21:21.497223,54.234247,-166.079347,1470.0,195.95,1470.0,195.76
2017-06-03 08:21:21.996426,54.234276,-166.079296,1470.0,196.33,1470.0,195.95
2017-06-03 08:21:22.495626,54.234285,-166.07928,1470.0,196.89,1470.0,196.52
2017-06-03 08:21:22.994827,54.234313,-166.079231,1470.0,197.46,1470.0,197.08
2017-06-03 08:21:23.494028,54.234322,-166.079215,1470.0,197.83,1470.0,197.46
2017-06-03 08:21:23.993229,54.234349,-166.079165,1470.0,198.21,1470.0,197.83
2017-06-03 08:21:24.492430,54.234359,-166.079147,1470.0,198.4,1470.0,198.02
2017-06-03 08:21:24.991631,54.234388,-166.079095,1470.0,198.96,1470.0,198.21
2017-06-03 08:21:25.490831,54.234397,-166.079078,1470.0,198.77,1470.0,198.4
2017-06-03 08:21:25.990032,54.234424,-166.079028,1470.0,199.15,1470.0,198.59
2017-06-03 08:21:26.489233,54.234433,-166.079012,1470.0,199.15,1470.0,198.96
2017-06-03 08:21:26.988434,54.23446,-166.078963,1470.0,199.71,1470.0,199.34
2017-06-03 08:21:27.487635,54.234469,-166.078946,1470.0,200.09,1470.0,199.71
2017-06-03 08:21:27.986835,54.234498,-166.078896,1470.0,200.65,1470.0,199.9
2017-06-03 08:21:28.486036,54.234507,-166.07888,1470.0,200.28,1470.0,200.09
2017-06-03 08:21:28.985237,54.234535,-166.078831,1470.0,200.47,1470.0,200.28
2017-06-03 08:21:29.484438,54.234544,-166.078815,1470.0,200.65,1470.0,200.47
2017-06-03 08:21:29.999239,54.234574,-166.078766,1470.0,201.03,1470.0,200.84
2017-06-03 08:21:30.498440,54.234583,-166.07875,1470.0,201.41,1470.0,201.22
2017-06-03 08:21:30.997641,54.234609,-166.078701,1470.0,201.97,1470.0,201.6
2017-06-03 08:21:31.496841,54.234618,-166.078685,1470.0,202.16,1470.0,201.97
2017-06-03 08:21:31.996042,54.234646,-166.078635,1470.0,202.35,1470.0,202.16
2017-06-03 08:21:32.495245,54.234655,-166.078619,1470.0,202.91,1470.0,202.35
2017-06-03 08:21:32.994444,54.234683,-166.07857,1470.0,203.1,1470.0,202.91
2017-06-03 08:21:33.493647,54.234692,-166.078553,1470.0,203.48,1470.0,203.1
2017-06-03 08:21:33.992846,54.234719,-166.078503,1470.0,204.42,1470.0,203.48
2017-06-03 08:21:34.492048,54.234729,-166.078487,1470.0,204.42,1470.0,203.85
2017-06-03 08:21:34.991247,54.234758,-166.078438,1470.0,205.17,1470.0,204.42
2017-06-03 08:21:35.490450,54.234767,-166.078422,1470.0,205.55,1470.0,204.79
2017-06-03 08:21:35.989649,54.234794,-166.078371,1470.0,205.74,1470.0,205.17
2017-06-03 08:21:36.488852,54.234804,-166.078355,1470.0,206.3,1470.0,205.74
2017-06-03 08:21:36.988050,54.234832,-166.078306,1470.0,206.3,1470.0,206.11
2017-06-03 08:21:37.487251,54.234841,-166.078289,1470.0,206.68,1470.0,206.3
2017-06-03 08:21:37.986454,54.234871,-166.078238,1470.0,207.05,1470.0,206.49
2017-06-03 08:21:38.485653,54.234881,-166.078222,1470.0,207.24,1470.0,206.68
2017-06-03 08:21:38.984856,54.23491,-166.078174,1470.0,207.24,1470.0,207.05
2017-06-03 08:21:39.484055,54.234919,-166.078159,1470.0,207.62,1470.0,207.43
2017-06-03 08:21:39.998857,54.234949,-166.07811,1470.0,208.56,1470.0,207.8
2017-06-03 08:21:40.498056,54.234958,-166.078094,1470.0,208.93,1470.0,208.37
2017-06-03 08:21:40.997259,54.234986,-166.078045,1470.0,209.31,1470.0,186.92
2017-06-03 08:21:41.496458,54.234995,-166.078028,1470.0,209.69,1470.0,209.12
2017-06-03 08:21:41.995661,54.235021,-166.077976,1470.0,210.06,1470.0,209.31
2017-06-03 08:21:42.494860,54.23503,-166.07796,1470.0,209.87,1470.0,209.5
2017-06-03 08:21:42.994062,54.235058,-166.07791,1470.0,210.06,1470.0,209.69
2017-06-03 08:21:43.493263,54.235067,-166.077894,1470.0,210.63,1470.0,210.25
2017-06-03 08:21:43.992464,54.235094,-166.077845,1470.0,211.0,1470.0,210.44
2017-06-03 08:21:44.491665,54.235104,-166.077829,1470.0,211.38,1470.0,210.82
2017-06-03 08:21:44.990866,54.235133,-166.07778,1470.0,211.76,1470.0,211.38
2017-06-03 08:21:45.490067,54.235141,-166.077763,1470.0,212.32,1470.0,211.94
2017-06-03 08:21:45.989267,54.235168,-166.077713,1470.0,212.7,1470.0,212.32
2017-06-03 08:21:46.488468,54.235177,-166.077697,1470.0,213.64,1470.0,212.89
2017-06-03 08:21:46.987669,54.235205,-166.077648,1470.0,214.01,1470.0,213.26
2017-06-03 08:21:47.486870,54.235214,-166.077631,1470.0,214.58,1470.0,213.64
2017-06-03 08:21:47.986071,54.235243,-166.07758,1470.0,214.39,1470.0,214.01
2017-06-03 08:21:48.485271,54.235252,-166.077563,1470.0,215.14,1470.0,214.58
2017-06-03 08:21:48.984472,54.23528,-166.077513,1470.0,216.27,1470.0,214.96
2017-06-03 08:21:49.499273,54.23529,-166.077494,1470.0,217.4,1470.0,215.71
2017-06-03 08:21:49.998474,54.235318,-166.077443,1470.0,217.97,1470.0,216.84
2017-06-03 08:21:50.497675,54.235327,-166.077426,1470.0,218.53,1470.0,216.84
2017-06-03 08:21:50.996876,54.235354,-166.077375,1470.0,217.59,1470.0,217.21
2017-06-03 08:21:51.496077,54.235364,-166.077358,1470.0,217.4,1470.0,217.59
2017-06-03 08:21:51.995277,54.235393,-166.077308,1470.0,219.28,1470.0,217.4
2017-06-03 08:21:52.494478,54.235402,-166.077292,1470.0,218.91,1470.0,217.78
2017-06-03 08:21:52.993679,54.235431,-166.077243,1470.0,218.72,1470.0,218.34
2017-06-03 08:21:53.492882,54.23544,-166.077227,1470.0,219.28,1470.0,218.53
2017-06-03 08:21:53.992081,54.235468,-166.07718,1470.0,220.04,1470.0,218.91
2017-06-03 08:21:54.491283,54.235476,-166.077164,1470.0,220.04,1470.0,219.47
2017-06-03 08:21:54.990482,54.235503,-166.077118,1470.0,220.79,1470.0,219.85
2017-06-03 08:21:55.489685,54.235512,-166.077101,1470.0,221.35,1470.0,220.22
2017-06-03 08:21:55.988884,54.235539,-166.07705,1470.0,221.73,1470.0,220.98
2017-06-03 08:21:56.488087,54.235548,-166.077033,1470.0,221.54,1470.0,221.35
2017-06-03 08:21:56.987286,54.235574,-166.076983,1470.0,222.67,1470.0,222.11
2017-06-03 08:21:57.486488,54.235583,-166.076967,1470.0,223.42,1470.0,222.67
2017-06-03 08:21:57.985689,54.235609,-166.076916,1470.0,223.61,1470.0,222.48
2017-06-03 08:21:58.484888,54.235618,-166.0769,1470.0,224.74,1470.0,223.05
2017-06-03 08:21:58.984091,54.235645,-166.07685,1470.0,225.3,1470.0,223.61
2017-06-03 08:21:59.498890,54.235655,-166.076831,1470.0,224.36,1470.0,224.55
2017-06-03 08:21:59.998093,54.235683,-166.07678,1470.0,226.06,1470.0,224.93
2017-06-03 08:22:00.497292,54.235692,-166.076764,1470.0,225.87,1470.0,225.87
2017-06-03 08:22:00.996494,54.235721,-166.076715,1470.0,227.75,1470.0,226.24
2017-06-03 08:22:01.495693,54.23573,-166.076698,1470.0,228.5,1470.0,226.62
2017-06-03 08:22:01.994896,54.235759,-166.076648,1470.0,228.31,1470.0,227.0
2017-06-03 08:22:02.494095,54.235769,-166.076632,1470.0,227.75,1470.0,227.19
2017-06-03 08:22:02.993298,54.235798,-166.076581,1470.0,228.88,1470.0,227.75
2017-06-03 08:22:03.492498,54.235807,-166.076565,1470.0,228.31,1470.0,228.5
2017-06-03 08:22:03.991699,54.235836,-166.076516,1470.0,230.57,1470.0,229.07
2017-06-03 08:22:04.490900,54.235845,-166.076501,1470.0,230.38,1470.0,229.26
2017-06-03 08:22:04.990101,54.235873,-166.076453,1470.0,230.57,1470.0,229.44
2017-06-03 08:22:05.489302,54.235882,-166.076437,1470.0,231.51,1470.0,230.38
2017-06-03 08:22:05.988503,54.235911,-166.076388,1470.0,231.7,1470.0,230.38
2017-06-03 08:22:06.487703,54.235919,-166.076372,1470.0,232.08,1470.0,230.95
2017-06-03 08:22:06.986904,54.235945,-166.076323,1470.0,232.64,1470.0,231.32
2017-06-03 08:22:07.486105,54.235954,-166.076306,1470.0,233.02,1470.0,231.89
2017-06-03 08:22:07.985306,54.235981,-166.076256,1470.0,232.45,1470.0,232.64
2017-06-03 08:22:08.484507,54.235989,-166.076241,1470.0,233.96,1470.0,232.83
2017-06-03 08:22:08.999308,54.236016,-166.076191,1470.0,233.21,1470.0,233.39
2017-06-03 08:22:09.498508,54.236025,-166.076175,1470.0,234.9,1470.0,233.58
2017-06-03 08:22:09.997709,54.236053,-166.076126,1470.0,236.03,1470.0,234.52
2017-06-03 08:22:10.496910,54.236062,-166.07611,1470.0,236.41,1470.0,234.71
2017-06-03 08:22:10.996111,54.236089,-166.076061,1470.0,235.46,1470.0,235.46
2017-06-03 08:22:11.495312,54.236099,-166.076045,1470.0,237.72,1470.0,236.22
2017-06-03 08:22:11.994513,54.236128,-166.075995,1470.0,237.91,1470.0,236.59
2017-06-03 08:22:12.493713,54.236137,-166.075978,1470.0,237.35,1470.0,237.53
2017-06-03 08:22:12.992914,54.236164,-166.075928,1470.0,237.91,1470.0,237.72
2017-06-03 08:22:13.492115,54.236174,-166.075911,1470.0,239.42,1470.0,238.1
2017-06-03 08:22:13.991316,54.236203,-166.07586,1470.0,240.17,1470.0,238.66
2017-06-03 08:22:14.490519,54.236212,-166.075844,1470.0,240.92,1470.0,239.23
2017-06-03 08:22:14.989717,54.23624,-166.075794,1470.0,239.79,1470.0,239.42
2017-06-03 08:22:15.488920,54.236249,-166.075778,1470.0,240.92,1470.0,239.6
2017-06-03 08:22:15.988119,54.236278,-166.075726,1470.0,242.43,1470.0,239.79
2017-06-03 08:22:16.487322,54.236286,-166.075711,1470.0,242.24,1470.0,239.98
2017-06-03 08:22:16.986521,54.236313,-166.075663,1470.0,243.37,1470.0,240.36
2017-06-03 08:22:17.485723,54.236323,-166.075647,1470.0,243.37,1470.0,241.3
2017-06-03 08:22:17.984922,54.236351,-166.075598,1470.0,244.12,1470.0,241.67
2017-06-03 08:22:18.484125,54.23636,-166.075582,1470.0,244.31,1470.0,241.49
2017-06-03 08:22:18.998926,54.236388,-166.075533,1470.0,244.68,1470.0,242.24
2017-06-03 08:22:19.498125,54.236397,-166.075517,1470.0,246.0,1470.0,243.56
2017-06-03 08:22:19.997328,54.236424,-166.075468,1470.0,247.32,1470.0,243.74
2017-06-03 08:22:20.496527,54.236433,-166.075452,1470.0,247.32,1470.0,245.06
2017-06-03 08:22:20.995729,54.236459,-166.075403,1470.0,247.51,1470.0,245.63
2017-06-03 08:22:21.494928,54.236468,-166.075387,1470.0,248.82,1470.0,246.38
2017-06-03 08:22:21.994131,54.236496,-166.075336,1470.0,249.95,1470.0,246.75
2017-06-03 08:22:22.493330,54.236505,-166.07532,1470.0,250.71,1470.0,249.76
2017-06-03 08:22:22.992533,54.236533,-166.075271,1470.0,251.46,1470.0,248.64
2017-06-03 08:22:23.491734,54.236542,-166.075255,1470.0,252.02,1470.0,248.82
2017-06-03 08:22:23.990934,54.236569,-166.075206,1470.0,252.21,1470.0,249.58
2017-06-03 08:22:24.490135,54.236579,-166.075191,1470.0,253.15,1470.0,250.14
2017-06-03 08:22:24.989336,54.236607,-166.075143,1470.0,252.21,1470.0,249.95
2017-06-03 08:22:25.488537,54.236616,-166.075127,1470.0,252.59,1470.0,251.27
2017-06-03 08:22:25.987738,54.236646,-166.075078,1470.0,253.34,1470.0,251.46
2017-06-03 08:22:26.486938,54.236655,-166.075062,1470.0,255.79,1470.0,252.02
2017-06-03 08:22:26.986139,54.236682,-166.075014,1470.0,255.41,1470.0,253.34
2017-06-03 08:22:27.485340,54.236691,-166.074998,1470.0,256.73,1470.0,253.9
2017-06-03 08:22:27.984541,54.23672,-166.074948,1470.0,257.48,1470.0,255.6
2017-06-03 08:22:28.499342,54.23673,-166.07493,1470.0,258.61,1470.0,256.35
2017-06-03 08:22:28.998543,54.236756,-166.07488,1470.0,259.55,1470.0,257.29
2017-06-03 08:22:29.497744,54.236765,-166.074862,1470.0,260.87,1470.0,258.23
2017-06-03 08:22:29.996944,54.236793,-166.07481,1470.0,262.18,1470.0,258.8
2017-06-03 08:22:30.496145,54.236802,-166.074794,1470.0,262.18,1470.0,258.61
2017-06-03 08:22:30.995346,54.236829,-166.074746,1470.0,261.05,1470.0,259.17
2017-06-03 08:22:31.494547,54.236839,-166.074731,1470.0,260.87,1470.0,258.98
2017-06-03 08:22:31.993748,54.236868,-166.074683,1470.0,261.81,1470.0,260.49
2017-06-03 08:22:32.492949,54.236877,-166.074668,1470.0,263.31,1470.0,260.49
2017-06-03 08:22:32.992149,54.236906,-166.074621,1470.0,262.18,1470.0,261.24
2017-06-03 08:22:33.491350,54.236915,-166.074606,1470.0,263.31,1470.0,261.43
2017-06-03 08:22:33.990551,54.236943,-166.07456,1470.0,263.5,1470.0,262.0
2017-06-03 08:22:34.489754,54.236952,-166.074544,1470.0,264.25,1470.0,262.37
2017-06-03 08:22:34.988953,54.23698,-166.074498,1470.0,264.82,1470.0,263.5
2017-06-03 08:22:35.488155,54.236989,-166.074481,1470.0,266.51,1470.0,265.01
2017-06-03 08:22:35.987354,54.237018,-166.074431,1470.0,266.32,1470.0,264.44
2017-06-03 08:22:36.486557,54.237026,-166.074415,1470.0,267.83,1470.0,265.19
2017-06-03 08:22:36.985756,54.237052,-166.074365,1470.0,269.71,1470.0,267.45
2017-06-03 08:22:37.484959,54.237061,-166.074348,1470.0,270.46,1470.0,269.15
2017-06-03 08:22:37.984158,54.237088,-166.074296,1470.0,271.59,1470.0,269.9
2017-06-03 08:22:38.498959,54.237098,-166.074278,1470.0,272.53,1470.0,269.71
2017-06-03 08:22:38.998159,54.237126,-166.074228,1470.0,273.28,1470.0,270.65
2017-06-03 08:22:39.497360,54.237135,-166.074212,1470.0,272.72,1470.0,270.65
2017-06-03 08:22:39.996563,54.237164,-166.074161,1470.0,274.23,1470.0,271.03
2017-06-03 08:22:40.495762,54.237174,-166.074146,1470.0,274.6,1470.0,271.78
2017-06-03 08:22:40.994965,54.237203,-166.074098,1470.0,275.17,1470.0,274.41
2017-06-03 08:22:41.494164,54.237212,-166.074082,1470.0,277.24,1470.0,274.41
2017-06-03 08:22:41.993366,54.237243,-166.074035,1470.0,276.11,1470.0,275.73
2017-06-03 08:22:42.492565,54.237252,-166.074018,1470.0,277.24,1470.0,274.41
2017-06-03 08:22:42.991768,54.237279,-166.073968,1470.0,277.61,1470.0,277.61
2017-06-03 08:22:43.490967,54.237288,-166.073952,1470.0,279.12,1470.0,276.67
2017-06-03 08:22:43.990170,54.237314,-166.073901,1470.0,281.75,1470.0,277.42
2017-06-03 08:22:44.489370,54.237323,-166.073885,1470.0,282.69,1470.0,279.12
2017-06-03 08:22:44.988571,54.237349,-166.073835,1470.0,283.45,1470.0,279.31
2017-06-03 08:22:45.487772,54.237358,-166.073817,1470.0,283.07,1470.0,278.74
2017-06-03 08:22:45.986973,54.237386,-166.073765,1470.0,284.39,1470.0,281.0
2017-06-03 08:22:46.486174,54.237395,-166.073749,1470.0,284.95,1470.0,282.32
2017-06-03 08:22:46.985374,54.237422,-166.073699,1470.0,283.82,1470.0,282.69
2017-06-03 08:22:47.484575,54.23743,-166.073683,1470.0,285.14,1470.0,284.2
2017-06-03 08:22:47.983776,54.237457,-166.073633,1470.0,287.58,1470.0,285.52
2017-06-03 08:22:48.498577,54.237467,-166.073615,1470.0,289.28,1470.0,286.64
2017-06-03 08:22:48.997778,54.237494,-166.073565,1470.0,292.1,1470.0,287.4
2017-06-03 08:22:49.496979,54.237503,-166.073548,1470.0,293.42,1470.0,287.77
2017-06-03 08:22:49.996180,54.237531,-166.073498,1470.0,293.98,1470.0,288.71
2017-06-03 08:22:50.495380,54.23754,-166.073482,1470.0,295.86,1470.0,288.53
2017-06-03 08:22:50.994581,54.237568,-166.073431,1470.0,297.56,1470.0,292.29
2017-06-03 08:22:51.493782,54.237577,-166.073415,1470.0,298.87,1470.0,227.37
2017-06-03 08:22:51.992983,54.237604,-166.073365,1470.0,3.46,1470.0,297.37
2017-06-03 08:22:52.492184,54.237613,-166.073348,1470.0,298.5,1470.0,295.86
2017-06-03 08:22:52.991385,54.237639,-166.073296,1470.0,299.06,1470.0,297.37
2017-06-03 08:22:53.490585,54.237648,-166.07328,1470.0,3.46,1470.0,297.75
2017-06-03 08:22:53.989786,54.237676,-166.07323,1470.0,3.46,1470.0,297.93
2017-06-03 08:22:54.488989,54.237684,-166.073213,1470.0,3.46,1470.0,297.75
2017-06-03 08:22:54.988188,54.23771,-166.073163,1470.0,3.46,1470.0,297.93
2017-06-03 08:22:55.487391,54.237719,-166.073145,1470.0,3.46,1470.0,299.44
2017-06-03 08:22:55.986589,54.237744,-166.07309,1470.0,3.46,1470.0,3.46
2017-06-03 08:22:56.485792,54.237753,-166.073074,1470.0,3.46,1470.0,3.46
2017-06-03 08:22:56.984991,54.23778,-166.073024,1470.0,3.46,1470.0,3.46
2017-06-03 08:22:57.484194,54.237789,-166.073008,1470.0,3.46,1470.0,3.46
2017-06-03 08:22:57.998993,54.237818,-166.072956,1470.0,3.46,1470.0,3.46
2017-06-03 08:22:58.498194,54.237827,-166.07294,1470.0,3.46,1470.0,3.46
2017-06-03 08:22:58.997395,54.237854,-166.072891,1470.0,3.46,1470.0,3.46
2017-06-03 08:22:59.496595,54.237864,-166.072875,1470.0,3.46,1470.0,3.46
2017-06-03 08:22:59.995798,54.237893,-166.072826,1470.0,3.46,1470.0,3.46
2017-06-03 08:23:00.494997,54.237902,-166.072811,1470.0,3.46,1470.0,3.46
2017-06-03 08:23:00.994200,54.237929,-166.072763,1470.0,3.46,1470.0,3.46
2017-06-03 08:23:01.493399,54.237939,-166.072747,1470.0,3.46,1470.0,3.46
2017-06-03 08:23:01.992601,54.237968,-166.072696,1470.0,3.46,1470.0,3.46
2017-06-03 08:23:02.491800,54.237976,-166.07268,1470.0,3.46,1470.0,3.46
2017-06-03 08:23:02.991003,54.238003,-166.07263,1470.0,3.46,1470.0,3.46
2017-06-03 08:23:03.490202,54.238011,-166.072613,1470.0,3.46,1470.0,3.46
2017-06-03 08:23:03.989405,54.238038,-166.072561,1470.0,18.52,1470.0,3.46
2017-06-03 08:23:04.488604,54.238046,-166.072545,1470.0,3.46,1470.0,3.46
2017-06-03 08:23:04.987806,54.238073,-166.072495,1470.0,3.46,1470.0,160.58
2017-06-03 08:23:05.487007,54.238083,-166.072478,1470.0,3.46,1470.0,3.46
2017-06-03 08:23:05.986208,54.238113,-166.072428,1470.0,3.46,1470.0,3.46
2017-06-03 08:23:06.485409,54.238121,-166.072413,1470.0,3.46,1470.0,3.46
2017-06-03 08:23:06.984610,54.238148,-166.072366,1470.0,3.46,1470.0,3.46
2017-06-03 08:23:07.483810,54.238158,-166.07235,1470.0,3.46,1470.0,3.46
2017-06-03 08:23:07.998611,54.238188,-166.0723,1470.0,3.46,1470.0,3.46
2017-06-03 08:23:08.497812,54.238197,-166.072284,1470.0,3.46,1470.0,3.46
2017-06-03 08:23:08.997013,54.238226,-166.072236,1470.0,3.46,1470.0,3.46
2017-06-03 08:23:09.496214,54.238235,-166.07222,1470.0,3.46,1470.0,3.46
2017-06-03 08:23:09.995415,54.238263,-166.072171,1470.0,3.46,1470.0,193.88
2017-06-03 08:23:10.494616,54.238272,-166.072155,1470.0,3.46,1470.0,3.46
2017-06-03 08:23:10.993816,54.238301,-166.072106,1470.0,3.46,1470.0,3.46
2017-06-03 08:23:11.493017,54.23831,-166.07209,1470.0,3.46,1470.0,3.46
2017-06-03 08:23:11.992218,54.238338,-166.07204,1470.0,3.46,1470.0,3.46
2017-06-03 08:23:12.491419,54.238347,-166.072024,1470.0,3.46,1470.0,3.46
2017-06-03 08:23:12.990620,54.238374,-166.071975,1470.0,3.46,1470.0,3.46
2017-06-03 08:23:13.489820,54.238384,-166.071959,1470.0,3.46,1470.0,3.46
2017-06-03 08:23:13.989021,54.238413,-166.071911,1470.0,3.46,1470.0,3.46
2017-06-03 08:23:14.488224,54.238422,-166.071896,1470.0,3.46,1470.0,3.46
2017-06-03 08:23:14.987423,54.23845,-166.071849,1470.0,3.46,1470.0,3.46
2017-06-03 08:23:15.486626,54.23846,-166.071834,1470.0,3.46,1470.0,3.46
2017-06-03 08:23:15.985825,54.238489,-166.071786,1470.0,3.46,1470.0,3.46
2017-06-03 08:23:16.485027,54.238499,-166.071771,1470.0,3.46,1470.0,3.46
2017-06-03 08:23:16.984226,54.238527,-166.071724,1470.0,3.46,1470.0,3.46
2017-06-03 08:23:17.499027,54.238537,-166.071707,1470.0,3.46,1470.0,3.46
2017-06-03 08:23:17.998228,54.238564,-166.071656,1470.0,3.46,1470.0,3.46
2017-06-03 08:23:18.497429,54.238573,-166.07164,1470.0,3.46,1470.0,3.46
2017-06-03 08:23:18.996630,54.238599,-166.07159,1470.0,3.46,1470.0,3.46
2017-06-03 08:23:19.495831,54.238608,-166.071573,1470.0,3.46,1470.0,3.46
2017-06-03 08:23:19.995033,54.238634,-166.071521,1470.0,3.46,1470.0,280.62
2017-06-03 08:23:20.494232,54.238644,-166.071505,1470.0,3.46,1470.0,3.46
2017-06-03 08:23:20.993435,54.238673,-166.071455,1470.0,3.46,1470.0,3.46
2017-06-03 08:23:21.492634,54.238682,-166.071439,1470.0,3.46,1470.0,3.46
2017-06-03 08:23:21.991837,54.238711,-166.07139,1470.0,3.46,1470.0,3.46
2017-06-03 08:23:22.491035,54.23872,-166.071374,1470.0,3.46,1470.0,3.46
2017-06-03 08:23:22.990238,54.238748,-166.071328,1470.0,3.46,1470.0,297.93
2017-06-03 08:23:23.489437,54.238758,-166.071312,1470.0,3.46,1470.0,298.31
2017-06-03 08:23:23.988640,54.238788,-166.071263,1470.0,3.46,1470.0,297.37
2017-06-03 08:23:24.487839,54.238796,-166.071247,1470.0,3.46,1470.0,295.86
2017-06-03 08:23:24.987041,54.238822,-166.071198,1470.0,3.46,1470.0,295.3
2017-06-03 08:23:25.486242,54.238831,-166.071181,1470.0,3.46,1470.0,295.68
2017-06-03 08:23:25.985443,54.238858,-166.071131,1470.0,3.46,1470.0,295.3
2017-06-03 08:23:26.484644,54.238867,-166.071115,1470.0,3.46,1470.0,295.68
2017-06-03 08:23:26.983845,54.238895,-166.071065,1470.0,3.46,1470.0,279.12
2017-06-03 08:23:27.498646,54.238904,-166.071047,1470.0,296.62,1470.0,291.72
2017-06-03 08:23:27.997847,54.238929,-166.070998,1470.0,294.73,1470.0,290.97
2017-06-03 08:23:28.497047,54.238938,-166.070982,1470.0,294.92,1470.0,288.9
2017-06-03 08:23:28.996248,54.238966,-166.070931,1470.0,294.36,1470.0,288.71
2017-06-03 08:23:29.495449,54.238975,-166.070915,1470.0,292.29,1470.0,289.84
2017-06-03 08:23:29.994650,54.239003,-166.070866,1470.0,289.65,1470.0,274.98
2017-06-03 08:23:30.493851,54.239012,-166.07085,1470.0,288.71,1470.0,274.23
2017-06-03 08:23:30.993052,54.239041,-166.070801,1470.0,287.77,1470.0,277.24
2017-06-03 08:23:31.492252,54.23905,-166.070785,1470.0,287.21,1470.0,275.92
2017-06-03 08:23:31.991453,54.239078,-166.070736,1470.0,277.61,1470.0,275.54
2017-06-03 08:23:32.490654,54.239086,-166.07072,1470.0,282.88,1470.0,275.54
2017-06-03 08:23:32.989855,54.239113,-166.070671,1470.0,282.69,1470.0,275.17
2017-06-03 08:23:33.489056,54.239123,-166.070654,1470.0,276.48,1470.0,274.79
2017-06-03 08:23:33.988256,54.239151,-166.070601,1470.0,285.7,1470.0,267.83
2017-06-03 08:23:34.487457,54.23916,-166.070585,1470.0,276.48,1470.0,272.91
2017-06-03 08:23:34.986658,54.239187,-166.070536,1470.0,275.35,1470.0,272.34
2017-06-03 08:23:35.485859,54.239196,-166.070519,1470.0,276.67,1470.0,270.65
2017-06-03 08:23:35.985060,54.239224,-166.070466,1470.0,275.17,1470.0,266.7
2017-06-03 08:23:36.484262,54.239233,-166.070451,1470.0,272.53,1470.0,268.96
2017-06-03 08:23:36.999062,54.239261,-166.070401,1470.0,272.16,1470.0,264.63
2017-06-03 08:23:37.498264,54.23927,-166.070385,1470.0,271.03,1470.0,267.08
2017-06-03 08:23:37.997463,54.239298,-166.070336,1470.0,269.33,1470.0,266.7
2017-06-03 08:23:38.496666,54.239307,-166.07032,1470.0,268.96,1470.0,262.18
2017-06-03 08:23:38.995865,54.239336,-166.070271,1470.0,268.77,1470.0,264.44
2017-06-03 08:23:39.495066,54.239345,-166.070256,1470.0,265.95,1470.0,260.87
2017-06-03 08:23:39.994268,54.239373,-166.070208,1470.0,266.51,1470.0,263.12
2017-06-03 08:23:40.493467,54.239382,-166.070192,1470.0,266.7,1470.0,259.17
2017-06-03 08:23:40.992670,54.239409,-166.070143,1470.0,267.26,1470.0,262.94
2017-06-03 08:23:41.491869,54.239418,-166.070127,1470.0,266.13,1470.0,263.5
2017-06-03 08:23:41.991072,54.239443,-166.070078,1470.0,268.02,1470.0,263.31
2017-06-03 08:23:42.490271,54.239451,-166.070061,1470.0,267.64,1470.0,257.67
2017-06-03 08:23:42.989473,54.239477,-166.070011,1470.0,266.89,1470.0,250.14
2017-06-03 08:23:43.488672,54.239486,-166.069994,1470.0,265.57,1470.0,260.49
2017-06-03 08:23:43.987875,54.239514,-166.069943,1470.0,265.01,1470.0,255.97
2017-06-03 08:23:44.487074,54.239523,-166.069927,1470.0,264.44,1470.0,259.55
2017-06-03 08:23:44.986277,54.23955,-166.069878,1470.0,262.18,1470.0,259.17
2017-06-03 08:23:45.485477,54.239559,-166.069862,1470.0,260.11,1470.0,256.73
2017-06-03 08:23:45.984678,54.239587,-166.069813,1470.0,259.93,1470.0,255.6
2017-06-03 08:23:46.483879,54.239596,-166.069797,1470.0,258.23,1470.0,255.6
2017-06-03 08:23:46.998680,54.239626,-166.069746,1470.0,256.91,1470.0,253.15
2017-06-03 08:23:47.497881,54.239635,-166.06973,1470.0,256.73,1470.0,253.72
2017-06-03 08:23:47.997082,54.239664,-166.069681,1470.0,255.22,1470.0,252.78
2017-06-03 08:23:48.496283,54.239674,-166.069665,1470.0,255.03,1470.0,251.65
2017-06-03 08:23:48.995483,54.239703,-166.069616,1470.0,254.66,1470.0,251.83
2017-06-03 08:23:49.494684,54.239711,-166.0696,1470.0,254.47,1470.0,250.52
2017-06-03 08:23:49.993885,54.239736,-166.06955,1470.0,255.41,1470.0,250.14
2017-06-03 08:23:50.493086,54.239745,-166.069533,1470.0,255.79,1470.0,253.53
2017-06-03 08:23:50.992287,54.239771,-166.069481,1470.0,256.91,1470.0,249.39
2017-06-03 08:23:51.491488,54.23978,-166.069464,1470.0,255.22,1470.0,249.01
2017-06-03 08:23:51.990688,54.239806,-166.069411,1470.0,255.22,1470.0,250.33
2017-06-03 08:23:52.489889,54.239814,-166.069395,1470.0,255.97,1470.0,250.52
2017-06-03 08:23:52.989090,54.239839,-166.069345,1470.0,252.78,1470.0,247.32
2017-06-03 08:23:53.488291,54.239848,-166.069328,1470.0,252.02,1470.0,248.64
2017-06-03 08:23:53.987492,54.239876,-166.069278,1470.0,3.46,1470.0,247.51
2017-06-03 08:23:54.486692,54.239885,-166.069262,1470.0,249.95,1470.0,246.57
2017-06-03 08:23:54.985893,54.239912,-166.069214,1470.0,249.39,1470.0,246.38
2017-06-03 08:23:55.485094,54.23992,-166.069198,1470.0,249.2,1470.0,246.19
2017-06-03 08:23:55.984295,54.239947,-166.069148,1470.0,249.39,1470.0,247.32
2017-06-03 08:23:56.499098,54.239957,-166.069129,1470.0,249.2,1470.0,245.44
2017-06-03 08:23:56.998297,54.239984,-166.069078,1470.0,250.52,1470.0,245.81
2017-06-03 08:23:57.497499,54.239993,-166.069061,1470.0,249.95,1470.0,246.57
2017-06-03 08:23:57.996698,54.240021,-166.06901,1470.0,250.71,1470.0,245.63
2017-06-03 08:23:58.495901,54.240029,-166.068993,1470.0,249.2,1470.0,245.25
2017-06-03 08:23:58.995100,54.240054,-166.068941,1470.0,249.01,1470.0,247.32
2017-06-03 08:23:59.494303,54.240063,-166.068924,1470.0,249.2,1470.0,245.81
2017-06-03 08:23:59.993502,54.240089,-166.068871,1470.0,249.58,1470.0,244.68
2017-06-03 08:24:00.492702,54.240098,-166.068854,1470.0,13.06,1470.0,245.25
2017-06-03 08:24:00.991903,54.240126,-166.068803,1470.0,247.51,1470.0,245.25
2017-06-03 08:24:01.491104,54.240135,-166.068787,1470.0,246.75,1470.0,243.74
2017-06-03 08:24:01.990307,54.240163,-166.068736,1470.0,246.57,1470.0,244.5
2017-06-03 08:24:02.489506,54.240171,-166.06872,1470.0,246.0,1470.0,243.74
2017-06-03 08:24:02.988708,54.240198,-166.068671,1470.0,246.0,1470.0,244.12
2017-06-03 08:24:03.487907,54.240207,-166.068654,1470.0,246.38,1470.0,244.12
2017-06-03 08:24:03.987110,54.240234,-166.068603,1470.0,246.57,1470.0,243.74
2017-06-03 08:24:04.486309,54.240243,-166.068587,1470.0,246.75,1470.0,244.12
2017-06-03 08:24:04.985512,54.24027,-166.068538,1470.0,246.38,1470.0,244.31
2017-06-03 08:24:05.484711,54.240279,-166.068522,1470.0,247.13,1470.0,243.56
2017-06-03 08:24:05.983913,54.240305,-166.068473,1470.0,248.07,1470.0,243.93
2017-06-03 08:24:06.498714,54.240315,-166.068455,1470.0,247.88,1470.0,244.87
2017-06-03 08:24:06.997915,54.240341,-166.068405,1470.0,249.39,1470.0,245.25
2017-06-03 08:24:07.497116,54.24035,-166.068388,1470.0,250.52,1470.0,243.74
2017-06-03 08:24:07.996317,54.240376,-166.068338,1470.0,251.08,1470.0,244.31
2017-06-03 08:24:08.495518,54.240385,-166.068321,1470.0,251.08,1470.0,246.38
2017-06-03 08:24:08.994719,54.240414,-166.06827,1470.0,250.52,1470.0,246.75
2017-06-03 08:24:09.493919,54.240423,-166.068254,1470.0,249.2,1470.0,244.87
2017-06-03 08:24:09.993120,54.240451,-166.068205,1470.0,248.07,1470.0,244.87
2017-06-03 08:24:10.492321,54.24046,-166.068189,1470.0,248.07,1470.0,245.44
2017-06-03 08:24:10.991522,54.240488,-166.06814,1470.0,248.45,1470.0,244.5
2017-06-03 08:24:11.490723,54.240497,-166.068123,1470.0,248.07,1470.0,245.25
2017-06-03 08:24:11.989923,54.240526,-166.068073,1470.0,247.32,1470.0,244.31
2017-06-03 08:24:12.489124,54.240535,-166.068057,1470.0,246.94,1470.0,244.31
2017-06-03 08:24:12.988325,54.240563,-166.068009,1470.0,246.94,1470.0,244.12
2017-06-03 08:24:13.487526,54.240573,-166.067993,1470.0,247.51,1470.0,244.31
2017-06-03 08:24:13.986727,54.240603,-166.067943,1470.0,246.57,1470.0,244.5
2017-06-03 08:24:14.485928,54.240611,-166.067928,1470.0,247.32,1470.0,244.5
2017-06-03 08:24:14.985128,54.240638,-166.067881,1470.0,247.13,1470.0,245.44
2017-06-03 08:24:15.484329,54.240647,-166.067865,1470.0,249.2,1470.0,246.0
2017-06-03 08:24:15.999130,54.240674,-166.067813,1470.0,249.2,1470.0,246.0
2017-06-03 08:24:16.498333,54.240684,-166.067797,1470.0,250.33,1470.0,246.57
2017-06-03 08:24:16.997532,54.240713,-166.067746,1470.0,250.33,1470.0,246.38
2017-06-03 08:24:17.496735,54.240721,-166.06773,1470.0,250.71,1470.0,248.07
2017-06-03 08:24:17.995934,54.240748,-166.06768,1470.0,250.71,1470.0,247.32
2017-06-03 08:24:18.495136,54.240757,-166.067663,1470.0,250.71,1470.0,247.32
2017-06-03 08:24:18.994335,54.240784,-166.067613,1470.0,249.58,1470.0,247.51
2017-06-03 08:24:19.493538,54.240794,-166.067597,1470.0,249.58,1470.0,247.32
2017-06-03 08:24:19.992737,54.240823,-166.06755,1470.0,248.82,1470.0,247.32
2017-06-03 08:24:20.491940,54.240832,-166.067534,1470.0,249.01,1470.0,246.75
2017-06-03 08:24:20.991138,54.24086,-166.067486,1470.0,14.94,1470.0,247.32
2017-06-03 08:24:21.490339,54.24087,-166.06747,1470.0,247.88,1470.0,247.13
2017-06-03 08:24:21.989542,54.240899,-166.067421,1470.0,248.07,1470.0,247.13
2017-06-03 08:24:22.488741,54.240909,-166.067406,1470.0,248.26,1470.0,247.51
2017-06-03 08:24:22.987944,54.240937,-166.067358,1470.0,248.82,1470.0,247.88
2017-06-03 08:24:23.487143,54.240946,-166.067341,1470.0,249.58,1470.0,248.07
2017-06-03 08:24:23.986345,54.240973,-166.06729,1470.0,249.95,1470.0,248.64
2017-06-03 08:24:24.485544,54.240981,-166.067273,1470.0,249.95,1470.0,249.2
2017-06-03 08:24:24.984747,54.241008,-166.067223,1470.0,251.46,1470.0,249.01
2017-06-03 08:24:25.483946,54.241017,-166.067206,1470.0,251.08,1470.0,249.58
2017-06-03 08:24:25.998749,54.241044,-166.067153,1470.0,251.65,1470.0,250.14
2017-06-03 08:24:26.497948,54.241053,-166.067137,1470.0,251.83,1470.0,250.14
2017-06-03 08:24:26.997150,54.241081,-166.067086,1470.0,252.02,1470.0,249.95
2017-06-03 08:24:27.496351,54.24109,-166.06707,1470.0,252.4,1470.0,250.14
2017-06-03 08:24:27.995552,54.241119,-166.06702,1470.0,252.02,1470.0,250.52
2017-06-03 08:24:28.494753,54.241128,-166.067004,1470.0,252.4,1470.0,251.08
2017-06-03 08:24:28.993954,54.241156,-166.066956,1470.0,251.46,1470.0,250.89
2017-06-03 08:24:29.493155,54.241165,-166.066941,1470.0,251.46,1470.0,251.08
2017-06-03 08:24:29.992355,54.241194,-166.066893,1470.0,251.65,1470.0,251.08
2017-06-03 08:24:30.491556,54.241204,-166.066877,1470.0,251.65,1470.0,251.27
2017-06-03 08:24:30.990757,54.241233,-166.066828,1470.0,251.83,1470.0,251.46
2017-06-03 08:24:31.489958,54.241242,-166.066812,1470.0,252.02,1470.0,251.83
2017-06-03 08:24:31.989159,54.241271,-166.066763,1470.0,252.02,1470.0,251.83
2017-06-03 08:24:32.488359,54.24128,-166.066747,1470.0,252.21,1470.0,252.02
2017-06-03 08:24:32.987560,54.241307,-166.066699,1470.0,252.4,1470.0,252.21
2017-06-03 08:24:33.486761,54.241316,-166.066683,1470.0,252.96,1470.0,252.59
2017-06-03 08:24:33.985962,54.241343,-166.066634,1470.0,253.15,1470.0,252.78
2017-06-03 08:24:34.485163,54.241352,-166.066618,1470.0,253.72,1470.0,253.34
2017-06-03 08:24:34.984364,54.241378,-166.066566,1470.0,22.28,1470.0,253.9
2017-06-03 08:24:35.499165,54.241388,-166.066548,1470.0,254.47,1470.0,254.28
2017-06-03 08:24:35.998365,54.241416,-166.066496,1470.0,254.84,1470.0,254.47
2017-06-03 08:24:36.497568,54.241425,-166.066479,1470.0,255.6,1470.0,254.66
2017-06-03 08:24:36.996767,54.241451,-166.066428,1470.0,255.03,1470.0,254.84
2017-06-03 08:24:37.495970,54.24146,-166.066412,1470.0,255.22,1470.0,254.84
2017-06-03 08:24:37.995169,54.241489,-166.066361,1470.0,255.22,1470.0,255.03
2017-06-03 08:24:38.494371,54.241499,-166.066346,1470.0,255.41,1470.0,255.22
2017-06-03 08:24:38.993570,54.241529,-166.066298,1470.0,255.6,1470.0,255.41
2017-06-03 08:24:39.492773,54.241539,-166.066283,1470.0,256.16,1470.0,255.79
2017-06-03 08:24:39.991972,54.241569,-166.066236,1470.0,256.35,1470.0,256.16
2017-06-03 08:24:40.491175,54.241578,-166.06622,1470.0,256.73,1470.0,256.54
2017-06-03 08:24:40.990374,54.241605,-166.066171,1470.0,257.1,1470.0,256.91
2017-06-03 08:24:41.489576,54.241614,-166.066154,1470.0,257.48,1470.0,257.29
2017-06-03 08:24:41.988777,54.241643,-166.066101,1470.0,257.86,1470.0,257.67
2017-06-03 08:24:42.487976,54.241651,-166.066085,1470.0,258.04,1470.0,258.04
2017-06-03 08:24:42.987179,54.241677,-166.066035,1470.0,258.42,1470.0,258.23
2017-06-03 08:24:43.486378,54.241685,-166.066018,1470.0,258.61,1470.0,258.42
2017-06-03 08:24:43.985580,54.241712,-166.065966,1470.0,258.8,1470.0,258.8
2017-06-03 08:24:44.484779,54.241721,-166.06595,1470.0,258.98,1470.0,258.8
2017-06-03 08:24:44.983982,54.24175,-166.065901,1470.0,259.36,1470.0,259.17
2017-06-03 08:24:45.498781,54.24176,-166.065884,1470.0,259.93,1470.0,259.55
2017-06-03 08:24:45.997984,54.241789,-166.065835,1470.0,260.87,1470.0,260.11
2017-06-03 08:24:46.497183,54.241798,-166.065819,1470.0,261.05,1470.0,260.49
2017-06-03 08:24:46.996386,54.241826,-166.06577,1470.0,262.37,1470.0,260.87
2017-06-03 08:24:47.495586,54.241835,-166.065753,1470.0,262.0,1470.0,261.24
2017-06-03 08:24:47.994787,54.241863,-166.065703,1470.0,264.25,1470.0,261.81
2017-06-03 08:24:48.493988,54.241872,-166.065687,1470.0,262.56,1470.0,262.18
2017-06-03 08:24:48.993189,54.241901,-166.065638,1470.0,262.75,1470.0,262.18
2017-06-03 08:24:49.492390,54.24191,-166.065622,1470.0,262.94,1470.0,262.37
2017-06-03 08:24:49.991590,54.241938,-166.065571,1470.0,264.44,1470.0,262.94
2017-06-03 08:24:50.490791,54.241946,-166.065555,1470.0,263.88,1470.0,263.69
2017-06-03 08:24:50.989992,54.241973,-166.065505,1470.0,265.76,1470.0,264.06
2017-06-03 08:24:51.489193,54.241983,-166.065488,1470.0,265.38,1470.0,264.25
2017-06-03 08:24:51.988394,54.242011,-166.065436,1470.0,266.51,1470.0,265.01
2017-06-03 08:24:52.487595,54.24202,-166.06542,1470.0,268.2,1470.0,265.76
2017-06-03 08:24:52.986795,54.242047,-166.065371,1470.0,268.39,1470.0,266.51
2017-06-03 08:24:53.485996,54.242056,-166.065355,1470.0,270.84,1470.0,267.64
2017-06-03 08:24:53.985197,54.242083,-166.065305,1470.0,271.4,1470.0,268.58
2017-06-03 08:24:54.484398,54.242092,-166.065288,1470.0,270.27,1470.0,268.02
2017-06-03 08:24:54.999199,54.242121,-166.065238,1470.0,272.53,1470.0,268.58
2017-06-03 08:24:55.498400,54.24213,-166.065222,1470.0,274.6,1470.0,270.84
2017-06-03 08:24:55.997601,54.242159,-166.065173,1470.0,273.1,1470.0,271.78
2017-06-03 08:24:56.496801,54.242168,-166.065157,1470.0,274.23,1470.0,272.16
2017-06-03 08:24:56.996002,54.242196,-166.065108,1470.0,275.54,1470.0,272.91
2017-06-03 08:24:57.495205,54.242205,-166.065092,1470.0,274.23,1470.0,273.47
2017-06-03 08:24:57.994404,54.242233,-166.065041,1470.0,275.35,1470.0,272.72
2017-06-03 08:24:58.493607,54.242242,-166.065025,1470.0,275.17,1470.0,272.91
2017-06-03 08:24:58.992805,54.242269,-166.064975,1470.0,275.92,1470.0,273.1
2017-06-03 08:24:59.492008,54.242278,-166.064958,1470.0,277.61,1470.0,231.89
2017-06-03 08:24:59.991207,54.242306,-166.064908,1470.0,281.94,1470.0,278.55
2017-06-03 08:25:00.490410,54.242315,-166.064892,1470.0,280.43,1470.0,280.81
2017-06-03 08:25:00.989609,54.242342,-166.064844,1470.0,281.38,1470.0,280.81
2017-06-03 08:25:01.488811,54.242351,-166.064828,1470.0,284.57,1470.0,282.69
2017-06-03 08:25:01.988012,54.242379,-166.064778,1470.0,287.21,1470.0,283.82
2017-06-03 08:25:02.487213,54.242389,-166.064762,1470.0,287.96,1470.0,283.63
2017-06-03 08:25:02.986414,54.242417,-166.064714,1470.0,288.15,1470.0,285.33
2017-06-03 08:25:03.485613,54.242427,-166.064698,1470.0,289.84,1470.0,289.84
2017-06-03 08:25:03.984816,54.242458,-166.06465,1470.0,292.67,1470.0,289.09
2017-06-03 08:25:04.484015,54.242466,-166.064634,1470.0,292.48,1470.0,289.47
2017-06-03 08:25:04.998817,54.242494,-166.064585,1470.0,290.6,1470.0,288.34
2017-06-03 08:25:05.498016,54.242503,-166.064568,1470.0,293.04,1470.0,289.84
2017-06-03 08:25:05.997219,54.242529,-166.064516,1470.0,290.41,1470.0,287.77
2017-06-03 08:25:06.496418,54.242538,-166.064499,1470.0,291.54,1470.0,287.96
2017-06-03 08:25:06.995621,54.242566,-166.064448,1470.0,290.41,1470.0,289.28
2017-06-03 08:25:07.494822,54.242575,-166.064432,1470.0,292.67,1470.0,289.84
2017-06-03 08:25:07.994022,54.242601,-166.064381,1470.0,292.48,1470.0,290.41
2017-06-03 08:25:08.493223,54.24261,-166.064366,1470.0,296.8,1470.0,292.48
2017-06-03 08:25:08.992424,54.242638,-166.064318,1470.0,296.99,1470.0,295.68
2017-06-03 08:25:09.491625,54.242647,-166.064302,1470.0,298.31,1470.0,296.43
2017-06-03 08:25:09.990826,54.242676,-166.064255,1470.0,297.75,1470.0,296.24
2017-06-03 08:25:10.490026,54.242685,-166.064239,1470.0,3.46,1470.0,297.18
2017-06-03 08:25:10.989227,54.242713,-166.064191,1470.0,3.46,1470.0,296.62
2017-06-03 08:25:11.488428,54.242723,-166.064175,1470.0,3.46,1470.0,299.25
2017-06-03 08:25:11.987629,54.242751,-166.064126,1470.0,3.46,1470.0,296.05
2017-06-03 08:25:12.486830,54.24276,-166.064111,1470.0,3.46,1470.0,299.44
2017-06-03 08:25:12.986031,54.242787,-166.064063,1470.0,3.46,1470.0,3.46
2017-06-03 08:25:13.485231,54.242795,-166.064046,1470.0,3.46,1470.0,3.46
2017-06-03 08:25:13.984432,54.242822,-166.063996,1470.0,3.46,1470.0,3.46
2017-06-03 08:25:14.499233,54.242832,-166.063978,1470.0,3.46,1470.0,3.46
2017-06-03 08:25:14.998434,54.242859,-166.063926,1470.0,3.46,1470.0,3.46
2017-06-03 08:25:15.497635,54.242868,-166.06391,1470.0,3.46,1470.0,3.46
2017-06-03 08:25:15.996836,54.242896,-166.06386,1470.0,3.46,1470.0,3.46
2017-06-03 08:25:16.496037,54.242905,-166.063844,1470.0,3.46,1470.0,3.46
2017-06-03 08:25:16.995237,54.242934,-166.063795,1470.0,3.46,1470.0,3.46
2017-06-03 08:25:17.494438,54.242943,-166.063779,1470.0,3.46,1470.0,3.46
2017-06-03 08:25:17.993639,54.242971,-166.063731,1470.0,3.46,1470.0,3.46
2017-06-03 08:25:18.492842,54.24298,-166.063716,1470.0,3.46,1470.0,3.46
2017-06-03 08:25:18.992041,54.243009,-166.063668,1470.0,3.46,1470.0,3.46
2017-06-03 08:25:19.491243,54.243018,-166.063652,1470.0,3.46,1470.0,3.46
2017-06-03 08:25:19.990442,54.243044,-166.063603,1470.0,3.46,1470.0,3.46
2017-06-03 08:25:20.489645,54.243053,-166.063587,1470.0,3.46,1470.0,3.46
2017-06-03 08:25:20.988844,54.24308,-166.063538,1470.0,3.46,1470.0,3.46
2017-06-03 08:25:21.488047,54.243089,-166.063521,1470.0,3.46,1470.0,3.46
2017-06-03 08:25:21.987246,54.243116,-166.063471,1470.0,3.46,1470.0,3.46
2017-06-03 08:25:22.486448,54.243125,-166.063455,1470.0,3.46,1470.0,3.46
2017-06-03 08:25:22.985649,54.243153,-166.063406,1470.0,3.46,1470.0,3.46
2017-06-03 08:25:23.484850,54.243162,-166.06339,1470.0,3.46,1470.0,3.46
2017-06-03 08:25:23.984051,54.24319,-166.063341,1470.0,3.46,1470.0,3.46
2017-06-03 08:25:24.498850,54.2432,-166.063324,1470.0,3.46,1470.0,3.46
2017-06-03 08:25:24.998053,54.243228,-166.063275,1470.0,3.46,1470.0,3.46
2017-06-03 08:25:25.497252,54.243237,-166.063258,1470.0,3.46,1470.0,3.46
2017-06-03 08:25:25.996454,54.243266,-166.063208,1470.0,3.46,1470.0,3.46
2017-06-03 08:25:26.495653,54.243275,-166.063192,1470.0,3.46,1470.0,3.46
2017-06-03 08:25:26.994856,54.243303,-166.063141,1470.0,3.46,1470.0,3.46
2017-06-03 08:25:27.494057,54.243312,-166.063125,1470.0,3.46,1470.0,3.46
2017-06-03 08:25:27.993258,54.243339,-166.063075,1470.0,3.46,1470.0,3.46
2017-06-03 08:25:28.492458,54.243348,-166.063059,1470.0,3.46,1470.0,3.46
2017-06-03 08:25:28.991659,54.243375,-166.063011,1470.0,3.46,1470.0,3.46
2017-06-03 08:25:29.490860,54.243384,-166.062994,1470.0,3.46,1470.0,3.46
2017-06-03 08:25:29.990061,54.243413,-166.062943,1470.0,3.46,1470.0,3.46
2017-06-03 08:25:30.489262,54.243421,-166.062927,1470.0,3.46,1470.0,3.46
2017-06-03 08:25:30.988462,54.243448,-166.062879,1470.0,3.46,1470.0,3.46
2017-06-03 08:25:31.487663,54.243457,-166.062863,1470.0,3.46,1470.0,3.46
2017-06-03 08:25:31.986864,54.243485,-166.062813,1470.0,3.46,1470.0,3.46
2017-06-03 08:25:32.486065,54.243494,-166.062797,1470.0,3.46,1470.0,287.4
2017-06-03 08:25:32.985266,54.243522,-166.062748,1470.0,3.46,1470.0,3.46
2017-06-03 08:25:33.484467,54.243531,-166.062731,1470.0,3.46,1470.0,3.46
2017-06-03 08:25:33.999268,54.243559,-166.06268,1470.0,3.46,1470.0,3.46
2017-06-03 08:25:34.498468,54.243568,-166.062663,1470.0,3.46,1470.0,3.46
2017-06-03 08:25:34.997669,54.243596,-166.062613,1470.0,3.46,1470.0,3.46
2017-06-03 08:25:35.496870,54.243605,-166.062597,1470.0,3.46,1470.0,3.46
2017-06-03 08:25:35.996071,54.243634,-166.062546,1470.0,3.46,1470.0,3.46
2017-06-03 08:25:36.495272,54.243643,-166.06253,1470.0,3.46,1470.0,3.46
2017-06-03 08:25:36.994473,54.243671,-166.06248,1470.0,3.46,1470.0,3.46
2017-06-03 08:25:37.493673,54.24368,-166.062464,1470.0,3.46,1470.0,3.46
2017-06-03 08:25:37.992874,54.243709,-166.062415,1470.0,3.46,1470.0,3.46
2017-06-03 08:25:38.492077,54.243718,-166.062399,1470.0,3.46,1470.0,3.46
2017-06-03 08:25:38.991276,54.243745,-166.062351,1470.0,3.46,1470.0,226.62
2017-06-03 08:25:39.490479,54.243754,-166.062335,1470.0,3.46,1470.0,3.46
2017-06-03 08:25:39.989677,54.243781,-166.062285,1470.0,3.46,1470.0,3.46
2017-06-03 08:25:40.488880,54.24379,-166.062269,1470.0,3.46,1470.0,3.46
2017-06-03 08:25:40.988079,54.243817,-166.062219,1470.0,3.46,1470.0,3.46
2017-06-03 08:25:41.487282,54.243826,-166.062203,1470.0,3.46,1470.0,3.46
2017-06-03 08:25:41.986481,54.243853,-166.062153,1470.0,3.46,1470.0,3.46
2017-06-03 08:25:42.485683,54.243862,-166.062137,1470.0,3.46,1470.0,3.46
2017-06-03 08:25:42.984882,54.24389,-166.062088,1470.0,3.46,1470.0,275.92
2017-06-03 08:25:43.484085,54.243899,-166.062072,1470.0,3.46,1470.0,3.46
2017-06-03 08:25:43.998886,54.243926,-166.062021,1470.0,3.46,1470.0,3.46
2017-06-03 08:25:44.498085,54.243935,-166.062005,1470.0,3.46,1470.0,3.46
2017-06-03 08:25:44.997288,54.243964,-166.061955,1470.0,3.46,1470.0,3.46
2017-06-03 08:25:45.496487,54.243974,-166.061939,1470.0,3.46,1470.0,3.46
2017-06-03 08:25:45.995689,54.244003,-166.061891,1470.0,3.46,1470.0,3.46
2017-06-03 08:25:46.494888,54.244012,-166.061876,1470.0,3.46,1470.0,3.46
2017-06-03 08:25:46.994091,54.244039,-166.061828,1470.0,3.46,1470.0,3.46
2017-06-03 08:25:47.493290,54.244048,-166.061812,1470.0,3.46,1470.0,3.46
2017-06-03 08:25:47.992493,54.244076,-166.061763,1470.0,3.46,1470.0,3.46
2017-06-03 08:25:48.491693,54.244085,-166.061747,1470.0,3.46,1470.0,3.46
2017-06-03 08:25:48.990894,54.244113,-166.061698,1470.0,3.46,1470.0,3.46
2017-06-03 08:25:49.490095,54.244123,-166.061681,1470.0,3.46,1470.0,3.46
2017-06-03 08:25:49.989296,54.244151,-166.06163,1470.0,3.46,1470.0,3.46
2017-06-03 08:25:50.488497,54.24416,-166.061614,1470.0,3.46,1470.0,3.46
2017-06-03 08:25:50.987698,54.244187,-166.061566,1470.0,3.46,1470.0,3.46
2017-06-03 08:25:51.486898,54.244196,-166.06155,1470.0,3.46,1470.0,3.46
2017-06-03 08:25:51.986099,54.244227,-166.061503,1470.0,3.46,1470.0,3.46
2017-06-03 08:25:52.485300,54.244236,-166.061487,1470.0,3.46,1470.0,3.46
2017-06-03 08:25:52.984501,54.244265,-166.061441,1470.0,3.46,1470.0,3.46
2017-06-03 08:25:53.499302,54.244275,-166.061424,1470.0,3.46,1470.0,3.46
2017-06-03 08:25:53.998503,54.244303,-166.061376,1470.0,3.46,1470.0,3.46
2017-06-03 08:25:54.497704,54.244312,-166.06136,1470.0,3.46,1470.0,3.46
2017-06-03 08:25:54.996904,54.244339,-166.061311,1470.0,3.46,1470.0,3.46
2017-06-03 08:25:55.496105,54.244348,-166.061295,1470.0,3.46,1470.0,3.46
2017-06-03 08:25:55.995306,54.244376,-166.061246,1470.0,3.46,1470.0,3.46
2017-06-03 08:25:56.494507,54.244385,-166.06123,1470.0,3.46,1470.0,3.46
2017-06-03 08:25:56.993708,54.244414,-166.061181,1470.0,3.46,1470.0,3.46
2017-06-03 08:25:57.492908,54.244423,-166.061165,1470.0,3.46,1470.0,3.46
2017-06-03 08:25:57.992109,54.244451,-166.061115,1470.0,3.46,1470.0,3.46
2017-06-03 08:25:58.491312,54.24446,-166.061099,1470.0,3.46,1470.0,3.46
2017-06-03 08:25:58.990511,54.244489,-166.06105,1470.0,3.46,1470.0,3.46
2017-06-03 08:25:59.489714,54.244498,-166.061034,1470.0,3.46,1470.0,3.46
2017-06-03 08:25:59.988913,54.244526,-166.060985,1470.0,3.46,1470.0,3.46
2017-06-03 08:26:00.488115,54.244535,-166.060969,1470.0,3.46,1470.0,3.46
2017-06-03 08:26:00.987314,54.244562,-166.060921,1470.0,3.46,1470.0,3.46
2017-06-03 08:26:01.486517,54.244571,-166.060905,1470.0,3.46,1470.0,3.46
2017-06-03 08:26:01.985716,54.2446,-166.060855,1470.0,3.46,1470.0,3.46
2017-06-03 08:26:02.484919,54.244609,-166.060838,1470.0,3.46,1470.0,3.46
2017-06-03 08:26:02.984118,54.244638,-166.060789,1470.0,3.46,1470.0,3.46
2017-06-03 08:26:03.498919,54.244648,-166.060772,1470.0,3.46,1470.0,3.46
2017-06-03 08:26:03.998121,54.244676,-166.060725,1470.0,3.46,1470.0,3.46
2017-06-03 08:26:04.497320,54.244685,-166.060709,1470.0,3.46,1470.0,3.46
2017-06-03 08:26:04.996523,54.244713,-166.06066,1470.0,3.46,1470.0,3.46
2017-06-03 08:26:05.495722,54.244721,-166.060643,1470.0,3.46,1470.0,3.46
2017-06-03 08:26:05.994925,54.244748,-166.060593,1470.0,3.46,1470.0,3.46
2017-06-03 08:26:06.494123,54.244757,-166.060577,1470.0,3.46,1470.0,3.46
2017-06-03 08:26:06.993326,54.244784,-166.060526,1470.0,3.46,1470.0,3.46
2017-06-03 08:26:07.492525,54.244793,-166.06051,1470.0,3.46,1470.0,3.46
2017-06-03 08:26:07.991728,54.244821,-166.060461,1470.0,3.46,1470.0,3.46
2017-06-03 08:26:08.490927,54.24483,-166.060446,1470.0,3.46,1470.0,3.46
2017-06-03 08:26:08.990129,54.244857,-166.060399,1470.0,3.46,1470.0,3.46
2017-06-03 08:26:09.489330,54.244866,-166.060383,1470.0,3.46,1470.0,3.46
2017-06-03 08:26:09.988531,54.244896,-166.060335,1470.0,3.46,1470.0,3.46
2017-06-03 08:26:10.487732,54.244905,-166.060319,1470.0,3.46,1470.0,3.46
2017-06-03 08:26:10.986933,54.244932,-166.060271,1470.0,3.46,1470.0,3.46
2017-06-03 08:26:11.486134,54.244941,-166.060255,1470.0,3.46,1470.0,3.46
2017-06-03 08:26:11.985334,54.244968,-166.060206,1470.0,3.46,1470.0,3.46
2017-06-03 08:26:12.484535,54.244977,-166.06019,1470.0,3.46,1470.0,3.46
2017-06-03 08:26:12.999336,54.245006,-166.060141,1470.0,3.46,1470.0,3.46
2017-06-03 08:26:13.498537,54.245015,-166.060125,1470.0,3.46,1470.0,3.46
2017-06-03 08:26:13.997738,54.245044,-166.060075,1470.0,3.46,1470.0,3.46
2017-06-03 08:26:14.496939,54.245054,-166.060059,1470.0,3.46,1470.0,3.46
2017-06-03 08:26:14.996140,54.245083,-166.060011,1470.0,3.46,1470.0,3.46
2017-06-03 08:26:15.495340,54.245092,-166.059996,1470.0,3.46,1470.0,3.46
2017-06-03 08:26:15.994541,54.245119,-166.059948,1470.0,3.46,1470.0,3.46
2017-06-03 08:26:16.493742,54.245129,-166.059933,1470.0,3.46,1470.0,3.46
2017-06-03 08:26:16.992943,54.245159,-166.059886,1470.0,3.46,1470.0,3.46
2017-06-03 08:26:17.492144,54.245169,-166.059871,1470.0,3.46,1470.0,3.46
2017-06-03 08:26:17.991344,54.245198,-166.059823,1470.0,3.46,1470.0,3.46
2017-06-03 08:26:18.490545,54.245206,-166.059808,1470.0,3.46,1470.0,3.46
2017-06-03 08:26:18.989746,54.245233,-166.059761,1470.0,3.46,1470.0,14.75
2017-06-03 08:26:19.488949,54.245242,-166.059745,1470.0,3.46,1470.0,3.46
2017-06-03 08:26:19.988148,54.245269,-166.059695,1470.0,3.46,1470.0,3.46
2017-06-03 08:26:20.487350,54.245278,-166.059679,1470.0,3.46,1470.0,3.46
2017-06-03 08:26:20.986549,54.245305,-166.059631,1470.0,3.46,1470.0,3.46
2017-06-03 08:26:21.485752,54.245314,-166.059615,1470.0,3.46,1470.0,3.46
2017-06-03 08:26:21.984951,54.245343,-166.059565,1470.0,12.49,1470.0,3.46
2017-06-03 08:26:22.484154,54.245352,-166.059549,1470.0,10.61,1470.0,3.46
2017-06-03 08:26:22.998953,54.245379,-166.0595,1470.0,3.46,1470.0,3.46
2017-06-03 08:26:23.498154,54.245389,-166.059484,1470.0,3.46,1470.0,3.46
2017-06-03 08:26:23.997356,54.245418,-166.059435,1470.0,3.46,1470.0,3.46
2017-06-03 08:26:24.496555,54.245427,-166.059419,1470.0,3.46,1470.0,3.46
2017-06-03 08:26:24.995758,54.245456,-166.05937,1470.0,3.46,1470.0,3.46
2017-06-03 08:26:25.494957,54.245465,-166.059354,1470.0,3.46,1470.0,3.46
2017-06-03 08:26:25.994160,54.245494,-166.059306,1470.0,3.46,1470.0,3.46
2017-06-03 08:26:26.493359,54.245503,-166.05929,1470.0,3.46,1470.0,3.46
2017-06-03 08:26:26.992561,54.245529,-166.059241,1470.0,3.46,1470.0,3.46
2017-06-03 08:26:27.491760,54.245537,-166.059224,1470.0,3.46,1470.0,3.46
2017-06-03 08:26:27.990963,54.245564,-166.059171,1470.0,3.46,1470.0,227.37
2017-06-03 08:26:28.490162,54.245573,-166.059155,1470.0,3.46,1470.0,3.46
2017-06-03 08:26:28.989365,54.245599,-166.059106,1470.0,3.46,1470.0,3.46
2017-06-03 08:26:29.488565,54.245607,-166.05909,1470.0,3.46,1470.0,3.46
2017-06-03 08:26:29.987766,54.245635,-166.059041,1470.0,3.46,1470.0,3.46
2017-06-03 08:26:30.486967,54.245644,-166.059025,1470.0,3.46,1470.0,3.46
2017-06-03 08:26:30.986168,54.245673,-166.058978,1470.0,3.46,1470.0,3.46
2017-06-03 08:26:31.485369,54.245683,-166.058962,1470.0,3.46,1470.0,3.46
2017-06-03 08:26:31.984570,54.245713,-166.058915,1470.0,3.46,1470.0,3.46
2017-06-03 08:26:32.499371,54.245722,-166.058897,1470.0,3.46,1470.0,3.46
2017-06-03 08:26:32.998571,54.245749,-166.05885,1470.0,3.46,1470.0,3.46
2017-06-03 08:26:33.497772,54.245758,-166.058834,1470.0,3.46,1470.0,3.46
2017-06-03 08:26:33.996973,54.245786,-166.058785,1470.0,3.46,1470.0,3.46
2017-06-03 08:26:34.496174,54.245795,-166.058768,1470.0,3.46,1470.0,3.46
2017-06-03 08:26:34.995375,54.245823,-166.058718,1470.0,3.46,1470.0,3.46
2017-06-03 08:26:35.494576,54.245831,-166.058702,1470.0,3.46,1470.0,3.46
2017-06-03 08:26:35.993776,54.245858,-166.058651,1470.0,3.46,1470.0,3.46
2017-06-03 08:26:36.492977,54.245866,-166.058635,1470.0,3.46,1470.0,3.46
2017-06-03 08:26:36.992178,54.245892,-166.058586,1470.0,3.46,1470.0,3.46
2017-06-03 08:26:37.491379,54.245901,-166.058569,1470.0,3.46,1470.0,3.46
2017-06-03 08:26:37.990580,54.245929,-166.058518,1470.0,3.46,1470.0,3.46
2017-06-03 08:26:38.489780,54.245939,-166.058503,1470.0,3.46,1470.0,3.46
2017-06-03 08:26:38.988981,54.245967,-166.058456,1470.0,3.46,1470.0,3.46
2017-06-03 08:26:39.488182,54.245976,-166.05844,1470.0,3.46,1470.0,3.46
2017-06-03 08:26:39.987383,54.246003,-166.058393,1470.0,3.46,1470.0,3.46
2017-06-03 08:26:40.486586,54.246013,-166.058377,1470.0,3.46,1470.0,3.46
2017-06-03 08:26:40.985785,54.246042,-166.058329,1470.0,3.46,1470.0,3.46
2017-06-03 08:26:41.484987,54.246051,-166.058313,1470.0,3.46,1470.0,3.46
2017-06-03 08:26:41.984186,54.246078,-166.058264,1470.0,3.46,1470.0,3.46
2017-06-03 08:26:42.498989,54.246088,-166.058247,1470.0,3.46,1470.0,3.46
2017-06-03 08:26:42.998188,54.246116,-166.058196,1470.0,3.46,1470.0,3.46
2017-06-03 08:26:43.497391,54.246125,-166.05818,1470.0,3.46,1470.0,3.46
2017-06-03 08:26:43.996590,54.246151,-166.05813,1470.0,3.46,1470.0,3.46
2017-06-03 08:26:44.495790,54.24616,-166.058113,1470.0,3.46,1470.0,3.46
2017-06-03 08:26:44.994993,54.246189,-166.058063,1470.0,3.46,1470.0,3.46
2017-06-03 08:26:45.494192,54.246198,-166.058047,1470.0,3.46,1470.0,3.46
2017-06-03 08:26:45.993395,54.246226,-166.057998,1470.0,3.46,1470.0,3.46
2017-06-03 08:26:46.492594,54.246235,-166.057983,1470.0,3.46,1470.0,3.46
2017-06-03 08:26:46.991796,54.246262,-166.057936,1470.0,3.46,1470.0,3.46
2017-06-03 08:26:47.490995,54.246271,-166.05792,1470.0,3.46,1470.0,3.46
2017-06-03 08:26:47.990198,54.246299,-166.057871,1470.0,3.46,1470.0,3.46
2017-06-03 08:26:48.489397,54.246309,-166.057856,1470.0,3.46,1470.0,276.86
2017-06-03 08:26:48.988600,54.246337,-166.057808,1470.0,3.46,1470.0,277.05
2017-06-03 08:26:49.487801,54.246346,-166.057792,1470.0,3.46,1470.0,274.98
2017-06-03 08:26:49.987001,54.246375,-166.057744,1470.0,3.46,1470.0,275.92
2017-06-03 08:26:50.486202,54.246384,-166.057728,1470.0,3.46,1470.0,274.23
2017-06-03 08:26:50.985403,54.246412,-166.057678,1470.0,3.46,1470.0,277.42
2017-06-03 08:26:51.484604,54.246421,-166.057661,1470.0,3.46,1470.0,277.42
2017-06-03 08:26:51.983805,54.246448,-166.057611,1470.0,3.46,1470.0,281.75
2017-06-03 08:26:52.498606,54.246458,-166.057593,1470.0,3.46,1470.0,287.4
2017-06-03 08:26:52.997807,54.246484,-166.057541,1470.0,3.46,1470.0,3.46
2017-06-03 08:26:53.497007,54.246493,-166.057525,1470.0,3.46,1470.0,206.3
2017-06-03 08:26:53.996208,54.246521,-166.057476,1470.0,3.46,1470.0,280.43
2017-06-03 08:26:54.495409,54.246531,-166.05746,1470.0,3.46,1470.0,281.0
2017-06-03 08:26:54.994610,54.246561,-166.057411,1470.0,3.46,1470.0,276.86
2017-06-03 08:26:55.493811,54.24657,-166.057396,1470.0,3.46,1470.0,273.85
2017-06-03 08:26:55.993011,54.246599,-166.057348,1470.0,3.46,1470.0,272.34
2017-06-03 08:26:56.492212,54.246608,-166.057333,1470.0,287.58,1470.0,273.28
2017-06-03 08:26:56.991413,54.246635,-166.057288,1470.0,284.57,1470.0,269.52
2017-06-03 08:26:57.490614,54.246645,-166.057271,1470.0,280.43,1470.0,271.4
2017-06-03 08:26:57.989815,54.246674,-166.057221,1470.0,282.32,1470.0,272.53
2017-06-03 08:26:58.489016,54.246684,-166.057206,1470.0,282.32,1470.0,271.59
2017-06-03 08:26:58.988216,54.246712,-166.057159,1470.0,281.38,1470.0,272.53
2017-06-03 08:26:59.487417,54.246721,-166.057143,1470.0,286.46,1470.0,274.41
2017-06-03 08:26:59.986618,54.246748,-166.057094,1470.0,3.46,1470.0,274.23
2017-06-03 08:27:00.485821,54.246757,-166.057078,1470.0,3.46,1470.0,276.86
2017-06-03 08:27:00.985020,54.246783,-166.057026,1470.0,3.46,1470.0,275.92
2017-06-03 08:27:01.484222,54.246792,-166.05701,1470.0,3.46,1470.0,280.25
2017-06-03 08:27:01.999022,54.246819,-166.056958,1470.0,3.46,1470.0,279.68
2017-06-03 08:27:02.498224,54.246828,-166.056941,1470.0,3.46,1470.0,277.05
2017-06-03 08:27:02.997423,54.246856,-166.05689,1470.0,3.46,1470.0,277.42
2017-06-03 08:27:03.496626,54.246865,-166.056874,1470.0,3.46,1470.0,273.85
2017-06-03 08:27:03.995825,54.246894,-166.056825,1470.0,284.95,1470.0,273.1
2017-06-03 08:27:04.495028,54.246904,-166.056809,1470.0,281.0,1470.0,272.34
2017-06-03 08:27:04.994226,54.246934,-166.056761,1470.0,279.12,1470.0,272.34
2017-06-03 08:27:05.493427,54.246944,-166.056746,1470.0,277.42,1470.0,272.34
2017-06-03 08:27:05.992630,54.246974,-166.056698,1470.0,278.36,1470.0,271.97
2017-06-03 08:27:06.491829,54.246984,-166.056683,1470.0,278.93,1470.0,272.72
2017-06-03 08:27:06.991032,54.247012,-166.056636,1470.0,277.61,1470.0,272.72
2017-06-03 08:27:07.490231,54.247021,-166.05662,1470.0,277.24,1470.0,270.46
2017-06-03 08:27:07.989433,54.247049,-166.05657,1470.0,279.12,1470.0,273.47
2017-06-03 08:27:08.488632,54.247058,-166.056553,1470.0,281.0,1470.0,275.35
2017-06-03 08:27:08.987835,54.247085,-166.056503,1470.0,284.01,1470.0,277.05
2017-06-03 08:27:09.487034,54.247094,-166.056486,1470.0,285.89,1470.0,272.34
2017-06-03 08:27:09.986237,54.247122,-166.056436,1470.0,284.39,1470.0,274.41
2017-06-03 08:27:10.485437,54.24713,-166.05642,1470.0,283.26,1470.0,273.85
2017-06-03 08:27:10.984638,54.247157,-166.05637,1470.0,282.32,1470.0,273.66
2017-06-03 08:27:11.483839,54.247166,-166.056354,1470.0,279.49,1470.0,269.71
2017-06-03 08:27:11.998640,54.247196,-166.056305,1470.0,278.93,1470.0,268.77
2017-06-03 08:27:12.497841,54.247205,-166.056289,1470.0,276.3,1470.0,267.08
2017-06-03 08:27:12.997042,54.247234,-166.056243,1470.0,272.91,1470.0,267.08
2017-06-03 08:27:13.496243,54.247244,-166.056228,1470.0,274.98,1470.0,266.32
2017-06-03 08:27:13.995443,54.247273,-166.056181,1470.0,273.47,1470.0,267.45
2017-06-03 08:27:14.494644,54.247281,-166.056166,1470.0,274.79,1470.0,268.96
2017-06-03 08:27:14.993845,54.247308,-166.056119,1470.0,276.11,1470.0,268.39
2017-06-03 08:27:15.493046,54.247318,-166.056103,1470.0,278.18,1470.0,269.71
2017-06-03 08:27:15.992247,54.247346,-166.056053,1470.0,280.43,1470.0,270.65
2017-06-03 08:27:16.491447,54.247355,-166.056036,1470.0,281.38,1470.0,274.98
2017-06-03 08:27:16.990648,54.247382,-166.055986,1470.0,284.76,1470.0,275.73
2017-06-03 08:27:17.489849,54.247391,-166.05597,1470.0,287.4,1470.0,276.48
2017-06-03 08:27:17.989050,54.247421,-166.05592,1470.0,286.64,1470.0,277.05
2017-06-03 08:27:18.488251,54.24743,-166.055904,1470.0,286.27,1470.0,278.18
2017-06-03 08:27:18.987452,54.247457,-166.055854,1470.0,286.46,1470.0,277.42
2017-06-03 08:27:19.486652,54.247466,-166.055838,1470.0,284.39,1470.0,277.24
2017-06-03 08:27:19.985853,54.247495,-166.055788,1470.0,282.13,1470.0,276.48
2017-06-03 08:27:20.485056,54.247504,-166.055772,1470.0,280.43,1470.0,275.35
2017-06-03 08:27:20.984255,54.247533,-166.055724,1470.0,278.55,1470.0,275.73
2017-06-03 08:27:21.499058,54.247544,-166.055707,1470.0,279.49,1470.0,275.54
2017-06-03 08:27:21.998257,54.247573,-166.05566,1470.0,280.62,1470.0,274.79
2017-06-03 08:27:22.497459,54.247582,-166.055644,1470.0,278.74,1470.0,274.23
2017-06-03 08:27:22.996658,54.247609,-166.055596,1470.0,284.39,1470.0,277.24
2017-06-03 08:27:23.495861,54.247618,-166.05558,1470.0,285.89,1470.0,279.31
2017-06-03 08:27:23.995060,54.247646,-166.055531,1470.0,289.47,1470.0,277.8
2017-06-03 08:27:24.494263,54.247655,-166.055515,1470.0,290.22,1470.0,279.31
2017-06-03 08:27:24.993462,54.247682,-166.055466,1470.0,297.37,1470.0,284.2
2017-06-03 08:27:25.492664,54.247691,-166.055449,1470.0,298.12,1470.0,286.08
2017-06-03 08:27:25.991865,54.247718,-166.055398,1470.0,298.31,1470.0,287.77
2017-06-03 08:27:26.491064,54.247726,-166.055381,1470.0,3.46,1470.0,287.96
2017-06-03 08:27:26.990267,54.24775,-166.055331,1470.0,3.46,1470.0,288.53
2017-06-03 08:27:27.489466,54.247759,-166.055314,1470.0,3.46,1470.0,288.34
2017-06-03 08:27:27.988668,54.247788,-166.055263,1470.0,3.46,1470.0,289.09
2017-06-03 08:27:28.487867,54.247797,-166.055247,1470.0,298.69,1470.0,287.4
2017-06-03 08:27:28.987070,54.247825,-166.055199,1470.0,3.46,1470.0,286.64
2017-06-03 08:27:29.486269,54.247834,-166.055183,1470.0,3.46,1470.0,287.96
2017-06-03 08:27:29.985472,54.247863,-166.055134,1470.0,299.25,1470.0,290.22
2017-06-03 08:27:30.484671,54.247872,-166.055118,1470.0,3.46,1470.0,289.28
2017-06-03 08:27:30.983873,54.2479,-166.055068,1470.0,3.46,1470.0,290.22
2017-06-03 08:27:31.498674,54.24791,-166.055049,1470.0,3.46,1470.0,290.22
2017-06-03 08:27:31.997875,54.247938,-166.054998,1470.0,3.46,1470.0,292.1
2017-06-03 08:27:32.497076,54.247947,-166.054982,1470.0,3.46,1470.0,292.48
2017-06-03 08:27:32.996277,54.247974,-166.054931,1470.0,3.46,1470.0,294.92
2017-06-03 08:27:33.495478,54.247983,-166.054915,1470.0,3.46,1470.0,297.93
2017-06-03 08:27:33.994678,54.248009,-166.054865,1470.0,3.46,1470.0,297.37
2017-06-03 08:27:34.493879,54.248018,-166.054848,1470.0,3.46,1470.0,299.06
2017-06-03 08:27:34.993080,54.248045,-166.054798,1470.0,3.46,1470.0,3.46
2017-06-03 08:27:35.492281,54.248054,-166.054781,1470.0,3.46,1470.0,299.44
2017-06-03 08:27:35.991482,54.248081,-166.054731,1470.0,3.46,1470.0,3.46
2017-06-03 08:27:36.490683,54.24809,-166.054716,1470.0,3.46,1470.0,3.46
2017-06-03 08:27:36.989883,54.248117,-166.054668,1470.0,3.46,1470.0,3.46
2017-06-03 08:27:37.489084,54.248126,-166.054651,1470.0,3.46,1470.0,3.46
2017-06-03 08:27:37.988285,54.248153,-166.054601,1470.0,3.46,1470.0,3.46
2017-06-03 08:27:38.487486,54.248161,-166.054586,1470.0,3.46,1470.0,3.46
2017-06-03 08:27:38.986687,54.248188,-166.054539,1470.0,3.46,1470.0,3.46
2017-06-03 08:27:39.485888,54.248197,-166.054523,1470.0,3.46,1470.0,3.46
2017-06-03 08:27:39.985088,54.248225,-166.054474,1470.0,3.46,1470.0,3.46
2017-06-03 08:27:40.484291,54.248234,-166.054458,1470.0,3.46,1470.0,295.11
2017-06-03 08:27:40.999090,54.248261,-166.054406,1470.0,3.46,1470.0,3.46
2017-06-03 08:27:41.498293,54.24827,-166.054389,1470.0,3.46,1470.0,212.32
2017-06-03 08:27:41.997492,54.248296,-166.054338,1470.0,3.46,1470.0,3.46
2017-06-03 08:27:42.496695,54.248305,-166.054322,1470.0,3.46,1470.0,3.46
2017-06-03 08:27:42.995893,54.248333,-166.054271,1470.0,3.46,1470.0,3.46
2017-06-03 08:27:43.495096,54.248342,-166.054255,1470.0,3.46,1470.0,17.2
2017-06-03 08:27:43.994295,54.248371,-166.054205,1470.0,3.46,1470.0,3.46
2017-06-03 08:27:44.493498,54.248381,-166.054189,1470.0,3.46,1470.0,3.46
2017-06-03 08:27:44.992697,54.24841,-166.054143,1470.0,3.46,1470.0,3.46
2017-06-03 08:27:45.491899,54.24842,-166.054127,1470.0,3.46,1470.0,3.46
2017-06-03 08:27:45.991100,54.248449,-166.054078,1470.0,3.46,1470.0,3.46
2017-06-03 08:27:46.490301,54.248459,-166.054063,1470.0,3.46,1470.0,3.46
2017-06-03 08:27:46.989502,54.248487,-166.054018,1470.0,21.15,1470.0,3.46
2017-06-03 08:27:47.488701,54.248496,-166.054002,1470.0,3.46,1470.0,3.46
2017-06-03 08:27:47.987904,54.248525,-166.053954,1470.0,3.46,1470.0,3.46
2017-06-03 08:27:48.487103,54.248534,-166.053938,1470.0,3.46,1470.0,3.46
2017-06-03 08:27:48.986305,54.24856,-166.053889,1470.0,3.46,1470.0,3.46
2017-06-03 08:27:49.485504,54.248569,-166.053873,1470.0,3.46,1470.0,3.46
2017-06-03 08:27:49.984707,54.248595,-166.053824,1470.0,3.46,1470.0,3.46
2017-06-03 08:27:50.483906,54.248603,-166.053808,1470.0,3.46,1470.0,3.46
2017-06-03 08:27:50.998709,54.248629,-166.053756,1470.0,3.46,1470.0,3.46
2017-06-03 08:27:51.497910,54.248638,-166.05374,1470.0,3.46,1470.0,3.46
2017-06-03 08:27:51.997110,54.248666,-166.05369,1470.0,3.46,1470.0,3.46
2017-06-03 08:27:52.496311,54.248675,-166.053674,1470.0,3.46,1470.0,3.46
2017-06-03 08:27:52.995512,54.248703,-166.053625,1470.0,3.46,1470.0,3.46
2017-06-03 08:27:53.494713,54.248712,-166.053609,1470.0,3.46,1470.0,3.46
2017-06-03 08:27:53.993914,54.248739,-166.05356,1470.0,3.46,1470.0,3.46
2017-06-03 08:27:54.493114,54.248749,-166.053544,1470.0,3.46,1470.0,3.46
2017-06-03 08:27:54.992315,54.248777,-166.053496,1470.0,3.46,1470.0,3.46
2017-06-03 08:27:55.491516,54.248786,-166.05348,1470.0,3.46,1470.0,3.46
2017-06-03 08:27:55.990717,54.248816,-166.053431,1470.0,3.46,1470.0,3.46
2017-06-03 08:27:56.489918,54.248825,-166.053416,1470.0,3.46,1470.0,3.46
2017-06-03 08:27:56.989119,54.248853,-166.053368,1470.0,3.46,1470.0,3.46
2017-06-03 08:27:57.488319,54.248863,-166.053352,1470.0,3.46,1470.0,3.46
2017-06-03 08:27:57.987520,54.248892,-166.053303,1470.0,3.46,1470.0,3.46
2017-06-03 08:27:58.486721,54.2489,-166.053286,1470.0,3.46,1470.0,3.46
2017-06-03 08:27:58.985922,54.248927,-166.053236,1470.0,3.46,1470.0,3.46
2017-06-03 08:27:59.485123,54.248935,-166.05322,1470.0,3.46,1470.0,3.46
2017-06-03 08:27:59.984324,54.248962,-166.05317,1470.0,3.46,1470.0,3.46
2017-06-03 08:28:00.499125,54.248972,-166.053152,1470.0,3.46,1470.0,3.46
2017-06-03 08:28:00.998325,54.248999,-166.053103,1470.0,3.46,1470.0,3.46
2017-06-03 08:28:01.497528,54.249008,-166.053087,1470.0,3.46,1470.0,3.46
2017-06-03 08:28:01.996727,54.249036,-166.053038,1470.0,3.46,1470.0,3.46
2017-06-03 08:28:02.495930,54.249045,-166.053022,1470.0,3.46,1470.0,3.46
2017-06-03 08:28:02.995129,54.249073,-166.052973,1470.0,3.46,1470.0,229.07
2017-06-03 08:28:03.494331,54.249082,-166.052957,1470.0,3.46,1470.0,3.46
2017-06-03 08:28:03.993530,54.249109,-166.05291,1470.0,3.46,1470.0,3.46
2017-06-03 08:28:04.492733,54.249118,-166.052894,1470.0,3.46,1470.0,3.46
2017-06-03 08:28:04.991932,54.249145,-166.052846,1470.0,3.46,1470.0,3.46
2017-06-03 08:28:05.491135,54.249154,-166.052829,1470.0,3.46,1470.0,3.46
2017-06-03 08:28:05.990335,54.249183,-166.052778,1470.0,3.46,1470.0,3.46
2017-06-03 08:28:06.489536,54.249191,-166.052762,1470.0,3.46,1470.0,3.46
2017-06-03 08:28:06.988737,54.249218,-166.052713,1470.0,3.46,1470.0,3.46
2017-06-03 08:28:07.487938,54.249227,-166.052697,1470.0,3.46,1470.0,3.46
2017-06-03 08:28:07.987139,54.249255,-166.052648,1470.0,3.46,1470.0,3.46
2017-06-03 08:28:08.486338,54.249264,-166.052631,1470.0,3.46,1470.0,3.46
2017-06-03 08:28:08.985540,54.249293,-166.052581,1470.0,3.46,1470.0,3.46
2017-06-03 08:28:09.484739,54.249303,-166.052565,1470.0,3.46,1470.0,3.46
2017-06-03 08:28:09.983942,54.249332,-166.052518,1470.0,3.46,1470.0,3.46
2017-06-03 08:28:10.498741,54.249342,-166.0525,1470.0,3.46,1470.0,3.46
2017-06-03 08:28:10.997944,54.249369,-166.052451,1470.0,3.46,1470.0,3.46
2017-06-03 08:28:11.497145,54.249378,-166.052436,1470.0,3.46,1470.0,3.46
2017-06-03 08:28:11.996346,54.249406,-166.052388,1470.0,3.46,1470.0,3.46
2017-06-03 08:28:12.495546,54.249415,-166.052372,1470.0,3.46,1470.0,3.46
2017-06-03 08:28:12.994747,54.249443,-166.052321,1470.0,3.46,1470.0,3.46
2017-06-03 08:28:13.493948,54.249451,-166.052304,1470.0,3.46,1470.0,3.46
2017-06-03 08:28:13.993149,54.249478,-166.052253,1470.0,3.46,1470.0,3.46
2017-06-03 08:28:14.492350,54.249486,-166.052237,1470.0,3.46,1470.0,3.46
2017-06-03 08:28:14.991550,54.249513,-166.052189,1470.0,3.46,1470.0,3.46
2017-06-03 08:28:15.490751,54.249523,-166.052173,1470.0,3.46,1470.0,3.46
2017-06-03 08:28:15.989952,54.249553,-166.052125,1470.0,3.46,1470.0,3.46
2017-06-03 08:28:16.489153,54.249562,-166.052109,1470.0,3.46,1470.0,3.46
2017-06-03 08:28:16.988354,54.24959,-166.052063,1470.0,3.46,1470.0,3.46
2017-06-03 08:28:17.487555,54.249599,-166.052047,1470.0,3.46,1470.0,3.46
2017-06-03 08:28:17.986755,54.249628,-166.051999,1470.0,3.46,1470.0,3.46
2017-06-03 08:28:18.485956,54.249637,-166.051983,1470.0,3.46,1470.0,3.46
2017-06-03 08:28:18.985157,54.249665,-166.051934,1470.0,3.46,1470.0,3.46
2017-06-03 08:28:19.484358,54.249674,-166.051918,1470.0,3.46,1470.0,3.46
2017-06-03 08:28:19.999159,54.249703,-166.051868,1470.0,3.46,1470.0,3.46
2017-06-03 08:28:20.498360,54.249712,-166.051852,1470.0,3.46,1470.0,3.46
2017-06-03 08:28:20.997561,54.249739,-166.051803,1470.0,3.46,1470.0,3.46
2017-06-03 08:28:21.496761,54.249749,-166.051787,1470.0,3.46,1470.0,3.46
2017-06-03 08:28:21.995962,54.249778,-166.051738,1470.0,3.46,1470.0,3.46
2017-06-03 08:28:22.495165,54.249787,-166.051722,1470.0,3.46,1470.0,3.46
2017-06-03 08:28:22.994364,54.249814,-166.051673,1470.0,3.46,1470.0,3.46
2017-06-03 08:28:23.493567,54.249824,-166.051657,1470.0,3.46,1470.0,3.46
2017-06-03 08:28:23.992765,54.249853,-166.051608,1470.0,3.46,1470.0,3.46
2017-06-03 08:28:24.491968,54.249862,-166.051592,1470.0,3.46,1470.0,3.46
2017-06-03 08:28:24.991167,54.24989,-166.051544,1470.0,3.46,1470.0,3.46
2017-06-03 08:28:25.490370,54.2499,-166.051528,1470.0,3.46,1470.0,3.46
2017-06-03 08:28:25.989569,54.249929,-166.051478,1470.0,3.46,1470.0,3.46
2017-06-03 08:28:26.488771,54.249939,-166.051463,1470.0,3.46,1470.0,3.46
2017-06-03 08:28:26.987970,54.249967,-166.051416,1470.0,3.46,1470.0,3.46
2017-06-03 08:28:27.487173,54.249976,-166.0514,1470.0,3.46,1470.0,3.46
2017-06-03 08:28:27.986374,54.250005,-166.051351,1470.0,3.46,1470.0,3.46
2017-06-03 08:28:28.485575,54.250014,-166.051335,1470.0,3.46,1470.0,3.46
2017-06-03 08:28:28.984776,54.250042,-166.051286,1470.0,3.46,1470.0,3.46
2017-06-03 08:28:29.483974,54.250051,-166.05127,1470.0,3.46,1470.0,3.46
2017-06-03 08:28:29.998777,54.250079,-166.05122,1470.0,3.46,1470.0,3.46
2017-06-03 08:28:30.497976,54.250088,-166.051204,1470.0,3.46,1470.0,3.46
2017-06-03 08:28:30.997179,54.250116,-166.051155,1470.0,3.46,1470.0,3.46
2017-06-03 08:28:31.496380,54.250125,-166.051139,1470.0,3.46,1470.0,3.46
2017-06-03 08:28:31.995581,54.250153,-166.05109,1470.0,3.46,1470.0,3.46
2017-06-03 08:28:32.494781,54.250162,-166.051074,1470.0,3.46,1470.0,3.46
2017-06-03 08:28:32.993982,54.250191,-166.051026,1470.0,3.46,1470.0,3.46
2017-06-03 08:28:33.493183,54.2502,-166.05101,1470.0,3.46,1470.0,3.46
2017-06-03 08:28:33.992384,54.250229,-166.050961,1470.0,3.46,1470.0,3.46
2017-06-03 08:28:34.491585,54.250239,-166.050946,1470.0,3.46,1470.0,3.46
2017-06-03 08:28:34.990786,54.250267,-166.050898,1470.0,3.46,1470.0,3.46
2017-06-03 08:28:35.489986,54.250276,-166.050882,1470.0,3.46,1470.0,3.46
2017-06-03 08:28:35.989187,54.250303,-166.050833,1470.0,3.46,1470.0,3.46
2017-06-03 08:28:36.488388,54.250313,-166.050816,1470.0,3.46,1470.0,3.46
2017-06-03 08:28:36.987589,54.250342,-166.050766,1470.0,3.46,1470.0,3.46
2017-06-03 08:28:37.486790,54.250351,-166.050749,1470.0,3.46,1470.0,3.46
2017-06-03 08:28:37.985991,54.250378,-166.050698,1470.0,3.46,1470.0,3.46
2017-06-03 08:28:38.485191,54.250387,-166.050681,1470.0,3.46,1470.0,3.46
2017-06-03 08:28:38.984392,54.250415,-166.050631,1470.0,3.46,1470.0,3.46
2017-06-03 08:28:39.499193,54.250425,-166.050613,1470.0,3.46,1470.0,3.46
2017-06-03 08:28:39.998394,54.250453,-166.050563,1470.0,3.46,1470.0,3.46
2017-06-03 08:28:40.497595,54.250462,-166.050547,1470.0,3.46,1470.0,3.46
2017-06-03 08:28:40.996796,54.250489,-166.050498,1470.0,3.46,1470.0,3.46
2017-06-03 08:28:41.495996,54.250499,-166.050482,1470.0,3.46,1470.0,3.46
2017-06-03 08:28:41.995197,54.250528,-166.050435,1470.0,3.46,1470.0,3.46
2017-06-03 08:28:42.494400,54.250537,-166.050419,1470.0,3.46,1470.0,3.46
2017-06-03 08:28:42.993599,54.250565,-166.050371,1470.0,3.46,1470.0,3.46
2017-06-03 08:28:43.492802,54.250575,-166.050355,1470.0,3.46,1470.0,3.46
2017-06-03 08:28:43.992001,54.250604,-166.050306,1470.0,3.46,1470.0,3.46
2017-06-03 08:28:44.491203,54.250613,-166.050291,1470.0,3.46,1470.0,3.46
2017-06-03 08:28:44.990402,54.25064,-166.050243,1470.0,3.46,1470.0,3.46
2017-06-03 08:28:45.489605,54.250649,-166.050226,1470.0,3.46,1470.0,13.62
2017-06-03 08:28:45.988804,54.250677,-166.050176,1470.0,3.46,1470.0,3.46
2017-06-03 08:28:46.488007,54.250685,-166.050159,1470.0,3.46,1470.0,3.46
2017-06-03 08:28:46.987206,54.250712,-166.050108,1470.0,3.46,1470.0,3.46
2017-06-03 08:28:47.486408,54.250721,-166.050091,1470.0,3.46,1470.0,3.46
2017-06-03 08:28:47.985609,54.250748,-166.05004,1470.0,3.46,1470.0,3.46
2017-06-03 08:28:48.484810,54.250757,-166.050023,1470.0,3.46,1470.0,3.46
2017-06-03 08:28:48.984011,54.250785,-166.049971,1470.0,3.46,1470.0,3.46
2017-06-03 08:28:49.498810,54.250795,-166.049954,1470.0,3.46,1470.0,8.54
2017-06-03 08:28:49.998013,54.250824,-166.049905,1470.0,3.46,1470.0,3.46
2017-06-03 08:28:50.497211,54.250834,-166.049889,1470.0,3.46,1470.0,3.46
2017-06-03 08:28:50.996414,54.250863,-166.04984,1470.0,3.46,1470.0,3.46
2017-06-03 08:28:51.495613,54.250872,-166.049824,1470.0,3.46,1470.0,3.46
2017-06-03 08:28:51.994816,54.250901,-166.049775,1470.0,3.46,1470.0,3.46
2017-06-03 08:28:52.494015,54.25091,-166.049759,1470.0,3.46,1470.0,3.46
2017-06-03 08:28:52.993217,54.250937,-166.049709,1470.0,3.46,1470.0,3.46
2017-06-03 08:28:53.492418,54.250946,-166.049693,1470.0,3.46,1470.0,3.46
2017-06-03 08:28:53.991619,54.250973,-166.049641,1470.0,3.46,1470.0,3.46
2017-06-03 08:28:54.490820,54.250981,-166.049625,1470.0,3.46,1470.0,3.46
2017-06-03 08:28:54.990021,54.251008,-166.049575,1470.0,3.46,1470.0,3.46
2017-06-03 08:28:55.489222,54.251017,-166.049558,1470.0,3.46,1470.0,3.46
2017-06-03 08:28:55.988422,54.251045,-166.049509,1470.0,3.46,1470.0,3.46
2017-06-03 08:28:56.487623,54.251054,-166.049493,1470.0,3.46,1470.0,3.46
2017-06-03 08:28:56.986824,54.251082,-166.049444,1470.0,3.46,1470.0,3.46
2017-06-03 08:28:57.486025,54.251091,-166.049429,1470.0,3.46,1470.0,3.46
2017-06-03 08:28:57.985226,54.25112,-166.049381,1470.0,3.46,1470.0,3.46
2017-06-03 08:28:58.484426,54.251129,-166.049365,1470.0,3.46,1470.0,215.71
2017-06-03 08:28:58.999228,54.251159,-166.049316,1470.0,3.46,1470.0,3.46
2017-06-03 08:28:59.498428,54.251168,-166.0493,1470.0,3.46,1470.0,3.46
2017-06-03 08:28:59.997629,54.251196,-166.049251,1470.0,3.46,1470.0,3.46
2017-06-03 08:29:00.496830,54.251205,-166.049235,1470.0,3.46,1470.0,3.46
2017-06-03 08:29:00.996031,54.251234,-166.049186,1470.0,3.46,1470.0,3.46
2017-06-03 08:29:01.495232,54.251244,-166.04917,1470.0,3.46,1470.0,3.46
2017-06-03 08:29:01.994432,54.251273,-166.049121,1470.0,3.46,1470.0,3.46
2017-06-03 08:29:02.493635,54.251282,-166.049106,1470.0,3.46,1470.0,3.46
2017-06-03 08:29:02.992834,54.25131,-166.049059,1470.0,3.46,1470.0,3.46
2017-06-03 08:29:03.492037,54.25132,-166.049043,1470.0,3.46,1470.0,3.46
2017-06-03 08:29:03.991236,54.251349,-166.048993,1470.0,3.46,1470.0,3.46
2017-06-03 08:29:04.490438,54.251359,-166.048977,1470.0,3.46,1470.0,3.46
2017-06-03 08:29:04.989637,54.251387,-166.048929,1470.0,3.46,1470.0,3.46
2017-06-03 08:29:05.488840,54.251396,-166.048913,1470.0,3.46,1470.0,3.46
2017-06-03 08:29:05.988039,54.251424,-166.048863,1470.0,3.46,1470.0,3.46
2017-06-03 08:29:06.487242,54.251434,-166.048847,1470.0,3.46,1470.0,3.46
2017-06-03 08:29:06.986441,54.251462,-166.048799,1470.0,3.46,1470.0,3.46
2017-06-03 08:29:07.485643,54.251471,-166.048784,1470.0,3.46,1470.0,3.46
2017-06-03 08:29:07.984844,54.2515,-166.048736,1470.0,3.46,1470.0,3.46
2017-06-03 08:29:08.484045,54.251509,-166.04872,1470.0,3.46,1470.0,3.46
2017-06-03 08:29:08.998846,54.251538,-166.048671,1470.0,3.46,1470.0,3.46
2017-06-03 08:29:09.498045,54.251547,-166.048656,1470.0,3.46,1470.0,3.46
2017-06-03 08:29:09.997248,54.251578,-166.048608,1470.0,3.46,1470.0,3.46
2017-06-03 08:29:10.496447,54.251587,-166.048592,1470.0,3.46,1470.0,3.46
2017-06-03 08:29:10.995649,54.251614,-166.048545,1470.0,3.46,1470.0,3.46
2017-06-03 08:29:11.494848,54.251623,-166.048529,1470.0,3.46,1470.0,3.46
2017-06-03 08:29:11.994051,54.251651,-166.04848,1470.0,3.46,1470.0,3.46
2017-06-03 08:29:12.493250,54.25166,-166.048463,1470.0,3.46,1470.0,3.46
2017-06-03 08:29:12.992453,54.251688,-166.048413,1470.0,3.46,1470.0,3.46
2017-06-03 08:29:13.491653,54.251698,-166.048396,1470.0,3.46,1470.0,3.46
2017-06-03 08:29:13.990854,54.251726,-166.048345,1470.0,3.46,1470.0,3.46
2017-06-03 08:29:14.490055,54.251735,-166.048328,1470.0,3.46,1470.0,215.14
2017-06-03 08:29:14.989256,54.251762,-166.048278,1470.0,3.46,1470.0,3.46
2017-06-03 08:29:15.488457,54.251771,-166.048261,1470.0,3.46,1470.0,3.46
2017-06-03 08:29:15.987658,54.2518,-166.048211,1470.0,3.46,1470.0,3.46
2017-06-03 08:29:16.486858,54.251809,-166.048195,1470.0,3.46,1470.0,3.46
2017-06-03 08:29:16.986059,54.251837,-166.048145,1470.0,3.46,1470.0,3.46
2017-06-03 08:29:17.485260,54.251846,-166.048128,1470.0,3.46,1470.0,3.46
2017-06-03 08:29:17.984461,54.251875,-166.048079,1470.0,3.46,1470.0,3.46
2017-06-03 08:29:18.499262,54.251885,-166.048062,1470.0,3.46,1470.0,3.46
2017-06-03 08:29:18.998463,54.251913,-166.048011,1470.0,3.46,1470.0,3.46
2017-06-03 08:29:19.497663,54.251922,-166.047995,1470.0,3.46,1470.0,3.46
2017-06-03 08:29:19.996864,54.251951,-166.047945,1470.0,3.46,1470.0,3.46
2017-06-03 08:29:20.496065,54.25196,-166.047929,1470.0,3.46,1470.0,3.46
2017-06-03 08:29:20.995266,54.251986,-166.04788,1470.0,3.46,1470.0,3.46
2017-06-03 08:29:21.494467,54.251995,-166.047863,1470.0,3.46,1470.0,3.46
2017-06-03 08:29:21.993668,54.252023,-166.047811,1470.0,3.46,1470.0,116.17
2017-06-03 08:29:22.492868,54.252031,-166.047796,1470.0,3.46,1470.0,3.46
2017-06-03 08:29:22.992069,54.252058,-166.047748,1470.0,3.46,1470.0,3.46
2017-06-03 08:29:23.491272,54.252068,-166.047731,1470.0,3.46,1470.0,3.46
2017-06-03 08:29:23.990471,54.252096,-166.04768,1470.0,3.46,1470.0,3.46
2017-06-03 08:29:24.489674,54.252105,-166.047664,1470.0,3.46,1470.0,14.56
2017-06-03 08:29:24.988873,54.252132,-166.047616,1470.0,3.46,1470.0,3.46
2017-06-03 08:29:25.488075,54.252141,-166.0476,1470.0,3.46,1470.0,3.46
2017-06-03 08:29:25.987274,54.25217,-166.047551,1470.0,3.46,1470.0,3.46
2017-06-03 08:29:26.486477,54.25218,-166.047535,1470.0,3.46,1470.0,3.46
2017-06-03 08:29:26.985676,54.25221,-166.047488,1470.0,3.46,1470.0,3.46
2017-06-03 08:29:27.484879,54.252219,-166.047471,1470.0,3.46,1470.0,3.46
2017-06-03 08:29:27.984079,54.252247,-166.047421,1470.0,3.46,1470.0,3.46
2017-06-03 08:29:28.498878,54.252257,-166.047403,1470.0,13.44,1470.0,3.46
2017-06-03 08:29:28.998081,54.252286,-166.047353,1470.0,3.46,1470.0,3.46
2017-06-03 08:29:29.497280,54.252295,-166.047337,1470.0,3.46,1470.0,3.46
2017-06-03 08:29:29.996483,54.252323,-166.047286,1470.0,3.46,1470.0,3.46
2017-06-03 08:29:30.495682,54.252331,-166.04727,1470.0,3.46,1470.0,3.46
2017-06-03 08:29:30.994884,54.252358,-166.047221,1470.0,3.46,1470.0,3.46
2017-06-03 08:29:31.494083,54.252368,-166.047205,1470.0,3.46,1470.0,3.46
2017-06-03 08:29:31.993286,54.252398,-166.047156,1470.0,3.46,1470.0,3.46
2017-06-03 08:29:32.492485,54.252407,-166.047141,1470.0,3.46,1470.0,3.46
2017-06-03 08:29:32.991688,54.252435,-166.047094,1470.0,3.46,1470.0,3.46
2017-06-03 08:29:33.490889,54.252445,-166.047078,1470.0,3.46,1470.0,3.46
2017-06-03 08:29:33.990089,54.252474,-166.04703,1470.0,3.46,1470.0,3.46
2017-06-03 08:29:34.489290,54.252483,-166.047014,1470.0,3.46,1470.0,3.46
2017-06-03 08:29:34.988491,54.25251,-166.046966,1470.0,3.46,1470.0,3.46
2017-06-03 08:29:35.487692,54.252519,-166.04695,1470.0,3.46,1470.0,3.46
2017-06-03 08:29:35.986893,54.252547,-166.046901,1470.0,3.46,1470.0,3.46
2017-06-03 08:29:36.486094,54.252556,-166.046885,1470.0,15.32,1470.0,3.46
2017-06-03 08:29:36.985294,54.252583,-166.046838,1470.0,3.46,1470.0,3.46
2017-06-03 08:29:37.484495,54.252593,-166.046822,1470.0,3.46,1470.0,3.46
2017-06-03 08:29:37.999296,54.252624,-166.046771,1470.0,3.46,1470.0,3.46
2017-06-03 08:29:38.498497,54.252633,-166.046756,1470.0,3.46,1470.0,3.46
2017-06-03 08:29:38.997698,54.252661,-166.046708,1470.0,3.46,1470.0,3.46
2017-06-03 08:29:39.496899,54.25267,-166.046692,1470.0,3.46,1470.0,3.46
2017-06-03 08:29:39.996099,54.252698,-166.046641,1470.0,3.46,1470.0,3.46
2017-06-03 08:29:40.495300,54.252706,-166.046626,1470.0,3.46,1470.0,3.46
2017-06-03 08:29:40.994501,54.252733,-166.046578,1470.0,3.46,1470.0,3.46
2017-06-03 08:29:41.493702,54.252743,-166.046561,1470.0,3.46,1470.0,3.46
2017-06-03 08:29:41.992903,54.252773,-166.046511,1470.0,3.46,1470.0,3.46
2017-06-03 08:29:42.492104,54.252781,-166.046496,1470.0,3.46,1470.0,3.46
2017-06-03 08:29:42.991304,54.252808,-166.046448,1470.0,3.46,1470.0,3.46
2017-06-03 08:29:43.490505,54.252818,-166.046432,1470.0,16.63,1470.0,177.51
2017-06-03 08:29:43.989706,54.252847,-166.046384,1470.0,3.46,1470.0,3.46
2017-06-03 08:29:44.488909,54.252856,-166.046368,1470.0,3.46,1470.0,3.46
2017-06-03 08:29:44.988108,54.252883,-166.046319,1470.0,3.46,1470.0,3.46
2017-06-03 08:29:45.487310,54.252892,-166.046304,1470.0,3.46,1470.0,3.46
2017-06-03 08:29:45.986509,54.25292,-166.046256,1470.0,3.46,1470.0,3.46
2017-06-03 08:29:46.485712,54.252929,-166.04624,1470.0,3.46,1470.0,3.46
2017-06-03 08:29:46.984911,54.252957,-166.046191,1470.0,3.46,1470.0,193.88
2017-06-03 08:29:47.484114,54.252966,-166.046175,1470.0,15.69,1470.0,3.46
2017-06-03 08:29:47.998913,54.252994,-166.046125,1470.0,3.46,1470.0,3.46
2017-06-03 08:29:48.498116,54.253003,-166.046109,1470.0,3.46,1470.0,3.46
2017-06-03 08:29:48.997316,54.253031,-166.04606,1470.0,3.46,1470.0,3.46
2017-06-03 08:29:49.496515,54.25304,-166.046044,1470.0,3.46,1470.0,3.46
2017-06-03 08:29:49.995718,54.253068,-166.045995,1470.0,3.46,1470.0,3.46
2017-06-03 08:29:50.494917,54.253077,-166.045979,1470.0,3.46,1470.0,3.46
2017-06-03 08:29:50.994120,54.253105,-166.045929,1470.0,3.46,1470.0,3.46
2017-06-03 08:29:51.493319,54.253114,-166.045913,1470.0,3.46,1470.0,3.46
2017-06-03 08:29:51.992521,54.253143,-166.045865,1470.0,3.46,1470.0,3.46
2017-06-03 08:29:52.491720,54.253151,-166.045849,1470.0,3.46,1470.0,3.46
2017-06-03 08:29:52.990923,54.253178,-166.045801,1470.0,3.46,1470.0,3.46
2017-06-03 08:29:53.490124,54.253188,-166.045785,1470.0,3.46,1470.0,3.46
2017-06-03 08:29:53.989325,54.253217,-166.045736,1470.0,3.46,1470.0,3.46
2017-06-03 08:29:54.488525,54.253226,-166.04572,1470.0,3.46,1470.0,3.46
2017-06-03 08:29:54.987726,54.253255,-166.045671,1470.0,3.46,1470.0,3.46
2017-06-03 08:29:55.486927,54.253264,-166.045655,1470.0,3.46,1470.0,3.46
2017-06-03 08:29:55.986128,54.25329,-166.045605,1470.0,3.46,1470.0,3.46
2017-06-03 08:29:56.485329,54.253299,-166.045588,1470.0,3.46,1470.0,3.46
2017-06-03 08:29:56.984529,54.253325,-166.045538,1470.0,3.46,1470.0,3.46
2017-06-03 08:29:57.499331,54.253335,-166.045519,1470.0,3.46,1470.0,3.46
2017-06-03 08:29:57.998531,54.253363,-166.045468,1470.0,3.46,1470.0,3.46
2017-06-03 08:29:58.497732,54.253371,-166.045452,1470.0,3.46,1470.0,3.46
2017-06-03 08:29:58.996933,54.253398,-166.045401,1470.0,3.46,1470.0,3.46
2017-06-03 08:29:59.496134,54.253407,-166.045385,1470.0,3.46,1470.0,3.46
2017-06-03 08:29:59.995335,54.253434,-166.045336,1470.0,3.46,1470.0,296.99
2017-06-03 08:30:00.494535,54.253443,-166.04532,1470.0,3.46,1470.0,298.12
2017-06-03 08:30:00.993736,54.253471,-166.045271,1470.0,3.46,1470.0,297.18
2017-06-03 08:30:01.492937,54.25348,-166.045255,1470.0,3.46,1470.0,295.86
2017-06-03 08:30:01.992138,54.253508,-166.045206,1470.0,3.46,1470.0,295.49
2017-06-03 08:30:02.491339,54.253516,-166.045191,1470.0,3.46,1470.0,295.11
2017-06-03 08:30:02.990540,54.253543,-166.045143,1470.0,298.12,1470.0,293.23
2017-06-03 08:30:03.489740,54.253552,-166.045126,1470.0,3.46,1470.0,293.79
2017-06-03 08:30:03.988941,54.25358,-166.045076,1470.0,296.99,1470.0,292.67
2017-06-03 08:30:04.488144,54.253589,-166.04506,1470.0,296.62,1470.0,291.91
2017-06-03 08:30:04.987343,54.253615,-166.04501,1470.0,297.18,1470.0,292.1
2017-06-03 08:30:05.486546,54.253624,-166.044993,1470.0,294.73,1470.0,290.78
2017-06-03 08:30:05.985744,54.253652,-166.044941,1470.0,294.36,1470.0,290.41
2017-06-03 08:30:06.484947,54.25366,-166.044925,1470.0,293.98,1470.0,289.47
2017-06-03 08:30:06.984146,54.253687,-166.044875,1470.0,292.67,1470.0,286.64
2017-06-03 08:30:07.498949,54.253697,-166.044857,1470.0,291.91,1470.0,288.71
2017-06-03 08:30:07.998148,54.253726,-166.044808,1470.0,290.22,1470.0,287.21
2017-06-03 08:30:08.497351,54.253735,-166.044792,1470.0,291.35,1470.0,286.27
2017-06-03 08:30:08.996550,54.253763,-166.044743,1470.0,15.13,1470.0,286.08
2017-06-03 08:30:09.495752,54.253772,-166.044727,1470.0,293.04,1470.0,286.08
2017-06-03 08:30:09.994953,54.253799,-166.044678,1470.0,291.16,1470.0,287.21
2017-06-03 08:30:10.494152,54.253808,-166.044661,1470.0,289.84,1470.0,286.83
2017-06-03 08:30:10.993355,54.253834,-166.044611,1470.0,291.35,1470.0,287.77
2017-06-03 08:30:11.492554,54.253843,-166.044594,1470.0,289.84,1470.0,285.52
2017-06-03 08:30:11.991756,54.253871,-166.044543,1470.0,289.09,1470.0,285.33
2017-06-03 08:30:12.490955,54.25388,-166.044527,1470.0,288.53,1470.0,284.57
2017-06-03 08:30:12.990158,54.253907,-166.044479,1470.0,287.02,1470.0,283.82
2017-06-03 08:30:13.489357,54.253916,-166.044463,1470.0,285.89,1470.0,283.63
2017-06-03 08:30:13.988560,54.253945,-166.044414,1470.0,283.82,1470.0,281.0
2017-06-03 08:30:14.487759,54.253954,-166.044399,1470.0,283.07,1470.0,280.81
2017-06-03 08:30:14.986961,54.253983,-166.044351,1470.0,282.13,1470.0,281.56
2017-06-03 08:30:15.486162,54.253993,-166.044336,1470.0,281.38,1470.0,280.25
2017-06-03 08:30:15.985363,54.254022,-166.044289,1470.0,281.0,1470.0,279.68
2017-06-03 08:30:16.484564,54.254031,-166.044273,1470.0,281.38,1470.0,279.31
2017-06-03 08:30:16.999365,54.254059,-166.044223,1470.0,281.0,1470.0,279.31
2017-06-03 08:30:17.498566,54.254068,-166.044207,1470.0,281.75,1470.0,279.49
2017-06-03 08:30:17.997766,54.254096,-166.044156,1470.0,283.07,1470.0,278.93
2017-06-03 08:30:18.496967,54.254105,-166.04414,1470.0,283.07,1470.0,280.25
2017-06-03 08:30:18.996168,54.254133,-166.04409,1470.0,283.82,1470.0,279.87
2017-06-03 08:30:19.495369,54.254141,-166.044073,1470.0,284.76,1470.0,279.31
2017-06-03 08:30:19.994570,54.254168,-166.044021,1470.0,285.14,1470.0,220.22
2017-06-03 08:30:20.493771,54.254176,-166.044005,1470.0,285.14,1470.0,280.43
2017-06-03 08:30:20.992971,54.254203,-166.043955,1470.0,284.76,1470.0,280.06
2017-06-03 08:30:21.492172,54.254213,-166.043938,1470.0,284.01,1470.0,279.12
2017-06-03 08:30:21.991373,54.254241,-166.043886,1470.0,282.88,1470.0,279.49
2017-06-03 08:30:22.490574,54.25425,-166.043871,1470.0,280.81,1470.0,277.99
2017-06-03 08:30:22.989775,54.254278,-166.043824,1470.0,280.06,1470.0,277.42
2017-06-03 08:30:23.488976,54.254288,-166.043809,1470.0,279.12,1470.0,277.42
2017-06-03 08:30:23.988176,54.254317,-166.043761,1470.0,278.55,1470.0,276.86
2017-06-03 08:30:24.487379,54.254326,-166.043745,1470.0,278.55,1470.0,277.05
2017-06-03 08:30:24.986578,54.254353,-166.043698,1470.0,277.61,1470.0,276.67
2017-06-03 08:30:25.485781,54.254363,-166.043682,1470.0,277.61,1470.0,276.3
2017-06-03 08:30:25.984980,54.254392,-166.043634,1470.0,277.8,1470.0,276.11
2017-06-03 08:30:26.484182,54.254401,-166.043619,1470.0,277.8,1470.0,275.73
2017-06-03 08:30:26.998981,54.254431,-166.04357,1470.0,277.8,1470.0,276.3
2017-06-03 08:30:27.498184,54.25444,-166.043554,1470.0,279.68,1470.0,277.24
2017-06-03 08:30:27.997383,54.254466,-166.043505,1470.0,281.38,1470.0,278.74
2017-06-03 08:30:28.496586,54.254475,-166.043487,1470.0,282.88,1470.0,278.55
2017-06-03 08:30:28.995785,54.254501,-166.043435,1470.0,285.52,1470.0,279.87
2017-06-03 08:30:29.494987,54.254509,-166.043418,1470.0,286.46,1470.0,280.25
2017-06-03 08:30:29.994188,54.254534,-166.043366,1470.0,287.96,1470.0,281.56
2017-06-03 08:30:30.493389,54.254543,-166.043349,1470.0,285.89,1470.0,271.03
2017-06-03 08:30:30.992590,54.25457,-166.043298,1470.0,285.7,1470.0,279.68
2017-06-03 08:30:31.491789,54.25458,-166.043281,1470.0,285.33,1470.0,280.25
2017-06-03 08:30:31.990992,54.254609,-166.043231,1470.0,282.69,1470.0,278.18
2017-06-03 08:30:32.490191,54.254619,-166.043216,1470.0,282.69,1470.0,277.8
2017-06-03 08:30:32.989393,54.254648,-166.043171,1470.0,280.62,1470.0,277.42
2017-06-03 08:30:33.488592,54.254658,-166.043155,1470.0,280.43,1470.0,277.24
2017-06-03 08:30:33.987795,54.254689,-166.043108,1470.0,280.25,1470.0,277.99
2017-06-03 08:30:34.486994,54.254699,-166.043093,1470.0,281.0,1470.0,278.18
2017-06-03 08:30:34.986197,54.254727,-166.043046,1470.0,281.75,1470.0,278.36
2017-06-03 08:30:35.485397,54.254736,-166.04303,1470.0,282.69,1470.0,279.68
2017-06-03 08:30:35.984598,54.254763,-166.04298,1470.0,284.01,1470.0,279.68
2017-06-03 08:30:36.483799,54.254772,-166.042963,1470.0,286.46,1470.0,281.75
2017-06-03 08:30:36.998600,54.254798,-166.042911,1470.0,289.84,1470.0,281.94
2017-06-03 08:30:37.497801,54.254806,-166.042895,1470.0,291.91,1470.0,283.63
2017-06-03 08:30:37.997002,54.254833,-166.042845,1470.0,298.12,1470.0,285.89
2017-06-03 08:30:38.496202,54.254841,-166.042829,1470.0,296.24,1470.0,284.01
2017-06-03 08:30:38.995403,54.254867,-166.042779,1470.0,293.98,1470.0,284.95
2017-06-03 08:30:39.494604,54.254876,-166.042763,1470.0,292.29,1470.0,16.26
2017-06-03 08:30:39.993805,54.254906,-166.042713,1470.0,293.23,1470.0,286.27
2017-06-03 08:30:40.493006,54.254915,-166.042698,1470.0,293.98,1470.0,282.88
2017-06-03 08:30:40.992207,54.254942,-166.042651,1470.0,294.55,1470.0,282.13
2017-06-03 08:30:41.491407,54.254951,-166.042635,1470.0,293.42,1470.0,281.94
2017-06-03 08:30:41.990608,54.25498,-166.042588,1470.0,292.29,1470.0,282.13
2017-06-03 08:30:42.489809,54.254989,-166.042572,1470.0,294.17,1470.0,285.14
2017-06-03 08:30:42.989010,54.255017,-166.042524,1470.0,3.46,1470.0,283.07
2017-06-03 08:30:43.488211,54.255026,-166.042508,1470.0,298.69,1470.0,286.08
2017-06-03 08:30:43.987411,54.255053,-166.042459,1470.0,3.46,1470.0,287.77
2017-06-03 08:30:44.486612,54.255062,-166.042443,1470.0,3.46,1470.0,292.67
2017-06-03 08:30:44.985813,54.25509,-166.042391,1470.0,3.46,1470.0,294.92
2017-06-03 08:30:45.485016,54.255099,-166.042375,1470.0,3.46,1470.0,294.92
2017-06-03 08:30:45.984215,54.255125,-166.042325,1470.0,3.46,1470.0,297.75
2017-06-03 08:30:46.499018,54.255135,-166.042307,1470.0,3.46,1470.0,298.69
2017-06-03 08:30:46.998217,54.255161,-166.042256,1470.0,3.46,1470.0,299.44
2017-06-03 08:30:47.497419,54.25517,-166.04224,1470.0,3.46,1470.0,298.69
2017-06-03 08:30:47.996618,54.255198,-166.042191,1470.0,3.46,1470.0,3.46
2017-06-03 08:30:48.495821,54.255206,-166.042175,1470.0,3.46,1470.0,3.46
2017-06-03 08:30:48.995020,54.255233,-166.042126,1470.0,3.46,1470.0,3.46
2017-06-03 08:30:49.494223,54.255242,-166.042109,1470.0,3.46,1470.0,3.46
2017-06-03 08:30:49.993423,54.255269,-166.042058,1470.0,3.46,1470.0,3.46
2017-06-03 08:30:50.492624,54.255278,-166.042042,1470.0,3.46,1470.0,3.46
2017-06-03 08:30:50.991825,54.255305,-166.041994,1470.0,3.46,1470.0,3.46
2017-06-03 08:30:51.491026,54.255314,-166.041978,1470.0,3.46,1470.0,3.46
2017-06-03 08:30:51.990227,54.25534,-166.041929,1470.0,3.46,1470.0,3.46
2017-06-03 08:30:52.489426,54.255349,-166.041913,1470.0,3.46,1470.0,3.46
2017-06-03 08:30:52.988628,54.255377,-166.041863,1470.0,3.46,1470.0,3.46
2017-06-03 08:30:53.487827,54.255386,-166.041846,1470.0,3.46,1470.0,3.46
2017-06-03 08:30:53.987030,54.255413,-166.041796,1470.0,3.46,1470.0,3.46
2017-06-03 08:30:54.486229,54.255422,-166.04178,1470.0,3.46,1470.0,3.46
2017-06-03 08:30:54.985432,54.255448,-166.04173,1470.0,3.46,1470.0,3.46
2017-06-03 08:30:55.484632,54.255457,-166.041713,1470.0,3.46,1470.0,3.46
2017-06-03 08:30:55.983833,54.255482,-166.041663,1470.0,3.46,1470.0,3.46
2017-06-03 08:30:56.498634,54.255492,-166.041644,1470.0,3.46,1470.0,3.46
2017-06-03 08:30:56.997835,54.255519,-166.041593,1470.0,3.46,1470.0,3.46
2017-06-03 08:30:57.497036,54.255528,-166.041577,1470.0,3.46,1470.0,3.46
2017-06-03 08:30:57.996237,54.255554,-166.041526,1470.0,3.46,1470.0,3.46
2017-06-03 08:30:58.495438,54.255563,-166.041511,1470.0,3.46,1470.0,3.46
2017-06-03 08:30:58.994638,54.25559,-166.041463,1470.0,3.46,1470.0,3.46
2017-06-03 08:30:59.493839,54.255599,-166.041446,1470.0,3.46,1470.0,3.46
2017-06-03 08:30:59.993040,54.255628,-166.041395,1470.0,3.46,1470.0,3.46
2017-06-03 08:31:00.492241,54.255636,-166.041379,1470.0,3.46,1470.0,3.46
2017-06-03 08:31:00.991442,54.255663,-166.041331,1470.0,3.46,1470.0,3.46
2017-06-03 08:31:01.490643,54.255672,-166.041315,1470.0,3.46,1470.0,3.46
2017-06-03 08:31:01.989843,54.2557,-166.041268,1470.0,3.46,1470.0,3.46
2017-06-03 08:31:02.489044,54.255709,-166.041252,1470.0,3.46,1470.0,3.46
2017-06-03 08:31:02.988245,54.255735,-166.041203,1470.0,3.46,1470.0,3.46
2017-06-03 08:31:03.487446,54.255744,-166.041186,1470.0,3.46,1470.0,3.46
2017-06-03 08:31:03.986647,54.255772,-166.041136,1470.0,3.46,1470.0,3.46
2017-06-03 08:31:04.485847,54.255781,-166.04112,1470.0,3.46,1470.0,3.46
2017-06-03 08:31:04.985048,54.255808,-166.041071,1470.0,3.46,1470.0,3.46
2017-06-03 08:31:05.484249,54.255817,-166.041055,1470.0,3.46,1470.0,3.46
2017-06-03 08:31:05.999050,54.255844,-166.041006,1470.0,3.46,1470.0,296.24
2017-06-03 08:31:06.498253,54.255854,-166.04099,1470.0,3.46,1470.0,3.46
2017-06-03 08:31:06.997452,54.255883,-166.040941,1470.0,3.46,1470.0,3.46
2017-06-03 08:31:07.496655,54.255892,-166.040925,1470.0,3.46,1470.0,3.46
2017-06-03 08:31:07.995853,54.255919,-166.040876,1470.0,3.46,1470.0,3.46
2017-06-03 08:31:08.495056,54.255928,-166.040861,1470.0,3.46,1470.0,3.46
2017-06-03 08:31:08.994255,54.255955,-166.040813,1470.0,3.46,1470.0,298.87
2017-06-03 08:31:09.493458,54.255964,-166.040796,1470.0,3.46,1470.0,298.69
2017-06-03 08:31:09.992657,54.255993,-166.040746,1470.0,3.46,1470.0,298.31
2017-06-03 08:31:10.491859,54.256001,-166.040731,1470.0,3.46,1470.0,291.54
2017-06-03 08:31:10.991060,54.256028,-166.040684,1470.0,3.46,1470.0,298.5
2017-06-03 08:31:11.490261,54.256037,-166.040668,1470.0,3.46,1470.0,295.68
2017-06-03 08:31:11.989462,54.256065,-166.040619,1470.0,3.46,1470.0,295.3
2017-06-03 08:31:12.488663,54.256074,-166.040603,1470.0,3.46,1470.0,296.24
2017-06-03 08:31:12.987864,54.256102,-166.040554,1470.0,3.46,1470.0,295.3
2017-06-03 08:31:13.487062,54.256111,-166.040539,1470.0,3.46,1470.0,295.86
2017-06-03 08:31:13.986265,54.25614,-166.040491,1470.0,3.46,1470.0,293.98
2017-06-03 08:31:14.485464,54.256149,-166.040475,1470.0,298.87,1470.0,294.17
2017-06-03 08:31:14.984667,54.256177,-166.040426,1470.0,3.46,1470.0,208.75
2017-06-03 08:31:15.483868,54.256186,-166.04041,1470.0,298.12,1470.0,294.36
2017-06-03 08:31:15.998669,54.256214,-166.040361,1470.0,298.31,1470.0,293.61
2017-06-03 08:31:16.497869,54.256223,-166.040345,1470.0,297.93,1470.0,244.12
2017-06-03 08:31:16.997070,54.256251,-166.040296,1470.0,298.31,1470.0,292.67
2017-06-03 08:31:17.496271,54.25626,-166.040281,1470.0,296.99,1470.0,291.72
2017-06-03 08:31:17.995472,54.256289,-166.040233,1470.0,294.55,1470.0,289.47
2017-06-03 08:31:18.494673,54.256298,-166.040218,1470.0,294.36,1470.0,290.41
2017-06-03 08:31:18.993874,54.256325,-166.040171,1470.0,294.36,1470.0,289.28
2017-06-03 08:31:19.493074,54.256335,-166.040155,1470.0,293.61,1470.0,287.02
2017-06-03 08:31:19.992275,54.256364,-166.040108,1470.0,290.97,1470.0,286.83
2017-06-03 08:31:20.491476,54.256374,-166.040093,1470.0,289.65,1470.0,287.77
2017-06-03 08:31:20.990677,54.256402,-166.040046,1470.0,290.03,1470.0,286.46
2017-06-03 08:31:21.489878,54.256411,-166.04003,1470.0,289.84,1470.0,285.7
2017-06-03 08:31:21.989079,54.25644,-166.039983,1470.0,288.71,1470.0,285.33
2017-06-03 08:31:22.488279,54.256449,-166.039967,1470.0,288.15,1470.0,285.14
2017-06-03 08:31:22.987480,54.256478,-166.039919,1470.0,287.77,1470.0,262.0
2017-06-03 08:31:23.486681,54.256487,-166.039903,1470.0,288.15,1470.0,285.33
2017-06-03 08:31:23.985882,54.256513,-166.039854,1470.0,289.47,1470.0,285.52
2017-06-03 08:31:24.485083,54.256522,-166.039838,1470.0,289.09,1470.0,286.46
2017-06-03 08:31:24.984283,54.25655,-166.039788,1470.0,291.54,1470.0,285.33
2017-06-03 08:31:25.499084,54.25656,-166.03977,1470.0,289.65,1470.0,285.7
2017-06-03 08:31:25.998285,54.256586,-166.03972,1470.0,290.22,1470.0,284.95
2017-06-03 08:31:26.497488,54.256595,-166.039704,1470.0,289.65,1470.0,284.76
2017-06-03 08:31:26.996687,54.256622,-166.039656,1470.0,287.96,1470.0,284.01
2017-06-03 08:31:27.495890,54.256631,-166.03964,1470.0,285.89,1470.0,284.01
2017-06-03 08:31:27.995089,54.256659,-166.039591,1470.0,285.33,1470.0,282.5
2017-06-03 08:31:28.494291,54.256669,-166.039576,1470.0,284.01,1470.0,282.88
2017-06-03 08:31:28.993490,54.256698,-166.03953,1470.0,284.01,1470.0,281.75
2017-06-03 08:31:29.492693,54.256707,-166.039514,1470.0,283.45,1470.0,281.56
2017-06-03 08:31:29.991892,54.256738,-166.039466,1470.0,283.26,1470.0,281.75
2017-06-03 08:31:30.491095,54.256746,-166.039451,1470.0,284.39,1470.0,281.75
2017-06-03 08:31:30.990294,54.256773,-166.039403,1470.0,284.95,1470.0,282.5
2017-06-03 08:31:31.489496,54.256782,-166.039386,1470.0,285.52,1470.0,283.07
2017-06-03 08:31:31.988697,54.256807,-166.039336,1470.0,286.27,1470.0,283.82
2017-06-03 08:31:32.487898,54.256815,-166.039319,1470.0,286.64,1470.0,283.26
2017-06-03 08:31:32.987099,54.256842,-166.039268,1470.0,287.02,1470.0,283.07
2017-06-03 08:31:33.486300,54.256851,-166.039251,1470.0,286.08,1470.0,282.69
2017-06-03 08:31:33.985500,54.256878,-166.039201,1470.0,286.27,1470.0,282.32
2017-06-03 08:31:34.484701,54.256888,-166.039185,1470.0,284.2,1470.0,281.94
2017-06-03 08:31:34.983902,54.256917,-166.039138,1470.0,283.45,1470.0,281.56
2017-06-03 08:31:35.498701,54.256927,-166.039121,1470.0,282.88,1470.0,282.13
2017-06-03 08:31:35.997904,54.256956,-166.039073,1470.0,283.26,1470.0,281.94
2017-06-03 08:31:36.497105,54.256965,-166.039058,1470.0,283.26,1470.0,282.32
2017-06-03 08:31:36.996305,54.256992,-166.039011,1470.0,282.13,1470.0,282.13
2017-06-03 08:31:37.495506,54.257001,-166.038994,1470.0,283.07,1470.0,282.5
2017-06-03 08:31:37.994707,54.257029,-166.038943,1470.0,283.82,1470.0,282.13
2017-06-03 08:31:38.493908,54.257038,-166.038927,1470.0,284.2,1470.0,282.13
2017-06-03 08:31:38.993109,54.257065,-166.038879,1470.0,284.76,1470.0,282.69
2017-06-03 08:31:39.492310,54.257074,-166.038863,1470.0,285.89,1470.0,283.63
2017-06-03 08:31:39.991510,54.257103,-166.038813,1470.0,285.52,1470.0,283.63
2017-06-03 08:31:40.490711,54.257111,-166.038797,1470.0,285.33,1470.0,283.07
2017-06-03 08:31:40.989914,54.257138,-166.038749,1470.0,285.89,1470.0,283.63
2017-06-03 08:31:41.489113,54.257147,-166.038733,1470.0,286.27,1470.0,284.01
2017-06-03 08:31:41.988314,54.257175,-166.038684,1470.0,286.27,1470.0,283.63
2017-06-03 08:31:42.487514,54.257184,-166.038668,1470.0,285.7,1470.0,284.39
2017-06-03 08:31:42.986715,54.257213,-166.038619,1470.0,287.4,1470.0,284.57
2017-06-03 08:31:43.485916,54.257222,-166.038604,1470.0,286.64,1470.0,284.76
2017-06-03 08:31:43.985117,54.25725,-166.038556,1470.0,286.83,1470.0,284.95
2017-06-03 08:31:44.484318,54.257259,-166.03854,1470.0,287.77,1470.0,285.14
2017-06-03 08:31:44.999119,54.257288,-166.03849,1470.0,287.77,1470.0,285.52
2017-06-03 08:31:45.498320,54.257297,-166.038474,1470.0,289.09,1470.0,286.27
2017-06-03 08:31:45.997520,54.257324,-166.038425,1470.0,288.9,1470.0,286.64
2017-06-03 08:31:46.496723,54.257333,-166.038409,1470.0,290.22,1470.0,286.64
2017-06-03 08:31:46.995922,54.25736,-166.038361,1470.0,289.84,1470.0,288.71
2017-06-03 08:31:47.495125,54.257369,-166.038345,1470.0,291.72,1470.0,288.15
2017-06-03 08:31:47.994324,54.257398,-166.038295,1470.0,291.54,1470.0,289.09
2017-06-03 08:31:48.493526,54.257406,-166.038279,1470.0,291.72,1470.0,288.71
2017-06-03 08:31:48.992725,54.257433,-166.038231,1470.0,291.35,1470.0,289.65
2017-06-03 08:31:49.491928,54.257443,-166.038215,1470.0,293.04,1470.0,289.65
2017-06-03 08:31:49.991127,54.257472,-166.038166,1470.0,295.11,1470.0,290.78
2017-06-03 08:31:50.490330,54.257481,-166.03815,1470.0,296.99,1470.0,292.1
2017-06-03 08:31:50.989529,54.257508,-166.038101,1470.0,299.06,1470.0,292.85
2017-06-03 08:31:51.488731,54.257517,-166.038085,1470.0,3.46,1470.0,294.55
2017-06-03 08:31:51.987932,54.257545,-166.038035,1470.0,3.46,1470.0,295.3
2017-06-03 08:31:52.487133,54.257554,-166.038018,1470.0,3.46,1470.0,295.11
2017-06-03 08:31:52.986334,54.25758,-166.037968,1470.0,3.46,1470.0,299.06
2017-06-03 08:31:53.485535,54.257589,-166.037952,1470.0,3.46,1470.0,3.46
2017-06-03 08:31:53.984735,54.257617,-166.037903,1470.0,3.46,1470.0,3.46
2017-06-03 08:31:54.483936,54.257626,-166.037887,1470.0,3.46,1470.0,3.46
2017-06-03 08:31:54.998737,54.257654,-166.037836,1470.0,3.46,1470.0,3.46
2017-06-03 08:31:55.497936,54.257664,-166.03782,1470.0,3.46,1470.0,3.46
2017-06-03 08:31:55.997139,54.257693,-166.037771,1470.0,3.46,1470.0,3.46
2017-06-03 08:31:56.496338,54.257701,-166.037756,1470.0,3.46,1470.0,3.46
2017-06-03 08:31:56.995541,54.257728,-166.037708,1470.0,3.46,1470.0,3.46
2017-06-03 08:31:57.494741,54.257738,-166.037691,1470.0,3.46,1470.0,3.46
2017-06-03 08:31:57.993942,54.257766,-166.037641,1470.0,3.46,1470.0,3.46
2017-06-03 08:31:58.493143,54.257774,-166.037626,1470.0,3.46,1470.0,3.46
2017-06-03 08:31:58.992344,54.2578,-166.037578,1470.0,3.46,1470.0,3.46
2017-06-03 08:31:59.491545,54.257809,-166.037562,1470.0,3.46,1470.0,201.78
2017-06-03 08:31:59.990746,54.257837,-166.037513,1470.0,3.46,1470.0,3.46
2017-06-03 08:32:00.489946,54.257846,-166.037497,1470.0,3.46,1470.0,3.46
2017-06-03 08:32:00.989147,54.257875,-166.037448,1470.0,3.46,1470.0,3.46
2017-06-03 08:32:01.488348,54.257884,-166.037432,1470.0,3.46,1470.0,3.46
2017-06-03 08:32:01.987551,54.257912,-166.037384,1470.0,3.46,1470.0,3.46
2017-06-03 08:32:02.486750,54.257921,-166.037368,1470.0,3.46,1470.0,3.46
2017-06-03 08:32:02.985950,54.257948,-166.037319,1470.0,3.46,1470.0,3.46
2017-06-03 08:32:03.485151,54.257957,-166.037303,1470.0,3.46,1470.0,3.46
2017-06-03 08:32:03.984352,54.257985,-166.037254,1470.0,3.46,1470.0,3.46
2017-06-03 08:32:04.499153,54.257995,-166.037237,1470.0,3.46,1470.0,3.46
2017-06-03 08:32:04.998354,54.258023,-166.037186,1470.0,3.46,1470.0,3.46
2017-06-03 08:32:05.497555,54.258031,-166.037169,1470.0,3.46,1470.0,3.46
2017-06-03 08:32:05.996756,54.258058,-166.037118,1470.0,3.46,1470.0,290.41
2017-06-03 08:32:06.495958,54.258066,-166.037102,1470.0,3.46,1470.0,3.46
2017-06-03 08:32:06.995157,54.258093,-166.037054,1470.0,3.46,1470.0,3.46
2017-06-03 08:32:07.494360,54.258103,-166.037038,1470.0,3.46,1470.0,3.46
2017-06-03 08:32:07.993559,54.258131,-166.036988,1470.0,3.46,1470.0,3.46
2017-06-03 08:32:08.492762,54.25814,-166.036972,1470.0,3.46,1470.0,240.54
2017-06-03 08:32:08.991961,54.258167,-166.036924,1470.0,3.46,1470.0,3.46
2017-06-03 08:32:09.491163,54.258176,-166.036908,1470.0,3.46,1470.0,3.46
2017-06-03 08:32:09.990362,54.258203,-166.036859,1470.0,3.46,1470.0,3.46
2017-06-03 08:32:10.489565,54.258212,-166.036843,1470.0,3.46,1470.0,3.46
2017-06-03 08:32:10.988764,54.258238,-166.036794,1470.0,3.46,1470.0,3.46
2017-06-03 08:32:11.487967,54.258247,-166.036778,1470.0,3.46,1470.0,3.46
2017-06-03 08:32:11.987167,54.258275,-166.036729,1470.0,3.46,1470.0,3.46
2017-06-03 08:32:12.486368,54.258284,-166.036714,1470.0,3.46,1470.0,3.46
2017-06-03 08:32:12.985569,54.258313,-166.036666,1470.0,3.46,1470.0,3.46
2017-06-03 08:32:13.484770,54.258322,-166.03665,1470.0,3.46,1470.0,3.46
2017-06-03 08:32:13.983971,54.258348,-166.036601,1470.0,3.46,1470.0,3.46
2017-06-03 08:32:14.498770,54.258358,-166.036583,1470.0,3.46,1470.0,3.46
2017-06-03 08:32:14.997972,54.258384,-166.036531,1470.0,3.46,1470.0,3.46
2017-06-03 08:32:15.497171,54.258393,-166.036515,1470.0,3.46,1470.0,3.46
2017-06-03 08:32:15.996374,54.258421,-166.036465,1470.0,3.46,1470.0,3.46
2017-06-03 08:32:16.495573,54.258429,-166.036449,1470.0,3.46,1470.0,3.46
2017-06-03 08:32:16.994776,54.258455,-166.036399,1470.0,3.46,1470.0,3.46
2017-06-03 08:32:17.493977,54.258464,-166.036383,1470.0,3.46,1470.0,3.46
2017-06-03 08:32:17.993177,54.258491,-166.036331,1470.0,3.46,1470.0,3.46
2017-06-03 08:32:18.492378,54.2585,-166.036315,1470.0,3.46,1470.0,3.46
2017-06-03 08:32:18.991579,54.258527,-166.036266,1470.0,3.46,1470.0,3.46
2017-06-03 08:32:19.490780,54.258536,-166.03625,1470.0,3.46,1470.0,3.46
2017-06-03 08:32:19.989981,54.258563,-166.036201,1470.0,3.46,1470.0,3.46
2017-06-03 08:32:20.489182,54.258572,-166.036185,1470.0,3.46,1470.0,3.46
2017-06-03 08:32:20.988382,54.258598,-166.036136,1470.0,3.46,1470.0,3.46
2017-06-03 08:32:21.487583,54.258607,-166.03612,1470.0,3.46,1470.0,3.46
2017-06-03 08:32:21.986784,54.258633,-166.036071,1470.0,3.46,1470.0,3.46
2017-06-03 08:32:22.485985,54.258642,-166.036055,1470.0,3.46,1470.0,3.46
2017-06-03 08:32:22.985188,54.258668,-166.036006,1470.0,3.46,1470.0,3.46
2017-06-03 08:32:23.484386,54.258677,-166.03599,1470.0,3.46,1470.0,3.46
2017-06-03 08:32:23.999187,54.258704,-166.035938,1470.0,3.46,1470.0,3.46
2017-06-03 08:32:24.498388,54.258712,-166.035921,1470.0,3.46,1470.0,3.46
2017-06-03 08:32:24.997589,54.258737,-166.035871,1470.0,3.46,1470.0,3.46
2017-06-03 08:32:25.496790,54.258746,-166.035854,1470.0,3.46,1470.0,3.46
2017-06-03 08:32:25.995991,54.258773,-166.035803,1470.0,3.46,1470.0,3.46
2017-06-03 08:32:26.495192,54.258781,-166.035786,1470.0,3.46,1470.0,3.46
2017-06-03 08:32:26.994392,54.258807,-166.035736,1470.0,3.46,1470.0,3.46
2017-06-03 08:32:27.493595,54.258816,-166.03572,1470.0,3.46,1470.0,3.46
2017-06-03 08:32:27.992794,54.258843,-166.035671,1470.0,3.46,1470.0,3.46
2017-06-03 08:32:28.491997,54.258851,-166.035656,1470.0,3.46,1470.0,3.46
2017-06-03 08:32:28.991196,54.258878,-166.035609,1470.0,3.46,1470.0,3.46
2017-06-03 08:32:29.490398,54.258888,-166.035593,1470.0,3.46,1470.0,3.46
2017-06-03 08:32:29.989597,54.258917,-166.035544,1470.0,3.46,1470.0,3.46
2017-06-03 08:32:30.488800,54.258926,-166.035529,1470.0,3.46,1470.0,3.46
2017-06-03 08:32:30.987999,54.258953,-166.035481,1470.0,3.46,1470.0,3.46
2017-06-03 08:32:31.487202,54.258962,-166.035465,1470.0,3.46,1470.0,3.46
2017-06-03 08:32:31.986403,54.258988,-166.035416,1470.0,3.46,1470.0,3.46
2017-06-03 08:32:32.485603,54.258997,-166.0354,1470.0,3.46,1470.0,3.46
2017-06-03 08:32:32.984804,54.259022,-166.03535,1470.0,3.46,1470.0,3.46
2017-06-03 08:32:33.484005,54.25903,-166.035333,1470.0,3.46,1470.0,3.46
2017-06-03 08:32:33.998806,54.259058,-166.035281,1470.0,3.46,1470.0,3.46
2017-06-03 08:32:34.498005,54.259067,-166.035265,1470.0,3.46,1470.0,3.46
2017-06-03 08:32:34.997208,54.259094,-166.035216,1470.0,3.46,1470.0,3.46
2017-06-03 08:32:35.496407,54.259103,-166.035201,1470.0,3.46,1470.0,3.46
2017-06-03 08:32:35.995609,54.259131,-166.035155,1470.0,3.46,1470.0,3.46
2017-06-03 08:32:36.494808,54.25914,-166.035139,1470.0,3.46,1470.0,3.46
2017-06-03 08:32:36.994011,54.259168,-166.035093,1470.0,3.46,1470.0,3.46
2017-06-03 08:32:37.493212,54.259178,-166.035077,1470.0,3.46,1470.0,3.46
2017-06-03 08:32:37.992413,54.259206,-166.03503,1470.0,3.46,1470.0,3.46
2017-06-03 08:32:38.491613,54.259214,-166.035014,1470.0,3.46,1470.0,3.46
2017-06-03 08:32:38.990814,54.25924,-166.034966,1470.0,3.46,1470.0,3.46
2017-06-03 08:32:39.490015,54.259249,-166.03495,1470.0,3.46,1470.0,3.46
2017-06-03 08:32:39.989216,54.259275,-166.0349,1470.0,3.46,1470.0,3.46
2017-06-03 08:32:40.488417,54.259284,-166.034883,1470.0,3.46,1470.0,3.46
2017-06-03 08:32:40.987617,54.25931,-166.034833,1470.0,3.46,1470.0,3.46
2017-06-03 08:32:41.486818,54.259319,-166.034816,1470.0,3.46,1470.0,3.46
2017-06-03 08:32:41.986019,54.259347,-166.034766,1470.0,3.46,1470.0,3.46
2017-06-03 08:32:42.485220,54.259355,-166.03475,1470.0,3.46,1470.0,3.46
2017-06-03 08:32:42.984423,54.259382,-166.034701,1470.0,3.46,1470.0,3.46
2017-06-03 08:32:43.499222,54.259392,-166.034684,1470.0,3.46,1470.0,3.46
2017-06-03 08:32:43.998423,54.259419,-166.034635,1470.0,3.46,1470.0,3.46
2017-06-03 08:32:44.497623,54.259428,-166.034619,1470.0,3.46,1470.0,3.46
2017-06-03 08:32:44.996824,54.259455,-166.034571,1470.0,3.46,1470.0,3.46
2017-06-03 08:32:45.496025,54.259464,-166.034555,1470.0,3.46,1470.0,3.46
2017-06-03 08:32:45.995226,54.259493,-166.034506,1470.0,3.46,1470.0,3.46
2017-06-03 08:32:46.494427,54.259501,-166.034491,1470.0,3.46,1470.0,3.46
2017-06-03 08:32:46.993628,54.259528,-166.034443,1470.0,3.46,1470.0,3.46
2017-06-03 08:32:47.492828,54.259537,-166.034426,1470.0,3.46,1470.0,3.46
2017-06-03 08:32:47.992029,54.259562,-166.034376,1470.0,3.46,1470.0,3.46
2017-06-03 08:32:48.491232,54.25957,-166.034359,1470.0,3.46,1470.0,3.46
2017-06-03 08:32:48.990431,54.259595,-166.034308,1470.0,3.46,1470.0,3.46
2017-06-03 08:32:49.489634,54.259604,-166.034292,1470.0,3.46,1470.0,3.46
2017-06-03 08:32:49.988832,54.25963,-166.034243,1470.0,3.46,1470.0,3.46
2017-06-03 08:32:50.488035,54.259639,-166.034227,1470.0,3.46,1470.0,3.46
2017-06-03 08:32:50.987234,54.259667,-166.034178,1470.0,3.46,1470.0,134.8
2017-06-03 08:32:51.486437,54.259676,-166.034162,1470.0,3.46,1470.0,3.46
2017-06-03 08:32:51.985636,54.259703,-166.034114,1470.0,3.46,1470.0,3.46
2017-06-03 08:32:52.484838,54.259712,-166.034098,1470.0,3.46,1470.0,3.46
2017-06-03 08:32:52.984037,54.25974,-166.034049,1470.0,3.46,1470.0,3.46
2017-06-03 08:32:53.498840,54.25975,-166.034032,1470.0,3.46,1470.0,3.46
2017-06-03 08:32:53.998041,54.259776,-166.033981,1470.0,3.46,1470.0,3.46
2017-06-03 08:32:54.497240,54.259785,-166.033965,1470.0,3.46,1470.0,3.46
2017-06-03 08:32:54.996443,54.259812,-166.033916,1470.0,3.46,1470.0,299.44
2017-06-03 08:32:55.495642,54.259821,-166.0339,1470.0,3.46,1470.0,297.75
2017-06-03 08:32:55.994844,54.259851,-166.03385,1470.0,3.46,1470.0,296.8
2017-06-03 08:32:56.494043,54.259859,-166.033834,1470.0,3.46,1470.0,295.3
2017-06-03 08:32:56.993246,54.259885,-166.033788,1470.0,3.46,1470.0,298.12
2017-06-03 08:32:57.492447,54.259894,-166.033772,1470.0,3.46,1470.0,296.99
2017-06-03 08:32:57.991648,54.25992,-166.033723,1470.0,3.46,1470.0,297.93
2017-06-03 08:32:58.490849,54.259929,-166.033706,1470.0,3.46,1470.0,297.18
2017-06-03 08:32:58.990049,54.259955,-166.033656,1470.0,3.46,1470.0,297.56
2017-06-03 08:32:59.489250,54.259964,-166.03364,1470.0,3.46,1470.0,295.68
2017-06-03 08:32:59.988451,54.25999,-166.033591,1470.0,3.46,1470.0,296.43
2017-06-03 08:33:00.487652,54.259998,-166.033575,1470.0,3.46,1470.0,294.36
2017-06-03 08:33:00.986853,54.260024,-166.033525,1470.0,3.46,1470.0,293.42
2017-06-03 08:33:01.486053,54.260032,-166.033509,1470.0,298.31,1470.0,290.97
2017-06-03 08:33:01.985254,54.260058,-166.033461,1470.0,13.44,1470.0,289.65
2017-06-03 08:33:02.484455,54.260067,-166.033445,1470.0,295.3,1470.0,288.71
2017-06-03 08:33:02.999256,54.260096,-166.033395,1470.0,294.55,1470.0,287.77
2017-06-03 08:33:03.498457,54.260105,-166.033379,1470.0,293.42,1470.0,288.71
2017-06-03 08:33:03.997658,54.260133,-166.033331,1470.0,291.16,1470.0,286.64
2017-06-03 08:33:04.496859,54.260141,-166.033316,1470.0,291.72,1470.0,286.83
2017-06-03 08:33:04.996059,54.260167,-166.033268,1470.0,291.54,1470.0,285.14
2017-06-03 08:33:05.495260,54.260176,-166.033251,1470.0,292.48,1470.0,285.52
2017-06-03 08:33:05.994461,54.260203,-166.0332,1470.0,291.54,1470.0,286.64
2017-06-03 08:33:06.493662,54.260211,-166.033183,1470.0,290.6,1470.0,284.76
2017-06-03 08:33:06.992863,54.260237,-166.033133,1470.0,290.6,1470.0,282.88
2017-06-03 08:33:07.492064,54.260246,-166.033116,1470.0,290.03,1470.0,281.56
2017-06-03 08:33:07.991264,54.260274,-166.033066,1470.0,287.21,1470.0,281.38
2017-06-03 08:33:08.490467,54.260283,-166.033051,1470.0,284.01,1470.0,279.31
2017-06-03 08:33:08.989666,54.260309,-166.033004,1470.0,283.07,1470.0,277.8
2017-06-03 08:33:09.488869,54.260317,-166.032989,1470.0,282.69,1470.0,277.42
2017-06-03 08:33:09.988068,54.260343,-166.032941,1470.0,281.75,1470.0,276.86
2017-06-03 08:33:10.487270,54.260352,-166.032925,1470.0,281.0,1470.0,275.92
2017-06-03 08:33:10.986469,54.26038,-166.032878,1470.0,277.99,1470.0,274.6
2017-06-03 08:33:11.485672,54.260389,-166.032862,1470.0,276.86,1470.0,274.23
2017-06-03 08:33:11.984871,54.260417,-166.032816,1470.0,276.48,1470.0,274.41
2017-06-03 08:33:12.484074,54.260425,-166.0328,1470.0,275.92,1470.0,271.78
2017-06-03 08:33:12.998873,54.260453,-166.032751,1470.0,276.3,1470.0,271.97
2017-06-03 08:33:13.498075,54.260461,-166.032735,1470.0,275.35,1470.0,271.21
2017-06-03 08:33:13.997276,54.260488,-166.032686,1470.0,275.17,1470.0,270.09
2017-06-03 08:33:14.496477,54.260496,-166.032671,1470.0,274.41,1470.0,268.96
2017-06-03 08:33:14.995678,54.260522,-166.032623,1470.0,274.23,1470.0,269.15
2017-06-03 08:33:15.494877,54.260531,-166.032606,1470.0,273.28,1470.0,269.33
2017-06-03 08:33:15.994080,54.260558,-166.032556,1470.0,271.4,1470.0,267.26
2017-06-03 08:33:16.493279,54.260566,-166.032541,1470.0,272.16,1470.0,266.51
2017-06-03 08:33:16.992481,54.260592,-166.032493,1470.0,269.71,1470.0,265.57
2017-06-03 08:33:17.491680,54.260601,-166.032477,1470.0,269.15,1470.0,266.32
2017-06-03 08:33:17.990883,54.260628,-166.032429,1470.0,269.9,1470.0,264.82
2017-06-03 08:33:18.490082,54.260638,-166.032414,1470.0,268.02,1470.0,263.12
2017-06-03 08:33:18.989285,54.260667,-166.032366,1470.0,265.57,1470.0,262.75
2017-06-03 08:33:19.488485,54.260675,-166.03235,1470.0,264.82,1470.0,260.11
2017-06-03 08:33:19.987686,54.260702,-166.032303,1470.0,262.75,1470.0,260.11
2017-06-03 08:33:20.486887,54.260711,-166.032286,1470.0,264.82,1470.0,259.74
2017-06-03 08:33:20.986088,54.260738,-166.032236,1470.0,263.31,1470.0,259.17
2017-06-03 08:33:21.485289,54.260747,-166.03222,1470.0,263.12,1470.0,258.61
2017-06-03 08:33:21.984489,54.260775,-166.032171,1470.0,262.18,1470.0,258.8
2017-06-03 08:33:22.499290,54.260785,-166.032154,1470.0,262.94,1470.0,255.79
2017-06-03 08:33:22.998491,54.260811,-166.032105,1470.0,260.87,1470.0,255.41
2017-06-03 08:33:23.497692,54.26082,-166.032088,1470.0,258.8,1470.0,255.22
2017-06-03 08:33:23.996893,54.260848,-166.032038,1470.0,259.93,1470.0,253.15
2017-06-03 08:33:24.496094,54.260856,-166.032023,1470.0,258.23,1470.0,252.59
2017-06-03 08:33:24.995295,54.260882,-166.031976,1470.0,255.79,1470.0,251.65
2017-06-03 08:33:25.494495,54.260891,-166.03196,1470.0,255.97,1470.0,252.21
2017-06-03 08:33:25.993696,54.260918,-166.03191,1470.0,256.73,1470.0,250.71
2017-06-03 08:33:26.492897,54.260926,-166.031894,1470.0,254.84,1470.0,250.71
2017-06-03 08:33:26.992098,54.260953,-166.031848,1470.0,255.97,1470.0,248.82
2017-06-03 08:33:27.491299,54.260962,-166.031832,1470.0,251.27,1470.0,248.45
2017-06-03 08:33:27.990499,54.26099,-166.031783,1470.0,251.65,1470.0,248.45
2017-06-03 08:33:28.489702,54.260999,-166.031767,1470.0,251.08,1470.0,247.51
2017-06-03 08:33:28.988901,54.261025,-166.031719,1470.0,250.14,1470.0,246.57
2017-06-03 08:33:29.488104,54.261034,-166.031703,1470.0,249.39,1470.0,245.81
2017-06-03 08:33:29.987303,54.26106,-166.031654,1470.0,251.46,1470.0,246.19
2017-06-03 08:33:30.486506,54.261069,-166.031638,1470.0,251.08,1470.0,247.13
2017-06-03 08:33:30.985704,54.261097,-166.031589,1470.0,250.33,1470.0,243.74
2017-06-03 08:33:31.484907,54.261106,-166.031574,1470.0,248.45,1470.0,243.93
2017-06-03 08:33:31.984106,54.261133,-166.031526,1470.0,247.51,1470.0,241.86
2017-06-03 08:33:32.498909,54.261143,-166.031509,1470.0,246.0,1470.0,241.86
2017-06-03 08:33:32.998108,54.261171,-166.031461,1470.0,244.87,1470.0,239.23
2017-06-03 08:33:33.497311,54.26118,-166.031445,1470.0,244.12,1470.0,238.29
2017-06-03 08:33:33.996511,54.261208,-166.031396,1470.0,242.43,1470.0,238.48
2017-06-03 08:33:34.495712,54.261216,-166.031381,1470.0,243.37,1470.0,237.53
2017-06-03 08:33:34.994913,54.261242,-166.031333,1470.0,239.98,1470.0,237.53
2017-06-03 08:33:35.494114,54.261251,-166.031316,1470.0,239.23,1470.0,235.65
2017-06-03 08:33:35.993315,54.261279,-166.031266,1470.0,237.72,1470.0,235.09
2017-06-03 08:33:36.492514,54.261288,-166.031251,1470.0,236.41,1470.0,233.02
2017-06-03 08:33:36.991716,54.261315,-166.031203,1470.0,235.84,1470.0,232.27
2017-06-03 08:33:37.490915,54.261324,-166.031187,1470.0,234.34,1470.0,232.64
2017-06-03 08:33:37.990118,54.261353,-166.031141,1470.0,235.65,1470.0,231.7
2017-06-03 08:33:38.489317,54.261362,-166.031125,1470.0,234.15,1470.0,230.38
2017-06-03 08:33:38.988520,54.26139,-166.031078,1470.0,234.71,1470.0,229.82
2017-06-03 08:33:39.487720,54.261398,-166.031062,1470.0,233.02,1470.0,229.63
2017-06-03 08:33:39.986921,54.261424,-166.031013,1470.0,232.08,1470.0,229.07
2017-06-03 08:33:40.486122,54.261432,-166.030997,1470.0,231.32,1470.0,228.13
2017-06-03 08:33:40.985323,54.261458,-166.030948,1470.0,229.82,1470.0,226.43
2017-06-03 08:33:41.484524,54.261467,-166.030932,1470.0,229.44,1470.0,224.55
2017-06-03 08:33:41.999325,54.261496,-166.030883,1470.0,229.26,1470.0,225.49
2017-06-03 08:33:42.498526,54.261505,-166.030868,1470.0,227.75,1470.0,222.67
2017-06-03 08:33:42.997726,54.261532,-166.030821,1470.0,226.06,1470.0,223.05
2017-06-03 08:33:43.496927,54.261541,-166.030805,1470.0,224.36,1470.0,223.61
2017-06-03 08:33:43.996128,54.261569,-166.030756,1470.0,226.06,1470.0,217.59
2017-06-03 08:33:44.495329,54.261578,-166.030741,1470.0,225.68,1470.0,221.54
2017-06-03 08:33:44.994530,54.261604,-166.030693,1470.0,224.17,1470.0,221.92
2017-06-03 08:33:45.493731,54.261613,-166.030676,1470.0,225.49,1470.0,220.6
2017-06-03 08:33:45.992931,54.261641,-166.030623,1470.0,221.54,1470.0,218.53
2017-06-03 08:33:46.492132,54.261649,-166.030607,1470.0,223.61,1470.0,218.15
2017-06-03 08:33:46.991333,54.261675,-166.030558,1470.0,221.35,1470.0,217.78
2017-06-03 08:33:47.490534,54.261684,-166.030542,1470.0,219.09,1470.0,215.33
2017-06-03 08:33:47.989735,54.261712,-166.030494,1470.0,216.46,1470.0,215.14
2017-06-03 08:33:48.488935,54.261721,-166.030479,1470.0,214.58,1470.0,213.07
2017-06-03 08:33:48.988136,54.26175,-166.030431,1470.0,214.01,1470.0,212.7
2017-06-03 08:33:49.487339,54.261759,-166.030415,1470.0,212.89,1470.0,211.19
2017-06-03 08:33:49.986538,54.261785,-166.030368,1470.0,211.94,1470.0,211.0
2017-06-03 08:33:50.485741,54.261794,-166.030352,1470.0,211.76,1470.0,211.0
2017-06-03 08:33:50.984940,54.261822,-166.030304,1470.0,211.38,1470.0,210.06
2017-06-03 08:33:51.484142,54.26183,-166.030288,1470.0,210.82,1470.0,209.69
2017-06-03 08:33:51.998941,54.261858,-166.030238,1470.0,211.0,1470.0,208.93
2017-06-03 08:33:52.498144,54.261866,-166.030222,1470.0,210.63,1470.0,207.62
2017-06-03 08:33:52.997343,54.261892,-166.030174,1470.0,210.06,1470.0,208.56
2017-06-03 08:33:53.496546,54.2619,-166.030158,1470.0,209.69,1470.0,207.43
2017-06-03 08:33:53.995747,54.261926,-166.030106,1470.0,210.06,1470.0,206.86
2017-06-03 08:33:54.494947,54.261934,-166.03009,1470.0,207.62,1470.0,206.3
2017-06-03 08:33:54.994148,54.26196,-166.030041,1470.0,207.8,1470.0,206.86
2017-06-03 08:33:55.493349,54.261969,-166.030025,1470.0,207.05,1470.0,204.42
2017-06-03 08:33:55.992550,54.261995,-166.029975,1470.0,205.17,1470.0,204.04
2017-06-03 08:33:56.491751,54.262004,-166.029958,1470.0,204.79,1470.0,202.72
2017-06-03 08:33:56.990952,54.262032,-166.029908,1470.0,204.42,1470.0,201.78
2017-06-03 08:33:57.490152,54.262041,-166.029892,1470.0,203.67,1470.0,200.65
2017-06-03 08:33:57.989353,54.26207,-166.029844,1470.0,201.22,1470.0,199.71
2017-06-03 08:33:58.488552,54.262079,-166.029829,1470.0,200.28,1470.0,199.34
2017-06-03 08:33:58.987755,54.262107,-166.029781,1470.0,199.34,1470.0,198.96
2017-06-03 08:33:59.486956,54.262115,-166.029765,1470.0,199.34,1470.0,197.64
2017-06-03 08:33:59.986156,54.262142,-166.029716,1470.0,199.34,1470.0,197.64
2017-06-03 08:34:00.485357,54.26215,-166.0297,1470.0,197.83,1470.0,196.52
2017-06-03 08:34:00.984558,54.262177,-166.02965,1470.0,197.83,1470.0,195.95
2017-06-03 08:34:01.499359,54.262187,-166.029632,1470.0,196.7,1470.0,194.82
2017-06-03 08:34:01.998560,54.262214,-166.029583,1470.0,197.08,1470.0,195.95
2017-06-03 08:34:02.497761,54.262223,-166.029567,1470.0,195.2,1470.0,193.69
2017-06-03 08:34:02.996962,54.262249,-166.029518,1470.0,194.82,1470.0,193.69
2017-06-03 08:34:03.496162,54.262258,-166.029502,1470.0,194.26,1470.0,192.38
2017-06-03 08:34:03.995363,54.262284,-166.029453,1470.0,193.13,1470.0,192.56
2017-06-03 08:34:04.494564,54.262293,-166.029437,1470.0,192.94,1470.0,192.0
2017-06-03 08:34:04.993765,54.26232,-166.029389,1470.0,192.94,1470.0,191.25
2017-06-03 08:34:05.492966,54.262329,-166.029374,1470.0,191.25,1470.0,190.49
2017-06-03 08:34:05.992167,54.262355,-166.029326,1470.0,190.87,1470.0,189.74
2017-06-03 08:34:06.491367,54.262364,-166.02931,1470.0,190.31,1470.0,188.99
2017-06-03 08:34:06.990568,54.26239,-166.029261,1470.0,189.37,1470.0,188.61
2017-06-03 08:34:07.489769,54.262399,-166.029245,1470.0,188.42,1470.0,188.42
2017-06-03 08:34:07.988970,54.262427,-166.029198,1470.0,188.61,1470.0,188.05
2017-06-03 08:34:08.488171,54.262436,-166.029182,1470.0,187.48,1470.0,186.92
2017-06-03 08:34:08.987371,54.262463,-166.029133,1470.0,187.3,1470.0,185.98
2017-06-03 08:34:09.486572,54.262472,-166.029117,1470.0,186.35,1470.0,185.6
2017-06-03 08:34:09.985773,54.2625,-166.029069,1470.0,185.6,1470.0,185.23
2017-06-03 08:34:10.484976,54.262509,-166.029053,1470.0,185.6,1470.0,184.66
2017-06-03 08:34:10.984175,54.262537,-166.029004,1470.0,184.85,1470.0,184.1
2017-06-03 08:34:11.498978,54.262547,-166.028987,1470.0,183.72,1470.0,183.16
2017-06-03 08:34:11.998177,54.262574,-166.028938,1470.0,183.91,1470.0,182.78
2017-06-03 08:34:12.497379,54.262583,-166.028923,1470.0,182.97,1470.0,182.03
2017-06-03 08:34:12.996578,54.26261,-166.028876,1470.0,181.46,1470.0,181.09
2017-06-03 08:34:13.495781,54.262619,-166.02886,1470.0,181.46,1470.0,180.71
2017-06-03 08:34:13.994980,54.262648,-166.028813,1470.0,180.71,1470.0,179.96
2017-06-03 08:34:14.494183,54.262656,-166.028798,1470.0,179.96,1470.0,179.58
2017-06-03 08:34:14.993383,54.262683,-166.028751,1470.0,179.58,1470.0,179.58
2017-06-03 08:34:15.492584,54.262692,-166.028735,1470.0,179.02,1470.0,178.83
2017-06-03 08:34:15.991785,54.26272,-166.028688,1470.0,179.02,1470.0,178.45
2017-06-03 08:34:16.490986,54.262729,-166.028672,1470.0,178.26,1470.0,178.83
2017-06-03 08:34:16.990187,54.262755,-166.028624,1470.0,177.7,1470.0,177.51
2017-06-03 08:34:17.489388,54.262764,-166.028608,1470.0,177.13,1470.0,177.7
2017-06-03 08:34:17.988588,54.262792,-166.028559,1470.0,177.7,1470.0,176.38
2017-06-03 08:34:18.487789,54.2628,-166.028543,1470.0,176.95,1470.0,176.01
2017-06-03 08:34:18.986990,54.262827,-166.028494,1470.0,176.38,1470.0,175.44
2017-06-03 08:34:19.486191,54.262836,-166.028478,1470.0,175.63,1470.0,175.07
2017-06-03 08:34:19.985392,54.262863,-166.028429,1470.0,175.07,1470.0,174.5
2017-06-03 08:34:20.484592,54.262872,-166.028414,1470.0,174.12,1470.0,174.12
2017-06-03 08:34:20.983793,54.262898,-166.028366,1470.0,173.75,1470.0,173.75
2017-06-03 08:34:21.498594,54.262908,-166.028348,1470.0,173.18,1470.0,173.0
2017-06-03 08:34:21.997795,54.262936,-166.0283,1470.0,172.62,1470.0,172.43
2017-06-03 08:34:22.496996,54.262945,-166.028284,1470.0,172.24,1470.0,171.87
2017-06-03 08:34:22.996197,54.262972,-166.028238,1470.0,171.87,1470.0,171.3
2017-06-03 08:34:23.495398,54.262981,-166.028222,1470.0,171.11,1470.0,171.11
2017-06-03 08:34:23.994598,54.263008,-166.028173,1470.0,170.74,1470.0,170.55
2017-06-03 08:34:24.493799,54.263016,-166.028157,1470.0,170.74,1470.0,170.36
2017-06-03 08:34:24.993002,54.263043,-166.028109,1470.0,170.36,1470.0,169.98
2017-06-03 08:34:25.492201,54.263052,-166.028093,1470.0,170.74,1470.0,169.61
2017-06-03 08:34:25.991402,54.263078,-166.028043,1470.0,169.42,1470.0,169.42
2017-06-03 08:34:26.490602,54.263087,-166.028026,1470.0,169.23,1470.0,168.86
2017-06-03 08:34:26.989803,54.263113,-166.027976,1470.0,169.23,1470.0,168.48
2017-06-03 08:34:27.489004,54.263122,-166.02796,1470.0,168.48,1470.0,168.1
2017-06-03 08:34:27.988205,54.263148,-166.02791,1470.0,167.92,1470.0,167.73
2017-06-03 08:34:28.487406,54.263157,-166.027894,1470.0,167.54,1470.0,167.35
2017-06-03 08:34:28.986607,54.263185,-166.027846,1470.0,166.97,1470.0,166.97
2017-06-03 08:34:29.485807,54.263194,-166.02783,1470.0,166.6,1470.0,166.6
2017-06-03 08:34:29.985008,54.26322,-166.027783,1470.0,166.41,1470.0,166.22
2017-06-03 08:34:30.484211,54.263229,-166.027767,1470.0,165.66,1470.0,165.85
2017-06-03 08:34:30.999010,54.263258,-166.027718,1470.0,165.47,1470.0,165.28
2017-06-03 08:34:31.498213,54.263267,-166.027702,1470.0,164.72,1470.0,164.9
2017-06-03 08:34:31.997412,54.263294,-166.027655,1470.0,164.34,1470.0,164.53
2017-06-03 08:34:32.496614,54.263303,-166.02764,1470.0,164.15,1470.0,163.96
2017-06-03 08:34:32.995813,54.263329,-166.027594,1470.0,163.96,1470.0,163.78
2017-06-03 08:34:33.495016,54.263337,-166.027578,1470.0,163.78,1470.0,163.59
2017-06-03 08:34:33.994215,54.263363,-166.027526,1470.0,163.78,1470.0,163.59
2017-06-03 08:34:34.493418,54.263371,-166.02751,1470.0,163.96,1470.0,163.4
2017-06-03 08:34:34.992617,54.263395,-166.027461,1470.0,163.59,1470.0,163.21
2017-06-03 08:34:35.491819,54.263404,-166.027444,1470.0,163.4,1470.0,163.02
2017-06-03 08:34:35.991020,54.263429,-166.027391,1470.0,162.83,1470.0,162.46
2017-06-03 08:34:36.490221,54.263438,-166.027375,1470.0,162.46,1470.0,162.08
2017-06-03 08:34:36.989422,54.263464,-166.027325,1470.0,161.89,1470.0,162.08
2017-06-03 08:34:37.488623,54.263472,-166.027308,1470.0,161.52,1470.0,161.52
2017-06-03 08:34:37.987823,54.2635,-166.027259,1470.0,161.52,1470.0,161.33
2017-06-03 08:34:38.487024,54.263509,-166.027244,1470.0,160.95,1470.0,160.95
2017-06-03 08:34:38.986225,54.263537,-166.027196,1470.0,160.58,1470.0,160.58
2017-06-03 08:34:39.485426,54.263546,-166.02718,1470.0,160.2,1470.0,160.2
2017-06-03 08:34:39.984627,54.263575,-166.027133,1470.0,160.01,1470.0,160.01
2017-06-03 08:34:40.483826,54.263584,-166.027117,1470.0,159.64,1470.0,159.64
2017-06-03 08:34:40.998629,54.263612,-166.027068,1470.0,159.45,1470.0,159.45
2017-06-03 08:34:41.497829,54.26362,-166.027051,1470.0,159.26,1470.0,159.45
2017-06-03 08:34:41.997030,54.263646,-166.027001,1470.0,159.07,1470.0,159.07
2017-06-03 08:34:42.496231,54.263654,-166.026985,1470.0,159.07,1470.0,158.7
2017-06-03 08:34:42.995432,54.26368,-166.026935,1470.0,158.51,1470.0,158.32
2017-06-03 08:34:43.494633,54.263689,-166.026918,1470.0,158.13,1470.0,158.13
2017-06-03 08:34:43.993834,54.263716,-166.026866,1470.0,157.94,1470.0,157.75
2017-06-03 08:34:44.493034,54.263724,-166.026851,1470.0,157.75,1470.0,157.57
2017-06-03 08:34:44.992237,54.263749,-166.026803,1470.0,157.38,1470.0,157.38
2017-06-03 08:34:45.491436,54.263757,-166.026787,1470.0,157.38,1470.0,157.38
2017-06-03 08:34:45.990639,54.263783,-166.026738,1470.0,157.38,1470.0,157.19
2017-06-03 08:34:46.489838,54.263792,-166.026722,1470.0,157.0,1470.0,157.0
2017-06-03 08:34:46.989038,54.263818,-166.026673,1470.0,156.81,1470.0,156.81
2017-06-03 08:34:47.488239,54.263827,-166.026657,1470.0,156.63,1470.0,156.44
2017-06-03 08:34:47.987440,54.263853,-166.026608,1470.0,156.25,1470.0,156.25
2017-06-03 08:34:48.486641,54.263862,-166.026592,1470.0,156.06,1470.0,156.06
2017-06-03 08:34:48.985842,54.26389,-166.026544,1470.0,155.68,1470.0,155.68
2017-06-03 08:34:49.485043,54.263899,-166.026528,1470.0,155.5,1470.0,155.5
2017-06-03 08:34:49.984243,54.263925,-166.026479,1470.0,155.31,1470.0,155.31
2017-06-03 08:34:50.499046,54.263935,-166.026463,1470.0,155.5,1470.0,155.12
2017-06-03 08:34:50.998245,54.263962,-166.026416,1470.0,155.12,1470.0,154.93
2017-06-03 08:34:51.497448,54.263971,-166.026399,1470.0,154.93,1470.0,154.74
2017-06-03 08:34:51.996647,54.263998,-166.026348,1470.0,154.56,1470.0,154.56
2017-06-03 08:34:52.495850,54.264006,-166.026332,1470.0,154.37,1470.0,154.37
2017-06-03 08:34:52.995049,54.264033,-166.026284,1470.0,154.18,1470.0,154.18
2017-06-03 08:34:53.494251,54.264042,-166.026269,1470.0,153.99,1470.0,153.8
2017-06-03 08:34:53.993450,54.26407,-166.026221,1470.0,153.8,1470.0,153.8
2017-06-03 08:34:54.492653,54.264079,-166.026205,1470.0,153.61,1470.0,153.61
2017-06-03 08:34:54.991852,54.264105,-166.026156,1470.0,153.43,1470.0,153.43
2017-06-03 08:34:55.491055,54.264114,-166.026141,1470.0,153.24,1470.0,153.43
2017-06-03 08:34:55.990255,54.264142,-166.026094,1470.0,153.05,1470.0,153.05
2017-06-03 08:34:56.489456,54.264151,-166.026079,1470.0,152.86,1470.0,152.67
2017-06-03 08:34:56.988657,54.264178,-166.026031,1470.0,152.49,1470.0,152.49
2017-06-03 08:34:57.487858,54.264187,-166.026015,1470.0,152.49,1470.0,152.49
2017-06-03 08:34:57.987059,54.264215,-166.025968,1470.0,152.3,1470.0,152.3
2017-06-03 08:34:58.486259,54.264224,-166.025952,1470.0,152.3,1470.0,152.3
2017-06-03 08:34:58.985460,54.26425,-166.025903,1470.0,152.11,1470.0,152.11
2017-06-03 08:34:59.484661,54.264259,-166.025886,1470.0,151.92,1470.0,152.11
2017-06-03 08:34:59.983862,54.264285,-166.025836,1470.0,151.92,1470.0,151.92
2017-06-03 08:35:00.498661,54.264294,-166.025819,1470.0,151.73,1470.0,151.73
2017-06-03 08:35:00.997864,54.26432,-166.025773,1470.0,151.73,1470.0,151.55
2017-06-03 08:35:01.497065,54.264329,-166.025756,1470.0,151.55,1470.0,151.55
2017-06-03 08:35:01.996265,54.264358,-166.025706,1470.0,151.36,1470.0,151.73
2017-06-03 08:35:02.495466,54.264366,-166.025691,1470.0,151.36,1470.0,152.67
2017-06-03 08:35:02.994667,54.264392,-166.025643,1470.0,150.98,1470.0,150.98
2017-06-03 08:35:03.493868,54.264401,-166.025627,1470.0,150.79,1470.0,150.79
2017-06-03 08:35:03.993069,54.264428,-166.025579,1470.0,150.6,1470.0,150.42
2017-06-03 08:35:04.492270,54.264437,-166.025563,1470.0,150.42,1470.0,150.42
2017-06-03 08:35:04.991470,54.264465,-166.025514,1470.0,150.23,1470.0,150.04
2017-06-03 08:35:05.490671,54.264474,-166.025499,1470.0,150.04,1470.0,150.04
2017-06-03 08:35:05.989872,54.264502,-166.025451,1470.0,149.85,1470.0,149.85
2017-06-03 08:35:06.489073,54.26451,-166.025435,1470.0,149.66,1470.0,149.85
2017-06-03 08:35:06.988276,54.264537,-166.025388,1470.0,149.66,1470.0,149.66
2017-06-03 08:35:07.487474,54.264545,-166.025371,1470.0,149.66,1470.0,149.85
2017-06-03 08:35:07.986675,54.264572,-166.025321,1470.0,149.66,1470.0,149.66
2017-06-03 08:35:08.485876,54.26458,-166.025304,1470.0,149.66,1470.0,149.66
2017-06-03 08:35:08.985077,54.264605,-166.025253,1470.0,149.48,1470.0,149.48
2017-06-03 08:35:09.484278,54.264614,-166.025237,1470.0,149.29,1470.0,149.1
2017-06-03 08:35:09.999079,54.264643,-166.025186,1470.0,148.91,1470.0,148.72
2017-06-03 08:35:10.498281,54.264651,-166.025171,1470.0,148.72,1470.0,148.53
2017-06-03 08:35:10.997480,54.264677,-166.025124,1470.0,148.53,1470.0,148.53
2017-06-03 08:35:11.496683,54.264686,-166.025109,1470.0,148.53,1470.0,149.85
2017-06-03 08:35:11.995882,54.264714,-166.025061,1470.0,148.35,1470.0,148.35
2017-06-03 08:35:12.495085,54.264723,-166.025046,1470.0,148.35,1470.0,148.35
2017-06-03 08:35:12.994284,54.26475,-166.024999,1470.0,148.16,1470.0,148.16
2017-06-03 08:35:13.493486,54.264759,-166.024983,1470.0,148.16,1470.0,147.97
2017-06-03 08:35:13.992685,54.264785,-166.024934,1470.0,147.97,1470.0,147.78
2017-06-03 08:35:14.491888,54.264794,-166.024918,1470.0,147.59,1470.0,147.59
2017-06-03 08:35:14.991087,54.26482,-166.024869,1470.0,147.78,1470.0,147.41
2017-06-03 08:35:15.490290,54.264829,-166.024853,1470.0,147.41,1470.0,147.41
2017-06-03 08:35:15.989491,54.264855,-166.024804,1470.0,147.59,1470.0,147.41
2017-06-03 08:35:16.488691,54.264864,-166.024788,1470.0,147.59,1470.0,147.41
2017-06-03 08:35:16.987892,54.264892,-166.024738,1470.0,147.59,1470.0,147.59
2017-06-03 08:35:17.487093,54.2649,-166.024721,1470.0,147.59,1470.0,147.41
2017-06-03 08:35:17.986294,54.264925,-166.024671,1470.0,147.22,1470.0,147.22
2017-06-03 08:35:18.485495,54.264934,-166.024655,1470.0,146.84,1470.0,146.84
2017-06-03 08:35:18.984695,54.264962,-166.024608,1470.0,146.65,1470.0,146.65
2017-06-03 08:35:19.483896,54.264971,-166.024592,1470.0,146.46,1470.0,146.28
2017-06-03 08:35:19.998697,54.265001,-166.024543,1470.0,146.09,1470.0,146.09
2017-06-03 08:35:20.497896,54.265009,-166.024528,1470.0,146.09,1470.0,146.09
2017-06-03 08:35:20.997099,54.265035,-166.024481,1470.0,146.09,1470.0,146.09
2017-06-03 08:35:21.496300,54.265044,-166.024465,1470.0,146.28,1470.0,146.09
2017-06-03 08:35:21.995501,54.265073,-166.024418,1470.0,146.28,1470.0,146.28
2017-06-03 08:35:22.494701,54.265081,-166.024402,1470.0,146.09,1470.0,146.09
2017-06-03 08:35:22.993902,54.265105,-166.024353,1470.0,145.9,1470.0,145.9
2017-06-03 08:35:23.493103,54.265114,-166.024337,1470.0,145.71,1470.0,145.71
2017-06-03 08:35:23.992304,54.26514,-166.024288,1470.0,145.71,1470.0,145.52
2017-06-03 08:35:24.491505,54.265148,-166.024272,1470.0,145.52,1470.0,145.71
2017-06-03 08:35:24.990705,54.265174,-166.024224,1470.0,145.34,1470.0,145.34
2017-06-03 08:35:25.489906,54.265182,-166.024208,1470.0,145.34,1470.0,145.34
2017-06-03 08:35:25.989107,54.265208,-166.024159,1470.0,145.34,1470.0,145.34
2017-06-03 08:35:26.488308,54.265217,-166.024144,1470.0,145.15,1470.0,145.15
2017-06-03 08:35:26.987511,54.265245,-166.024096,1470.0,144.96,1470.0,144.96
2017-06-03 08:35:27.486710,54.265254,-166.02408,1470.0,144.77,1470.0,144.77
2017-06-03 08:35:27.985912,54.26528,-166.024033,1470.0,144.58,1470.0,144.58
2017-06-03 08:35:28.485111,54.265289,-166.024017,1470.0,144.58,1470.0,144.58
2017-06-03 08:35:28.984312,54.265317,-166.023969,1470.0,144.58,1470.0,144.58
2017-06-03 08:35:29.499113,54.265326,-166.023952,1470.0,144.77,1470.0,144.77
2017-06-03 08:35:29.998314,54.265351,-166.023903,1470.0,144.77,1470.0,144.77
2017-06-03 08:35:30.497515,54.26536,-166.023886,1470.0,144.58,1470.0,144.58
2017-06-03 08:35:30.996716,54.265388,-166.023835,1470.0,144.4,1470.0,144.4
2017-06-03 08:35:31.495916,54.265396,-166.023819,1470.0,144.4,1470.0,144.21
2017-06-03 08:35:31.995117,54.265423,-166.02377,1470.0,144.21,1470.0,144.21
2017-06-03 08:35:32.494320,54.265431,-166.023754,1470.0,144.58,1470.0,144.21
2017-06-03 08:35:32.993519,54.265457,-166.023706,1470.0,144.4,1470.0,144.21
2017-06-03 08:35:33.492722,54.265465,-166.02369,1470.0,144.21,1470.0,144.21
2017-06-03 08:35:33.991920,54.265492,-166.023643,1470.0,144.21,1470.0,144.21
2017-06-03 08:35:34.491123,54.265501,-166.023627,1470.0,144.02,1470.0,143.83
2017-06-03 08:35:34.990322,54.265528,-166.023579,1470.0,143.64,1470.0,143.45
2017-06-03 08:35:35.489525,54.265537,-166.023564,1470.0,144.4,1470.0,143.27
2017-06-03 08:35:35.988724,54.265565,-166.023518,1470.0,143.27,1470.0,143.27
2017-06-03 08:35:36.487926,54.265573,-166.023503,1470.0,143.08,1470.0,143.08
2017-06-03 08:35:36.987127,54.265599,-166.023458,1470.0,143.08,1470.0,143.27
2017-06-03 08:35:37.486328,54.265607,-166.023442,1470.0,143.27,1470.0,143.27
2017-06-03 08:35:37.985529,54.265632,-166.023393,1470.0,143.27,1470.0,143.27
2017-06-03 08:35:38.484730,54.26564,-166.023377,1470.0,143.08,1470.0,143.08
2017-06-03 08:35:38.983931,54.265666,-166.023329,1470.0,143.27,1470.0,143.08
2017-06-03 08:35:39.498730,54.265676,-166.023311,1470.0,143.27,1470.0,142.89
2017-06-03 08:35:39.997932,54.265703,-166.02326,1470.0,143.27,1470.0,143.08
2017-06-03 08:35:40.497131,54.265711,-166.023244,1470.0,143.45,1470.0,143.08
2017-06-03 08:35:40.996334,54.265735,-166.023196,1470.0,143.45,1470.0,143.27
2017-06-03 08:35:41.495535,54.265744,-166.023179,1470.0,143.27,1470.0,143.08
2017-06-03 08:35:41.994736,54.265771,-166.023128,1470.0,143.08,1470.0,143.08
2017-06-03 08:35:42.493937,54.26578,-166.023113,1470.0,142.89,1470.0,142.89
2017-06-03 08:35:42.993137,54.265807,-166.023066,1470.0,142.51,1470.0,142.51
2017-06-03 08:35:43.492338,54.265816,-166.02305,1470.0,142.51,1470.0,142.51
2017-06-03 08:35:43.991539,54.265845,-166.023003,1470.0,142.33,1470.0,142.33
2017-06-03 08:35:44.490740,54.265854,-166.022987,1470.0,143.27,1470.0,142.33
2017-06-03 08:35:44.989941,54.265882,-166.022941,1470.0,142.33,1470.0,142.14
2017-06-03 08:35:45.489141,54.26589,-166.022925,1470.0,142.33,1470.0,142.14
2017-06-03 08:35:45.988342,54.265917,-166.022878,1470.0,142.14,1470.0,142.14
2017-06-03 08:35:46.487543,54.265925,-166.022861,1470.0,142.14,1470.0,142.14
2017-06-03 08:35:46.986746,54.26595,-166.022811,1470.0,142.14,1470.0,141.95
2017-06-03 08:35:47.485945,54.265958,-166.022795,1470.0,142.33,1470.0,141.95
2017-06-03 08:35:47.985147,54.265984,-166.022746,1470.0,141.95,1470.0,141.95
2017-06-03 08:35:48.484346,54.265992,-166.02273,1470.0,141.76,1470.0,141.76
2017-06-03 08:35:48.999147,54.266017,-166.022679,1470.0,141.76,1470.0,141.57
2017-06-03 08:35:49.498348,54.266026,-166.022663,1470.0,141.57,1470.0,141.57
2017-06-03 08:35:49.997549,54.266053,-166.022615,1470.0,141.57,1470.0,141.38
2017-06-03 08:35:50.496750,54.266061,-166.022599,1470.0,141.76,1470.0,141.57
2017-06-03 08:35:50.995951,54.266085,-166.022551,1470.0,141.76,1470.0,19.08
2017-06-03 08:35:51.495152,54.266094,-166.022535,1470.0,141.95,1470.0,141.76
2017-06-03 08:35:51.994352,54.26612,-166.022486,1470.0,141.95,1470.0,141.95
2017-06-03 08:35:52.493555,54.266129,-166.02247,1470.0,141.76,1470.0,141.76
2017-06-03 08:35:52.992754,54.266155,-166.022421,1470.0,141.76,1470.0,141.76
2017-06-03 08:35:53.491957,54.266164,-166.022405,1470.0,141.57,1470.0,141.57
2017-06-03 08:35:53.991156,54.266192,-166.022355,1470.0,141.38,1470.0,141.38
2017-06-03 08:35:54.490358,54.2662,-166.022338,1470.0,141.38,1470.0,141.2
2017-06-03 08:35:54.989557,54.266227,-166.022289,1470.0,141.2,1470.0,141.2
2017-06-03 08:35:55.488760,54.266236,-166.022274,1470.0,141.2,1470.0,141.2
2017-06-03 08:35:55.987959,54.266263,-166.022228,1470.0,141.2,1470.0,141.2
2017-06-03 08:35:56.487162,54.266272,-166.022212,1470.0,141.2,1470.0,141.2
2017-06-03 08:35:56.986361,54.266298,-166.022164,1470.0,141.01,1470.0,141.01
2017-06-03 08:35:57.485563,54.266307,-166.022149,1470.0,141.01,1470.0,140.82
2017-06-03 08:35:57.984764,54.266335,-166.022103,1470.0,140.82,1470.0,140.63
2017-06-03 08:35:58.483965,54.266343,-166.022087,1470.0,140.63,1470.0,140.63
2017-06-03 08:35:58.998766,54.266369,-166.022038,1470.0,141.2,1470.0,140.82
2017-06-03 08:35:59.497965,54.266377,-166.022021,1470.0,141.01,1470.0,140.82
2017-06-03 08:35:59.997168,54.266404,-166.021971,1470.0,140.82,1470.0,140.82
2017-06-03 08:36:00.496367,54.266413,-166.021956,1470.0,141.01,1470.0,140.82
2017-06-03 08:36:00.995569,54.266439,-166.021909,1470.0,141.2,1470.0,141.01
2017-06-03 08:36:01.494768,54.266447,-166.021894,1470.0,140.82,1470.0,140.63
2017-06-03 08:36:01.993971,54.266473,-166.021846,1470.0,141.01,1470.0,140.63
2017-06-03 08:36:02.493172,54.266482,-166.02183,1470.0,141.01,1470.0,140.82
2017-06-03 08:36:02.992373,54.26651,-166.021783,1470.0,140.63,1470.0,140.63
2017-06-03 08:36:03.491573,54.266519,-166.021766,1470.0,140.63,1470.0,140.63
2017-06-03 08:36:03.990774,54.266546,-166.021716,1470.0,140.63,1470.0,140.44
2017-06-03 08:36:04.489975,54.266555,-166.021701,1470.0,140.44,1470.0,140.44
2017-06-03 08:36:04.989176,54.266582,-166.021654,1470.0,140.26,1470.0,140.26
2017-06-03 08:36:05.488377,54.266591,-166.021639,1470.0,140.26,1470.0,140.26
2017-06-03 08:36:05.987577,54.266618,-166.021591,1470.0,140.26,1470.0,140.07
2017-06-03 08:36:06.486778,54.266627,-166.021575,1470.0,140.44,1470.0,140.26
2017-06-03 08:36:06.985981,54.266653,-166.021528,1470.0,140.26,1470.0,140.26
2017-06-03 08:36:07.485180,54.266662,-166.021511,1470.0,140.26,1470.0,140.26
2017-06-03 08:36:07.984383,54.266688,-166.021461,1470.0,140.07,1470.0,140.07
2017-06-03 08:36:08.499182,54.266698,-166.021444,1470.0,140.07,1470.0,140.07
2017-06-03 08:36:08.998383,54.266724,-166.021396,1470.0,140.07,1470.0,139.88
2017-06-03 08:36:09.497583,54.266732,-166.02138,1470.0,139.88,1470.0,139.88
2017-06-03 08:36:09.996784,54.266758,-166.021331,1470.0,139.88,1470.0,139.69
2017-06-03 08:36:10.495985,54.266766,-166.021316,1470.0,139.88,1470.0,139.69
2017-06-03 08:36:10.995186,54.266793,-166.021269,1470.0,139.69,1470.0,139.69
2017-06-03 08:36:11.494387,54.266802,-166.021254,1470.0,139.69,1470.0,139.69
2017-06-03 08:36:11.993587,54.266828,-166.021206,1470.0,139.69,1470.0,139.5
2017-06-03 08:36:12.492790,54.266837,-166.02119,1470.0,139.69,1470.0,139.5
2017-06-03 08:36:12.991989,54.266863,-166.021143,1470.0,139.69,1470.0,139.69
2017-06-03 08:36:13.491192,54.266872,-166.021127,1470.0,139.69,1470.0,139.69
2017-06-03 08:36:13.990391,54.266898,-166.021079,1470.0,139.88,1470.0,139.69
2017-06-03 08:36:14.489594,54.266908,-166.021064,1470.0,139.5,1470.0,139.5
2017-06-03 08:36:14.988792,54.266937,-166.021016,1470.0,139.5,1470.0,139.31
2017-06-03 08:36:15.487995,54.266945,-166.021,1470.0,139.31,1470.0,139.31
2017-06-03 08:36:15.987194,54.266972,-166.020953,1470.0,139.5,1470.0,139.5
2017-06-03 08:36:16.486397,54.26698,-166.020937,1470.0,139.5,1470.0,139.5
2017-06-03 08:36:16.985596,54.267005,-166.020888,1470.0,139.5,1470.0,139.5
2017-06-03 08:36:17.484798,54.267013,-166.020872,1470.0,139.5,1470.0,139.5
2017-06-03 08:36:17.983999,54.267039,-166.020824,1470.0,139.5,1470.0,139.31
2017-06-03 08:36:18.498800,54.267048,-166.020807,1470.0,139.13,1470.0,139.13
2017-06-03 08:36:18.998001,54.267075,-166.020759,1470.0,138.94,1470.0,138.94
2017-06-03 08:36:19.497202,54.267084,-166.020744,1470.0,138.75,1470.0,138.75
2017-06-03 08:36:19.996403,54.267111,-166.020696,1470.0,138.75,1470.0,138.75
2017-06-03 08:36:20.495602,54.267119,-166.020681,1470.0,138.75,1470.0,138.75
2017-06-03 08:36:20.994804,54.267145,-166.020636,1470.0,138.75,1470.0,138.75
2017-06-03 08:36:21.494003,54.267153,-166.02062,1470.0,138.94,1470.0,138.75
2017-06-03 08:36:21.993206,54.267179,-166.020571,1470.0,139.13,1470.0,138.75
2017-06-03 08:36:22.492405,54.267187,-166.020555,1470.0,138.94,1470.0,138.94
2017-06-03 08:36:22.991608,54.267213,-166.020506,1470.0,138.94,1470.0,138.94
2017-06-03 08:36:23.490808,54.267221,-166.02049,1470.0,139.13,1470.0,138.94
2017-06-03 08:36:23.990009,54.267245,-166.02044,1470.0,139.31,1470.0,138.94
2017-06-03 08:36:24.489210,54.267254,-166.020423,1470.0,139.13,1470.0,138.75
2017-06-03 08:36:24.988411,54.267282,-166.020374,1470.0,139.13,1470.0,138.75
2017-06-03 08:36:25.487612,54.26729,-166.020359,1470.0,138.75,1470.0,138.56
2017-06-03 08:36:25.986813,54.267317,-166.020311,1470.0,138.37,1470.0,138.37
2017-06-03 08:36:26.486013,54.267325,-166.020296,1470.0,139.13,1470.0,138.37
2017-06-03 08:36:26.985214,54.267351,-166.020249,1470.0,138.37,1470.0,138.19
2017-06-03 08:36:27.484415,54.26736,-166.020233,1470.0,138.19,1470.0,138.19
2017-06-03 08:36:27.999216,54.267389,-166.020183,1470.0,138.19,1470.0,138.19
2017-06-03 08:36:28.498417,54.267398,-166.020168,1470.0,138.19,1470.0,138.19
2017-06-03 08:36:28.997618,54.267424,-166.020121,1470.0,139.69,1470.0,138.19
2017-06-03 08:36:29.496819,54.267432,-166.020105,1470.0,138.0,1470.0,138.0
2017-06-03 08:36:29.996019,54.267458,-166.020056,1470.0,138.19,1470.0,138.56
2017-06-03 08:36:30.495220,54.267466,-166.020041,1470.0,138.0,1470.0,138.0
2017-06-03 08:36:30.994421,54.267492,-166.019993,1470.0,138.0,1470.0,138.0
2017-06-03 08:36:31.493622,54.2675,-166.019977,1470.0,138.0,1470.0,138.19
2017-06-03 08:36:31.992823,54.267524,-166.019928,1470.0,138.0,1470.0,137.81
2017-06-03 08:36:32.492025,54.267532,-166.019912,1470.0,138.0,1470.0,138.0
2017-06-03 08:36:32.991224,54.267558,-166.019863,1470.0,137.81,1470.0,137.81
2017-06-03 08:36:33.490427,54.267567,-166.019846,1470.0,137.62,1470.0,137.62
2017-06-03 08:36:33.989626,54.267592,-166.019796,1470.0,137.62,1470.0,137.43
2017-06-03 08:36:34.488829,54.2676,-166.01978,1470.0,137.62,1470.0,137.43
2017-06-03 08:36:34.988028,54.267627,-166.019733,1470.0,137.43,1470.0,137.43
2017-06-03 08:36:35.487230,54.267636,-166.019717,1470.0,137.62,1470.0,137.43
2017-06-03 08:36:35.986429,54.267663,-166.019669,1470.0,137.62,1470.0,137.62
2017-06-03 08:36:36.485632,54.267672,-166.019653,1470.0,137.81,1470.0,137.81
2017-06-03 08:36:36.984831,54.267697,-166.019604,1470.0,138.0,1470.0,137.81
2017-06-03 08:36:37.484034,54.267705,-166.019588,1470.0,137.81,1470.0,137.81
2017-06-03 08:36:37.998835,54.267733,-166.019535,1470.0,137.62,1470.0,137.81
2017-06-03 08:36:38.498035,54.267741,-166.019519,1470.0,137.81,1470.0,137.43
2017-06-03 08:36:38.997236,54.267767,-166.019471,1470.0,137.24,1470.0,137.24
2017-06-03 08:36:39.496437,54.267776,-166.019455,1470.0,137.06,1470.0,137.06
2017-06-03 08:36:39.995638,54.267803,-166.019406,1470.0,136.87,1470.0,136.87
2017-06-03 08:36:40.494839,54.267811,-166.019391,1470.0,136.87,1470.0,136.87
2017-06-03 08:36:40.994040,54.267838,-166.019344,1470.0,136.87,1470.0,136.87
2017-06-03 08:36:41.493240,54.267847,-166.019329,1470.0,136.87,1470.0,136.87
2017-06-03 08:36:41.992441,54.267872,-166.019281,1470.0,137.06,1470.0,136.68
2017-06-03 08:36:42.491640,54.26788,-166.019265,1470.0,136.87,1470.0,136.68
2017-06-03 08:36:42.990843,54.267907,-166.019216,1470.0,136.68,1470.0,136.68
2017-06-03 08:36:43.490044,54.267915,-166.0192,1470.0,136.87,1470.0,136.68
2017-06-03 08:36:43.989244,54.26794,-166.019153,1470.0,136.87,1470.0,136.87
2017-06-03 08:36:44.488445,54.267948,-166.019137,1470.0,136.87,1470.0,136.68
2017-06-03 08:36:44.987646,54.267974,-166.019088,1470.0,136.87,1470.0,136.68
2017-06-03 08:36:45.486847,54.267982,-166.019072,1470.0,136.87,1470.0,136.87
2017-06-03 08:36:45.986048,54.26801,-166.019023,1470.0,5.34,1470.0,136.87
2017-06-03 08:36:46.485249,54.268019,-166.019007,1470.0,136.87,1470.0,136.87
2017-06-03 08:36:46.984449,54.268044,-166.018961,1470.0,136.87,1470.0,136.68
2017-06-03 08:36:47.499250,54.268054,-166.018943,1470.0,136.68,1470.0,136.68
2017-06-03 08:36:47.998451,54.268083,-166.018895,1470.0,136.49,1470.0,136.49
2017-06-03 08:36:48.497652,54.268091,-166.01888,1470.0,136.3,1470.0,137.24
2017-06-03 08:36:48.996853,54.268118,-166.018834,1470.0,136.3,1470.0,136.12
2017-06-03 08:36:49.496054,54.268127,-166.018819,1470.0,136.12,1470.0,136.12
2017-06-03 08:36:49.995255,54.268155,-166.018771,1470.0,136.12,1470.0,136.12
2017-06-03 08:36:50.494455,54.268164,-166.018755,1470.0,136.12,1470.0,136.12
2017-06-03 08:36:50.993656,54.26819,-166.018706,1470.0,136.12,1470.0,136.12
2017-06-03 08:36:51.492857,54.268198,-166.01869,1470.0,136.12,1470.0,136.12
2017-06-03 08:36:51.992058,54.268224,-166.018641,1470.0,136.3,1470.0,136.12
2017-06-03 08:36:52.491259,54.268232,-166.018625,1470.0,136.3,1470.0,136.12
2017-06-03 08:36:52.990459,54.268257,-166.018576,1470.0,136.12,1470.0,136.12
2017-06-03 08:36:53.489662,54.268265,-166.01856,1470.0,136.12,1470.0,136.12
2017-06-03 08:36:53.988861,54.268292,-166.01851,1470.0,135.93,1470.0,135.93
2017-06-03 08:36:54.488064,54.2683,-166.018494,1470.0,135.93,1470.0,135.74
2017-06-03 08:36:54.987263,54.268327,-166.018446,1470.0,135.93,1470.0,135.74
2017-06-03 08:36:55.486465,54.268335,-166.018431,1470.0,135.74,1470.0,135.55
2017-06-03 08:36:55.985664,54.268362,-166.018384,1470.0,135.55,1470.0,135.55
2017-06-03 08:36:56.484867,54.268371,-166.018369,1470.0,135.55,1470.0,135.55
2017-06-03 08:36:56.984066,54.268398,-166.018324,1470.0,135.55,1470.0,135.55
2017-06-03 08:36:57.498869,54.268408,-166.018307,1470.0,135.74,1470.0,135.36
2017-06-03 08:36:57.998070,54.268436,-166.018258,1470.0,135.55,1470.0,135.36
2017-06-03 08:36:58.497271,54.268444,-166.018242,1470.0,135.55,1470.0,135.55
2017-06-03 08:36:58.996471,54.268469,-166.018194,1470.0,135.55,1470.0,135.55
2017-06-03 08:36:59.495672,54.268477,-166.018178,1470.0,135.55,1470.0,135.55
2017-06-03 08:36:59.994873,54.268503,-166.018129,1470.0,135.55,1470.0,135.55
2017-06-03 08:37:00.494074,54.268512,-166.018113,1470.0,135.74,1470.0,135.55
2017-06-03 08:37:00.993275,54.268538,-166.018063,1470.0,135.55,1470.0,135.55
2017-06-03 08:37:01.492476,54.268547,-166.018047,1470.0,135.55,1470.0,135.55
2017-06-03 08:37:01.991676,54.268573,-166.017998,1470.0,135.55,1470.0,135.36
2017-06-03 08:37:02.490877,54.268582,-166.017982,1470.0,135.36,1470.0,135.36
2017-06-03 08:37:02.990078,54.268608,-166.017933,1470.0,135.36,1470.0,135.18
2017-06-03 08:37:03.489279,54.268617,-166.017917,1470.0,135.18,1470.0,135.18
2017-06-03 08:37:03.988480,54.268643,-166.017869,1470.0,134.99,1470.0,134.99
2017-06-03 08:37:04.487680,54.268652,-166.017854,1470.0,134.99,1470.0,135.93
2017-06-03 08:37:04.986881,54.26868,-166.017808,1470.0,134.99,1470.0,134.8
2017-06-03 08:37:05.486082,54.268689,-166.017792,1470.0,134.99,1470.0,134.8
2017-06-03 08:37:05.985283,54.268715,-166.017743,1470.0,134.99,1470.0,134.99
2017-06-03 08:37:06.484484,54.268724,-166.017727,1470.0,134.99,1470.0,134.8
2017-06-03 08:37:06.999285,54.26875,-166.017679,1470.0,134.8,1470.0,134.8
2017-06-03 08:37:07.498486,54.268759,-166.017663,1470.0,134.8,1470.0,134.8
2017-06-03 08:37:07.997686,54.268788,-166.017615,1470.0,134.61,1470.0,134.61
2017-06-03 08:37:08.496887,54.268796,-166.017599,1470.0,134.8,1470.0,134.61
2017-06-03 08:37:08.996090,54.26882,-166.017551,1470.0,134.8,1470.0,134.8
2017-06-03 08:37:09.495289,54.268829,-166.017535,1470.0,135.18,1470.0,134.8
2017-06-03 08:37:09.994490,54.268856,-166.017485,1470.0,134.99,1470.0,134.8
2017-06-03 08:37:10.493690,54.268864,-166.017469,1470.0,134.8,1470.0,134.8
2017-06-03 08:37:10.992891,54.26889,-166.017421,1470.0,134.8,1470.0,134.61
2017-06-03 08:37:11.492092,54.268899,-166.017405,1470.0,134.61,1470.0,134.61
2017-06-03 08:37:11.991293,54.268925,-166.017356,1470.0,134.61,1470.0,134.61
2017-06-03 08:37:12.490494,54.268934,-166.01734,1470.0,134.61,1470.0,134.42
2017-06-03 08:37:12.989695,54.268962,-166.017293,1470.0,134.61,1470.0,134.61
2017-06-03 08:37:13.488895,54.26897,-166.017277,1470.0,134.8,1470.0,134.8
2017-06-03 08:37:13.988096,54.268997,-166.017228,1470.0,134.8,1470.0,134.8
2017-06-03 08:37:14.487299,54.269005,-166.017212,1470.0,134.8,1470.0,134.8
2017-06-03 08:37:14.986498,54.26903,-166.017164,1470.0,134.61,1470.0,134.61
2017-06-03 08:37:15.485701,54.269039,-166.017148,1470.0,134.42,1470.0,134.42
2017-06-03 08:37:15.984900,54.269065,-166.017099,1470.0,134.23,1470.0,134.23
2017-06-03 08:37:16.484102,54.269074,-166.017084,1470.0,134.05,1470.0,133.86
2017-06-03 08:37:16.998901,54.2691,-166.017036,1470.0,134.05,1470.0,134.05
2017-06-03 08:37:17.498104,54.269109,-166.01702,1470.0,134.23,1470.0,134.23
2017-06-03 08:37:17.997303,54.269136,-166.01697,1470.0,134.23,1470.0,134.42
2017-06-03 08:37:18.496506,54.269144,-166.016954,1470.0,134.42,1470.0,134.42
2017-06-03 08:37:18.995707,54.269169,-166.016906,1470.0,134.42,1470.0,134.23
2017-06-03 08:37:19.494907,54.269177,-166.01689,1470.0,134.23,1470.0,134.23
2017-06-03 08:37:19.994108,54.269203,-166.01684,1470.0,134.23,1470.0,134.05
2017-06-03 08:37:20.493309,54.269212,-166.016824,1470.0,134.23,1470.0,134.05
2017-06-03 08:37:20.992510,54.269238,-166.016776,1470.0,134.23,1470.0,134.05
2017-06-03 08:37:21.491711,54.269247,-166.01676,1470.0,134.23,1470.0,134.23
2017-06-03 08:37:21.990911,54.269272,-166.016711,1470.0,134.23,1470.0,134.05
2017-06-03 08:37:22.490112,54.269281,-166.016695,1470.0,134.05,1470.0,134.23
2017-06-03 08:37:22.989313,54.269308,-166.016646,1470.0,134.23,1470.0,134.05
2017-06-03 08:37:23.488514,54.269317,-166.01663,1470.0,134.05,1470.0,133.86
2017-06-03 08:37:23.987715,54.269345,-166.016583,1470.0,133.86,1470.0,133.86
2017-06-03 08:37:24.486916,54.269354,-166.016567,1470.0,133.86,1470.0,133.86
2017-06-03 08:37:24.986116,54.26938,-166.016518,1470.0,134.05,1470.0,133.86
2017-06-03 08:37:25.485317,54.269389,-166.016502,1470.0,134.05,1470.0,133.86
2017-06-03 08:37:25.984518,54.269415,-166.016454,1470.0,133.86,1470.0,133.86
2017-06-03 08:37:26.499319,54.269424,-166.016437,1470.0,133.86,1470.0,133.86
2017-06-03 08:37:26.998520,54.269449,-166.016389,1470.0,134.05,1470.0,133.67
2017-06-03 08:37:27.497721,54.269457,-166.016373,1470.0,133.67,1470.0,133.67
2017-06-03 08:37:27.996922,54.269483,-166.016321,1470.0,133.67,1470.0,133.67
2017-06-03 08:37:28.496122,54.269491,-166.016305,1470.0,133.48,1470.0,133.48
2017-06-03 08:37:28.995325,54.269515,-166.016256,1470.0,133.67,1470.0,133.48
2017-06-03 08:37:29.494524,54.269523,-166.01624,1470.0,133.48,1470.0,133.67
2017-06-03 08:37:29.993727,54.269547,-166.016191,1470.0,133.48,1470.0,133.48
2017-06-03 08:37:30.492926,54.269555,-166.016175,1470.0,133.67,1470.0,133.48
2017-06-03 08:37:30.992126,54.269582,-166.016125,1470.0,133.67,1470.0,133.48
2017-06-03 08:37:31.491327,54.26959,-166.016108,1470.0,133.67,1470.0,133.67
2017-06-03 08:37:31.990528,54.269614,-166.016059,1470.0,133.86,1470.0,133.67
2017-06-03 08:37:32.489729,54.269622,-166.016043,1470.0,133.86,1470.0,133.86
2017-06-03 08:37:32.988930,54.269648,-166.015993,1470.0,133.86,1470.0,133.67
2017-06-03 08:37:33.488131,54.269657,-166.015976,1470.0,133.67,1470.0,133.67
2017-06-03 08:37:33.987331,54.269682,-166.015926,1470.0,133.67,1470.0,133.67
2017-06-03 08:37:34.486534,54.26969,-166.01591,1470.0,133.48,1470.0,133.67
2017-06-03 08:37:34.985733,54.269717,-166.015861,1470.0,133.48,1470.0,133.29
2017-06-03 08:37:35.484936,54.269725,-166.015845,1470.0,133.48,1470.0,133.29
2017-06-03 08:37:35.984135,54.269752,-166.015798,1470.0,133.29,1470.0,133.29
2017-06-03 08:37:36.498938,54.269761,-166.015781,1470.0,133.48,1470.0,133.29
2017-06-03 08:37:36.998137,54.269787,-166.015734,1470.0,133.29,1470.0,133.29
2017-06-03 08:37:37.497339,54.269795,-166.015718,1470.0,133.48,1470.0,133.29
2017-06-03 08:37:37.996538,54.269821,-166.01567,1470.0,133.48,1470.0,133.29
2017-06-03 08:37:38.495741,54.269829,-166.015654,1470.0,133.48,1470.0,133.29
2017-06-03 08:37:38.994940,54.269854,-166.015606,1470.0,133.29,1470.0,133.29
2017-06-03 08:37:39.494143,54.269862,-166.01559,1470.0,133.29,1470.0,133.29
2017-06-03 08:37:39.993343,54.269887,-166.015543,1470.0,133.29,1470.0,133.29
2017-06-03 08:37:40.492544,54.269895,-166.015527,1470.0,133.48,1470.0,133.11
2017-06-03 08:37:40.991745,54.26992,-166.015479,1470.0,133.11,1470.0,133.11
2017-06-03 08:37:41.490946,54.269929,-166.015464,1470.0,133.29,1470.0,133.29
2017-06-03 08:37:41.990147,54.269955,-166.015418,1470.0,133.11,1470.0,133.29
2017-06-03 08:37:42.489347,54.269964,-166.015402,1470.0,133.29,1470.0,133.11
2017-06-03 08:37:42.988548,54.26999,-166.015356,1470.0,133.29,1470.0,133.29
2017-06-03 08:37:43.487749,54.269999,-166.01534,1470.0,133.29,1470.0,9.48
2017-06-03 08:37:43.986950,54.270025,-166.015293,1470.0,133.29,1470.0,133.29
2017-06-03 08:37:44.486151,54.270034,-166.015278,1470.0,133.29,1470.0,133.29
2017-06-03 08:37:44.985352,54.270059,-166.015232,1470.0,133.29,1470.0,133.29
2017-06-03 08:37:45.484552,54.270068,-166.015217,1470.0,133.29,1470.0,133.29
2017-06-03 08:37:45.999353,54.270096,-166.015166,1470.0,133.29,1470.0,133.29
2017-06-03 08:37:46.498554,54.270104,-166.015151,1470.0,133.29,1470.0,133.29
2017-06-03 08:37:46.997755,54.27013,-166.015104,1470.0,133.29,1470.0,133.29
2017-06-03 08:37:47.496956,54.270139,-166.015088,1470.0,133.29,1470.0,133.29
2017-06-03 08:37:47.996157,54.270166,-166.015038,1470.0,133.29,1470.0,133.11
2017-06-03 08:37:48.495358,54.270174,-166.015023,1470.0,133.29,1470.0,133.29
2017-06-03 08:37:48.994558,54.2702,-166.014978,1470.0,133.29,1470.0,133.29
2017-06-03 08:37:49.493759,54.270209,-166.014962,1470.0,133.29,1470.0,133.11
2017-06-03 08:37:49.992962,54.270235,-166.014914,1470.0,133.29,1470.0,133.11
2017-06-03 08:37:50.492161,54.270244,-166.014899,1470.0,133.11,1470.0,133.11
2017-06-03 08:37:50.991364,54.27027,-166.014853,1470.0,132.92,1470.0,132.92
2017-06-03 08:37:51.490562,54.270279,-166.014838,1470.0,132.92,1470.0,133.86
2017-06-03 08:37:51.989763,54.270307,-166.014793,1470.0,132.92,1470.0,132.73
2017-06-03 08:37:52.488964,54.270315,-166.014777,1470.0,132.92,1470.0,133.11
2017-06-03 08:37:52.988165,54.27034,-166.014729,1470.0,133.11,1470.0,133.11
2017-06-03 08:37:53.487366,54.270348,-166.014713,1470.0,133.29,1470.0,133.29
2017-06-03 08:37:53.986567,54.270374,-166.014664,1470.0,133.48,1470.0,133.48
2017-06-03 08:37:54.485769,54.270381,-166.014649,1470.0,133.48,1470.0,133.67
2017-06-03 08:37:54.984968,54.270405,-166.014601,1470.0,133.67,1470.0,133.48
2017-06-03 08:37:55.484171,54.270413,-166.014585,1470.0,133.48,1470.0,133.29
2017-06-03 08:37:55.998970,54.270441,-166.014533,1470.0,133.29,1470.0,133.29
2017-06-03 08:37:56.498173,54.270449,-166.014518,1470.0,133.29,1470.0,133.11
2017-06-03 08:37:56.997372,54.270475,-166.014474,1470.0,133.11,1470.0,133.29
2017-06-03 08:37:57.496574,54.270484,-166.014459,1470.0,133.11,1470.0,133.11
2017-06-03 08:37:57.995773,54.270513,-166.014411,1470.0,134.42,1470.0,133.11
2017-06-03 08:37:58.494976,54.270521,-166.014396,1470.0,133.11,1470.0,133.11
2017-06-03 08:37:58.994175,54.270547,-166.014351,1470.0,133.11,1470.0,133.11
2017-06-03 08:37:59.493378,54.270555,-166.014336,1470.0,133.11,1470.0,133.11
2017-06-03 08:37:59.992579,54.270582,-166.014291,1470.0,133.11,1470.0,133.11
2017-06-03 08:38:00.491779,54.27059,-166.014275,1470.0,133.11,1470.0,133.11
2017-06-03 08:38:00.990980,54.270615,-166.014228,1470.0,133.11,1470.0,133.11
2017-06-03 08:38:01.490181,54.270623,-166.014212,1470.0,132.92,1470.0,132.92
2017-06-03 08:38:01.989382,54.270649,-166.014164,1470.0,133.11,1470.0,132.92
2017-06-03 08:38:02.488583,54.270657,-166.014148,1470.0,133.11,1470.0,133.11
2017-06-03 08:38:02.987783,54.270682,-166.014099,1470.0,133.29,1470.0,133.29
2017-06-03 08:38:03.486984,54.27069,-166.014083,1470.0,133.48,1470.0,133.48
2017-06-03 08:38:03.986185,54.270715,-166.014034,1470.0,133.67,1470.0,133.48
2017-06-03 08:38:04.485386,54.270723,-166.014019,1470.0,133.48,1470.0,133.48
2017-06-03 08:38:04.984587,54.270749,-166.013971,1470.0,133.29,1470.0,133.29
2017-06-03 08:38:05.483788,54.270757,-166.013956,1470.0,133.29,1470.0,133.29
2017-06-03 08:38:05.998589,54.270784,-166.013908,1470.0,133.29,1470.0,133.11
2017-06-03 08:38:06.497789,54.270793,-166.013893,1470.0,134.05,1470.0,133.11
2017-06-03 08:38:06.996990,54.270819,-166.013848,1470.0,133.29,1470.0,133.11
2017-06-03 08:38:07.496191,54.270827,-166.013832,1470.0,133.29,1470.0,133.11
2017-06-03 08:38:07.995392,54.270853,-166.013786,1470.0,133.29,1470.0,133.29
2017-06-03 08:38:08.494593,54.270862,-166.01377,1470.0,133.29,1470.0,134.23
2017-06-03 08:38:08.993793,54.270887,-166.013723,1470.0,133.29,1470.0,133.29
2017-06-03 08:38:09.492994,54.270895,-166.013707,1470.0,133.29,1470.0,133.29
2017-06-03 08:38:09.992195,54.270919,-166.013659,1470.0,133.29,1470.0,133.29
2017-06-03 08:38:10.491396,54.270927,-166.013643,1470.0,133.29,1470.0,133.29
2017-06-03 08:38:10.990599,54.270952,-166.013594,1470.0,133.29,1470.0,133.11
2017-06-03 08:38:11.489798,54.27096,-166.013578,1470.0,133.29,1470.0,133.29
2017-06-03 08:38:11.989000,54.270985,-166.013529,1470.0,133.29,1470.0,133.29
2017-06-03 08:38:12.488199,54.270993,-166.013514,1470.0,133.29,1470.0,133.29
2017-06-03 08:38:12.987400,54.271019,-166.013466,1470.0,133.48,1470.0,133.29
2017-06-03 08:38:13.486601,54.271027,-166.01345,1470.0,133.48,1470.0,133.48
2017-06-03 08:38:13.985802,54.271052,-166.013401,1470.0,133.48,1470.0,133.48
2017-06-03 08:38:14.485003,54.27106,-166.013386,1470.0,133.67,1470.0,133.67
2017-06-03 08:38:14.984203,54.271086,-166.013339,1470.0,133.48,1470.0,133.48
2017-06-03 08:38:15.499006,54.271095,-166.013322,1470.0,133.48,1470.0,133.29
2017-06-03 08:38:15.998205,54.271121,-166.013273,1470.0,133.29,1470.0,133.29
2017-06-03 08:38:16.497408,54.271129,-166.013258,1470.0,133.29,1470.0,133.29
2017-06-03 08:38:16.996607,54.271155,-166.013211,1470.0,133.29,1470.0,133.29
2017-06-03 08:38:17.495810,54.271163,-166.013196,1470.0,134.8,1470.0,133.48
2017-06-03 08:38:17.995008,54.271189,-166.013149,1470.0,133.67,1470.0,133.48
2017-06-03 08:38:18.494211,54.271196,-166.013133,1470.0,133.48,1470.0,133.48
2017-06-03 08:38:18.993410,54.27122,-166.013084,1470.0,133.67,1470.0,133.48
2017-06-03 08:38:19.492613,54.271228,-166.013069,1470.0,133.48,1470.0,133.48
2017-06-03 08:38:19.991814,54.271254,-166.013021,1470.0,133.48,1470.0,133.48
2017-06-03 08:38:20.491014,54.271261,-166.013005,1470.0,133.67,1470.0,133.48
2017-06-03 08:38:20.990215,54.271285,-166.012956,1470.0,133.67,1470.0,133.48
2017-06-03 08:38:21.489416,54.271293,-166.01294,1470.0,133.67,1470.0,133.67
2017-06-03 08:38:21.988617,54.271319,-166.012893,1470.0,133.67,1470.0,133.67
2017-06-03 08:38:22.487818,54.271327,-166.012877,1470.0,133.86,1470.0,133.67
2017-06-03 08:38:22.987019,54.271352,-166.012829,1470.0,133.86,1470.0,133.67
2017-06-03 08:38:23.486219,54.27136,-166.012814,1470.0,133.86,1470.0,133.86
2017-06-03 08:38:23.985420,54.271385,-166.012766,1470.0,134.23,1470.0,133.86
2017-06-03 08:38:24.484621,54.271393,-166.012751,1470.0,134.23,1470.0,134.05
2017-06-03 08:38:24.983822,54.271418,-166.012704,1470.0,134.23,1470.0,134.05
2017-06-03 08:38:25.498623,54.271427,-166.012687,1470.0,134.23,1470.0,134.05
2017-06-03 08:38:25.997824,54.271454,-166.01264,1470.0,134.23,1470.0,134.05
2017-06-03 08:38:26.497025,54.271463,-166.012624,1470.0,134.23,1470.0,134.05
2017-06-03 08:38:26.996225,54.271489,-166.012578,1470.0,134.05,1470.0,133.86
2017-06-03 08:38:27.495426,54.271497,-166.012562,1470.0,134.23,1470.0,134.23
2017-06-03 08:38:27.994627,54.271523,-166.012516,1470.0,134.23,1470.0,134.23
2017-06-03 08:38:28.493828,54.271532,-166.012501,1470.0,134.8,1470.0,134.61
2017-06-03 08:38:28.993029,54.271557,-166.012454,1470.0,135.18,1470.0,134.61
2017-06-03 08:38:29.492229,54.271565,-166.012439,1470.0,135.55,1470.0,134.8
2017-06-03 08:38:29.991430,54.27159,-166.012391,1470.0,136.12,1470.0,134.99
2017-06-03 08:38:30.490631,54.271598,-166.012375,1470.0,136.3,1470.0,135.36
2017-06-03 08:38:30.989834,54.271624,-166.012326,1470.0,137.62,1470.0,135.36
2017-06-03 08:38:31.489033,54.271632,-166.01231,1470.0,137.81,1470.0,135.93
2017-06-03 08:38:31.988235,54.271657,-166.012261,1470.0,138.19,1470.0,135.93
2017-06-03 08:38:32.487434,54.271665,-166.012246,1470.0,138.37,1470.0,135.74
2017-06-03 08:38:32.986637,54.271691,-166.012201,1470.0,137.62,1470.0,136.12
2017-06-03 08:38:33.485836,54.2717,-166.012185,1470.0,138.56,1470.0,136.12
2017-06-03 08:38:33.985039,54.271727,-166.012138,1470.0,137.43,1470.0,136.3
2017-06-03 08:38:34.484238,54.271735,-166.012123,1470.0,137.24,1470.0,136.68
2017-06-03 08:38:34.999039,54.27176,-166.012076,1470.0,137.43,1470.0,136.3
2017-06-03 08:38:35.498240,54.271769,-166.01206,1470.0,137.81,1470.0,136.49
2017-06-03 08:38:35.997440,54.271794,-166.012013,1470.0,138.0,1470.0,137.43
2017-06-03 08:38:36.496643,54.271802,-166.011998,1470.0,139.5,1470.0,137.62
2017-06-03 08:38:36.995842,54.271827,-166.011951,1470.0,140.07,1470.0,138.0
2017-06-03 08:38:37.495045,54.271835,-166.011935,1470.0,140.07,1470.0,138.19
2017-06-03 08:38:37.994244,54.271859,-166.011886,1470.0,140.44,1470.0,138.56
2017-06-03 08:38:38.493446,54.271867,-166.011871,1470.0,141.57,1470.0,138.56
2017-06-03 08:38:38.992645,54.27189,-166.011824,1470.0,141.95,1470.0,139.69
2017-06-03 08:38:39.491848,54.271898,-166.011808,1470.0,142.51,1470.0,140.07
2017-06-03 08:38:39.991047,54.271924,-166.011759,1470.0,143.45,1470.0,139.88
2017-06-03 08:38:40.490250,54.271932,-166.011744,1470.0,144.77,1470.0,140.63
2017-06-03 08:38:40.989450,54.271957,-166.011696,1470.0,144.77,1470.0,141.38
2017-06-03 08:38:41.488651,54.271965,-166.01168,1470.0,144.77,1470.0,140.44
2017-06-03 08:38:41.987852,54.271992,-166.011631,1470.0,145.71,1470.0,142.33
2017-06-03 08:38:42.487053,54.272,-166.011615,1470.0,145.15,1470.0,141.95
2017-06-03 08:38:42.986254,54.272027,-166.011568,1470.0,145.34,1470.0,141.95
2017-06-03 08:38:43.485455,54.272035,-166.011552,1470.0,145.34,1470.0,143.08
2017-06-03 08:38:43.984655,54.27206,-166.011506,1470.0,145.52,1470.0,142.7
2017-06-03 08:38:44.483856,54.272069,-166.011491,1470.0,146.28,1470.0,142.89
2017-06-03 08:38:44.998657,54.272095,-166.011443,1470.0,145.52,1470.0,143.83
2017-06-03 08:38:45.497858,54.272104,-166.011427,1470.0,145.9,1470.0,143.83
2017-06-03 08:38:45.997059,54.272131,-166.011378,1470.0,146.28,1470.0,144.21
2017-06-03 08:38:46.496260,54.272139,-166.011363,1470.0,146.84,1470.0,144.21
2017-06-03 08:38:46.995461,54.272164,-166.011318,1470.0,147.59,1470.0,144.4
2017-06-03 08:38:47.494661,54.272172,-166.011302,1470.0,147.59,1470.0,144.96
2017-06-03 08:38:47.993862,54.272197,-166.011256,1470.0,147.41,1470.0,146.09
2017-06-03 08:38:48.493063,54.272205,-166.011241,1470.0,148.72,1470.0,145.9
2017-06-03 08:38:48.992264,54.27223,-166.011194,1470.0,149.66,1470.0,144.4
2017-06-03 08:38:49.491465,54.272238,-166.011179,1470.0,149.1,1470.0,144.77
2017-06-03 08:38:49.990665,54.272264,-166.011133,1470.0,150.6,1470.0,146.65
2017-06-03 08:38:50.489866,54.272272,-166.011117,1470.0,150.79,1470.0,147.41
2017-06-03 08:38:50.989069,54.272297,-166.011069,1470.0,151.55,1470.0,148.53
2017-06-03 08:38:51.488268,54.272305,-166.011054,1470.0,151.36,1470.0,149.85
2017-06-03 08:38:51.987471,54.27233,-166.011006,1470.0,151.55,1470.0,146.28
2017-06-03 08:38:52.486670,54.272339,-166.010991,1470.0,152.3,1470.0,146.65
2017-06-03 08:38:52.985872,54.272364,-166.010946,1470.0,151.73,1470.0,149.66
2017-06-03 08:38:53.485071,54.272373,-166.01093,1470.0,152.67,1470.0,147.41
2017-06-03 08:38:53.984274,54.272402,-166.010883,1470.0,153.05,1470.0,149.48
2017-06-03 08:38:54.499073,54.272411,-166.010866,1470.0,152.3,1470.0,149.29
2017-06-03 08:38:54.998274,54.272437,-166.010819,1470.0,153.05,1470.0,149.48
2017-06-03 08:38:55.497475,54.272445,-166.010804,1470.0,153.99,1470.0,149.48
2017-06-03 08:38:55.996675,54.272472,-166.010758,1470.0,154.18,1470.0,151.17
2017-06-03 08:38:56.495878,54.27248,-166.010742,1470.0,154.74,1470.0,151.55
2017-06-03 08:38:56.995077,54.272507,-166.010694,1470.0,155.5,1470.0,152.49
2017-06-03 08:38:57.494280,54.272515,-166.010678,1470.0,155.68,1470.0,153.61
2017-06-03 08:38:57.993479,54.272542,-166.010629,1470.0,155.5,1470.0,153.24
2017-06-03 08:38:58.492682,54.27255,-166.010614,1470.0,155.5,1470.0,152.86
2017-06-03 08:38:58.991880,54.272575,-166.010566,1470.0,156.44,1470.0,150.98
2017-06-03 08:38:59.491083,54.272583,-166.010551,1470.0,157.0,1470.0,150.79
2017-06-03 08:38:59.990282,54.272609,-166.010504,1470.0,156.25,1470.0,154.18
2017-06-03 08:39:00.489485,54.272617,-166.010489,1470.0,157.0,1470.0,151.73
2017-06-03 08:39:00.988684,54.272643,-166.010443,1470.0,157.19,1470.0,153.99
2017-06-03 08:39:01.487886,54.272652,-166.010428,1470.0,157.0,1470.0,153.8
2017-06-03 08:39:01.987087,54.272678,-166.010383,1470.0,158.32,1470.0,155.12
2017-06-03 08:39:02.486288,54.272687,-166.010367,1470.0,157.75,1470.0,152.67
2017-06-03 08:39:02.985489,54.272713,-166.010321,1470.0,159.64,1470.0,153.61
2017-06-03 08:39:03.484690,54.272721,-166.010305,1470.0,159.64,1470.0,155.12
2017-06-03 08:39:03.983891,54.272747,-166.010256,1470.0,159.07,1470.0,153.43
2017-06-03 08:39:04.498692,54.272756,-166.010239,1470.0,159.45,1470.0,157.38
2017-06-03 08:39:04.997892,54.27278,-166.010193,1470.0,160.95,1470.0,156.81
2017-06-03 08:39:05.497091,54.272789,-166.010177,1470.0,160.2,1470.0,157.75
2017-06-03 08:39:05.996294,54.272815,-166.010129,1470.0,160.76,1470.0,155.12
2017-06-03 08:39:06.495495,54.272824,-166.010114,1470.0,161.14,1470.0,159.26
2017-06-03 08:39:06.994696,54.27285,-166.010066,1470.0,161.71,1470.0,155.5
2017-06-03 08:39:07.493896,54.272859,-166.01005,1470.0,161.89,1470.0,159.64
2017-06-03 08:39:07.993097,54.272885,-166.010003,1470.0,162.83,1470.0,160.01
2017-06-03 08:39:08.492298,54.272894,-166.009987,1470.0,163.96,1470.0,160.39
2017-06-03 08:39:08.991499,54.27292,-166.009938,1470.0,163.78,1470.0,159.82
2017-06-03 08:39:09.490700,54.272928,-166.009922,1470.0,164.15,1470.0,160.2
2017-06-03 08:39:09.989901,54.272954,-166.009874,1470.0,163.96,1470.0,160.76
2017-06-03 08:39:10.489101,54.272962,-166.009859,1470.0,163.96,1470.0,160.39
2017-06-03 08:39:10.988304,54.27299,-166.009813,1470.0,163.4,1470.0,160.01
2017-06-03 08:39:11.487503,54.272999,-166.009797,1470.0,164.15,1470.0,160.2
2017-06-03 08:39:11.986706,54.273025,-166.009751,1470.0,163.4,1470.0,161.71
2017-06-03 08:39:12.485905,54.273033,-166.009736,1470.0,164.9,1470.0,159.07
2017-06-03 08:39:12.985107,54.273058,-166.009689,1470.0,163.59,1470.0,161.52
2017-06-03 08:39:13.484306,54.273066,-166.009674,1470.0,163.96,1470.0,160.58
2017-06-03 08:39:13.999107,54.273094,-166.009625,1470.0,165.28,1470.0,159.07
2017-06-03 08:39:14.498308,54.273102,-166.009609,1470.0,164.53,1470.0,162.83
2017-06-03 08:39:14.997509,54.273127,-166.009563,1470.0,165.28,1470.0,161.89
2017-06-03 08:39:15.496710,54.273135,-166.009547,1470.0,165.85,1470.0,160.58
2017-06-03 08:39:15.995911,54.27316,-166.009499,1470.0,166.6,1470.0,163.4
2017-06-03 08:39:16.495113,54.273169,-166.009483,1470.0,167.35,1470.0,163.96
2017-06-03 08:39:16.994312,54.273195,-166.009434,1470.0,168.29,1470.0,164.53
2017-06-03 08:39:17.493515,54.273203,-166.009418,1470.0,169.04,1470.0,164.53
2017-06-03 08:39:17.992714,54.273229,-166.009369,1470.0,168.67,1470.0,166.03
2017-06-03 08:39:18.491917,54.273237,-166.009353,1470.0,169.04,1470.0,165.66
2017-06-03 08:39:18.991116,54.273263,-166.009304,1470.0,169.04,1470.0,165.28
2017-06-03 08:39:19.490318,54.273272,-166.009289,1470.0,168.86,1470.0,161.52
2017-06-03 08:39:19.989517,54.273298,-166.009241,1470.0,168.29,1470.0,165.85
2017-06-03 08:39:20.488720,54.273307,-166.009225,1470.0,167.92,1470.0,164.53
2017-06-03 08:39:20.987919,54.273333,-166.009176,1470.0,166.79,1470.0,164.9
2017-06-03 08:39:21.487122,54.273342,-166.009161,1470.0,166.6,1470.0,164.15
2017-06-03 08:39:21.986322,54.27337,-166.009114,1470.0,166.41,1470.0,165.09
2017-06-03 08:39:22.485523,54.273379,-166.009099,1470.0,166.79,1470.0,164.53
2017-06-03 08:39:22.984724,54.273404,-166.009052,1470.0,10.8,1470.0,163.96
2017-06-03 08:39:23.483925,54.273413,-166.009037,1470.0,166.6,1470.0,163.21
2017-06-03 08:39:23.998726,54.273441,-166.008986,1470.0,166.79,1470.0,163.96
2017-06-03 08:39:24.497927,54.273449,-166.008971,1470.0,167.54,1470.0,165.28
2017-06-03 08:39:24.997128,54.273474,-166.008926,1470.0,168.67,1470.0,165.66
2017-06-03 08:39:25.496328,54.273482,-166.00891,1470.0,168.67,1470.0,164.15
2017-06-03 08:39:25.995529,54.273507,-166.00886,1470.0,169.23,1470.0,166.97
2017-06-03 08:39:26.494728,54.273515,-166.008843,1470.0,170.74,1470.0,162.27
2017-06-03 08:39:26.993931,54.27354,-166.008794,1470.0,169.61,1470.0,166.6
2017-06-03 08:39:27.493132,54.273548,-166.008779,1470.0,170.74,1470.0,166.22
2017-06-03 08:39:27.992332,54.273574,-166.008731,1470.0,169.61,1470.0,167.16
2017-06-03 08:39:28.491533,54.273582,-166.008715,1470.0,170.93,1470.0,166.41
2017-06-03 08:39:28.990734,54.273608,-166.008668,1470.0,169.04,1470.0,164.53
2017-06-03 08:39:29.489935,54.273617,-166.008652,1470.0,168.1,1470.0,162.83
2017-06-03 08:39:29.989136,54.273643,-166.008604,1470.0,168.1,1470.0,166.03
2017-06-03 08:39:30.488337,54.273652,-166.008589,1470.0,167.35,1470.0,165.09
2017-06-03 08:39:30.987537,54.273678,-166.008541,1470.0,167.73,1470.0,164.9
2017-06-03 08:39:31.486738,54.273687,-166.008525,1470.0,167.92,1470.0,165.85
2017-06-03 08:39:31.985939,54.273713,-166.008478,1470.0,167.73,1470.0,164.72
2017-06-03 08:39:32.485140,54.273722,-166.008462,1470.0,168.1,1470.0,165.85
2017-06-03 08:39:32.984343,54.273747,-166.008413,1470.0,168.67,1470.0,165.28
2017-06-03 08:39:33.499142,54.273756,-166.008395,1470.0,168.1,1470.0,166.22
2017-06-03 08:39:33.998343,54.273783,-166.008345,1470.0,169.04,1470.0,163.96
2017-06-03 08:39:34.497543,54.273791,-166.00833,1470.0,168.67,1470.0,166.03
2017-06-03 08:39:34.996744,54.273815,-166.008284,1470.0,169.04,1470.0,164.9
2017-06-03 08:39:35.495945,54.273824,-166.008269,1470.0,168.48,1470.0,162.65
2017-06-03 08:39:35.995146,54.27385,-166.008221,1470.0,168.86,1470.0,163.4
2017-06-03 08:39:36.494349,54.273858,-166.008205,1470.0,168.48,1470.0,165.66
2017-06-03 08:39:36.993547,54.273884,-166.008158,1470.0,169.42,1470.0,166.6
2017-06-03 08:39:37.492750,54.273892,-166.008142,1470.0,168.86,1470.0,166.41
2017-06-03 08:39:37.991949,54.273917,-166.008094,1470.0,169.61,1470.0,164.34
2017-06-03 08:39:38.491152,54.273925,-166.008079,1470.0,168.1,1470.0,165.66
2017-06-03 08:39:38.990351,54.273952,-166.008031,1470.0,167.92,1470.0,165.47
2017-06-03 08:39:39.489553,54.27396,-166.008016,1470.0,167.54,1470.0,164.9
2017-06-03 08:39:39.988752,54.273987,-166.007969,1470.0,166.41,1470.0,163.59
2017-06-03 08:39:40.487955,54.273995,-166.007954,1470.0,166.41,1470.0,163.4
2017-06-03 08:39:40.987154,54.27402,-166.007908,1470.0,166.41,1470.0,163.4
2017-06-03 08:39:41.486357,54.274029,-166.007892,1470.0,165.09,1470.0,162.08
2017-06-03 08:39:41.985558,54.274057,-166.007846,1470.0,165.47,1470.0,163.02
2017-06-03 08:39:42.484758,54.274065,-166.007831,1470.0,164.72,1470.0,162.27
2017-06-03 08:39:42.983959,54.274091,-166.007786,1470.0,164.72,1470.0,162.83
2017-06-03 08:39:43.498760,54.2741,-166.007768,1470.0,165.85,1470.0,162.46
2017-06-03 08:39:43.997961,54.274126,-166.007718,1470.0,166.22,1470.0,164.53
2017-06-03 08:39:44.497162,54.274134,-166.007702,1470.0,167.73,1470.0,164.72
2017-06-03 08:39:44.996363,54.274159,-166.007653,1470.0,167.73,1470.0,165.66
2017-06-03 08:39:45.495564,54.274167,-166.007637,1470.0,167.35,1470.0,163.96
2017-06-03 08:39:45.994764,54.274192,-166.007588,1470.0,168.1,1470.0,163.96
2017-06-03 08:39:46.493965,54.2742,-166.007572,1470.0,166.79,1470.0,163.4
2017-06-03 08:39:46.993166,54.274227,-166.007523,1470.0,166.22,1470.0,163.96
2017-06-03 08:39:47.492367,54.274235,-166.007507,1470.0,165.28,1470.0,161.89
2017-06-03 08:39:47.991568,54.274262,-166.007461,1470.0,164.15,1470.0,159.82
2017-06-03 08:39:48.490768,54.274271,-166.007446,1470.0,163.4,1470.0,161.52
2017-06-03 08:39:48.989969,54.274298,-166.007399,1470.0,163.4,1470.0,161.52
2017-06-03 08:39:49.489170,54.274307,-166.007384,1470.0,163.78,1470.0,160.76
2017-06-03 08:39:49.988371,54.274332,-166.007338,1470.0,163.02,1470.0,159.45
2017-06-03 08:39:50.487572,54.27434,-166.007322,1470.0,163.59,1470.0,161.14
2017-06-03 08:39:50.986773,54.274366,-166.007274,1470.0,162.46,1470.0,158.32
2017-06-03 08:39:51.485973,54.274375,-166.007259,1470.0,163.78,1470.0,160.2
2017-06-03 08:39:51.985174,54.274402,-166.007211,1470.0,163.59,1470.0,158.13
2017-06-03 08:39:52.484375,54.27441,-166.007195,1470.0,163.59,1470.0,160.2
2017-06-03 08:39:52.999178,54.274435,-166.007146,1470.0,162.83,1470.0,160.76
2017-06-03 08:39:53.498377,54.274443,-166.00713,1470.0,163.78,1470.0,161.14
2017-06-03 08:39:53.997578,54.274468,-166.007081,1470.0,10.43,1470.0,158.51
2017-06-03 08:39:54.496778,54.274476,-166.007066,1470.0,163.78,1470.0,157.0
2017-06-03 08:39:54.995979,54.2745,-166.007019,1470.0,163.02,1470.0,160.39
2017-06-03 08:39:55.495180,54.274509,-166.007003,1470.0,162.46,1470.0,160.01
2017-06-03 08:39:55.994381,54.274535,-166.006954,1470.0,162.08,1470.0,160.2
2017-06-03 08:39:56.493582,54.274544,-166.006939,1470.0,162.46,1470.0,156.81
2017-06-03 08:39:56.992783,54.27457,-166.006891,1470.0,163.21,1470.0,158.32
2017-06-03 08:39:57.491983,54.274578,-166.006876,1470.0,162.27,1470.0,159.45
2017-06-03 08:39:57.991184,54.274604,-166.006829,1470.0,162.46,1470.0,158.88
2017-06-03 08:39:58.490387,54.274612,-166.006813,1470.0,162.46,1470.0,158.88
2017-06-03 08:39:58.989586,54.274638,-166.006764,1470.0,161.33,1470.0,158.7
2017-06-03 08:39:59.488789,54.274647,-166.006749,1470.0,160.58,1470.0,158.51
2017-06-03 08:39:59.987988,54.274675,-166.006701,1470.0,161.33,1470.0,157.0
2017-06-03 08:40:00.487190,54.274684,-166.006686,1470.0,160.2,1470.0,157.19
2017-06-03 08:40:00.986389,54.274709,-166.006641,1470.0,159.26,1470.0,156.06
2017-06-03 08:40:01.485592,54.274718,-166.006625,1470.0,159.07,1470.0,156.81
2017-06-03 08:40:01.984791,54.274744,-166.006576,1470.0,158.88,1470.0,156.63
2017-06-03 08:40:02.483994,54.274752,-166.006561,1470.0,159.26,1470.0,157.19
2017-06-03 08:40:02.998795,54.274779,-166.006514,1470.0,159.45,1470.0,154.74
2017-06-03 08:40:03.497995,54.274787,-166.006498,1470.0,159.26,1470.0,156.06
2017-06-03 08:40:03.997196,54.274813,-166.006448,1470.0,159.07,1470.0,156.25
2017-06-03 08:40:04.496397,54.274821,-166.006433,1470.0,159.64,1470.0,156.81
2017-06-03 08:40:04.995598,54.274847,-166.006388,1470.0,159.45,1470.0,156.44
2017-06-03 08:40:05.494799,54.274855,-166.006372,1470.0,159.26,1470.0,156.63
2017-06-03 08:40:05.993999,54.27488,-166.006326,1470.0,158.51,1470.0,156.63
2017-06-03 08:40:06.493200,54.274889,-166.00631,1470.0,158.88,1470.0,156.06
2017-06-03 08:40:06.992401,54.274915,-166.006263,1470.0,158.32,1470.0,153.61
2017-06-03 08:40:07.491602,54.274924,-166.006247,1470.0,158.13,1470.0,155.12
2017-06-03 08:40:07.990803,54.27495,-166.006201,1470.0,158.13,1470.0,154.93
2017-06-03 08:40:08.490004,54.274959,-166.006185,1470.0,157.19,1470.0,154.74
2017-06-03 08:40:08.989204,54.274987,-166.006138,1470.0,156.25,1470.0,154.37
2017-06-03 08:40:09.488405,54.274995,-166.006122,1470.0,156.44,1470.0,154.37
2017-06-03 08:40:09.987606,54.275022,-166.006076,1470.0,155.87,1470.0,152.3
2017-06-03 08:40:10.486807,54.27503,-166.006061,1470.0,155.87,1470.0,153.61
2017-06-03 08:40:10.986008,54.275056,-166.006016,1470.0,155.68,1470.0,153.24
2017-06-03 08:40:11.485209,54.275065,-166.006,1470.0,155.31,1470.0,152.3
2017-06-03 08:40:11.984409,54.275092,-166.005951,1470.0,22.09,1470.0,150.98
2017-06-03 08:40:12.499210,54.275101,-166.005934,1470.0,154.74,1470.0,150.23
2017-06-03 08:40:12.998413,54.275127,-166.005888,1470.0,154.93,1470.0,153.24
2017-06-03 08:40:13.497612,54.275135,-166.005872,1470.0,155.68,1470.0,149.85
2017-06-03 08:40:13.996815,54.275159,-166.005824,1470.0,155.31,1470.0,149.66
2017-06-03 08:40:14.496014,54.275167,-166.005809,1470.0,154.74,1470.0,152.11
2017-06-03 08:40:14.995214,54.275193,-166.005761,1470.0,155.31,1470.0,152.3
2017-06-03 08:40:15.494415,54.275202,-166.005745,1470.0,153.61,1470.0,149.66
2017-06-03 08:40:15.993616,54.275228,-166.005698,1470.0,153.24,1470.0,148.53
2017-06-03 08:40:16.492817,54.275237,-166.005682,1470.0,153.43,1470.0,148.53
2017-06-03 08:40:16.992018,54.275263,-166.005634,1470.0,152.49,1470.0,149.85
2017-06-03 08:40:17.491219,54.275272,-166.005619,1470.0,151.92,1470.0,149.29
2017-06-03 08:40:17.990419,54.275297,-166.005571,1470.0,152.3,1470.0,149.85
2017-06-03 08:40:18.489622,54.275305,-166.005555,1470.0,152.11,1470.0,150.23
2017-06-03 08:40:18.988821,54.275332,-166.005506,1470.0,152.49,1470.0,149.85
2017-06-03 08:40:19.488024,54.27534,-166.00549,1470.0,151.55,1470.0,149.48
2017-06-03 08:40:19.987223,54.275365,-166.005441,1470.0,152.3,1470.0,149.1
2017-06-03 08:40:20.486425,54.275373,-166.005425,1470.0,151.17,1470.0,148.72
2017-06-03 08:40:20.985624,54.275398,-166.005378,1470.0,150.6,1470.0,148.16
2017-06-03 08:40:21.484827,54.275406,-166.005362,1470.0,151.17,1470.0,148.72
2017-06-03 08:40:21.984026,54.275433,-166.005313,1470.0,149.29,1470.0,147.41
2017-06-03 08:40:22.498829,54.275443,-166.005296,1470.0,149.66,1470.0,147.78
2017-06-03 08:40:22.998028,54.275469,-166.005249,1470.0,150.04,1470.0,147.22
2017-06-03 08:40:23.497231,54.275477,-166.005233,1470.0,149.1,1470.0,146.84
2017-06-03 08:40:23.996431,54.275502,-166.005184,1470.0,150.42,1470.0,147.22
2017-06-03 08:40:24.495632,54.27551,-166.005169,1470.0,150.42,1470.0,147.97
2017-06-03 08:40:24.994833,54.275535,-166.005121,1470.0,148.91,1470.0,146.46
2017-06-03 08:40:25.494034,54.275543,-166.005105,1470.0,149.29,1470.0,147.22
2017-06-03 08:40:25.993235,54.275569,-166.005056,1470.0,149.66,1470.0,146.28
2017-06-03 08:40:26.492435,54.275577,-166.00504,1470.0,148.91,1470.0,146.84
2017-06-03 08:40:26.991636,54.275603,-166.004993,1470.0,149.48,1470.0,145.9
2017-06-03 08:40:27.490837,54.275612,-166.004977,1470.0,149.1,1470.0,146.46
2017-06-03 08:40:27.990038,54.275637,-166.004929,1470.0,148.72,1470.0,146.65
2017-06-03 08:40:28.489239,54.275645,-166.004913,1470.0,149.1,1470.0,146.28
2017-06-03 08:40:28.988440,54.27567,-166.004864,1470.0,148.16,1470.0,145.71
2017-06-03 08:40:29.487640,54.275679,-166.004849,1470.0,148.16,1470.0,144.58
2017-06-03 08:40:29.986841,54.275705,-166.004801,1470.0,147.78,1470.0,144.77
2017-06-03 08:40:30.486042,54.275713,-166.004786,1470.0,147.78,1470.0,144.77
2017-06-03 08:40:30.985243,54.275738,-166.004739,1470.0,145.9,1470.0,144.58
2017-06-03 08:40:31.484444,54.275746,-166.004723,1470.0,145.52,1470.0,144.02
2017-06-03 08:40:31.999245,54.275773,-166.004673,1470.0,145.71,1470.0,144.02
2017-06-03 08:40:32.498446,54.275781,-166.004658,1470.0,145.15,1470.0,144.02
2017-06-03 08:40:32.997648,54.275807,-166.004611,1470.0,144.96,1470.0,143.27
2017-06-03 08:40:33.496847,54.275815,-166.004595,1470.0,145.15,1470.0,142.51
2017-06-03 08:40:33.996050,54.275842,-166.004546,1470.0,145.52,1470.0,143.45
2017-06-03 08:40:34.495249,54.27585,-166.00453,1470.0,146.28,1470.0,142.89
2017-06-03 08:40:34.994452,54.275875,-166.004481,1470.0,145.71,1470.0,144.4
2017-06-03 08:40:35.493650,54.275883,-166.004465,1470.0,14.0,1470.0,143.64
2017-06-03 08:40:35.992851,54.275909,-166.004416,1470.0,145.9,1470.0,143.27
2017-06-03 08:40:36.492052,54.275917,-166.0044,1470.0,145.9,1470.0,143.27
2017-06-03 08:40:36.991253,54.275942,-166.004351,1470.0,145.52,1470.0,143.08
2017-06-03 08:40:37.490454,54.27595,-166.004335,1470.0,145.71,1470.0,143.08
2017-06-03 08:40:37.989655,54.275977,-166.004286,1470.0,145.34,1470.0,141.76
2017-06-03 08:40:38.488857,54.275985,-166.00427,1470.0,143.64,1470.0,141.57
2017-06-03 08:40:38.988056,54.276012,-166.004223,1470.0,142.7,1470.0,140.44
2017-06-03 08:40:39.487259,54.27602,-166.004208,1470.0,143.08,1470.0,141.2
2017-06-03 08:40:39.986458,54.276047,-166.004163,1470.0,142.14,1470.0,140.44
2017-06-03 08:40:40.485661,54.276055,-166.004148,1470.0,141.95,1470.0,140.26
2017-06-03 08:40:40.984859,54.276081,-166.004102,1470.0,141.95,1470.0,140.07
2017-06-03 08:40:41.484062,54.27609,-166.004087,1470.0,142.14,1470.0,140.07
2017-06-03 08:40:41.998861,54.276118,-166.004038,1470.0,141.76,1470.0,139.69
2017-06-03 08:40:42.498064,54.276126,-166.004023,1470.0,141.95,1470.0,140.26
2017-06-03 08:40:42.997263,54.27615,-166.003976,1470.0,142.14,1470.0,139.88
2017-06-03 08:40:43.496466,54.276159,-166.00396,1470.0,143.08,1470.0,140.82
2017-06-03 08:40:43.995667,54.276185,-166.003913,1470.0,143.64,1470.0,140.07
2017-06-03 08:40:44.494867,54.276193,-166.003897,1470.0,142.33,1470.0,139.88
2017-06-03 08:40:44.994068,54.276219,-166.003848,1470.0,142.7,1470.0,140.26
2017-06-03 08:40:45.493269,54.276227,-166.003832,1470.0,142.51,1470.0,140.44
2017-06-03 08:40:45.992470,54.276253,-166.003784,1470.0,142.14,1470.0,139.88
2017-06-03 08:40:46.491671,54.276262,-166.003769,1470.0,141.95,1470.0,139.5
2017-06-03 08:40:46.990871,54.276288,-166.003723,1470.0,140.82,1470.0,139.5
2017-06-03 08:40:47.490072,54.276297,-166.003707,1470.0,140.82,1470.0,138.94
2017-06-03 08:40:47.989273,54.276325,-166.003659,1470.0,141.01,1470.0,139.31
2017-06-03 08:40:48.488474,54.276334,-166.003644,1470.0,141.2,1470.0,139.13
2017-06-03 08:40:48.987675,54.27636,-166.003598,1470.0,141.76,1470.0,139.5
2017-06-03 08:40:49.486876,54.276368,-166.003582,1470.0,141.95,1470.0,139.88
2017-06-03 08:40:49.986076,54.276394,-166.003534,1470.0,141.38,1470.0,140.82
2017-06-03 08:40:50.485277,54.276402,-166.003519,1470.0,141.57,1470.0,139.69
2017-06-03 08:40:50.984478,54.276428,-166.003471,1470.0,141.2,1470.0,139.5
2017-06-03 08:40:51.499279,54.276437,-166.003453,1470.0,141.01,1470.0,139.31
2017-06-03 08:40:51.998480,54.276464,-166.003405,1470.0,141.2,1470.0,140.44
2017-06-03 08:40:52.497681,54.276472,-166.00339,1470.0,141.01,1470.0,139.31
2017-06-03 08:40:52.996881,54.276497,-166.003344,1470.0,141.57,1470.0,139.88
2017-06-03 08:40:53.496082,54.276505,-166.003329,1470.0,141.57,1470.0,139.31
2017-06-03 08:40:53.995285,54.276532,-166.003281,1470.0,141.2,1470.0,138.94
2017-06-03 08:40:54.494484,54.27654,-166.003265,1470.0,141.2,1470.0,139.31
2017-06-03 08:40:54.993687,54.276567,-166.003218,1470.0,140.26,1470.0,138.75
2017-06-03 08:40:55.492886,54.276575,-166.003202,1470.0,140.44,1470.0,138.75
2017-06-03 08:40:55.992088,54.276602,-166.003154,1470.0,140.44,1470.0,139.13
2017-06-03 08:40:56.491287,54.27661,-166.003139,1470.0,141.01,1470.0,138.94
2017-06-03 08:40:56.990488,54.276635,-166.003091,1470.0,141.01,1470.0,139.31
2017-06-03 08:40:57.489689,54.276643,-166.003075,1470.0,141.38,1470.0,139.5
2017-06-03 08:40:57.988890,54.276669,-166.003025,1470.0,141.76,1470.0,140.26
2017-06-03 08:40:58.488092,54.276677,-166.003009,1470.0,142.7,1470.0,140.07
2017-06-03 08:40:58.987291,54.276701,-166.002961,1470.0,141.57,1470.0,139.5
2017-06-03 08:40:59.486494,54.27671,-166.002945,1470.0,140.82,1470.0,138.37
2017-06-03 08:40:59.985693,54.276737,-166.002895,1470.0,141.2,1470.0,139.13
2017-06-03 08:41:00.484896,54.276745,-166.002879,1470.0,141.01,1470.0,138.94
2017-06-03 08:41:00.984095,54.276771,-166.002834,1470.0,141.01,1470.0,138.94
2017-06-03 08:41:01.498898,54.276781,-166.002817,1470.0,140.26,1470.0,138.56
2017-06-03 08:41:01.998096,54.276808,-166.002768,1470.0,140.26,1470.0,138.19
2017-06-03 08:41:02.497299,54.276816,-166.002753,1470.0,140.44,1470.0,138.75
2017-06-03 08:41:02.996498,54.276843,-166.002706,1470.0,140.63,1470.0,138.56
2017-06-03 08:41:03.495701,54.276852,-166.00269,1470.0,141.95,1470.0,138.56
2017-06-03 08:41:03.994902,54.276877,-166.002643,1470.0,9.67,1470.0,139.31
2017-06-03 08:41:04.494102,54.276885,-166.002627,1470.0,141.57,1470.0,139.5
2017-06-03 08:41:04.993303,54.27691,-166.002578,1470.0,141.2,1470.0,140.07
2017-06-03 08:41:05.492504,54.276918,-166.002562,1470.0,12.12,1470.0,139.88
2017-06-03 08:41:05.991705,54.276944,-166.002513,1470.0,140.82,1470.0,139.13
2017-06-03 08:41:06.490906,54.276952,-166.002497,1470.0,140.82,1470.0,139.31
2017-06-03 08:41:06.990107,54.276978,-166.002449,1470.0,141.01,1470.0,139.13
2017-06-03 08:41:07.489307,54.276987,-166.002434,1470.0,141.01,1470.0,139.31
2017-06-03 08:41:07.988508,54.277012,-166.002388,1470.0,140.82,1470.0,139.5
2017-06-03 08:41:08.487709,54.27702,-166.002372,1470.0,141.95,1470.0,139.31
2017-06-03 08:41:08.986910,54.277046,-166.002326,1470.0,141.38,1470.0,139.13
2017-06-03 08:41:09.486111,54.277055,-166.00231,1470.0,141.76,1470.0,138.94
2017-06-03 08:41:09.985312,54.277082,-166.002261,1470.0,142.33,1470.0,139.88
2017-06-03 08:41:10.484512,54.27709,-166.002246,1470.0,141.57,1470.0,138.37
2017-06-03 08:41:10.999313,54.277115,-166.002198,1470.0,141.95,1470.0,139.31
2017-06-03 08:41:11.498514,54.277124,-166.002182,1470.0,142.7,1470.0,140.07
2017-06-03 08:41:11.997715,54.277151,-166.002135,1470.0,142.51,1470.0,139.88
2017-06-03 08:41:12.496916,54.27716,-166.00212,1470.0,142.33,1470.0,139.13
2017-06-03 08:41:12.996117,54.277187,-166.002074,1470.0,141.57,1470.0,139.88
2017-06-03 08:41:13.495317,54.277195,-166.002059,1470.0,142.14,1470.0,139.31
2017-06-03 08:41:13.994518,54.277222,-166.002011,1470.0,140.82,1470.0,139.88
2017-06-03 08:41:14.493719,54.27723,-166.001996,1470.0,141.01,1470.0,139.69
2017-06-03 08:41:14.992922,54.277257,-166.001949,1470.0,141.38,1470.0,139.31
2017-06-03 08:41:15.492121,54.277265,-166.001934,1470.0,140.82,1470.0,139.5
2017-06-03 08:41:15.991323,54.277292,-166.001888,1470.0,141.01,1470.0,139.5
2017-06-03 08:41:16.490522,54.2773,-166.001872,1470.0,141.2,1470.0,139.5
2017-06-03 08:41:16.989725,54.277325,-166.001824,1470.0,141.76,1470.0,140.44
2017-06-03 08:41:17.488924,54.277333,-166.001808,1470.0,142.51,1470.0,140.07
2017-06-03 08:41:17.988127,54.277359,-166.001759,1470.0,142.89,1470.0,140.63
2017-06-03 08:41:18.487326,54.277367,-166.001744,1470.0,142.89,1470.0,141.01
2017-06-03 08:41:18.986526,54.277393,-166.001697,1470.0,143.45,1470.0,141.2
2017-06-03 08:41:19.485729,54.277401,-166.001682,1470.0,143.27,1470.0,140.63
2017-06-03 08:41:19.984928,54.277427,-166.001633,1470.0,143.08,1470.0,140.82
2017-06-03 08:41:20.484131,54.277435,-166.001618,1470.0,142.89,1470.0,141.38
2017-06-03 08:41:20.998930,54.277462,-166.001571,1470.0,143.83,1470.0,141.2
2017-06-03 08:41:21.498133,54.27747,-166.001555,1470.0,144.21,1470.0,141.2
2017-06-03 08:41:21.997332,54.277497,-166.001508,1470.0,143.45,1470.0,142.51
2017-06-03 08:41:22.496534,54.277505,-166.001492,1470.0,143.83,1470.0,141.76
2017-06-03 08:41:22.995733,54.277532,-166.001444,1470.0,143.83,1470.0,141.95
2017-06-03 08:41:23.494936,54.27754,-166.001429,1470.0,143.64,1470.0,141.57
2017-06-03 08:41:23.994137,54.277565,-166.001383,1470.0,143.83,1470.0,140.63
2017-06-03 08:41:24.493338,54.277574,-166.001367,1470.0,143.83,1470.0,142.51
2017-06-03 08:41:24.992538,54.2776,-166.001321,1470.0,143.64,1470.0,140.63
2017-06-03 08:41:25.491739,54.277609,-166.001305,1470.0,143.64,1470.0,142.51
2017-06-03 08:41:25.990940,54.277635,-166.001258,1470.0,143.64,1470.0,141.38
2017-06-03 08:41:26.490141,54.277644,-166.001242,1470.0,144.58,1470.0,141.76
2017-06-03 08:41:26.989342,54.27767,-166.001196,1470.0,144.02,1470.0,142.14
2017-06-03 08:41:27.488543,54.277679,-166.00118,1470.0,144.77,1470.0,142.33
2017-06-03 08:41:27.987743,54.277705,-166.001133,1470.0,145.52,1470.0,141.76
2017-06-03 08:41:28.486944,54.277714,-166.001118,1470.0,145.9,1470.0,143.27
2017-06-03 08:41:28.986145,54.277739,-166.001072,1470.0,146.09,1470.0,140.82
2017-06-03 08:41:29.485346,54.277748,-166.001057,1470.0,145.9,1470.0,142.7
2017-06-03 08:41:29.984547,54.277775,-166.001008,1470.0,145.9,1470.0,143.08
2017-06-03 08:41:30.499348,54.277784,-166.000991,1470.0,146.28,1470.0,143.27
2017-06-03 08:41:30.998549,54.27781,-166.000946,1470.0,146.28,1470.0,13.25
2017-06-03 08:41:31.497749,54.277819,-166.000931,1470.0,145.71,1470.0,143.64
2017-06-03 08:41:31.996950,54.277845,-166.000886,1470.0,145.52,1470.0,9.48
2017-06-03 08:41:32.496151,54.277854,-166.000871,1470.0,145.9,1470.0,143.08
2017-06-03 08:41:32.995352,54.277882,-166.000824,1470.0,146.09,1470.0,141.57
2017-06-03 08:41:33.494553,54.27789,-166.000809,1470.0,146.09,1470.0,143.45
2017-06-03 08:41:33.993753,54.277917,-166.000763,1470.0,145.34,1470.0,142.89
2017-06-03 08:41:34.492954,54.277925,-166.000747,1470.0,146.65,1470.0,143.83
2017-06-03 08:41:34.992157,54.277952,-166.000699,1470.0,147.41,1470.0,144.21
2017-06-03 08:41:35.491356,54.27796,-166.000684,1470.0,147.97,1470.0,144.77
2017-06-03 08:41:35.990559,54.277985,-166.000638,1470.0,147.59,1470.0,144.96
2017-06-03 08:41:36.489758,54.277993,-166.000622,1470.0,148.35,1470.0,146.65
2017-06-03 08:41:36.988960,54.278019,-166.000574,1470.0,147.59,1470.0,146.28
2017-06-03 08:41:37.488159,54.278027,-166.000559,1470.0,147.78,1470.0,144.96
2017-06-03 08:41:37.987362,54.278053,-166.000511,1470.0,148.16,1470.0,145.9
2017-06-03 08:41:38.486561,54.278062,-166.000496,1470.0,148.72,1470.0,145.34
2017-06-03 08:41:38.985764,54.278089,-166.000451,1470.0,147.78,1470.0,145.52
2017-06-03 08:41:39.484962,54.278098,-166.000436,1470.0,147.78,1470.0,145.34
2017-06-03 08:41:39.984163,54.278125,-166.000389,1470.0,148.16,1470.0,144.02
2017-06-03 08:41:40.498966,54.278134,-166.000373,1470.0,147.97,1470.0,145.71
2017-06-03 08:41:40.998165,54.27816,-166.000326,1470.0,147.03,1470.0,144.96
2017-06-03 08:41:41.497368,54.278169,-166.00031,1470.0,147.97,1470.0,145.9
2017-06-03 08:41:41.996567,54.278195,-166.000263,1470.0,148.35,1470.0,145.34
2017-06-03 08:41:42.495770,54.278203,-166.000247,1470.0,148.16,1470.0,145.9
2017-06-03 08:41:42.994968,54.278229,-166.000198,1470.0,149.29,1470.0,146.28
2017-06-03 08:41:43.494171,54.278237,-166.000182,1470.0,149.48,1470.0,146.46
2017-06-03 08:41:43.993370,54.278263,-166.000134,1470.0,149.29,1470.0,146.65
2017-06-03 08:41:44.492573,54.278272,-166.000118,1470.0,150.23,1470.0,148.16
2017-06-03 08:41:44.991774,54.278297,-166.000069,1470.0,150.23,1470.0,147.59
2017-06-03 08:41:45.490974,54.278305,-166.000053,1470.0,150.79,1470.0,147.78
2017-06-03 08:41:45.990175,54.27833,-166.000004,1470.0,150.98,1470.0,148.72
2017-06-03 08:41:46.489376,54.278339,-165.999988,1470.0,151.55,1470.0,149.29
2017-06-03 08:41:46.988577,54.278365,-165.999939,1470.0,151.55,1470.0,149.1
2017-06-03 08:41:47.487778,54.278374,-165.999924,1470.0,151.92,1470.0,148.35
2017-06-03 08:41:47.986979,54.2784,-165.999876,1470.0,150.6,1470.0,147.59
2017-06-03 08:41:48.486179,54.278409,-165.999861,1470.0,150.04,1470.0,146.84
2017-06-03 08:41:48.985380,54.278434,-165.999814,1470.0,149.66,1470.0,12.12
2017-06-03 08:41:49.484581,54.278443,-165.999799,1470.0,149.1,1470.0,146.84
2017-06-03 08:41:49.983782,54.27847,-165.999753,1470.0,149.1,1470.0,146.84
2017-06-03 08:41:50.498583,54.278479,-165.999736,1470.0,150.42,1470.0,147.03
2017-06-03 08:41:50.997784,54.278505,-165.999689,1470.0,150.79,1470.0,147.59
2017-06-03 08:41:51.496984,54.278514,-165.999673,1470.0,150.23,1470.0,148.53
2017-06-03 08:41:51.996185,54.27854,-165.999624,1470.0,151.55,1470.0,148.72
2017-06-03 08:41:52.495386,54.278548,-165.999608,1470.0,150.98,1470.0,149.66
2017-06-03 08:41:52.994587,54.278572,-165.999559,1470.0,152.11,1470.0,149.85
2017-06-03 08:41:53.493788,54.27858,-165.999543,1470.0,153.61,1470.0,149.1
2017-06-03 08:41:53.992989,54.278605,-165.999494,1470.0,152.67,1470.0,148.72
2017-06-03 08:41:54.492189,54.278614,-165.999479,1470.0,152.86,1470.0,148.72
2017-06-03 08:41:54.991392,54.27864,-165.999431,1470.0,152.67,1470.0,149.29
2017-06-03 08:41:55.490591,54.278649,-165.999416,1470.0,151.36,1470.0,147.03
2017-06-03 08:41:55.989794,54.278677,-165.999369,1470.0,151.36,1470.0,148.16
2017-06-03 08:41:56.488993,54.278686,-165.999354,1470.0,150.79,1470.0,148.53
2017-06-03 08:41:56.988195,54.278713,-165.999309,1470.0,150.6,1470.0,149.1
2017-06-03 08:41:57.487394,54.278721,-165.999294,1470.0,150.42,1470.0,148.72
2017-06-03 08:41:57.986597,54.278748,-165.999246,1470.0,151.55,1470.0,148.91
2017-06-03 08:41:58.485796,54.278757,-165.99923,1470.0,151.36,1470.0,149.66
2017-06-03 08:41:58.984999,54.278781,-165.999183,1470.0,152.11,1470.0,148.53
2017-06-03 08:41:59.484198,54.27879,-165.999167,1470.0,152.11,1470.0,149.48
2017-06-03 08:41:59.998999,54.278818,-165.999116,1470.0,152.49,1470.0,148.72
2017-06-03 08:42:00.498201,54.278826,-165.999101,1470.0,152.49,1470.0,150.23
2017-06-03 08:42:00.997400,54.278852,-165.999053,1470.0,152.11,1470.0,149.1
2017-06-03 08:42:01.496603,54.27886,-165.999037,1470.0,152.49,1470.0,149.29
2017-06-03 08:42:01.995802,54.278887,-165.998991,1470.0,152.49,1470.0,150.42
2017-06-03 08:42:02.495005,54.278895,-165.998975,1470.0,153.05,1470.0,150.04
2017-06-03 08:42:02.994204,54.27892,-165.998928,1470.0,152.3,1470.0,150.42
2017-06-03 08:42:03.493406,54.278929,-165.998912,1470.0,152.67,1470.0,150.23
2017-06-03 08:42:03.992605,54.278955,-165.998866,1470.0,152.3,1470.0,149.29
2017-06-03 08:42:04.491808,54.278964,-165.99885,1470.0,152.3,1470.0,149.85
2017-06-03 08:42:04.991007,54.278992,-165.998803,1470.0,151.92,1470.0,149.48
2017-06-03 08:42:05.490210,54.279001,-165.998787,1470.0,152.67,1470.0,150.04
2017-06-03 08:42:05.989410,54.279028,-165.998741,1470.0,152.11,1470.0,150.42
2017-06-03 08:42:06.488611,54.279037,-165.998726,1470.0,7.79,1470.0,151.36
2017-06-03 08:42:06.987812,54.279062,-165.998679,1470.0,153.43,1470.0,150.79
2017-06-03 08:42:07.487013,54.27907,-165.998663,1470.0,153.43,1470.0,150.98
2017-06-03 08:42:07.986214,54.279095,-165.998614,1470.0,153.43,1470.0,150.79
2017-06-03 08:42:08.485415,54.279104,-165.998599,1470.0,152.67,1470.0,150.79
2017-06-03 08:42:08.984615,54.279131,-165.998552,1470.0,153.24,1470.0,150.79
2017-06-03 08:42:09.483816,54.27914,-165.998537,1470.0,152.67,1470.0,150.23
2017-06-03 08:42:09.998617,54.279167,-165.998489,1470.0,153.43,1470.0,149.85
2017-06-03 08:42:10.497818,54.279175,-165.998474,1470.0,153.24,1470.0,150.23
2017-06-03 08:42:10.997019,54.279202,-165.998428,1470.0,153.43,1470.0,151.36
2017-06-03 08:42:11.496220,54.27921,-165.998412,1470.0,153.61,1470.0,151.55
2017-06-03 08:42:11.995420,54.279237,-165.998364,1470.0,154.37,1470.0,151.17
2017-06-03 08:42:12.494621,54.279245,-165.998349,1470.0,154.56,1470.0,151.92
2017-06-03 08:42:12.993822,54.279272,-165.998301,1470.0,154.74,1470.0,152.67
2017-06-03 08:42:13.493023,54.279281,-165.998286,1470.0,154.93,1470.0,151.36
2017-06-03 08:42:13.992224,54.279308,-165.998239,1470.0,154.74,1470.0,151.92
2017-06-03 08:42:14.491425,54.279317,-165.998224,1470.0,155.31,1470.0,151.92
2017-06-03 08:42:14.990625,54.279343,-165.998176,1470.0,156.25,1470.0,151.36
2017-06-03 08:42:15.489826,54.279352,-165.998161,1470.0,18.14,1470.0,17.76
2017-06-03 08:42:15.989029,54.279378,-165.998114,1470.0,155.68,1470.0,152.67
2017-06-03 08:42:16.488228,54.279387,-165.998099,1470.0,155.31,1470.0,151.73
2017-06-03 08:42:16.987431,54.279413,-165.998052,1470.0,153.99,1470.0,151.36
2017-06-03 08:42:17.486629,54.279422,-165.998037,1470.0,152.67,1470.0,150.6
2017-06-03 08:42:17.985832,54.27945,-165.997991,1470.0,152.86,1470.0,150.04
2017-06-03 08:42:18.485031,54.279459,-165.997976,1470.0,152.11,1470.0,150.23
2017-06-03 08:42:18.984234,54.279486,-165.997932,1470.0,152.3,1470.0,150.6
2017-06-03 08:42:19.499033,54.279495,-165.997916,1470.0,153.05,1470.0,151.55
2017-06-03 08:42:19.998234,54.27952,-165.997869,1470.0,154.37,1470.0,151.73
2017-06-03 08:42:20.497437,54.279528,-165.997854,1470.0,155.31,1470.0,151.17
2017-06-03 08:42:20.996635,54.279554,-165.997806,1470.0,156.06,1470.0,152.67
2017-06-03 08:42:21.495838,54.279562,-165.997791,1470.0,156.81,1470.0,153.05
2017-06-03 08:42:21.995037,54.279588,-165.997744,1470.0,157.0,1470.0,153.8
2017-06-03 08:42:22.494240,54.279597,-165.997729,1470.0,157.38,1470.0,153.99
2017-06-03 08:42:22.993439,54.279623,-165.997681,1470.0,158.32,1470.0,153.99
2017-06-03 08:42:23.492641,54.279632,-165.997666,1470.0,157.19,1470.0,153.24
2017-06-03 08:42:23.991840,54.279658,-165.997619,1470.0,156.63,1470.0,153.24
2017-06-03 08:42:24.491043,54.279667,-165.997604,1470.0,156.06,1470.0,152.49
2017-06-03 08:42:24.990242,54.279695,-165.997558,1470.0,156.25,1470.0,152.49
2017-06-03 08:42:25.489445,54.279704,-165.997542,1470.0,155.68,1470.0,152.67
2017-06-03 08:42:25.988646,54.27973,-165.997496,1470.0,155.5,1470.0,152.86
2017-06-03 08:42:26.487846,54.279739,-165.997481,1470.0,155.12,1470.0,152.3
2017-06-03 08:42:26.987047,54.279764,-165.997436,1470.0,154.74,1470.0,152.3
2017-06-03 08:42:27.486248,54.279773,-165.99742,1470.0,154.18,1470.0,152.3
2017-06-03 08:42:27.985449,54.2798,-165.997373,1470.0,155.12,1470.0,151.92
2017-06-03 08:42:28.484650,54.279809,-165.997358,1470.0,154.93,1470.0,152.3
2017-06-03 08:42:28.983850,54.279834,-165.997312,1470.0,155.12,1470.0,151.73
2017-06-03 08:42:29.498652,54.279843,-165.997295,1470.0,155.5,1470.0,152.67
2017-06-03 08:42:29.997852,54.279867,-165.997248,1470.0,156.06,1470.0,153.61
2017-06-03 08:42:30.497053,54.279875,-165.997232,1470.0,155.5,1470.0,153.05
2017-06-03 08:42:30.996254,54.2799,-165.997186,1470.0,155.31,1470.0,152.67
2017-06-03 08:42:31.495455,54.279909,-165.997171,1470.0,156.25,1470.0,152.86
2017-06-03 08:42:31.994656,54.279935,-165.997124,1470.0,156.25,1470.0,154.18
2017-06-03 08:42:32.493856,54.279943,-165.997109,1470.0,156.44,1470.0,153.43
2017-06-03 08:42:32.993057,54.279969,-165.997061,1470.0,157.19,1470.0,153.8
2017-06-03 08:42:33.492258,54.279977,-165.997045,1470.0,157.38,1470.0,154.56
2017-06-03 08:42:33.991459,54.280002,-165.996998,1470.0,158.51,1470.0,155.68
2017-06-03 08:42:34.490660,54.28001,-165.996982,1470.0,158.32,1470.0,153.99
2017-06-03 08:42:34.989861,54.280035,-165.996934,1470.0,157.94,1470.0,156.06
2017-06-03 08:42:35.489061,54.280044,-165.996919,1470.0,158.51,1470.0,154.74
2017-06-03 08:42:35.988262,54.28007,-165.996871,1470.0,158.32,1470.0,154.93
2017-06-03 08:42:36.487463,54.280079,-165.996856,1470.0,157.19,1470.0,154.56
2017-06-03 08:42:36.986666,54.280104,-165.996811,1470.0,157.57,1470.0,154.18
2017-06-03 08:42:37.485865,54.280113,-165.996795,1470.0,156.25,1470.0,153.24
2017-06-03 08:42:37.985067,54.28014,-165.996748,1470.0,157.19,1470.0,154.18
2017-06-03 08:42:38.484266,54.280149,-165.996733,1470.0,156.06,1470.0,153.43
2017-06-03 08:42:38.999067,54.280175,-165.996686,1470.0,156.81,1470.0,153.61
2017-06-03 08:42:39.498268,54.280184,-165.99667,1470.0,156.44,1470.0,151.73
2017-06-03 08:42:39.997469,54.280209,-165.996623,1470.0,156.06,1470.0,154.37
2017-06-03 08:42:40.496670,54.280218,-165.996608,1470.0,155.87,1470.0,153.43
2017-06-03 08:42:40.995871,54.280244,-165.996561,1470.0,155.87,1470.0,153.24
2017-06-03 08:42:41.495073,54.280252,-165.996546,1470.0,156.44,1470.0,154.18
2017-06-03 08:42:41.994272,54.280277,-165.996499,1470.0,156.81,1470.0,154.18
2017-06-03 08:42:42.493475,54.280285,-165.996484,1470.0,157.75,1470.0,154.56
2017-06-03 08:42:42.992674,54.28031,-165.996436,1470.0,157.75,1470.0,155.31
2017-06-03 08:42:43.491877,54.280318,-165.99642,1470.0,158.51,1470.0,155.31
2017-06-03 08:42:43.991076,54.280342,-165.996371,1470.0,159.26,1470.0,155.87
2017-06-03 08:42:44.490278,54.28035,-165.996355,1470.0,159.45,1470.0,153.99
2017-06-03 08:42:44.989477,54.280377,-165.996308,1470.0,159.07,1470.0,155.87
2017-06-03 08:42:45.488680,54.280385,-165.996292,1470.0,158.32,1470.0,155.87
2017-06-03 08:42:45.987881,54.28041,-165.996244,1470.0,157.94,1470.0,154.93
2017-06-03 08:42:46.487082,54.280419,-165.996229,1470.0,158.13,1470.0,153.8
2017-06-03 08:42:46.986282,54.280444,-165.996184,1470.0,158.13,1470.0,154.74
2017-06-03 08:42:47.485483,54.280453,-165.996168,1470.0,157.38,1470.0,155.87
2017-06-03 08:42:47.984684,54.28048,-165.996119,1470.0,157.0,1470.0,154.56
2017-06-03 08:42:48.483885,54.280489,-165.996105,1470.0,157.19,1470.0,155.5
2017-06-03 08:42:48.998686,54.280515,-165.996059,1470.0,156.81,1470.0,154.93
2017-06-03 08:42:49.497887,54.280524,-165.996044,1470.0,157.75,1470.0,155.31
2017-06-03 08:42:49.997087,54.28055,-165.995998,1470.0,157.57,1470.0,155.31
2017-06-03 08:42:50.496288,54.280558,-165.995982,1470.0,158.51,1470.0,155.87
2017-06-03 08:42:50.995489,54.280584,-165.995934,1470.0,159.26,1470.0,156.44
2017-06-03 08:42:51.494690,54.280592,-165.995918,1470.0,158.7,1470.0,156.63
2017-06-03 08:42:51.993891,54.280618,-165.995869,1470.0,159.82,1470.0,156.81
2017-06-03 08:42:52.493092,54.280626,-165.995853,1470.0,159.26,1470.0,156.63
2017-06-03 08:42:52.992292,54.28065,-165.995804,1470.0,159.64,1470.0,157.19
2017-06-03 08:42:53.491493,54.280659,-165.995789,1470.0,159.82,1470.0,157.19
2017-06-03 08:42:53.990694,54.280685,-165.995743,1470.0,159.45,1470.0,155.5
2017-06-03 08:42:54.489895,54.280693,-165.995727,1470.0,158.7,1470.0,156.44
2017-06-03 08:42:54.989096,54.280719,-165.995681,1470.0,159.07,1470.0,156.25
2017-06-03 08:42:55.488297,54.280727,-165.995666,1470.0,158.51,1470.0,155.87
2017-06-03 08:42:55.987497,54.280755,-165.995619,1470.0,158.13,1470.0,155.5
2017-06-03 08:42:56.486698,54.280764,-165.995605,1470.0,158.88,1470.0,155.87
2017-06-03 08:42:56.985901,54.280789,-165.995561,1470.0,158.13,1470.0,155.68
2017-06-03 08:42:57.485100,54.280798,-165.995545,1470.0,158.13,1470.0,156.44
2017-06-03 08:42:57.984303,54.280825,-165.995498,1470.0,159.07,1470.0,157.19
2017-06-03 08:42:58.499102,54.280834,-165.995481,1470.0,159.45,1470.0,157.57
2017-06-03 08:42:58.998302,54.280859,-165.995436,1470.0,159.45,1470.0,156.63
2017-06-03 08:42:59.497503,54.280867,-165.99542,1470.0,159.82,1470.0,157.0
2017-06-03 08:42:59.996704,54.280893,-165.995373,1470.0,160.01,1470.0,154.74
2017-06-03 08:43:00.495905,54.280902,-165.995357,1470.0,160.39,1470.0,157.94
2017-06-03 08:43:00.995106,54.280927,-165.995309,1470.0,161.52,1470.0,157.57
2017-06-03 08:43:01.494307,54.280935,-165.995293,1470.0,161.89,1470.0,158.32
2017-06-03 08:43:01.993507,54.280962,-165.995244,1470.0,160.95,1470.0,158.32
2017-06-03 08:43:02.492710,54.28097,-165.995229,1470.0,161.89,1470.0,158.51
2017-06-03 08:43:02.991909,54.280997,-165.995181,1470.0,161.89,1470.0,158.51
2017-06-03 08:43:03.491112,54.281005,-165.995165,1470.0,160.76,1470.0,157.94
2017-06-03 08:43:03.990311,54.281032,-165.995118,1470.0,160.39,1470.0,157.94
2017-06-03 08:43:04.489513,54.281041,-165.995103,1470.0,160.01,1470.0,156.44
2017-06-03 08:43:04.988712,54.281068,-165.995058,1470.0,160.39,1470.0,157.38
2017-06-03 08:43:05.487915,54.281077,-165.995042,1470.0,159.82,1470.0,156.63
2017-06-03 08:43:05.987114,54.281105,-165.994996,1470.0,159.82,1470.0,158.13
2017-06-03 08:43:06.486317,54.281114,-165.994981,1470.0,160.2,1470.0,157.0
2017-06-03 08:43:06.985518,54.281139,-165.994936,1470.0,159.82,1470.0,157.57
2017-06-03 08:43:07.484718,54.281148,-165.99492,1470.0,160.95,1470.0,157.75
2017-06-03 08:43:07.983919,54.281174,-165.994871,1470.0,161.33,1470.0,159.07
2017-06-03 08:43:08.498720,54.281183,-165.994854,1470.0,162.08,1470.0,158.7
2017-06-03 08:43:08.997921,54.281209,-165.994808,1470.0,161.52,1470.0,159.26
2017-06-03 08:43:09.497122,54.281217,-165.994792,1470.0,162.65,1470.0,159.64
2017-06-03 08:43:09.996323,54.281242,-165.994744,1470.0,162.46,1470.0,159.45
2017-06-03 08:43:10.495523,54.28125,-165.994729,1470.0,161.71,1470.0,160.2
2017-06-03 08:43:10.994724,54.281277,-165.994683,1470.0,161.89,1470.0,159.45
2017-06-03 08:43:11.493925,54.281285,-165.994668,1470.0,17.39,1470.0,160.01
2017-06-03 08:43:11.993126,54.281312,-165.994623,1470.0,162.46,1470.0,159.64
2017-06-03 08:43:12.492327,54.28132,-165.994607,1470.0,161.71,1470.0,159.07
2017-06-03 08:43:12.991528,54.281347,-165.994559,1470.0,162.46,1470.0,159.64
2017-06-03 08:43:13.490728,54.281355,-165.994544,1470.0,162.27,1470.0,160.01
2017-06-03 08:43:13.989929,54.281382,-165.994496,1470.0,162.08,1470.0,160.76
2017-06-03 08:43:14.489130,54.28139,-165.994481,1470.0,162.27,1470.0,159.45
2017-06-03 08:43:14.988331,54.281416,-165.994434,1470.0,161.89,1470.0,160.01
2017-06-03 08:43:15.487532,54.281425,-165.994419,1470.0,163.02,1470.0,159.82
2017-06-03 08:43:15.986732,54.281453,-165.994371,1470.0,162.27,1470.0,160.01
2017-06-03 08:43:16.485933,54.281462,-165.994356,1470.0,162.65,1470.0,159.64
2017-06-03 08:43:16.985136,54.281488,-165.994309,1470.0,163.59,1470.0,160.2
2017-06-03 08:43:17.484335,54.281496,-165.994293,1470.0,163.78,1470.0,160.58
2017-06-03 08:43:17.999138,54.281523,-165.994241,1470.0,163.59,1470.0,161.14
2017-06-03 08:43:18.498337,54.281531,-165.994226,1470.0,164.9,1470.0,161.33
2017-06-03 08:43:18.997540,54.281557,-165.994179,1470.0,164.53,1470.0,162.27
2017-06-03 08:43:19.496738,54.281565,-165.994164,1470.0,164.53,1470.0,161.71
2017-06-03 08:43:19.995939,54.281592,-165.994116,1470.0,164.34,1470.0,161.14
2017-06-03 08:43:20.495140,54.2816,-165.9941,1470.0,164.72,1470.0,160.95
2017-06-03 08:43:20.994341,54.281625,-165.994053,1470.0,164.72,1470.0,161.71
2017-06-03 08:43:21.493542,54.281633,-165.994037,1470.0,164.34,1470.0,161.89
2017-06-03 08:43:21.992743,54.281659,-165.993991,1470.0,163.96,1470.0,161.71
2017-06-03 08:43:22.491945,54.281667,-165.993976,1470.0,164.15,1470.0,161.89
2017-06-03 08:43:22.991144,54.281693,-165.993929,1470.0,163.21,1470.0,161.71
2017-06-03 08:43:23.490347,54.281702,-165.993914,1470.0,163.4,1470.0,161.33
2017-06-03 08:43:23.989546,54.281728,-165.993868,1470.0,163.4,1470.0,160.76
2017-06-03 08:43:24.488749,54.281737,-165.993853,1470.0,163.78,1470.0,161.52
2017-06-03 08:43:24.987947,54.281761,-165.993807,1470.0,164.15,1470.0,161.33
2017-06-03 08:43:25.487150,54.28177,-165.993791,1470.0,164.53,1470.0,162.27
2017-06-03 08:43:25.986349,54.281797,-165.993741,1470.0,165.28,1470.0,163.02
2017-06-03 08:43:26.485552,54.281805,-165.993725,1470.0,167.16,1470.0,164.15
2017-06-03 08:43:26.984751,54.281829,-165.993676,1470.0,167.73,1470.0,163.59
2017-06-03 08:43:27.483953,54.281837,-165.99366,1470.0,168.67,1470.0,165.66
2017-06-03 08:43:27.998755,54.281862,-165.993608,1470.0,168.86,1470.0,164.53
2017-06-03 08:43:28.497955,54.28187,-165.993591,1470.0,169.98,1470.0,166.03
2017-06-03 08:43:28.997156,54.281895,-165.993541,1470.0,169.42,1470.0,165.85
2017-06-03 08:43:29.496357,54.281904,-165.993525,1470.0,167.73,1470.0,166.22
2017-06-03 08:43:29.995558,54.28193,-165.993478,1470.0,167.54,1470.0,164.15
2017-06-03 08:43:30.494759,54.281939,-165.993463,1470.0,166.41,1470.0,163.78
2017-06-03 08:43:30.993959,54.281967,-165.993418,1470.0,165.66,1470.0,163.02
2017-06-03 08:43:31.493160,54.281976,-165.993403,1470.0,165.28,1470.0,163.02
2017-06-03 08:43:31.992361,54.282003,-165.993359,1470.0,164.72,1470.0,163.02
2017-06-03 08:43:32.491562,54.282012,-165.993344,1470.0,165.28,1470.0,162.65
2017-06-03 08:43:32.990763,54.28204,-165.993299,1470.0,165.66,1470.0,163.59
2017-06-03 08:43:33.489964,54.282049,-165.993284,1470.0,166.79,1470.0,164.34
2017-06-03 08:43:33.989164,54.282075,-165.993239,1470.0,167.54,1470.0,165.28
2017-06-03 08:43:34.488365,54.282083,-165.993224,1470.0,168.86,1470.0,166.41
2017-06-03 08:43:34.987566,54.282107,-165.993176,1470.0,170.55,1470.0,168.48
2017-06-03 08:43:35.486767,54.282115,-165.99316,1470.0,170.93,1470.0,168.48
2017-06-03 08:43:35.985968,54.282142,-165.993111,1470.0,171.87,1470.0,168.1
2017-06-03 08:43:36.485168,54.28215,-165.993096,1470.0,172.24,1470.0,168.48
2017-06-03 08:43:36.984371,54.282174,-165.993049,1470.0,171.49,1470.0,168.1
2017-06-03 08:43:37.499170,54.282184,-165.993032,1470.0,170.93,1470.0,168.48
2017-06-03 08:43:37.998373,54.28221,-165.992986,1470.0,169.98,1470.0,167.35
2017-06-03 08:43:38.497572,54.282219,-165.992971,1470.0,169.8,1470.0,166.97
2017-06-03 08:43:38.996775,54.282247,-165.992928,1470.0,168.48,1470.0,165.85
2017-06-03 08:43:39.495974,54.282256,-165.992913,1470.0,168.1,1470.0,165.66
2017-06-03 08:43:39.995176,54.282285,-165.992869,1470.0,167.92,1470.0,165.28
2017-06-03 08:43:40.494375,54.282294,-165.992855,1470.0,167.92,1470.0,166.03
2017-06-03 08:43:40.993578,54.282322,-165.992811,1470.0,168.29,1470.0,165.85
2017-06-03 08:43:41.492777,54.28233,-165.992796,1470.0,169.61,1470.0,166.97
2017-06-03 08:43:41.991978,54.282357,-165.992749,1470.0,169.8,1470.0,168.48
2017-06-03 08:43:42.491180,54.282365,-165.992733,1470.0,171.49,1470.0,168.48
2017-06-03 08:43:42.990379,54.28239,-165.992684,1470.0,173.0,1470.0,169.61
2017-06-03 08:43:43.489582,54.282398,-165.992669,1470.0,173.37,1470.0,170.55
2017-06-03 08:43:43.988781,54.282424,-165.992621,1470.0,173.94,1470.0,170.74
2017-06-03 08:43:44.487984,54.282432,-165.992606,1470.0,174.31,1470.0,171.11
2017-06-03 08:43:44.987183,54.282458,-165.992559,1470.0,174.5,1470.0,170.93
2017-06-03 08:43:45.486385,54.282466,-165.992544,1470.0,173.94,1470.0,171.49
2017-06-03 08:43:45.985584,54.282493,-165.992498,1470.0,173.56,1470.0,169.42
2017-06-03 08:43:46.484787,54.282502,-165.992483,1470.0,173.56,1470.0,169.98
2017-06-03 08:43:46.983986,54.282528,-165.99244,1470.0,172.81,1470.0,169.61
2017-06-03 08:43:47.498789,54.282537,-165.992424,1470.0,172.05,1470.0,169.61
2017-06-03 08:43:47.997990,54.282565,-165.992379,1470.0,171.49,1470.0,169.98
2017-06-03 08:43:48.497190,54.282574,-165.992365,1470.0,171.68,1470.0,169.42
2017-06-03 08:43:48.996391,54.282602,-165.992321,1470.0,171.68,1470.0,169.8
2017-06-03 08:43:49.495592,54.28261,-165.992306,1470.0,172.24,1470.0,170.55
2017-06-03 08:43:49.994793,54.282637,-165.992261,1470.0,173.94,1470.0,170.36
2017-06-03 08:43:50.493994,54.282645,-165.992245,1470.0,174.31,1470.0,171.3
2017-06-03 08:43:50.993195,54.282672,-165.992198,1470.0,174.31,1470.0,171.87
2017-06-03 08:43:51.492395,54.28268,-165.992182,1470.0,176.38,1470.0,173.18
2017-06-03 08:43:51.991596,54.282705,-165.992133,1470.0,176.19,1470.0,173.37
2017-06-03 08:43:52.490797,54.282714,-165.992117,1470.0,177.32,1470.0,173.75
2017-06-03 08:43:52.989998,54.28274,-165.992068,1470.0,176.95,1470.0,175.07
2017-06-03 08:43:53.489199,54.282749,-165.992052,1470.0,177.32,1470.0,173.75
2017-06-03 08:43:53.988400,54.282775,-165.992006,1470.0,177.89,1470.0,174.31
2017-06-03 08:43:54.487600,54.282784,-165.991991,1470.0,177.7,1470.0,174.31
2017-06-03 08:43:54.986801,54.282809,-165.991944,1470.0,177.32,1470.0,174.69
2017-06-03 08:43:55.486002,54.282818,-165.991929,1470.0,177.13,1470.0,174.31
2017-06-03 08:43:55.985203,54.282847,-165.991881,1470.0,176.01,1470.0,174.12
2017-06-03 08:43:56.484404,54.282856,-165.991866,1470.0,176.01,1470.0,174.12
2017-06-03 08:43:56.999205,54.282883,-165.991821,1470.0,175.63,1470.0,174.31
2017-06-03 08:43:57.498405,54.282892,-165.991806,1470.0,176.57,1470.0,174.12
2017-06-03 08:43:57.997608,54.282918,-165.991761,1470.0,176.95,1470.0,174.12
2017-06-03 08:43:58.496807,54.282927,-165.991746,1470.0,177.32,1470.0,175.25
2017-06-03 08:43:58.996010,54.282955,-165.991699,1470.0,177.51,1470.0,175.25
2017-06-03 08:43:59.495209,54.282963,-165.991684,1470.0,178.26,1470.0,176.19
2017-06-03 08:43:59.994411,54.282987,-165.991636,1470.0,179.39,1470.0,176.95
2017-06-03 08:44:00.493610,54.282995,-165.99162,1470.0,179.96,1470.0,176.38
2017-06-03 08:44:00.992813,54.28302,-165.991573,1470.0,180.33,1470.0,178.08
2017-06-03 08:44:01.492012,54.283028,-165.991557,1470.0,180.33,1470.0,177.7
2017-06-03 08:44:01.991215,54.283054,-165.991508,1470.0,181.09,1470.0,177.89
2017-06-03 08:44:02.490416,54.283062,-165.991493,1470.0,181.46,1470.0,178.26
2017-06-03 08:44:02.989614,54.283089,-165.991447,1470.0,181.27,1470.0,176.38
2017-06-03 08:44:03.488817,54.283098,-165.991432,1470.0,181.84,1470.0,178.45
2017-06-03 08:44:03.988016,54.283125,-165.991384,1470.0,181.84,1470.0,178.83
2017-06-03 08:44:04.487219,54.283134,-165.991369,1470.0,183.16,1470.0,179.77
2017-06-03 08:44:04.986418,54.283159,-165.991324,1470.0,182.59,1470.0,180.15
2017-06-03 08:44:05.485620,54.283168,-165.991308,1470.0,182.59,1470.0,177.7
2017-06-03 08:44:05.984819,54.283197,-165.991259,1470.0,182.03,1470.0,178.83
2017-06-03 08:44:06.484022,54.283206,-165.991244,1470.0,182.59,1470.0,179.58
2017-06-03 08:44:06.998821,54.283233,-165.991196,1470.0,182.59,1470.0,180.15
2017-06-03 08:44:07.498024,54.283242,-165.99118,1470.0,182.59,1470.0,6.29
2017-06-03 08:44:07.997225,54.283269,-165.991133,1470.0,183.72,1470.0,181.46
2017-06-03 08:44:08.496426,54.283278,-165.991118,1470.0,184.1,1470.0,181.27
2017-06-03 08:44:08.995626,54.283304,-165.991071,1470.0,184.85,1470.0,181.46
2017-06-03 08:44:09.494827,54.283312,-165.991055,1470.0,184.47,1470.0,182.03
2017-06-03 08:44:09.994028,54.283337,-165.991008,1470.0,185.41,1470.0,180.33
2017-06-03 08:44:10.493229,54.283345,-165.990992,1470.0,186.73,1470.0,183.16
2017-06-03 08:44:10.992430,54.28337,-165.990944,1470.0,186.73,1470.0,180.9
2017-06-03 08:44:11.491631,54.283378,-165.990929,1470.0,188.05,1470.0,184.85
2017-06-03 08:44:11.990831,54.283404,-165.990881,1470.0,187.86,1470.0,184.47
2017-06-03 08:44:12.490032,54.283412,-165.990866,1470.0,188.24,1470.0,182.03
2017-06-03 08:44:12.989233,54.283438,-165.990821,1470.0,187.11,1470.0,183.91
2017-06-03 08:44:13.488434,54.283447,-165.990806,1470.0,186.73,1470.0,184.66
2017-06-03 08:44:13.987635,54.283475,-165.990759,1470.0,187.11,1470.0,184.47
2017-06-03 08:44:14.486835,54.283484,-165.990745,1470.0,187.3,1470.0,183.53
2017-06-03 08:44:14.986036,54.283511,-165.990701,1470.0,187.67,1470.0,185.79
2017-06-03 08:44:15.485237,54.283519,-165.990685,1470.0,189.55,1470.0,185.41
2017-06-03 08:44:15.984438,54.283545,-165.990638,1470.0,190.12,1470.0,187.11
2017-06-03 08:44:16.499239,54.283554,-165.990621,1470.0,190.31,1470.0,187.11
2017-06-03 08:44:16.998440,54.28358,-165.990576,1470.0,189.74,1470.0,185.04
2017-06-03 08:44:17.497641,54.283589,-165.990561,1470.0,190.31,1470.0,188.42
2017-06-03 08:44:17.996841,54.283617,-165.990514,1470.0,191.81,1470.0,188.42
2017-06-03 08:44:18.496042,54.283626,-165.990499,1470.0,191.44,1470.0,188.61
2017-06-03 08:44:18.995245,54.283653,-165.990453,1470.0,191.06,1470.0,186.73
2017-06-03 08:44:19.494444,54.283662,-165.990437,1470.0,191.44,1470.0,188.8
2017-06-03 08:44:19.993647,54.283688,-165.990391,1470.0,192.94,1470.0,189.74
2017-06-03 08:44:20.492846,54.283697,-165.990376,1470.0,194.45,1470.0,190.87
2017-06-03 08:44:20.992048,54.283725,-165.990329,1470.0,194.26,1470.0,190.31
2017-06-03 08:44:21.491247,54.283734,-165.990314,1470.0,194.07,1470.0,190.87
2017-06-03 08:44:21.990450,54.28376,-165.990269,1470.0,194.26,1470.0,193.13
2017-06-03 08:44:22.489649,54.283769,-165.990254,1470.0,195.39,1470.0,192.75
2017-06-03 08:44:22.988852,54.283796,-165.990207,1470.0,195.95,1470.0,190.49
2017-06-03 08:44:23.488050,54.283805,-165.990192,1470.0,196.33,1470.0,192.38
2017-06-03 08:44:23.987251,54.283832,-165.990144,1470.0,195.95,1470.0,192.75
2017-06-03 08:44:24.486454,54.283841,-165.99013,1470.0,196.33,1470.0,192.75
2017-06-03 08:44:24.985653,54.283868,-165.990086,1470.0,195.95,1470.0,192.56
2017-06-03 08:44:25.484856,54.283877,-165.990071,1470.0,196.14,1470.0,191.81
2017-06-03 08:44:25.984055,54.283907,-165.990026,1470.0,196.14,1470.0,193.88
2017-06-03 08:44:26.498857,54.283916,-165.99001,1470.0,196.52,1470.0,192.56
2017-06-03 08:44:26.998056,54.283942,-165.989966,1470.0,197.27,1470.0,194.82
2017-06-03 08:44:27.497259,54.28395,-165.989951,1470.0,199.34,1470.0,196.14
2017-06-03 08:44:27.996460,54.283975,-165.989904,1470.0,198.21,1470.0,195.76
2017-06-03 08:44:28.495661,54.283984,-165.989889,1470.0,198.4,1470.0,194.63
2017-06-03 08:44:28.994862,54.28401,-165.989841,1470.0,199.15,1470.0,196.89
2017-06-03 08:44:29.494062,54.284019,-165.989826,1470.0,199.53,1470.0,195.95
2017-06-03 08:44:29.993263,54.284047,-165.989779,1470.0,199.9,1470.0,197.27
2017-06-03 08:44:30.492464,54.284055,-165.989764,1470.0,200.09,1470.0,195.57
2017-06-03 08:44:30.991665,54.284082,-165.989718,1470.0,200.28,1470.0,197.64
2017-06-03 08:44:31.490866,54.28409,-165.989702,1470.0,202.35,1470.0,198.02
2017-06-03 08:44:31.990067,54.284117,-165.989656,1470.0,201.6,1470.0,197.08
2017-06-03 08:44:32.489267,54.284125,-165.989641,1470.0,202.91,1470.0,199.34
2017-06-03 08:44:32.988468,54.284151,-165.989594,1470.0,202.54,1470.0,197.83
2017-06-03 08:44:33.487669,54.28416,-165.989578,1470.0,202.35,1470.0,199.9
2017-06-03 08:44:33.986870,54.284187,-165.989529,1470.0,204.23,1470.0,201.03
2017-06-03 08:44:34.486071,54.284195,-165.989514,1470.0,204.42,1470.0,198.96
2017-06-03 08:44:34.985271,54.284221,-165.989469,1470.0,204.23,1470.0,201.41
2017-06-03 08:44:35.484472,54.28423,-165.989454,1470.0,203.85,1470.0,201.6
2017-06-03 08:44:35.999273,54.284258,-165.989406,1470.0,203.85,1470.0,200.09
2017-06-03 08:44:36.498474,54.284267,-165.989391,1470.0,203.29,1470.0,199.34
2017-06-03 08:44:36.997675,54.284293,-165.989346,1470.0,203.29,1470.0,200.65
2017-06-03 08:44:37.496876,54.284302,-165.989331,1470.0,203.48,1470.0,200.28
2017-06-03 08:44:37.996077,54.28433,-165.989286,1470.0,204.42,1470.0,200.84
2017-06-03 08:44:38.495277,54.284339,-165.989271,1470.0,203.48,1470.0,201.78
2017-06-03 08:44:38.994480,54.284365,-165.989224,1470.0,204.42,1470.0,201.78
2017-06-03 08:44:39.493679,54.284374,-165.989209,1470.0,205.92,1470.0,202.91
2017-06-03 08:44:39.992882,54.2844,-165.989163,1470.0,206.3,1470.0,201.78
2017-06-03 08:44:40.492081,54.284409,-165.989147,1470.0,206.68,1470.0,203.67
2017-06-03 08:44:40.991283,54.284435,-165.989101,1470.0,207.43,1470.0,203.67
2017-06-03 08:44:41.490482,54.284444,-165.989085,1470.0,207.62,1470.0,204.04
2017-06-03 08:44:41.989685,54.28447,-165.989038,1470.0,208.56,1470.0,204.23
2017-06-03 08:44:42.488884,54.284479,-165.989022,1470.0,207.8,1470.0,204.79
2017-06-03 08:44:42.988087,54.284504,-165.988976,1470.0,206.86,1470.0,202.91
2017-06-03 08:44:43.487286,54.284513,-165.98896,1470.0,207.05,1470.0,204.04
2017-06-03 08:44:43.986488,54.284542,-165.988913,1470.0,206.49,1470.0,203.29
2017-06-03 08:44:44.485689,54.284551,-165.988898,1470.0,205.92,1470.0,203.29
2017-06-03 08:44:44.984888,54.284578,-165.988854,1470.0,205.92,1470.0,203.1
2017-06-03 08:44:45.484091,54.284587,-165.988839,1470.0,206.11,1470.0,203.48
2017-06-03 08:44:45.998890,54.284615,-165.988791,1470.0,206.3,1470.0,204.23
2017-06-03 08:44:46.498093,54.284624,-165.988776,1470.0,207.43,1470.0,203.85
2017-06-03 08:44:46.997292,54.28465,-165.988729,1470.0,207.43,1470.0,205.74
2017-06-03 08:44:47.496494,54.284658,-165.988714,1470.0,208.37,1470.0,205.17
2017-06-03 08:44:47.995693,54.284684,-165.988668,1470.0,208.93,1470.0,205.92
2017-06-03 08:44:48.494896,54.284692,-165.988652,1470.0,208.37,1470.0,206.3
2017-06-03 08:44:48.994095,54.284717,-165.988604,1470.0,208.75,1470.0,205.36
2017-06-03 08:44:49.493298,54.284725,-165.988589,1470.0,208.56,1470.0,205.17
2017-06-03 08:44:49.992498,54.284752,-165.988541,1470.0,208.56,1470.0,205.17
2017-06-03 08:44:50.491699,54.284761,-165.988526,1470.0,207.24,1470.0,204.42
2017-06-03 08:44:50.990900,54.284788,-165.988481,1470.0,206.86,1470.0,204.42
2017-06-03 08:44:51.490101,54.284797,-165.988466,1470.0,206.49,1470.0,204.23
2017-06-03 08:44:51.989302,54.284823,-165.988423,1470.0,206.49,1470.0,203.85
2017-06-03 08:44:52.488503,54.284832,-165.988408,1470.0,206.68,1470.0,204.79
2017-06-03 08:44:52.987703,54.284859,-165.988364,1470.0,206.68,1470.0,204.23
2017-06-03 08:44:53.486904,54.284868,-165.988349,1470.0,207.05,1470.0,204.23
2017-06-03 08:44:53.986105,54.284895,-165.988301,1470.0,207.24,1470.0,204.98
2017-06-03 08:44:54.485306,54.284904,-165.988286,1470.0,208.93,1470.0,204.98
2017-06-03 08:44:54.984507,54.284929,-165.988239,1470.0,208.37,1470.0,204.98
2017-06-03 08:44:55.499308,54.284939,-165.988221,1470.0,208.56,1470.0,205.55
2017-06-03 08:44:55.998508,54.284966,-165.988171,1470.0,208.18,1470.0,205.74
2017-06-03 08:44:56.497709,54.284974,-165.988156,1470.0,208.56,1470.0,205.74
2017-06-03 08:44:56.996910,54.284999,-165.988109,1470.0,208.56,1470.0,204.61
2017-06-03 08:44:57.496111,54.285007,-165.988094,1470.0,208.18,1470.0,204.98
2017-06-03 08:44:57.995312,54.285035,-165.988046,1470.0,207.43,1470.0,204.42
2017-06-03 08:44:58.494513,54.285044,-165.98803,1470.0,206.3,1470.0,204.42
2017-06-03 08:44:58.993715,54.28507,-165.987983,1470.0,205.74,1470.0,204.79
2017-06-03 08:44:59.492914,54.285079,-165.987968,1470.0,203.67,1470.0,204.42
2017-06-03 08:44:59.992117,54.285105,-165.987923,1470.0,203.48,1470.0,204.23
2017-06-03 08:45:00.491316,54.285114,-165.987908,1470.0,204.98,1470.0,203.85
2017-06-03 08:45:00.990519,54.28514,-165.987863,1470.0,204.79,1470.0,203.29
2017-06-03 08:45:01.489717,54.285149,-165.987847,1470.0,204.79,1470.0,203.67
2017-06-03 08:45:01.988920,54.285175,-165.987801,1470.0,5.91,1470.0,203.29
2017-06-03 08:45:02.488119,54.285184,-165.987786,1470.0,205.36,1470.0,204.04
2017-06-03 08:45:02.987322,54.28521,-165.987739,1470.0,205.17,1470.0,203.67
2017-06-03 08:45:03.486521,54.285218,-165.987724,1470.0,203.29,1470.0,203.48
2017-06-03 08:45:03.985723,54.285244,-165.987676,1470.0,207.62,1470.0,203.85
2017-06-03 08:45:04.484924,54.285251,-165.98766,1470.0,207.24,1470.0,204.79
2017-06-03 08:45:04.984125,54.285275,-165.987613,1470.0,207.99,1470.0,204.04
2017-06-03 08:45:05.498926,54.285284,-165.987595,1470.0,207.62,1470.0,204.61
2017-06-03 08:45:05.998125,54.28531,-165.987546,1470.0,206.68,1470.0,204.23
2017-06-03 08:45:06.497328,54.285319,-165.98753,1470.0,206.68,1470.0,204.04
2017-06-03 08:45:06.996527,54.285345,-165.987483,1470.0,205.92,1470.0,204.04
2017-06-03 08:45:07.495729,54.285354,-165.987467,1470.0,204.79,1470.0,203.29
2017-06-03 08:45:07.994928,54.28538,-165.987421,1470.0,204.79,1470.0,203.29
2017-06-03 08:45:08.494131,54.285389,-165.987406,1470.0,204.61,1470.0,203.1
2017-06-03 08:45:08.993330,54.285417,-165.987359,1470.0,202.91,1470.0,203.1
2017-06-03 08:45:09.492533,54.285426,-165.987344,1470.0,204.42,1470.0,202.91
2017-06-03 08:45:09.991734,54.285453,-165.987298,1470.0,203.1,1470.0,202.72
2017-06-03 08:45:10.490934,54.285462,-165.987283,1470.0,204.61,1470.0,203.48
2017-06-03 08:45:10.990135,54.285488,-165.987237,1470.0,204.42,1470.0,203.1
2017-06-03 08:45:11.489336,54.285496,-165.987222,1470.0,205.74,1470.0,203.1
2017-06-03 08:45:11.988537,54.285523,-165.987173,1470.0,205.74,1470.0,203.67
2017-06-03 08:45:12.487738,54.285532,-165.987157,1470.0,206.3,1470.0,204.23
2017-06-03 08:45:12.986938,54.285556,-165.987109,1470.0,205.92,1470.0,204.98
2017-06-03 08:45:13.486139,54.285564,-165.987093,1470.0,203.85,1470.0,204.79
2017-06-03 08:45:13.985340,54.28559,-165.987044,1470.0,206.49,1470.0,204.98
2017-06-03 08:45:14.484541,54.285599,-165.987029,1470.0,206.11,1470.0,204.23
2017-06-03 08:45:14.999342,54.285625,-165.986983,1470.0,205.36,1470.0,203.85
2017-06-03 08:45:15.498543,54.285634,-165.986968,1470.0,205.55,1470.0,203.29
2017-06-03 08:45:15.997744,54.28566,-165.986923,1470.0,203.1,1470.0,203.29
2017-06-03 08:45:16.496944,54.285669,-165.986908,1470.0,203.1,1470.0,203.1
2017-06-03 08:45:16.996145,54.285697,-165.986864,1470.0,203.67,1470.0,202.91
2017-06-03 08:45:17.495346,54.285706,-165.986849,1470.0,203.1,1470.0,203.1
2017-06-03 08:45:17.994547,54.285733,-165.986804,1470.0,204.42,1470.0,203.29
2017-06-03 08:45:18.493748,54.285742,-165.986789,1470.0,203.67,1470.0,203.29
2017-06-03 08:45:18.992949,54.285767,-165.986743,1470.0,203.85,1470.0,203.85
2017-06-03 08:45:19.492149,54.285775,-165.986727,1470.0,203.67,1470.0,204.23
2017-06-03 08:45:19.991352,54.2858,-165.986678,1470.0,206.11,1470.0,204.42
2017-06-03 08:45:20.490551,54.285809,-165.986662,1470.0,206.68,1470.0,204.04
2017-06-03 08:45:20.989754,54.285834,-165.986616,1470.0,206.49,1470.0,203.85
2017-06-03 08:45:21.488953,54.285843,-165.9866,1470.0,206.11,1470.0,204.98
2017-06-03 08:45:21.988155,54.28587,-165.986551,1470.0,206.3,1470.0,204.23
2017-06-03 08:45:22.487354,54.285879,-165.986536,1470.0,205.74,1470.0,204.23
2017-06-03 08:45:22.986557,54.285904,-165.986489,1470.0,204.04,1470.0,204.23
2017-06-03 08:45:23.485756,54.285913,-165.986474,1470.0,204.04,1470.0,204.42
2017-06-03 08:45:23.984959,54.285941,-165.986429,1470.0,205.74,1470.0,204.42
2017-06-03 08:45:24.484159,54.28595,-165.986414,1470.0,206.11,1470.0,204.61
2017-06-03 08:45:24.998959,54.285977,-165.986366,1470.0,204.61,1470.0,204.42
2017-06-03 08:45:25.498161,54.285985,-165.986351,1470.0,204.79,1470.0,204.61
2017-06-03 08:45:25.997360,54.286012,-165.986304,1470.0,204.42,1470.0,204.61
2017-06-03 08:45:26.496563,54.286021,-165.986289,1470.0,204.61,1470.0,204.42
2017-06-03 08:45:26.995762,54.286048,-165.986243,1470.0,204.42,1470.0,204.42
2017-06-03 08:45:27.494965,54.286057,-165.986228,1470.0,204.23,1470.0,204.23
2017-06-03 08:45:27.994164,54.286085,-165.986183,1470.0,205.55,1470.0,204.42
2017-06-03 08:45:28.493366,54.286093,-165.986168,1470.0,205.92,1470.0,204.79
2017-06-03 08:45:28.992565,54.286119,-165.986123,1470.0,204.98,1470.0,204.98
2017-06-03 08:45:29.491768,54.286127,-165.986107,1470.0,207.62,1470.0,205.74
2017-06-03 08:45:29.990969,54.286152,-165.986059,1470.0,207.62,1470.0,206.11
2017-06-03 08:45:30.490170,54.28616,-165.986044,1470.0,208.93,1470.0,206.11
2017-06-03 08:45:30.989370,54.286184,-165.985997,1470.0,207.99,1470.0,206.11
2017-06-03 08:45:31.488571,54.286193,-165.985982,1470.0,205.74,1470.0,206.11
2017-06-03 08:45:31.987772,54.28622,-165.985934,1470.0,207.62,1470.0,205.92
2017-06-03 08:45:32.486973,54.286229,-165.985919,1470.0,205.92,1470.0,206.11
2017-06-03 08:45:32.986174,54.286254,-165.985874,1470.0,207.62,1470.0,205.92
2017-06-03 08:45:33.485374,54.286264,-165.985859,1470.0,206.86,1470.0,206.11
2017-06-03 08:45:33.984575,54.286292,-165.985814,1470.0,206.68,1470.0,206.11
2017-06-03 08:45:34.483776,54.286302,-165.985799,1470.0,206.68,1470.0,206.3
2017-06-03 08:45:34.998577,54.28633,-165.985753,1470.0,207.05,1470.0,206.49
2017-06-03 08:45:35.497778,54.286339,-165.985737,1470.0,207.43,1470.0,206.86
2017-06-03 08:45:35.996979,54.286365,-165.985691,1470.0,208.37,1470.0,207.24
2017-06-03 08:45:36.496180,54.286373,-165.985675,1470.0,209.31,1470.0,207.62
2017-06-03 08:45:36.995380,54.286399,-165.985626,1470.0,209.69,1470.0,208.56
2017-06-03 08:45:37.494581,54.286407,-165.98561,1470.0,208.56,1470.0,209.69
2017-06-03 08:45:37.993782,54.286432,-165.985563,1470.0,208.56,1470.0,208.56
2017-06-03 08:45:38.492983,54.28644,-165.985547,1470.0,211.0,1470.0,209.31
2017-06-03 08:45:38.992184,54.286467,-165.985499,1470.0,211.0,1470.0,209.31
2017-06-03 08:45:39.491385,54.286475,-165.985484,1470.0,211.0,1470.0,209.12
2017-06-03 08:45:39.990585,54.2865,-165.985438,1470.0,211.0,1470.0,209.87
2017-06-03 08:45:40.489786,54.286509,-165.985423,1470.0,210.82,1470.0,209.31
2017-06-03 08:45:40.988989,54.286534,-165.985377,1470.0,209.69,1470.0,209.31
2017-06-03 08:45:41.488188,54.286543,-165.985363,1470.0,210.25,1470.0,209.5
2017-06-03 08:45:41.987391,54.286572,-165.985318,1470.0,210.06,1470.0,209.69
2017-06-03 08:45:42.486589,54.28658,-165.985303,1470.0,210.25,1470.0,209.87
2017-06-03 08:45:42.985792,54.286606,-165.985259,1470.0,210.25,1470.0,210.06
2017-06-03 08:45:43.484991,54.286615,-165.985244,1470.0,211.0,1470.0,210.44
2017-06-03 08:45:43.984194,54.286641,-165.985199,1470.0,211.57,1470.0,210.82
2017-06-03 08:45:44.498993,54.28665,-165.985182,1470.0,211.76,1470.0,211.19
2017-06-03 08:45:44.998194,54.286675,-165.985133,1470.0,213.45,1470.0,211.76
2017-06-03 08:45:45.497396,54.286683,-165.985116,1470.0,214.39,1470.0,212.13
2017-06-03 08:45:45.996595,54.286707,-165.985066,1470.0,215.52,1470.0,213.26
2017-06-03 08:45:46.495798,54.286715,-165.98505,1470.0,216.08,1470.0,213.64
2017-06-03 08:45:46.994997,54.286742,-165.985001,1470.0,216.46,1470.0,214.2
2017-06-03 08:45:47.494200,54.28675,-165.984985,1470.0,216.27,1470.0,214.01
2017-06-03 08:45:47.993399,54.286775,-165.984938,1470.0,216.65,1470.0,214.58
2017-06-03 08:45:48.492601,54.286784,-165.984922,1470.0,216.08,1470.0,214.39
2017-06-03 08:45:48.991800,54.28681,-165.984874,1470.0,215.9,1470.0,214.58
2017-06-03 08:45:49.491003,54.286819,-165.984859,1470.0,215.71,1470.0,214.39
2017-06-03 08:45:49.990204,54.286847,-165.984814,1470.0,215.71,1470.0,214.77
2017-06-03 08:45:50.489405,54.286855,-165.9848,1470.0,215.9,1470.0,215.14
2017-06-03 08:45:50.988605,54.286881,-165.984757,1470.0,216.46,1470.0,215.52
2017-06-03 08:45:51.487806,54.28689,-165.984742,1470.0,216.84,1470.0,215.71
2017-06-03 08:45:51.987007,54.286917,-165.984694,1470.0,216.27,1470.0,216.27
2017-06-03 08:45:52.486208,54.286925,-165.984679,1470.0,216.84,1470.0,216.46
2017-06-03 08:45:52.985409,54.286948,-165.984634,1470.0,218.15,1470.0,216.84
2017-06-03 08:45:53.484610,54.286956,-165.984619,1470.0,218.53,1470.0,217.21
2017-06-03 08:45:53.983810,54.28698,-165.984572,1470.0,219.66,1470.0,218.15
2017-06-03 08:45:54.498611,54.286988,-165.984555,1470.0,221.54,1470.0,218.53
2017-06-03 08:45:54.997812,54.287012,-165.984506,1470.0,222.29,1470.0,219.66
2017-06-03 08:45:55.497013,54.28702,-165.98449,1470.0,222.48,1470.0,220.22
2017-06-03 08:45:55.996214,54.287045,-165.984443,1470.0,224.74,1470.0,221.35
2017-06-03 08:45:56.495415,54.287053,-165.984427,1470.0,224.17,1470.0,167.92
2017-06-03 08:45:56.994616,54.287079,-165.984379,1470.0,224.17,1470.0,222.11
2017-06-03 08:45:57.493816,54.287087,-165.984364,1470.0,224.36,1470.0,222.48
2017-06-03 08:45:57.993017,54.287115,-165.984316,1470.0,225.3,1470.0,222.67
2017-06-03 08:45:58.492218,54.287124,-165.984301,1470.0,225.87,1470.0,223.23
2017-06-03 08:45:58.991419,54.28715,-165.984256,1470.0,225.68,1470.0,224.17
2017-06-03 08:45:59.490620,54.287159,-165.984241,1470.0,227.37,1470.0,225.12
2017-06-03 08:45:59.989820,54.287187,-165.984196,1470.0,227.0,1470.0,224.93
2017-06-03 08:46:00.489021,54.287195,-165.984181,1470.0,227.94,1470.0,225.3
2017-06-03 08:46:00.988224,54.287221,-165.984136,1470.0,227.56,1470.0,226.06
2017-06-03 08:46:01.487423,54.28723,-165.98412,1470.0,227.56,1470.0,225.87
2017-06-03 08:46:01.986626,54.287257,-165.984073,1470.0,228.31,1470.0,226.43
2017-06-03 08:46:02.485825,54.287265,-165.984057,1470.0,229.44,1470.0,226.81
2017-06-03 08:46:02.985027,54.287288,-165.984011,1470.0,229.82,1470.0,228.31
2017-06-03 08:46:03.484226,54.287296,-165.983995,1470.0,231.32,1470.0,228.88
2017-06-03 08:46:03.999027,54.28732,-165.983946,1470.0,232.83,1470.0,229.63
2017-06-03 08:46:04.498228,54.287328,-165.98393,1470.0,233.02,1470.0,229.63
2017-06-03 08:46:04.997429,54.287352,-165.983881,1470.0,234.15,1470.0,233.39
2017-06-03 08:46:05.496630,54.28736,-165.983866,1470.0,234.15,1470.0,231.51
2017-06-03 08:46:05.995831,54.287385,-165.983819,1470.0,234.52,1470.0,231.89
2017-06-03 08:46:06.495033,54.287394,-165.983804,1470.0,234.9,1470.0,232.27
2017-06-03 08:46:06.994232,54.28742,-165.983759,1470.0,234.52,1470.0,232.45
2017-06-03 08:46:07.493435,54.287429,-165.983744,1470.0,234.52,1470.0,232.83
2017-06-03 08:46:07.992634,54.287457,-165.983699,1470.0,234.71,1470.0,233.39
2017-06-03 08:46:08.491837,54.287466,-165.983685,1470.0,235.28,1470.0,233.77
2017-06-03 08:46:08.991035,54.287493,-165.983641,1470.0,233.96,1470.0,233.96
2017-06-03 08:46:09.490238,54.287502,-165.983626,1470.0,235.84,1470.0,234.52
2017-06-03 08:46:09.989437,54.287528,-165.983581,1470.0,236.97,1470.0,235.09
2017-06-03 08:46:10.488640,54.287537,-165.983566,1470.0,236.97,1470.0,236.03
2017-06-03 08:46:10.987841,54.287563,-165.983519,1470.0,237.72,1470.0,236.22
2017-06-03 08:46:11.487041,54.287571,-165.983503,1470.0,238.66,1470.0,236.97
2017-06-03 08:46:11.986242,54.287597,-165.983454,1470.0,239.42,1470.0,237.72
2017-06-03 08:46:12.485443,54.287605,-165.983439,1470.0,239.6,1470.0,237.72
2017-06-03 08:46:12.984644,54.287631,-165.983391,1470.0,240.92,1470.0,238.66
2017-06-03 08:46:13.483845,54.287639,-165.983375,1470.0,241.49,1470.0,239.04
2017-06-03 08:46:13.998646,54.287664,-165.983326,1470.0,241.67,1470.0,239.98
2017-06-03 08:46:14.497847,54.287672,-165.983311,1470.0,241.49,1470.0,239.79
2017-06-03 08:46:14.997047,54.287698,-165.983264,1470.0,243.37,1470.0,239.98
2017-06-03 08:46:15.496248,54.287707,-165.983249,1470.0,241.3,1470.0,239.98
2017-06-03 08:46:15.995449,54.287735,-165.983204,1470.0,241.11,1470.0,239.98
2017-06-03 08:46:16.494650,54.287744,-165.98319,1470.0,241.11,1470.0,240.36
2017-06-03 08:46:16.993851,54.287772,-165.983146,1470.0,241.49,1470.0,240.54
2017-06-03 08:46:17.493052,54.28778,-165.983131,1470.0,241.67,1470.0,241.11
2017-06-03 08:46:17.992252,54.287805,-165.983086,1470.0,242.99,1470.0,241.49
2017-06-03 08:46:18.491453,54.287813,-165.983071,1470.0,243.37,1470.0,242.24
2017-06-03 08:46:18.990654,54.287838,-165.983026,1470.0,243.74,1470.0,242.43
2017-06-03 08:46:19.489855,54.287846,-165.98301,1470.0,244.31,1470.0,243.37
2017-06-03 08:46:19.989056,54.287873,-165.98296,1470.0,244.5,1470.0,243.74
2017-06-03 08:46:20.488256,54.287882,-165.982944,1470.0,245.06,1470.0,220.04
2017-06-03 08:46:20.987459,54.287906,-165.982897,1470.0,245.63,1470.0,243.93
2017-06-03 08:46:21.486658,54.287914,-165.982882,1470.0,246.57,1470.0,244.68
2017-06-03 08:46:21.985861,54.28794,-165.982833,1470.0,246.57,1470.0,245.06
2017-06-03 08:46:22.485060,54.287948,-165.982817,1470.0,246.75,1470.0,245.44
2017-06-03 08:46:22.984262,54.287973,-165.982771,1470.0,247.13,1470.0,245.63
2017-06-03 08:46:23.499062,54.287982,-165.982754,1470.0,247.13,1470.0,246.0
2017-06-03 08:46:23.998264,54.288008,-165.982708,1470.0,246.57,1470.0,246.19
2017-06-03 08:46:24.497463,54.288018,-165.982693,1470.0,246.94,1470.0,246.0
2017-06-03 08:46:24.996666,54.288047,-165.982648,1470.0,246.38,1470.0,246.19
2017-06-03 08:46:25.495865,54.288056,-165.982633,1470.0,246.57,1470.0,159.82
2017-06-03 08:46:25.995066,54.288083,-165.982588,1470.0,246.94,1470.0,246.75
2017-06-03 08:46:26.494268,54.288092,-165.982572,1470.0,247.69,1470.0,247.32
2017-06-03 08:46:26.993467,54.288117,-165.982524,1470.0,248.45,1470.0,247.69
2017-06-03 08:46:27.492670,54.288125,-165.982509,1470.0,249.2,1470.0,248.07
2017-06-03 08:46:27.991869,54.288149,-165.982461,1470.0,249.76,1470.0,248.45
2017-06-03 08:46:28.491072,54.288157,-165.982445,1470.0,249.95,1470.0,249.01
2017-06-03 08:46:28.990271,54.288181,-165.982398,1470.0,250.14,1470.0,249.39
2017-06-03 08:46:29.489473,54.288189,-165.982382,1470.0,250.71,1470.0,249.2
2017-06-03 08:46:29.988672,54.288215,-165.982333,1470.0,250.89,1470.0,249.39
2017-06-03 08:46:30.487875,54.288223,-165.982318,1470.0,249.95,1470.0,249.58
2017-06-03 08:46:30.987074,54.288248,-165.982272,1470.0,251.46,1470.0,249.95
2017-06-03 08:46:31.486277,54.288256,-165.982257,1470.0,250.52,1470.0,250.14
2017-06-03 08:46:31.985477,54.288283,-165.982209,1470.0,250.52,1470.0,250.33
2017-06-03 08:46:32.484678,54.288291,-165.982194,1470.0,250.71,1470.0,250.52
2017-06-03 08:46:32.983879,54.288318,-165.982147,1470.0,251.27,1470.0,250.52
2017-06-03 08:46:33.498680,54.288327,-165.982131,1470.0,251.46,1470.0,250.52
2017-06-03 08:46:33.997881,54.288352,-165.982084,1470.0,251.83,1470.0,250.52
2017-06-03 08:46:34.497082,54.28836,-165.982069,1470.0,251.65,1470.0,250.52
2017-06-03 08:46:34.996283,54.288387,-165.982024,1470.0,251.46,1470.0,250.71
2017-06-03 08:46:35.495483,54.288395,-165.982009,1470.0,251.65,1470.0,250.71
2017-06-03 08:46:35.994684,54.288422,-165.981961,1470.0,250.52,1470.0,250.52
2017-06-03 08:46:36.493885,54.28843,-165.981946,1470.0,251.83,1470.0,250.89
2017-06-03 08:46:36.993086,54.288457,-165.981899,1470.0,252.4,1470.0,250.52
2017-06-03 08:46:37.492287,54.288465,-165.981884,1470.0,250.33,1470.0,250.71
2017-06-03 08:46:37.991488,54.288492,-165.981836,1470.0,252.96,1470.0,251.65
2017-06-03 08:46:38.490688,54.2885,-165.981821,1470.0,253.34,1470.0,251.27
2017-06-03 08:46:38.989889,54.288524,-165.981774,1470.0,253.15,1470.0,251.65
2017-06-03 08:46:39.489090,54.288533,-165.981759,1470.0,253.53,1470.0,251.46
2017-06-03 08:46:39.988291,54.288559,-165.981711,1470.0,252.59,1470.0,251.08
2017-06-03 08:46:40.487492,54.288567,-165.981696,1470.0,252.21,1470.0,250.52
2017-06-03 08:46:40.986692,54.288593,-165.981649,1470.0,252.02,1470.0,249.95
2017-06-03 08:46:41.485893,54.288601,-165.981634,1470.0,251.65,1470.0,249.76
2017-06-03 08:46:41.985096,54.288628,-165.981588,1470.0,250.89,1470.0,249.95
2017-06-03 08:46:42.484295,54.288637,-165.981573,1470.0,251.46,1470.0,249.58
2017-06-03 08:46:42.999098,54.288664,-165.981529,1470.0,251.83,1470.0,249.95
2017-06-03 08:46:43.498297,54.288672,-165.981514,1470.0,251.46,1470.0,249.76
2017-06-03 08:46:43.997499,54.288698,-165.981469,1470.0,251.65,1470.0,249.39
2017-06-03 08:46:44.496698,54.288707,-165.981454,1470.0,251.65,1470.0,249.58
2017-06-03 08:46:44.995901,54.288733,-165.981406,1470.0,252.78,1470.0,250.33
2017-06-03 08:46:45.495100,54.288741,-165.98139,1470.0,253.15,1470.0,250.33
2017-06-03 08:46:45.994303,54.288765,-165.981343,1470.0,253.34,1470.0,249.95
2017-06-03 08:46:46.493504,54.288773,-165.981327,1470.0,253.15,1470.0,249.95
2017-06-03 08:46:46.992702,54.288799,-165.981279,1470.0,252.59,1470.0,250.52
2017-06-03 08:46:47.491905,54.288807,-165.981264,1470.0,6.29,1470.0,249.58
2017-06-03 08:46:47.991104,54.288833,-165.981216,1470.0,252.21,1470.0,249.95
2017-06-03 08:46:48.490307,54.288842,-165.981201,1470.0,251.46,1470.0,248.82
2017-06-03 08:46:48.989506,54.288869,-165.981157,1470.0,248.45,1470.0,248.64
2017-06-03 08:46:49.488708,54.288878,-165.981143,1470.0,250.89,1470.0,237.91
2017-06-03 08:46:49.987907,54.288907,-165.981098,1470.0,250.89,1470.0,248.45
2017-06-03 08:46:50.487110,54.288915,-165.981083,1470.0,250.14,1470.0,248.64
2017-06-03 08:46:50.986309,54.288941,-165.981039,1470.0,250.71,1470.0,248.64
2017-06-03 08:46:51.485512,54.28895,-165.981024,1470.0,250.14,1470.0,247.88
2017-06-03 08:46:51.984713,54.288977,-165.980978,1470.0,247.51,1470.0,247.88
2017-06-03 08:46:52.483913,54.288986,-165.980963,1470.0,249.2,1470.0,247.51
2017-06-03 08:46:52.998714,54.289013,-165.980919,1470.0,249.76,1470.0,247.88
2017-06-03 08:46:53.497915,54.289022,-165.980905,1470.0,249.76,1470.0,248.26
2017-06-03 08:46:53.997116,54.289048,-165.980861,1470.0,250.14,1470.0,247.69
2017-06-03 08:46:54.496317,54.289057,-165.980846,1470.0,250.71,1470.0,248.45
2017-06-03 08:46:54.995518,54.289083,-165.980799,1470.0,251.08,1470.0,248.26
2017-06-03 08:46:55.494719,54.289092,-165.980784,1470.0,252.02,1470.0,249.39
2017-06-03 08:46:55.993919,54.289118,-165.980739,1470.0,252.21,1470.0,248.45
2017-06-03 08:46:56.493120,54.289127,-165.980724,1470.0,252.21,1470.0,249.01
2017-06-03 08:46:56.992321,54.289153,-165.980678,1470.0,252.4,1470.0,249.01
2017-06-03 08:46:57.491522,54.289162,-165.980663,1470.0,251.65,1470.0,247.69
2017-06-03 08:46:57.990723,54.28919,-165.980618,1470.0,250.71,1470.0,248.45
2017-06-03 08:46:58.489923,54.289199,-165.980603,1470.0,250.33,1470.0,248.26
2017-06-03 08:46:58.989124,54.289224,-165.98056,1470.0,249.76,1470.0,247.32
2017-06-03 08:46:59.488325,54.289233,-165.980546,1470.0,248.64,1470.0,247.32
2017-06-03 08:46:59.987526,54.289262,-165.980499,1470.0,246.57,1470.0,246.75
2017-06-03 08:47:00.486727,54.289271,-165.980485,1470.0,246.57,1470.0,246.75
2017-06-03 08:47:00.985928,54.289298,-165.980442,1470.0,247.88,1470.0,246.19
2017-06-03 08:47:01.485128,54.289307,-165.980428,1470.0,247.32,1470.0,246.19
2017-06-03 08:47:01.984329,54.289334,-165.980384,1470.0,246.94,1470.0,246.19
2017-06-03 08:47:02.499130,54.289344,-165.980368,1470.0,248.07,1470.0,246.57
2017-06-03 08:47:02.998333,54.28937,-165.980323,1470.0,249.2,1470.0,246.75
2017-06-03 08:47:03.497532,54.289378,-165.980307,1470.0,250.33,1470.0,246.57
2017-06-03 08:47:03.996735,54.289402,-165.980259,1470.0,251.27,1470.0,247.69
2017-06-03 08:47:04.495934,54.28941,-165.980244,1470.0,252.96,1470.0,248.82
2017-06-03 08:47:04.995136,54.289435,-165.980196,1470.0,252.21,1470.0,247.51
2017-06-03 08:47:05.494335,54.289443,-165.980181,1470.0,252.59,1470.0,249.39
2017-06-03 08:47:05.993538,54.289469,-165.980134,1470.0,251.27,1470.0,248.07
2017-06-03 08:47:06.492737,54.289477,-165.980119,1470.0,251.08,1470.0,247.51
2017-06-03 08:47:06.991940,54.289503,-165.980073,1470.0,249.76,1470.0,247.88
2017-06-03 08:47:07.491140,54.289512,-165.980058,1470.0,249.01,1470.0,247.32
2017-06-03 08:47:07.990339,54.289538,-165.980013,1470.0,249.01,1470.0,246.75
2017-06-03 08:47:08.489542,54.289547,-165.979998,1470.0,248.45,1470.0,246.19
2017-06-03 08:47:08.988741,54.289574,-165.979954,1470.0,248.45,1470.0,245.81
2017-06-03 08:47:09.487944,54.289583,-165.979939,1470.0,245.44,1470.0,245.44
2017-06-03 08:47:09.987143,54.28961,-165.979893,1470.0,247.13,1470.0,245.63
2017-06-03 08:47:10.486345,54.289619,-165.979878,1470.0,245.06,1470.0,245.25
2017-06-03 08:47:10.985544,54.289644,-165.979834,1470.0,246.94,1470.0,245.63
2017-06-03 08:47:11.484747,54.289653,-165.979819,1470.0,247.51,1470.0,246.19
2017-06-03 08:47:11.983948,54.289679,-165.979772,1470.0,248.82,1470.0,246.57
2017-06-03 08:47:12.498749,54.289688,-165.979755,1470.0,249.01,1470.0,246.19
2017-06-03 08:47:12.997950,54.289712,-165.979708,1470.0,250.14,1470.0,246.75
2017-06-03 08:47:13.497150,54.28972,-165.979692,1470.0,250.33,1470.0,245.81
2017-06-03 08:47:13.996351,54.289745,-165.979644,1470.0,249.39,1470.0,246.38
2017-06-03 08:47:14.495552,54.289753,-165.979629,1470.0,249.2,1470.0,247.13
2017-06-03 08:47:14.994753,54.289779,-165.979583,1470.0,249.95,1470.0,246.38
2017-06-03 08:47:15.493954,54.289787,-165.979568,1470.0,248.82,1470.0,245.44
2017-06-03 08:47:15.993155,54.289813,-165.979523,1470.0,248.45,1470.0,245.25
2017-06-03 08:47:16.492355,54.289822,-165.979507,1470.0,248.26,1470.0,245.44
2017-06-03 08:47:16.991556,54.289847,-165.979461,1470.0,247.88,1470.0,246.0
2017-06-03 08:47:17.490757,54.289855,-165.979445,1470.0,247.69,1470.0,245.81
2017-06-03 08:47:17.989958,54.28988,-165.979398,1470.0,248.45,1470.0,244.87
2017-06-03 08:47:18.489159,54.289888,-165.979383,1470.0,244.5,1470.0,244.68
2017-06-03 08:47:18.988359,54.289913,-165.979337,1470.0,246.57,1470.0,245.06
2017-06-03 08:47:19.487560,54.289921,-165.979322,1470.0,246.38,1470.0,243.74
2017-06-03 08:47:19.986761,54.289948,-165.979274,1470.0,246.57,1470.0,243.74
2017-06-03 08:47:20.485962,54.289957,-165.979259,1470.0,243.93,1470.0,244.68
2017-06-03 08:47:20.985163,54.289981,-165.979214,1470.0,246.75,1470.0,245.06
2017-06-03 08:47:21.484364,54.289989,-165.979199,1470.0,249.01,1470.0,245.06
2017-06-03 08:47:21.999165,54.290015,-165.979149,1470.0,249.95,1470.0,245.63
2017-06-03 08:47:22.498365,54.290023,-165.979133,1470.0,249.2,1470.0,245.81
2017-06-03 08:47:22.997568,54.290045,-165.979084,1470.0,249.58,1470.0,245.81
2017-06-03 08:47:23.496767,54.290053,-165.979069,1470.0,248.82,1470.0,246.38
2017-06-03 08:47:23.995970,54.290079,-165.979021,1470.0,247.32,1470.0,243.74
2017-06-03 08:47:24.495169,54.290087,-165.979006,1470.0,247.88,1470.0,244.5
2017-06-03 08:47:24.994371,54.290113,-165.978961,1470.0,247.13,1470.0,244.31
2017-06-03 08:47:25.493570,54.290122,-165.978946,1470.0,245.44,1470.0,243.74
2017-06-03 08:47:25.992773,54.29015,-165.978901,1470.0,246.0,1470.0,243.18
2017-06-03 08:47:26.491972,54.290158,-165.978886,1470.0,246.0,1470.0,243.37
2017-06-03 08:47:26.991175,54.290184,-165.978839,1470.0,246.94,1470.0,243.93
2017-06-03 08:47:27.490374,54.290192,-165.978824,1470.0,245.63,1470.0,243.74
2017-06-03 08:47:27.989576,54.290217,-165.978778,1470.0,245.25,1470.0,242.8
2017-06-03 08:47:28.488777,54.290225,-165.978763,1470.0,245.25,1470.0,242.61
2017-06-03 08:47:28.987976,54.290251,-165.978717,1470.0,246.38,1470.0,242.43
2017-06-03 08:47:29.487179,54.290259,-165.978702,1470.0,244.68,1470.0,242.24
2017-06-03 08:47:29.986378,54.290285,-165.978654,1470.0,244.87,1470.0,242.8
2017-06-03 08:47:30.485580,54.290293,-165.978639,1470.0,245.25,1470.0,242.61
2017-06-03 08:47:30.984779,54.290318,-165.978594,1470.0,245.25,1470.0,241.3
2017-06-03 08:47:31.483982,54.290326,-165.978579,1470.0,245.44,1470.0,241.86
2017-06-03 08:47:31.998781,54.29035,-165.978533,1470.0,245.81,1470.0,242.43
2017-06-03 08:47:32.497984,54.290359,-165.978517,1470.0,244.68,1470.0,241.67
2017-06-03 08:47:32.997185,54.290385,-165.978471,1470.0,244.87,1470.0,241.67
2017-06-03 08:47:33.496386,54.290394,-165.978456,1470.0,244.12,1470.0,241.11
2017-06-03 08:47:33.995586,54.29042,-165.978409,1470.0,243.93,1470.0,240.54
2017-06-03 08:47:34.494787,54.290428,-165.978395,1470.0,243.93,1470.0,241.49
2017-06-03 08:47:34.993988,54.290454,-165.978351,1470.0,243.74,1470.0,241.49
2017-06-03 08:47:35.493189,54.290462,-165.978335,1470.0,244.68,1470.0,240.92
2017-06-03 08:47:35.992390,54.290487,-165.978288,1470.0,12.68,1470.0,241.67
2017-06-03 08:47:36.491590,54.290495,-165.978272,1470.0,245.06,1470.0,241.49
2017-06-03 08:47:36.990791,54.290522,-165.978224,1470.0,245.06,1470.0,241.67
2017-06-03 08:47:37.489992,54.29053,-165.978209,1470.0,244.5,1470.0,241.11
2017-06-03 08:47:37.989193,54.290555,-165.978161,1470.0,243.93,1470.0,240.54
2017-06-03 08:47:38.488394,54.290564,-165.978146,1470.0,242.99,1470.0,240.36
2017-06-03 08:47:38.987595,54.290589,-165.978102,1470.0,242.05,1470.0,239.6
2017-06-03 08:47:39.486795,54.290598,-165.978087,1470.0,242.05,1470.0,240.17
2017-06-03 08:47:39.985996,54.290627,-165.978041,1470.0,238.66,1470.0,239.23
2017-06-03 08:47:40.485197,54.290635,-165.978027,1470.0,240.54,1470.0,238.66
2017-06-03 08:47:40.984398,54.290661,-165.977984,1470.0,240.17,1470.0,238.66
2017-06-03 08:47:41.499199,54.29067,-165.977968,1470.0,241.3,1470.0,238.29
2017-06-03 08:47:41.998400,54.290697,-165.977924,1470.0,240.92,1470.0,238.48
2017-06-03 08:47:42.497601,54.290705,-165.977909,1470.0,240.36,1470.0,238.29
2017-06-03 08:47:42.996803,54.29073,-165.977864,1470.0,241.3,1470.0,238.66
2017-06-03 08:47:43.496002,54.290738,-165.977849,1470.0,241.86,1470.0,239.79
2017-06-03 08:47:43.995205,54.290764,-165.977803,1470.0,242.43,1470.0,239.42
2017-06-03 08:47:44.494404,54.290771,-165.977787,1470.0,241.3,1470.0,238.66
2017-06-03 08:47:44.993607,54.290795,-165.977741,1470.0,241.3,1470.0,238.85
2017-06-03 08:47:45.492805,54.290804,-165.977726,1470.0,240.92,1470.0,238.85
2017-06-03 08:47:45.992008,54.29083,-165.977681,1470.0,240.92,1470.0,238.66
2017-06-03 08:47:46.491207,54.290839,-165.977666,1470.0,240.73,1470.0,237.72
2017-06-03 08:47:46.990410,54.290865,-165.977621,1470.0,238.85,1470.0,237.91
2017-06-03 08:47:47.489609,54.290874,-165.977606,1470.0,238.85,1470.0,237.35
2017-06-03 08:47:47.988811,54.2909,-165.977561,1470.0,238.66,1470.0,236.97
2017-06-03 08:47:48.488012,54.290909,-165.977547,1470.0,237.91,1470.0,236.59
2017-06-03 08:47:48.987213,54.290936,-165.977504,1470.0,237.91,1470.0,236.59
2017-06-03 08:47:49.486414,54.290945,-165.977489,1470.0,238.1,1470.0,235.84
2017-06-03 08:47:49.985613,54.290972,-165.977443,1470.0,235.46,1470.0,235.84
2017-06-03 08:47:50.484816,54.29098,-165.977428,1470.0,237.16,1470.0,235.84
2017-06-03 08:47:50.984015,54.291006,-165.977382,1470.0,237.72,1470.0,235.46
2017-06-03 08:47:51.498817,54.291015,-165.977365,1470.0,237.91,1470.0,235.65
2017-06-03 08:47:51.998016,54.29104,-165.977318,1470.0,236.97,1470.0,234.9
2017-06-03 08:47:52.497219,54.291049,-165.977302,1470.0,237.35,1470.0,235.09
2017-06-03 08:47:52.996418,54.291075,-165.977256,1470.0,235.46,1470.0,234.15
2017-06-03 08:47:53.495621,54.291083,-165.977241,1470.0,233.39,1470.0,233.77
2017-06-03 08:47:53.994822,54.291109,-165.977196,1470.0,235.46,1470.0,233.58
2017-06-03 08:47:54.494022,54.291117,-165.977181,1470.0,233.02,1470.0,233.21
2017-06-03 08:47:54.993223,54.291143,-165.977138,1470.0,235.09,1470.0,233.21
2017-06-03 08:47:55.492424,54.291152,-165.977123,1470.0,233.96,1470.0,232.83
2017-06-03 08:47:55.991625,54.291177,-165.977078,1470.0,234.15,1470.0,232.45
2017-06-03 08:47:56.490826,54.291185,-165.977063,1470.0,232.08,1470.0,232.64
2017-06-03 08:47:56.990026,54.291209,-165.977017,1470.0,234.15,1470.0,232.64
2017-06-03 08:47:57.489227,54.291218,-165.977002,1470.0,233.77,1470.0,232.45
2017-06-03 08:47:57.988428,54.291245,-165.976956,1470.0,231.7,1470.0,231.7
2017-06-03 08:47:58.487629,54.291253,-165.976941,1470.0,233.77,1470.0,232.08
2017-06-03 08:47:58.986830,54.291278,-165.976896,1470.0,233.02,1470.0,232.64
2017-06-03 08:47:59.486031,54.291286,-165.976881,1470.0,4.22,1470.0,231.14
2017-06-03 08:47:59.985231,54.291312,-165.976834,1470.0,233.39,1470.0,231.32
2017-06-03 08:48:00.484432,54.29132,-165.976819,1470.0,232.08,1470.0,230.76
2017-06-03 08:48:00.999233,54.291347,-165.976773,1470.0,231.32,1470.0,230.57
2017-06-03 08:48:01.498434,54.291356,-165.976757,1470.0,231.51,1470.0,230.2
2017-06-03 08:48:01.997635,54.291383,-165.976711,1470.0,230.38,1470.0,230.01
2017-06-03 08:48:02.496836,54.291392,-165.976696,1470.0,230.95,1470.0,214.2
2017-06-03 08:48:02.996038,54.291418,-165.976651,1470.0,230.38,1470.0,229.82
2017-06-03 08:48:03.495237,54.291426,-165.976636,1470.0,230.57,1470.0,229.82
2017-06-03 08:48:03.994440,54.29145,-165.976589,1470.0,230.57,1470.0,229.63
2017-06-03 08:48:04.493639,54.291459,-165.976574,1470.0,230.38,1470.0,229.63
2017-06-03 08:48:04.992842,54.291485,-165.976526,1470.0,230.38,1470.0,229.63
2017-06-03 08:48:05.492041,54.291493,-165.97651,1470.0,229.44,1470.0,229.07
2017-06-03 08:48:05.991243,54.291519,-165.976463,1470.0,230.01,1470.0,229.07
2017-06-03 08:48:06.490442,54.291527,-165.976448,1470.0,230.01,1470.0,229.07
2017-06-03 08:48:06.989645,54.291551,-165.976402,1470.0,21.71,1470.0,228.88
2017-06-03 08:48:07.488844,54.291559,-165.976387,1470.0,229.26,1470.0,229.26
2017-06-03 08:48:07.988047,54.291584,-165.976339,1470.0,230.76,1470.0,229.07
2017-06-03 08:48:08.487247,54.291592,-165.976324,1470.0,230.2,1470.0,229.07
2017-06-03 08:48:08.986448,54.291616,-165.976279,1470.0,230.01,1470.0,229.07
2017-06-03 08:48:09.485649,54.291625,-165.976264,1470.0,229.82,1470.0,228.69
2017-06-03 08:48:09.984850,54.291652,-165.976218,1470.0,228.88,1470.0,228.5
2017-06-03 08:48:10.484051,54.291661,-165.976203,1470.0,228.69,1470.0,228.31
2017-06-03 08:48:10.998850,54.291688,-165.976158,1470.0,228.88,1470.0,228.31
2017-06-03 08:48:11.498053,54.291697,-165.976142,1470.0,229.07,1470.0,228.69
2017-06-03 08:48:11.997252,54.291722,-165.976096,1470.0,229.07,1470.0,228.88
2017-06-03 08:48:12.496454,54.29173,-165.97608,1470.0,229.63,1470.0,229.07
2017-06-03 08:48:12.995653,54.291755,-165.976033,1470.0,229.82,1470.0,229.07
2017-06-03 08:48:13.494856,54.291763,-165.976017,1470.0,229.82,1470.0,229.44
2017-06-03 08:48:13.994057,54.291789,-165.975969,1470.0,230.01,1470.0,229.07
2017-06-03 08:48:14.493258,54.291797,-165.975954,1470.0,230.2,1470.0,228.88
2017-06-03 08:48:14.992458,54.291823,-165.975907,1470.0,229.26,1470.0,229.07
2017-06-03 08:48:15.491659,54.291831,-165.975892,1470.0,230.2,1470.0,229.07
2017-06-03 08:48:15.990860,54.291858,-165.975846,1470.0,230.57,1470.0,229.26
2017-06-03 08:48:16.490061,54.291867,-165.975831,1470.0,230.38,1470.0,229.44
2017-06-03 08:48:16.989262,54.291891,-165.975787,1470.0,230.38,1470.0,230.01
2017-06-03 08:48:17.488462,54.2919,-165.975772,1470.0,230.57,1470.0,229.82
2017-06-03 08:48:17.987663,54.291927,-165.975726,1470.0,230.2,1470.0,230.01
2017-06-03 08:48:18.486864,54.291935,-165.975711,1470.0,230.2,1470.0,229.63
2017-06-03 08:48:18.986065,54.291961,-165.975667,1470.0,229.82,1470.0,229.82
2017-06-03 08:48:19.485266,54.29197,-165.975653,1470.0,230.01,1470.0,229.63
2017-06-03 08:48:19.984467,54.291998,-165.975609,1470.0,230.57,1470.0,229.82
2017-06-03 08:48:20.499268,54.292007,-165.975593,1470.0,230.57,1470.0,230.01
2017-06-03 08:48:20.998468,54.292033,-165.975549,1470.0,231.14,1470.0,230.2
2017-06-03 08:48:21.497669,54.292041,-165.975534,1470.0,231.89,1470.0,230.76
2017-06-03 08:48:21.996870,54.292065,-165.975488,1470.0,231.89,1470.0,231.32
2017-06-03 08:48:22.496071,54.292074,-165.975472,1470.0,231.89,1470.0,231.14
2017-06-03 08:48:22.995272,54.2921,-165.975426,1470.0,230.76,1470.0,230.95
2017-06-03 08:48:23.494473,54.292108,-165.975411,1470.0,231.89,1470.0,230.76
2017-06-03 08:48:23.993675,54.292134,-165.975366,1470.0,231.32,1470.0,230.57
2017-06-03 08:48:24.492874,54.292142,-165.975351,1470.0,231.51,1470.0,230.95
2017-06-03 08:48:24.992077,54.29217,-165.975306,1470.0,231.32,1470.0,230.76
2017-06-03 08:48:25.491276,54.292179,-165.975292,1470.0,232.08,1470.0,231.14
2017-06-03 08:48:25.990479,54.292205,-165.975249,1470.0,231.89,1470.0,231.51
2017-06-03 08:48:26.489677,54.292214,-165.975235,1470.0,232.08,1470.0,231.51
2017-06-03 08:48:26.988880,54.292239,-165.975192,1470.0,231.89,1470.0,231.51
2017-06-03 08:48:27.488079,54.292248,-165.975177,1470.0,232.08,1470.0,231.7
2017-06-03 08:48:27.987282,54.292277,-165.975131,1470.0,231.89,1470.0,10.61
2017-06-03 08:48:28.486483,54.292285,-165.975116,1470.0,232.45,1470.0,231.7
2017-06-03 08:48:28.985683,54.292311,-165.975071,1470.0,231.89,1470.0,231.7
2017-06-03 08:48:29.484884,54.29232,-165.975055,1470.0,233.77,1470.0,232.08
2017-06-03 08:48:29.984085,54.292346,-165.975008,1470.0,234.15,1470.0,233.02
2017-06-03 08:48:30.498886,54.292355,-165.97499,1470.0,234.52,1470.0,232.83
2017-06-03 08:48:30.998085,54.292379,-165.974943,1470.0,234.9,1470.0,233.02
2017-06-03 08:48:31.497288,54.292387,-165.974927,1470.0,235.28,1470.0,233.21
2017-06-03 08:48:31.996487,54.292413,-165.974879,1470.0,234.15,1470.0,233.21
2017-06-03 08:48:32.495689,54.292422,-165.974864,1470.0,234.34,1470.0,233.21
2017-06-03 08:48:32.994888,54.292448,-165.974819,1470.0,234.15,1470.0,232.83
2017-06-03 08:48:33.494091,54.292457,-165.974805,1470.0,233.58,1470.0,233.02
2017-06-03 08:48:33.993292,54.292483,-165.974761,1470.0,233.58,1470.0,232.83
2017-06-03 08:48:34.492493,54.292492,-165.974747,1470.0,233.21,1470.0,232.83
2017-06-03 08:48:34.991693,54.292519,-165.974704,1470.0,233.21,1470.0,233.02
2017-06-03 08:48:35.490894,54.292528,-165.974689,1470.0,233.77,1470.0,233.21
2017-06-03 08:48:35.990095,54.292554,-165.974644,1470.0,233.96,1470.0,233.39
2017-06-03 08:48:36.489296,54.292562,-165.974629,1470.0,234.34,1470.0,233.58
2017-06-03 08:48:36.988497,54.292588,-165.974584,1470.0,234.52,1470.0,233.96
2017-06-03 08:48:37.487698,54.292596,-165.974569,1470.0,235.09,1470.0,234.15
2017-06-03 08:48:37.986898,54.292622,-165.974521,1470.0,234.34,1470.0,234.52
2017-06-03 08:48:38.486099,54.29263,-165.974506,1470.0,234.52,1470.0,234.71
2017-06-03 08:48:38.985300,54.292654,-165.974459,1470.0,236.22,1470.0,235.09
2017-06-03 08:48:39.484501,54.292663,-165.974444,1470.0,237.35,1470.0,235.09
2017-06-03 08:48:39.999302,54.292689,-165.974394,1470.0,237.53,1470.0,235.09
2017-06-03 08:48:40.498503,54.292697,-165.974379,1470.0,235.09,1470.0,235.09
2017-06-03 08:48:40.997704,54.292723,-165.974333,1470.0,236.22,1470.0,235.09
2017-06-03 08:48:41.496904,54.292732,-165.974318,1470.0,235.46,1470.0,235.65
2017-06-03 08:48:41.996105,54.29276,-165.974273,1470.0,236.03,1470.0,235.09
2017-06-03 08:48:42.495306,54.292769,-165.974258,1470.0,235.65,1470.0,235.09
2017-06-03 08:48:42.994507,54.292797,-165.974213,1470.0,235.46,1470.0,7.04
2017-06-03 08:48:43.493708,54.292805,-165.974198,1470.0,235.28,1470.0,235.09
2017-06-03 08:48:43.992908,54.292832,-165.974153,1470.0,235.84,1470.0,235.09
2017-06-03 08:48:44.492109,54.29284,-165.974138,1470.0,235.65,1470.0,235.09
2017-06-03 08:48:44.991312,54.292866,-165.974092,1470.0,236.41,1470.0,235.65
2017-06-03 08:48:45.490511,54.292874,-165.974077,1470.0,236.97,1470.0,235.84
2017-06-03 08:48:45.989714,54.292899,-165.974029,1470.0,235.84,1470.0,236.22
2017-06-03 08:48:46.488913,54.292907,-165.974014,1470.0,237.91,1470.0,236.41
2017-06-03 08:48:46.988115,54.292931,-165.973967,1470.0,238.85,1470.0,236.41
2017-06-03 08:48:47.487314,54.29294,-165.973952,1470.0,236.03,1470.0,236.78
2017-06-03 08:48:47.986517,54.292967,-165.973904,1470.0,238.1,1470.0,236.41
2017-06-03 08:48:48.485716,54.292975,-165.97389,1470.0,10.24,1470.0,10.61
2017-06-03 08:48:48.984919,54.293001,-165.973846,1470.0,238.66,1470.0,236.22
2017-06-03 08:48:49.484118,54.29301,-165.973831,1470.0,238.48,1470.0,236.59
2017-06-03 08:48:49.998919,54.293038,-165.973786,1470.0,237.35,1470.0,236.41
2017-06-03 08:48:50.498121,54.293047,-165.973771,1470.0,236.59,1470.0,236.41
2017-06-03 08:48:50.997320,54.293073,-165.973728,1470.0,237.35,1470.0,236.41
2017-06-03 08:48:51.496523,54.293082,-165.973713,1470.0,237.91,1470.0,236.78
2017-06-03 08:48:51.995722,54.293107,-165.973668,1470.0,237.35,1470.0,236.59
2017-06-03 08:48:52.494925,54.293116,-165.973653,1470.0,236.97,1470.0,236.22
2017-06-03 08:48:52.994123,54.293143,-165.973608,1470.0,236.78,1470.0,236.41
2017-06-03 08:48:53.493326,54.293152,-165.973593,1470.0,236.97,1470.0,236.41
2017-06-03 08:48:53.992527,54.293178,-165.973548,1470.0,236.59,1470.0,236.41
2017-06-03 08:48:54.491728,54.293187,-165.973533,1470.0,236.78,1470.0,236.78
2017-06-03 08:48:54.990929,54.293211,-165.973489,1470.0,238.1,1470.0,237.35
2017-06-03 08:48:55.490129,54.293219,-165.973473,1470.0,239.79,1470.0,237.35
2017-06-03 08:48:55.989330,54.293245,-165.973424,1470.0,239.79,1470.0,237.53
2017-06-03 08:48:56.488531,54.293254,-165.973409,1470.0,239.42,1470.0,237.91
2017-06-03 08:48:56.987732,54.293281,-165.973364,1470.0,239.98,1470.0,213.07
2017-06-03 08:48:57.486933,54.29329,-165.973349,1470.0,239.98,1470.0,237.72
2017-06-03 08:48:57.986134,54.293317,-165.973303,1470.0,239.42,1470.0,237.72
2017-06-03 08:48:58.485334,54.293326,-165.973288,1470.0,239.23,1470.0,237.91
2017-06-03 08:48:58.984535,54.293353,-165.973245,1470.0,239.98,1470.0,237.91
2017-06-03 08:48:59.499336,54.293362,-165.973229,1470.0,239.04,1470.0,238.29
2017-06-03 08:48:59.998537,54.293388,-165.973184,1470.0,239.42,1470.0,238.29
2017-06-03 08:49:00.497738,54.293397,-165.973169,1470.0,239.42,1470.0,237.91
2017-06-03 08:49:00.996939,54.293423,-165.973124,1470.0,237.91,1470.0,237.91
2017-06-03 08:49:01.496140,54.293432,-165.97311,1470.0,238.48,1470.0,237.72
2017-06-03 08:49:01.995340,54.293457,-165.973066,1470.0,238.1,1470.0,237.53
2017-06-03 08:49:02.494541,54.293466,-165.973051,1470.0,238.1,1470.0,237.72
2017-06-03 08:49:02.993742,54.293493,-165.973008,1470.0,238.29,1470.0,237.53
2017-06-03 08:49:03.492943,54.293502,-165.972993,1470.0,237.91,1470.0,237.53
2017-06-03 08:49:03.992144,54.293528,-165.972948,1470.0,238.85,1470.0,237.91
2017-06-03 08:49:04.491344,54.293537,-165.972932,1470.0,239.42,1470.0,238.1
2017-06-03 08:49:04.990547,54.293562,-165.972886,1470.0,240.17,1470.0,238.48
2017-06-03 08:49:05.489746,54.29357,-165.97287,1470.0,240.92,1470.0,238.85
2017-06-03 08:49:05.988949,54.293594,-165.972823,1470.0,242.24,1470.0,239.6
2017-06-03 08:49:06.488148,54.293602,-165.972807,1470.0,242.43,1470.0,239.23
2017-06-03 08:49:06.987350,54.293626,-165.972761,1470.0,240.54,1470.0,239.42
2017-06-03 08:49:07.486549,54.293635,-165.972746,1470.0,240.92,1470.0,239.23
2017-06-03 08:49:07.985752,54.293661,-165.972699,1470.0,239.98,1470.0,239.23
2017-06-03 08:49:08.484951,54.29367,-165.972684,1470.0,239.42,1470.0,238.66
2017-06-03 08:49:08.984154,54.293698,-165.972639,1470.0,238.48,1470.0,238.48
2017-06-03 08:49:09.498953,54.293707,-165.972623,1470.0,238.66,1470.0,238.29
2017-06-03 08:49:09.998154,54.293735,-165.972579,1470.0,239.23,1470.0,238.48
2017-06-03 08:49:10.497356,54.293744,-165.972565,1470.0,238.85,1470.0,238.48
2017-06-03 08:49:10.996555,54.293772,-165.972521,1470.0,239.04,1470.0,238.48
2017-06-03 08:49:11.495758,54.29378,-165.972506,1470.0,239.23,1470.0,238.48
2017-06-03 08:49:11.994957,54.293807,-165.972459,1470.0,239.04,1470.0,238.48
2017-06-03 08:49:12.494160,54.293815,-165.972444,1470.0,238.48,1470.0,238.48
2017-06-03 08:49:12.993359,54.29384,-165.972398,1470.0,240.17,1470.0,238.66
2017-06-03 08:49:13.492561,54.293848,-165.972382,1470.0,240.17,1470.0,238.66
2017-06-03 08:49:13.991760,54.293874,-165.972336,1470.0,239.98,1470.0,238.66
2017-06-03 08:49:14.490963,54.293882,-165.972321,1470.0,240.73,1470.0,238.66
2017-06-03 08:49:14.990162,54.293906,-165.972276,1470.0,239.98,1470.0,238.66
2017-06-03 08:49:15.489365,54.293915,-165.97226,1470.0,239.6,1470.0,238.66
2017-06-03 08:49:15.988565,54.293942,-165.972213,1470.0,239.23,1470.0,238.29
2017-06-03 08:49:16.487766,54.293951,-165.972198,1470.0,238.66,1470.0,238.1
2017-06-03 08:49:16.986967,54.293978,-165.972154,1470.0,238.66,1470.0,238.1
2017-06-03 08:49:17.486168,54.293986,-165.972139,1470.0,238.66,1470.0,237.91
2017-06-03 08:49:17.985369,54.294011,-165.972096,1470.0,238.66,1470.0,238.1
2017-06-03 08:49:18.484570,54.294019,-165.972081,1470.0,238.66,1470.0,238.1
2017-06-03 08:49:18.999371,54.294045,-165.972033,1470.0,238.66,1470.0,238.29
2017-06-03 08:49:19.498571,54.294054,-165.972017,1470.0,238.85,1470.0,238.29
2017-06-03 08:49:19.997772,54.29408,-165.971971,1470.0,239.23,1470.0,238.1
2017-06-03 08:49:20.496973,54.294089,-165.971955,1470.0,238.85,1470.0,238.1
2017-06-03 08:49:20.996174,54.294115,-165.971908,1470.0,239.42,1470.0,238.1
2017-06-03 08:49:21.495375,54.294123,-165.971892,1470.0,239.23,1470.0,238.66
2017-06-03 08:49:21.994576,54.294149,-165.971844,1470.0,238.85,1470.0,239.04
2017-06-03 08:49:22.493776,54.294157,-165.971829,1470.0,239.23,1470.0,203.67
2017-06-03 08:49:22.992977,54.294182,-165.971781,1470.0,240.17,1470.0,239.04
2017-06-03 08:49:23.492178,54.29419,-165.971766,1470.0,238.48,1470.0,238.85
2017-06-03 08:49:23.991379,54.294217,-165.971719,1470.0,240.17,1470.0,238.48
2017-06-03 08:49:24.490580,54.294226,-165.971704,1470.0,239.42,1470.0,238.1
2017-06-03 08:49:24.989782,54.294253,-165.971659,1470.0,239.42,1470.0,238.1
2017-06-03 08:49:25.488981,54.294261,-165.971644,1470.0,239.42,1470.0,238.1
2017-06-03 08:49:25.988184,54.294287,-165.971598,1470.0,239.42,1470.0,238.1
2017-06-03 08:49:26.487383,54.294296,-165.971583,1470.0,238.48,1470.0,238.1
2017-06-03 08:49:26.986586,54.294323,-165.971539,1470.0,238.66,1470.0,238.1
2017-06-03 08:49:27.485785,54.294331,-165.971524,1470.0,238.1,1470.0,238.1
2017-06-03 08:49:27.984987,54.294358,-165.971479,1470.0,237.91,1470.0,237.91
2017-06-03 08:49:28.484186,54.294366,-165.971464,1470.0,238.1,1470.0,237.53
2017-06-03 08:49:28.998989,54.294393,-165.971418,1470.0,237.91,1470.0,237.53
2017-06-03 08:49:29.498188,54.294402,-165.971403,1470.0,237.53,1470.0,237.72
2017-06-03 08:49:29.997391,54.294427,-165.971359,1470.0,238.29,1470.0,237.72
2017-06-03 08:49:30.496592,54.294435,-165.971344,1470.0,238.48,1470.0,237.72
2017-06-03 08:49:30.995790,54.29446,-165.971298,1470.0,238.48,1470.0,237.91
2017-06-03 08:49:31.494993,54.294468,-165.971282,1470.0,237.91,1470.0,237.91
2017-06-03 08:49:31.994192,54.294494,-165.971234,1470.0,239.23,1470.0,238.1
2017-06-03 08:49:32.493395,54.294502,-165.971219,1470.0,238.1,1470.0,238.29
2017-06-03 08:49:32.992594,54.294528,-165.971172,1470.0,239.42,1470.0,238.48
2017-06-03 08:49:33.491796,54.294536,-165.971157,1470.0,239.6,1470.0,238.1
2017-06-03 08:49:33.990995,54.294563,-165.971109,1470.0,238.1,1470.0,237.91
2017-06-03 08:49:34.490198,54.294572,-165.971094,1470.0,239.42,1470.0,238.1
2017-06-03 08:49:34.989397,54.294599,-165.971049,1470.0,239.23,1470.0,237.91
2017-06-03 08:49:35.488600,54.294608,-165.971034,1470.0,238.29,1470.0,237.91
2017-06-03 08:49:35.987801,54.294637,-165.970988,1470.0,238.29,1470.0,237.72
2017-06-03 08:49:36.487001,54.294646,-165.970973,1470.0,238.29,1470.0,237.72
2017-06-03 08:49:36.986202,54.294673,-165.970929,1470.0,237.72,1470.0,237.72
2017-06-03 08:49:37.485403,54.294681,-165.970914,1470.0,237.72,1470.0,237.53
2017-06-03 08:49:37.984604,54.294708,-165.970869,1470.0,237.72,1470.0,237.53
2017-06-03 08:49:38.483805,54.294716,-165.970854,1470.0,237.72,1470.0,237.53
2017-06-03 08:49:38.998606,54.294743,-165.970808,1470.0,237.53,1470.0,237.35
2017-06-03 08:49:39.497807,54.294752,-165.970792,1470.0,237.72,1470.0,237.35
2017-06-03 08:49:39.997007,54.294778,-165.970746,1470.0,237.72,1470.0,237.16
2017-06-03 08:49:40.496208,54.294787,-165.970731,1470.0,237.91,1470.0,236.97
2017-06-03 08:49:40.995409,54.294812,-165.970684,1470.0,237.72,1470.0,237.35
2017-06-03 08:49:41.494610,54.29482,-165.970669,1470.0,238.1,1470.0,237.35
2017-06-03 08:49:41.993811,54.294845,-165.970623,1470.0,238.48,1470.0,237.35
2017-06-03 08:49:42.493011,54.294854,-165.970608,1470.0,237.53,1470.0,237.53
2017-06-03 08:49:42.992212,54.294879,-165.970562,1470.0,237.53,1470.0,237.72
2017-06-03 08:49:43.491413,54.294888,-165.970547,1470.0,239.79,1470.0,237.72
2017-06-03 08:49:43.990614,54.294915,-165.970498,1470.0,238.66,1470.0,237.72
2017-06-03 08:49:44.489815,54.294924,-165.970482,1470.0,237.72,1470.0,237.91
2017-06-03 08:49:44.989016,54.294949,-165.970436,1470.0,238.48,1470.0,237.72
2017-06-03 08:49:45.488216,54.294958,-165.97042,1470.0,238.1,1470.0,237.72
2017-06-03 08:49:45.987419,54.294985,-165.970373,1470.0,237.72,1470.0,237.53
2017-06-03 08:49:46.486618,54.294994,-165.970357,1470.0,237.53,1470.0,237.35
2017-06-03 08:49:46.985821,54.295019,-165.970311,1470.0,237.16,1470.0,237.16
2017-06-03 08:49:47.485020,54.295028,-165.970296,1470.0,236.97,1470.0,236.97
2017-06-03 08:49:47.984222,54.295056,-165.970249,1470.0,236.59,1470.0,236.59
2017-06-03 08:49:48.499022,54.295065,-165.970233,1470.0,236.59,1470.0,236.41
2017-06-03 08:49:48.998224,54.295092,-165.970188,1470.0,236.41,1470.0,236.22
2017-06-03 08:49:49.497423,54.2951,-165.970173,1470.0,236.22,1470.0,193.88
2017-06-03 08:49:49.996626,54.295125,-165.970128,1470.0,236.22,1470.0,236.03
2017-06-03 08:49:50.495827,54.295133,-165.970112,1470.0,236.22,1470.0,236.22
2017-06-03 08:49:50.995028,54.295159,-165.970064,1470.0,236.41,1470.0,235.84
2017-06-03 08:49:51.494228,54.295166,-165.970049,1470.0,236.97,1470.0,236.03
2017-06-03 08:49:51.993427,54.29519,-165.970001,1470.0,237.16,1470.0,236.22
2017-06-03 08:49:52.492630,54.295198,-165.969985,1470.0,235.84,1470.0,236.03
2017-06-03 08:49:52.991829,54.295222,-165.969936,1470.0,237.35,1470.0,236.03
2017-06-03 08:49:53.491032,54.29523,-165.96992,1470.0,237.72,1470.0,236.22
2017-06-03 08:49:53.990231,54.295255,-165.969873,1470.0,237.16,1470.0,236.41
2017-06-03 08:49:54.489433,54.295264,-165.969857,1470.0,235.65,1470.0,235.65
2017-06-03 08:49:54.988632,54.295289,-165.969811,1470.0,235.46,1470.0,235.28
2017-06-03 08:49:55.487835,54.295298,-165.969795,1470.0,235.28,1470.0,235.28
2017-06-03 08:49:55.987036,54.295327,-165.969746,1470.0,236.03,1470.0,234.9
2017-06-03 08:49:56.486237,54.295336,-165.969731,1470.0,234.9,1470.0,234.71
2017-06-03 08:49:56.985437,54.295363,-165.969686,1470.0,234.9,1470.0,234.71
2017-06-03 08:49:57.484638,54.295371,-165.969671,1470.0,234.71,1470.0,234.52
2017-06-03 08:49:57.983839,54.295398,-165.969624,1470.0,234.34,1470.0,234.34
2017-06-03 08:49:58.498640,54.295407,-165.969608,1470.0,234.15,1470.0,234.15
2017-06-03 08:49:58.997841,54.295435,-165.969563,1470.0,233.96,1470.0,233.96
2017-06-03 08:49:59.497042,54.295444,-165.969548,1470.0,233.96,1470.0,233.58
2017-06-03 08:49:59.996243,54.29547,-165.969503,1470.0,233.77,1470.0,233.39
2017-06-03 08:50:00.495443,54.295478,-165.969487,1470.0,233.96,1470.0,233.58
2017-06-03 08:50:00.994644,54.295504,-165.969441,1470.0,234.15,1470.0,233.58
2017-06-03 08:50:01.493845,54.295511,-165.969425,1470.0,235.09,1470.0,233.77
2017-06-03 08:50:01.993046,54.295535,-165.969378,1470.0,235.65,1470.0,234.15
2017-06-03 08:50:02.492247,54.295543,-165.969362,1470.0,235.65,1470.0,233.96
2017-06-03 08:50:02.991447,54.295568,-165.969316,1470.0,233.58,1470.0,234.15
2017-06-03 08:50:03.490648,54.295577,-165.9693,1470.0,235.09,1470.0,234.15
2017-06-03 08:50:03.989849,54.295605,-165.969253,1470.0,235.09,1470.0,233.21
2017-06-03 08:50:04.489050,54.295614,-165.969238,1470.0,233.77,1470.0,233.02
2017-06-03 08:50:04.988251,54.295639,-165.969195,1470.0,233.77,1470.0,233.21
2017-06-03 08:50:05.487452,54.295648,-165.969181,1470.0,233.39,1470.0,232.83
2017-06-03 08:50:05.986652,54.295676,-165.969136,1470.0,233.58,1470.0,232.83
2017-06-03 08:50:06.485853,54.295685,-165.969121,1470.0,232.83,1470.0,181.27
2017-06-03 08:50:06.985056,54.295713,-165.969076,1470.0,232.45,1470.0,232.45
2017-06-03 08:50:07.484255,54.295722,-165.969061,1470.0,232.08,1470.0,232.08
2017-06-03 08:50:07.999058,54.29575,-165.969013,1470.0,231.89,1470.0,231.89
2017-06-03 08:50:08.498257,54.295759,-165.968998,1470.0,231.89,1470.0,231.7
2017-06-03 08:50:08.997459,54.295785,-165.968953,1470.0,231.89,1470.0,231.7
2017-06-03 08:50:09.496658,54.295794,-165.968937,1470.0,232.27,1470.0,231.89
2017-06-03 08:50:09.995861,54.29582,-165.968889,1470.0,232.27,1470.0,231.89
2017-06-03 08:50:10.495060,54.295829,-165.968874,1470.0,232.83,1470.0,231.7
2017-06-03 08:50:10.994263,54.295855,-165.968826,1470.0,231.51,1470.0,231.7
2017-06-03 08:50:11.493464,54.295864,-165.968811,1470.0,232.45,1470.0,231.51
2017-06-03 08:50:11.992664,54.29589,-165.968764,1470.0,232.64,1470.0,231.32
2017-06-03 08:50:12.491865,54.295899,-165.96875,1470.0,232.27,1470.0,231.89
2017-06-03 08:50:12.991064,54.295924,-165.968706,1470.0,232.64,1470.0,231.14
2017-06-03 08:50:13.490267,54.295933,-165.968691,1470.0,232.27,1470.0,231.32
2017-06-03 08:50:13.989466,54.29596,-165.968644,1470.0,231.51,1470.0,231.14
2017-06-03 08:50:14.488668,54.295969,-165.96863,1470.0,232.08,1470.0,230.95
2017-06-03 08:50:14.987867,54.295994,-165.968586,1470.0,231.14,1470.0,230.76
2017-06-03 08:50:15.487070,54.296003,-165.968571,1470.0,230.76,1470.0,230.57
2017-06-03 08:50:15.986271,54.296032,-165.968524,1470.0,230.38,1470.0,230.2
2017-06-03 08:50:16.485472,54.29604,-165.96851,1470.0,230.01,1470.0,230.01
2017-06-03 08:50:16.984673,54.296066,-165.968466,1470.0,230.01,1470.0,229.82
2017-06-03 08:50:17.483873,54.296075,-165.968451,1470.0,230.01,1470.0,230.01
2017-06-03 08:50:17.998674,54.296102,-165.968404,1470.0,230.38,1470.0,230.01
2017-06-03 08:50:18.497875,54.29611,-165.968389,1470.0,230.2,1470.0,229.82
2017-06-03 08:50:18.997076,54.296135,-165.968343,1470.0,230.01,1470.0,229.82
2017-06-03 08:50:19.496277,54.296144,-165.968327,1470.0,230.38,1470.0,229.44
2017-06-03 08:50:19.995478,54.29617,-165.968279,1470.0,230.01,1470.0,229.44
2017-06-03 08:50:20.494678,54.296179,-165.968264,1470.0,230.2,1470.0,229.26
2017-06-03 08:50:20.993879,54.296204,-165.968217,1470.0,230.38,1470.0,229.44
2017-06-03 08:50:21.493080,54.296213,-165.968202,1470.0,230.57,1470.0,229.44
2017-06-03 08:50:21.992281,54.296239,-165.968153,1470.0,230.57,1470.0,229.63
2017-06-03 08:50:22.491482,54.296247,-165.968138,1470.0,230.95,1470.0,229.44
2017-06-03 08:50:22.990683,54.296273,-165.968092,1470.0,230.57,1470.0,229.26
2017-06-03 08:50:23.489883,54.296282,-165.968077,1470.0,230.01,1470.0,228.88
2017-06-03 08:50:23.989084,54.29631,-165.968029,1470.0,229.44,1470.0,228.69
2017-06-03 08:50:24.488285,54.296319,-165.968015,1470.0,229.26,1470.0,228.5
2017-06-03 08:50:24.987486,54.296344,-165.967971,1470.0,228.5,1470.0,228.31
2017-06-03 08:50:25.486687,54.296353,-165.967956,1470.0,228.5,1470.0,228.13
2017-06-03 08:50:25.985888,54.296382,-165.967911,1470.0,228.5,1470.0,228.13
2017-06-03 08:50:26.485088,54.29639,-165.967896,1470.0,228.13,1470.0,227.94
2017-06-03 08:50:26.984291,54.296416,-165.967852,1470.0,227.94,1470.0,227.75
2017-06-03 08:50:27.499090,54.296425,-165.967836,1470.0,228.5,1470.0,227.56
2017-06-03 08:50:27.998293,54.296452,-165.967791,1470.0,227.75,1470.0,227.56
2017-06-03 08:50:28.497492,54.29646,-165.967776,1470.0,228.69,1470.0,227.75
2017-06-03 08:50:28.996695,54.296487,-165.967731,1470.0,228.5,1470.0,227.56
2017-06-03 08:50:29.495893,54.296495,-165.967716,1470.0,228.5,1470.0,227.94
2017-06-03 08:50:29.995096,54.29652,-165.967669,1470.0,229.26,1470.0,227.75
2017-06-03 08:50:30.494295,54.296528,-165.967654,1470.0,229.82,1470.0,228.31
2017-06-03 08:50:30.993498,54.296554,-165.967606,1470.0,229.07,1470.0,227.94
2017-06-03 08:50:31.492697,54.296562,-165.967591,1470.0,228.88,1470.0,227.75
2017-06-03 08:50:31.991899,54.296588,-165.967546,1470.0,227.75,1470.0,227.56
2017-06-03 08:50:32.491100,54.296597,-165.967531,1470.0,228.88,1470.0,227.37
2017-06-03 08:50:32.990301,54.296624,-165.967487,1470.0,228.31,1470.0,227.37
2017-06-03 08:50:33.489502,54.296633,-165.967473,1470.0,227.56,1470.0,227.37
2017-06-03 08:50:33.988701,54.29666,-165.967428,1470.0,227.75,1470.0,227.37
2017-06-03 08:50:34.487904,54.296669,-165.967413,1470.0,227.75,1470.0,227.19
2017-06-03 08:50:34.987103,54.296697,-165.967369,1470.0,227.19,1470.0,227.0
2017-06-03 08:50:35.486305,54.296707,-165.967354,1470.0,227.0,1470.0,226.81
2017-06-03 08:50:35.985504,54.296734,-165.967311,1470.0,227.37,1470.0,226.62
2017-06-03 08:50:36.484707,54.296743,-165.967296,1470.0,227.56,1470.0,226.81
2017-06-03 08:50:36.983906,54.296769,-165.967251,1470.0,228.13,1470.0,227.0
2017-06-03 08:50:37.498709,54.296778,-165.967234,1470.0,227.19,1470.0,227.19
2017-06-03 08:50:37.997910,54.296804,-165.967188,1470.0,227.37,1470.0,227.19
2017-06-03 08:50:38.497110,54.296812,-165.967172,1470.0,227.19,1470.0,227.19
2017-06-03 08:50:38.996311,54.296838,-165.967126,1470.0,226.81,1470.0,227.0
2017-06-03 08:50:39.495512,54.296847,-165.967111,1470.0,227.94,1470.0,227.0
2017-06-03 08:50:39.994713,54.296875,-165.967068,1470.0,227.94,1470.0,226.62
2017-06-03 08:50:40.493914,54.296884,-165.967053,1470.0,226.62,1470.0,226.62
2017-06-03 08:50:40.993114,54.296911,-165.96701,1470.0,227.75,1470.0,226.81
2017-06-03 08:50:41.492315,54.29692,-165.966996,1470.0,227.94,1470.0,227.0
2017-06-03 08:50:41.991516,54.296947,-165.966951,1470.0,227.0,1470.0,227.0
2017-06-03 08:50:42.490717,54.296955,-165.966937,1470.0,227.56,1470.0,227.0
2017-06-03 08:50:42.989918,54.296981,-165.966894,1470.0,227.56,1470.0,227.0
2017-06-03 08:50:43.489119,54.29699,-165.966879,1470.0,227.37,1470.0,226.81
2017-06-03 08:50:43.988319,54.297018,-165.966833,1470.0,227.19,1470.0,226.81
2017-06-03 08:50:44.487520,54.297027,-165.966818,1470.0,227.19,1470.0,226.62
2017-06-03 08:50:44.986721,54.297053,-165.966775,1470.0,226.81,1470.0,227.0
2017-06-03 08:50:45.485922,54.297062,-165.966761,1470.0,227.19,1470.0,226.81
2017-06-03 08:50:45.985123,54.297089,-165.966717,1470.0,227.56,1470.0,227.0
2017-06-03 08:50:46.484324,54.297098,-165.966702,1470.0,228.13,1470.0,227.37
2017-06-03 08:50:46.999126,54.297124,-165.966654,1470.0,227.37,1470.0,227.19
2017-06-03 08:50:47.498325,54.297132,-165.966639,1470.0,227.19,1470.0,227.19
2017-06-03 08:50:47.997528,54.29716,-165.966594,1470.0,227.37,1470.0,227.19
2017-06-03 08:50:48.496727,54.297169,-165.966579,1470.0,227.75,1470.0,227.19
2017-06-03 08:50:48.995930,54.297197,-165.966533,1470.0,228.31,1470.0,227.37
2017-06-03 08:50:49.495129,54.297205,-165.966518,1470.0,227.56,1470.0,227.56
2017-06-03 08:50:49.994331,54.297232,-165.966473,1470.0,228.5,1470.0,227.56
2017-06-03 08:50:50.493530,54.29724,-165.966458,1470.0,228.69,1470.0,227.94
2017-06-03 08:50:50.992733,54.297266,-165.966414,1470.0,229.26,1470.0,227.75
2017-06-03 08:50:51.491932,54.297275,-165.966399,1470.0,228.5,1470.0,227.75
2017-06-03 08:50:51.991135,54.297302,-165.966353,1470.0,228.69,1470.0,227.75
2017-06-03 08:50:52.490335,54.29731,-165.966338,1470.0,228.31,1470.0,227.75
2017-06-03 08:50:52.989536,54.297336,-165.966292,1470.0,228.5,1470.0,227.56
2017-06-03 08:50:53.488737,54.297345,-165.966278,1470.0,228.13,1470.0,227.56
2017-06-03 08:50:53.987938,54.297371,-165.966234,1470.0,228.31,1470.0,227.56
2017-06-03 08:50:54.487139,54.29738,-165.966219,1470.0,227.94,1470.0,227.56
2017-06-03 08:50:54.986338,54.297406,-165.966176,1470.0,229.26,1470.0,227.56
2017-06-03 08:50:55.485540,54.297415,-165.966161,1470.0,228.13,1470.0,228.13
2017-06-03 08:50:55.984739,54.297441,-165.966114,1470.0,228.5,1470.0,227.94
2017-06-03 08:50:56.483942,54.29745,-165.966099,1470.0,229.26,1470.0,228.13
2017-06-03 08:50:56.998741,54.297477,-165.966051,1470.0,229.82,1470.0,228.31
2017-06-03 08:50:57.497944,54.297485,-165.966036,1470.0,229.82,1470.0,228.69
2017-06-03 08:50:57.997145,54.29751,-165.965991,1470.0,228.5,1470.0,228.5
2017-06-03 08:50:58.496346,54.297518,-165.965975,1470.0,230.01,1470.0,228.69
2017-06-03 08:50:58.995546,54.297544,-165.965928,1470.0,229.63,1470.0,228.69
2017-06-03 08:50:59.494747,54.297552,-165.965912,1470.0,228.5,1470.0,228.5
2017-06-03 08:50:59.993948,54.29758,-165.965866,1470.0,229.63,1470.0,228.13
2017-06-03 08:51:00.493149,54.297589,-165.965852,1470.0,229.26,1470.0,228.31
2017-06-03 08:51:00.992350,54.297614,-165.965809,1470.0,228.88,1470.0,228.13
2017-06-03 08:51:01.491550,54.297623,-165.965794,1470.0,228.5,1470.0,228.13
2017-06-03 08:51:01.990751,54.297652,-165.965749,1470.0,228.88,1470.0,228.31
2017-06-03 08:51:02.489952,54.29766,-165.965735,1470.0,229.07,1470.0,228.5
2017-06-03 08:51:02.989153,54.297686,-165.965691,1470.0,228.88,1470.0,228.5
2017-06-03 08:51:03.488354,54.297694,-165.965675,1470.0,229.44,1470.0,228.5
2017-06-03 08:51:03.987555,54.29772,-165.965628,1470.0,229.82,1470.0,228.69
2017-06-03 08:51:04.486755,54.297729,-165.965613,1470.0,228.88,1470.0,228.69
2017-06-03 08:51:04.985956,54.297754,-165.965567,1470.0,228.69,1470.0,229.07
2017-06-03 08:51:05.485157,54.297763,-165.965553,1470.0,229.07,1470.0,228.88
2017-06-03 08:51:05.984358,54.297789,-165.965507,1470.0,230.38,1470.0,228.88
2017-06-03 08:51:06.499159,54.297799,-165.965491,1470.0,231.14,1470.0,228.88
2017-06-03 08:51:06.998362,54.297825,-165.965446,1470.0,228.88,1470.0,229.26
2017-06-03 08:51:07.497561,54.297834,-165.965431,1470.0,229.07,1470.0,228.88
2017-06-03 08:51:07.996763,54.29786,-165.965386,1470.0,230.38,1470.0,229.07
2017-06-03 08:51:08.495962,54.297869,-165.965371,1470.0,230.01,1470.0,228.88
2017-06-03 08:51:08.995165,54.297895,-165.965326,1470.0,228.88,1470.0,228.88
2017-06-03 08:51:09.494364,54.297904,-165.965311,1470.0,229.82,1470.0,228.88
2017-06-03 08:51:09.993567,54.297932,-165.965266,1470.0,228.88,1470.0,228.69
2017-06-03 08:51:10.492765,54.29794,-165.965251,1470.0,230.2,1470.0,228.69
2017-06-03 08:51:10.991968,54.297966,-165.965207,1470.0,229.26,1470.0,228.69
2017-06-03 08:51:11.491167,54.297975,-165.965192,1470.0,229.07,1470.0,228.69
2017-06-03 08:51:11.990370,54.298002,-165.965144,1470.0,229.44,1470.0,228.69
2017-06-03 08:51:12.489571,54.298011,-165.965129,1470.0,229.26,1470.0,228.69
2017-06-03 08:51:12.988771,54.298038,-165.965084,1470.0,228.69,1470.0,228.5
2017-06-03 08:51:13.487972,54.298046,-165.965069,1470.0,228.5,1470.0,228.69
2017-06-03 08:51:13.987173,54.298073,-165.965021,1470.0,230.57,1470.0,157.38
2017-06-03 08:51:14.486374,54.298082,-165.965006,1470.0,231.14,1470.0,228.88
2017-06-03 08:51:14.985575,54.298106,-165.964961,1470.0,230.95,1470.0,229.07
2017-06-03 08:51:15.484776,54.298115,-165.964946,1470.0,231.7,1470.0,229.26
2017-06-03 08:51:15.983974,54.298141,-165.964901,1470.0,230.57,1470.0,229.07
2017-06-03 08:51:16.498777,54.29815,-165.964884,1470.0,229.82,1470.0,229.07
2017-06-03 08:51:16.997976,54.298177,-165.964838,1470.0,230.2,1470.0,228.69
2017-06-03 08:51:17.497179,54.298186,-165.964823,1470.0,229.82,1470.0,228.69
2017-06-03 08:51:17.996380,54.298213,-165.964778,1470.0,229.07,1470.0,228.5
2017-06-03 08:51:18.495581,54.298222,-165.964763,1470.0,229.26,1470.0,228.5
2017-06-03 08:51:18.994781,54.298248,-165.96472,1470.0,229.07,1470.0,228.31
2017-06-03 08:51:19.493982,54.298257,-165.964706,1470.0,228.5,1470.0,228.5
2017-06-03 08:51:19.993183,54.298285,-165.964659,1470.0,228.5,1470.0,228.31
2017-06-03 08:51:20.492384,54.298294,-165.964645,1470.0,228.5,1470.0,228.13
2017-06-03 08:51:20.991585,54.298321,-165.964602,1470.0,228.88,1470.0,228.31
2017-06-03 08:51:21.490786,54.29833,-165.964587,1470.0,229.44,1470.0,228.31
2017-06-03 08:51:21.989986,54.298357,-165.964539,1470.0,229.44,1470.0,228.5
2017-06-03 08:51:22.489187,54.298365,-165.964524,1470.0,230.2,1470.0,228.69
2017-06-03 08:51:22.988388,54.298389,-165.964477,1470.0,228.69,1470.0,228.88
2017-06-03 08:51:23.487589,54.298398,-165.964462,1470.0,230.01,1470.0,228.69
2017-06-03 08:51:23.986790,54.298424,-165.964416,1470.0,230.38,1470.0,229.07
2017-06-03 08:51:24.485991,54.298433,-165.9644,1470.0,230.01,1470.0,228.69
2017-06-03 08:51:24.985191,54.298459,-165.964353,1470.0,230.01,1470.0,228.69
2017-06-03 08:51:25.484392,54.298468,-165.964338,1470.0,230.01,1470.0,228.69
2017-06-03 08:51:25.999193,54.298495,-165.964291,1470.0,228.5,1470.0,228.5
2017-06-03 08:51:26.498394,54.298504,-165.964276,1470.0,228.69,1470.0,228.31
2017-06-03 08:51:26.997595,54.298532,-165.964231,1470.0,229.07,1470.0,228.13
2017-06-03 08:51:27.496796,54.29854,-165.964216,1470.0,228.5,1470.0,228.13
2017-06-03 08:51:27.995996,54.298567,-165.964171,1470.0,228.5,1470.0,227.94
2017-06-03 08:51:28.495197,54.298576,-165.964156,1470.0,227.94,1470.0,227.75
2017-06-03 08:51:28.994400,54.298603,-165.964113,1470.0,227.75,1470.0,132.35
2017-06-03 08:51:29.493599,54.298612,-165.964098,1470.0,227.75,1470.0,227.75
2017-06-03 08:51:29.992802,54.29864,-165.964053,1470.0,227.94,1470.0,227.56
2017-06-03 08:51:30.492001,54.298648,-165.964037,1470.0,228.13,1470.0,227.75
2017-06-03 08:51:30.991203,54.298673,-165.963991,1470.0,228.13,1470.0,227.75
2017-06-03 08:51:31.490402,54.298681,-165.963975,1470.0,228.31,1470.0,227.75
2017-06-03 08:51:31.989605,54.298707,-165.963928,1470.0,229.26,1470.0,227.56
2017-06-03 08:51:32.488804,54.298716,-165.963912,1470.0,227.37,1470.0,227.75
2017-06-03 08:51:32.988007,54.298743,-165.963866,1470.0,227.37,1470.0,227.56
2017-06-03 08:51:33.487207,54.298751,-165.963851,1470.0,229.63,1470.0,227.56
2017-06-03 08:51:33.986408,54.298778,-165.963804,1470.0,229.07,1470.0,227.56
2017-06-03 08:51:34.485609,54.298786,-165.963789,1470.0,227.56,1470.0,227.75
2017-06-03 08:51:34.984810,54.298813,-165.963741,1470.0,227.75,1470.0,227.75
2017-06-03 08:51:35.484011,54.298821,-165.963725,1470.0,229.07,1470.0,227.75
2017-06-03 08:51:35.998810,54.298848,-165.963676,1470.0,228.88,1470.0,227.56
2017-06-03 08:51:36.498013,54.298857,-165.963661,1470.0,227.75,1470.0,227.56
2017-06-03 08:51:36.997211,54.298883,-165.963614,1470.0,227.94,1470.0,227.19
2017-06-03 08:51:37.496414,54.298892,-165.963599,1470.0,227.19,1470.0,227.0
2017-06-03 08:51:37.995615,54.29892,-165.963554,1470.0,227.0,1470.0,226.62
2017-06-03 08:51:38.494816,54.298929,-165.96354,1470.0,226.62,1470.0,226.62
2017-06-03 08:51:38.994017,54.298957,-165.963496,1470.0,226.62,1470.0,226.62
2017-06-03 08:51:39.493217,54.298965,-165.963481,1470.0,226.62,1470.0,226.43
2017-06-03 08:51:39.992418,54.298992,-165.963436,1470.0,226.62,1470.0,226.43
2017-06-03 08:51:40.491619,54.299,-165.963421,1470.0,226.62,1470.0,226.62
2017-06-03 08:51:40.990820,54.299024,-165.963377,1470.0,227.37,1470.0,226.43
2017-06-03 08:51:41.490021,54.299033,-165.963362,1470.0,227.37,1470.0,226.81
2017-06-03 08:51:41.989222,54.299059,-165.963314,1470.0,226.24,1470.0,226.43
2017-06-03 08:51:42.488422,54.299068,-165.963299,1470.0,226.43,1470.0,226.43
2017-06-03 08:51:42.987623,54.299093,-165.963252,1470.0,227.94,1470.0,226.62
2017-06-03 08:51:43.486826,54.299101,-165.963237,1470.0,228.5,1470.0,226.62
2017-06-03 08:51:43.986025,54.299128,-165.963189,1470.0,226.62,1470.0,169.98
2017-06-03 08:51:44.485226,54.299137,-165.963174,1470.0,226.43,1470.0,226.81
2017-06-03 08:51:44.984426,54.299164,-165.963127,1470.0,226.43,1470.0,226.81
2017-06-03 08:51:45.499228,54.299174,-165.963111,1470.0,227.75,1470.0,226.62
2017-06-03 08:51:45.998428,54.299202,-165.963064,1470.0,227.0,1470.0,226.24
2017-06-03 08:51:46.497629,54.299211,-165.963049,1470.0,226.81,1470.0,226.43
2017-06-03 08:51:46.996830,54.29924,-165.963004,1470.0,226.06,1470.0,226.06
2017-06-03 08:51:47.496031,54.299249,-165.962989,1470.0,226.06,1470.0,225.87
2017-06-03 08:51:47.995232,54.299277,-165.962944,1470.0,225.87,1470.0,225.68
2017-06-03 08:51:48.494432,54.299286,-165.96293,1470.0,225.87,1470.0,225.68
2017-06-03 08:51:48.993635,54.299313,-165.962886,1470.0,225.68,1470.0,225.49
2017-06-03 08:51:49.492834,54.299321,-165.962871,1470.0,225.68,1470.0,225.49
2017-06-03 08:51:49.992037,54.299347,-165.962826,1470.0,225.68,1470.0,182.59
2017-06-03 08:51:50.491236,54.299355,-165.962811,1470.0,226.06,1470.0,225.68
2017-06-03 08:51:50.990438,54.299379,-165.962766,1470.0,226.06,1470.0,225.87
2017-06-03 08:51:51.489637,54.299388,-165.96275,1470.0,226.43,1470.0,225.87
2017-06-03 08:51:51.988840,54.299412,-165.9627,1470.0,226.81,1470.0,225.87
2017-06-03 08:51:52.488039,54.29942,-165.962684,1470.0,225.87,1470.0,225.87
2017-06-03 08:51:52.987242,54.299443,-165.962637,1470.0,226.06,1470.0,225.87
2017-06-03 08:51:53.486441,54.299451,-165.962622,1470.0,227.37,1470.0,225.87
2017-06-03 08:51:53.985643,54.299476,-165.962574,1470.0,227.37,1470.0,225.87
2017-06-03 08:51:54.484844,54.299485,-165.962559,1470.0,227.19,1470.0,225.87
2017-06-03 08:51:54.984045,54.299513,-165.962512,1470.0,225.87,1470.0,225.87
2017-06-03 08:51:55.498846,54.299522,-165.962496,1470.0,226.24,1470.0,225.87
2017-06-03 08:51:55.998045,54.299548,-165.962451,1470.0,226.24,1470.0,225.68
2017-06-03 08:51:56.497248,54.299558,-165.962436,1470.0,226.24,1470.0,225.68
2017-06-03 08:51:56.996447,54.299587,-165.962389,1470.0,226.06,1470.0,225.49
2017-06-03 08:51:57.495649,54.299595,-165.962374,1470.0,225.68,1470.0,225.49
2017-06-03 08:51:57.994848,54.299622,-165.962328,1470.0,225.68,1470.0,225.3
2017-06-03 08:51:58.494051,54.29963,-165.962313,1470.0,225.87,1470.0,225.49
2017-06-03 08:51:58.993252,54.299656,-165.962269,1470.0,225.49,1470.0,225.49
2017-06-03 08:51:59.492453,54.299665,-165.962254,1470.0,225.87,1470.0,225.3
2017-06-03 08:51:59.991653,54.299692,-165.962206,1470.0,226.06,1470.0,225.49
2017-06-03 08:52:00.490854,54.2997,-165.962191,1470.0,225.68,1470.0,225.3
2017-06-03 08:52:00.990055,54.299724,-165.962146,1470.0,226.06,1470.0,225.12
2017-06-03 08:52:01.489256,54.299733,-165.962131,1470.0,225.49,1470.0,225.3
2017-06-03 08:52:01.988457,54.299758,-165.962084,1470.0,225.87,1470.0,225.12
2017-06-03 08:52:02.487658,54.299766,-165.962069,1470.0,226.06,1470.0,225.12
2017-06-03 08:52:02.986858,54.299791,-165.962024,1470.0,225.87,1470.0,225.3
2017-06-03 08:52:03.486061,54.2998,-165.962009,1470.0,225.68,1470.0,225.3
2017-06-03 08:52:03.985260,54.299826,-165.961964,1470.0,226.06,1470.0,225.3
2017-06-03 08:52:04.484463,54.299835,-165.961949,1470.0,226.24,1470.0,225.49
2017-06-03 08:52:04.999262,54.299862,-165.961903,1470.0,226.06,1470.0,225.49
2017-06-03 08:52:05.498463,54.299871,-165.961888,1470.0,225.68,1470.0,225.49
2017-06-03 08:52:05.997663,54.299898,-165.961843,1470.0,226.06,1470.0,225.68
2017-06-03 08:52:06.496864,54.299907,-165.961827,1470.0,226.43,1470.0,225.49
2017-06-03 08:52:06.996065,54.299933,-165.961781,1470.0,225.49,1470.0,225.87
2017-06-03 08:52:07.495266,54.299942,-165.961766,1470.0,225.49,1470.0,225.3
2017-06-03 08:52:07.994467,54.29997,-165.961719,1470.0,225.3,1470.0,225.3
2017-06-03 08:52:08.493668,54.299979,-165.961704,1470.0,225.49,1470.0,225.12
2017-06-03 08:52:08.992870,54.300006,-165.961659,1470.0,225.49,1470.0,225.12
2017-06-03 08:52:09.492069,54.300015,-165.961644,1470.0,225.49,1470.0,224.93
2017-06-03 08:52:09.991272,54.300042,-165.961598,1470.0,224.93,1470.0,224.74
2017-06-03 08:52:10.490471,54.300051,-165.961583,1470.0,224.93,1470.0,224.74
2017-06-03 08:52:10.989674,54.300078,-165.96154,1470.0,225.12,1470.0,224.55
2017-06-03 08:52:11.488873,54.300086,-165.961526,1470.0,224.93,1470.0,224.55
2017-06-03 08:52:11.988075,54.300113,-165.961479,1470.0,225.3,1470.0,224.74
2017-06-03 08:52:12.487274,54.300122,-165.961464,1470.0,225.49,1470.0,224.74
2017-06-03 08:52:12.986477,54.300146,-165.961417,1470.0,225.3,1470.0,224.74
2017-06-03 08:52:13.485676,54.300155,-165.961402,1470.0,226.43,1470.0,224.74
2017-06-03 08:52:13.984879,54.300181,-165.961356,1470.0,224.74,1470.0,224.93
2017-06-03 08:52:14.484079,54.300189,-165.961341,1470.0,224.93,1470.0,224.93
2017-06-03 08:52:14.998878,54.300215,-165.961294,1470.0,225.12,1470.0,224.74
2017-06-03 08:52:15.498081,54.300224,-165.961279,1470.0,224.93,1470.0,225.12
2017-06-03 08:52:15.997280,54.30025,-165.961233,1470.0,224.93,1470.0,224.36
2017-06-03 08:52:16.496483,54.300259,-165.961218,1470.0,224.55,1470.0,224.17
2017-06-03 08:52:16.995682,54.300287,-165.961173,1470.0,224.17,1470.0,224.17
2017-06-03 08:52:17.494884,54.300295,-165.961158,1470.0,223.99,1470.0,223.8
2017-06-03 08:52:17.994083,54.300322,-165.961116,1470.0,223.8,1470.0,223.8
2017-06-03 08:52:18.493286,54.300331,-165.961102,1470.0,223.8,1470.0,223.99
2017-06-03 08:52:18.992485,54.300358,-165.961059,1470.0,223.8,1470.0,223.8
2017-06-03 08:52:19.491688,54.300366,-165.961044,1470.0,224.17,1470.0,223.8
2017-06-03 08:52:19.990889,54.300393,-165.960996,1470.0,223.99,1470.0,223.61
2017-06-03 08:52:20.490089,54.300402,-165.960981,1470.0,224.17,1470.0,223.61
2017-06-03 08:52:20.989290,54.300428,-165.960936,1470.0,224.55,1470.0,223.61
2017-06-03 08:52:21.488491,54.300436,-165.960921,1470.0,223.61,1470.0,223.61
2017-06-03 08:52:21.987692,54.300463,-165.960874,1470.0,224.17,1470.0,223.8
2017-06-03 08:52:22.486893,54.300471,-165.960859,1470.0,223.99,1470.0,223.99
2017-06-03 08:52:22.986094,54.300498,-165.960814,1470.0,224.55,1470.0,223.8
2017-06-03 08:52:23.485294,54.300506,-165.960799,1470.0,224.17,1470.0,223.61
2017-06-03 08:52:23.984495,54.300531,-165.960752,1470.0,224.36,1470.0,223.61
2017-06-03 08:52:24.499296,54.300541,-165.960736,1470.0,223.8,1470.0,223.23
2017-06-03 08:52:24.998497,54.300568,-165.960691,1470.0,223.23,1470.0,161.52
2017-06-03 08:52:25.497698,54.300577,-165.960676,1470.0,223.05,1470.0,223.05
2017-06-03 08:52:25.996899,54.300605,-165.960633,1470.0,222.86,1470.0,222.67
2017-06-03 08:52:26.496099,54.300614,-165.960618,1470.0,222.67,1470.0,222.67
2017-06-03 08:52:26.995300,54.300642,-165.960576,1470.0,222.86,1470.0,222.67
2017-06-03 08:52:27.494501,54.30065,-165.960561,1470.0,223.42,1470.0,222.86
2017-06-03 08:52:27.993702,54.300675,-165.960516,1470.0,223.05,1470.0,223.05
2017-06-03 08:52:28.492903,54.300683,-165.960501,1470.0,223.23,1470.0,222.86
2017-06-03 08:52:28.992105,54.300708,-165.960454,1470.0,223.05,1470.0,222.86
2017-06-03 08:52:29.491304,54.300716,-165.960438,1470.0,223.42,1470.0,222.67
2017-06-03 08:52:29.990507,54.300742,-165.960389,1470.0,223.23,1470.0,222.86
2017-06-03 08:52:30.489706,54.30075,-165.960374,1470.0,223.8,1470.0,222.48
2017-06-03 08:52:30.988909,54.300774,-165.960329,1470.0,223.23,1470.0,222.48
2017-06-03 08:52:31.488108,54.300783,-165.960314,1470.0,223.05,1470.0,222.48
2017-06-03 08:52:31.987310,54.300809,-165.960267,1470.0,223.05,1470.0,222.48
2017-06-03 08:52:32.486509,54.300818,-165.960253,1470.0,223.05,1470.0,222.29
2017-06-03 08:52:32.985712,54.300844,-165.960209,1470.0,222.67,1470.0,222.29
2017-06-03 08:52:33.484911,54.300853,-165.960194,1470.0,222.29,1470.0,222.11
2017-06-03 08:52:33.984114,54.300879,-165.960149,1470.0,222.11,1470.0,222.11
2017-06-03 08:52:34.498915,54.300889,-165.960133,1470.0,222.11,1470.0,221.92
2017-06-03 08:52:34.998116,54.300915,-165.960088,1470.0,222.29,1470.0,221.92
2017-06-03 08:52:35.497316,54.300924,-165.960073,1470.0,222.11,1470.0,221.92
2017-06-03 08:52:35.996515,54.30095,-165.960028,1470.0,222.11,1470.0,221.92
2017-06-03 08:52:36.495718,54.300958,-165.960012,1470.0,222.11,1470.0,221.92
2017-06-03 08:52:36.994917,54.300984,-165.959966,1470.0,222.29,1470.0,221.92
2017-06-03 08:52:37.494120,54.300992,-165.959951,1470.0,221.92,1470.0,221.73
2017-06-03 08:52:37.993319,54.301018,-165.959904,1470.0,222.29,1470.0,221.73
2017-06-03 08:52:38.492521,54.301027,-165.959889,1470.0,221.73,1470.0,221.73
2017-06-03 08:52:38.991720,54.301051,-165.959844,1470.0,222.11,1470.0,221.54
2017-06-03 08:52:39.490923,54.30106,-165.959829,1470.0,221.92,1470.0,221.73
2017-06-03 08:52:39.990124,54.301087,-165.959781,1470.0,222.67,1470.0,221.54
2017-06-03 08:52:40.489325,54.301095,-165.959766,1470.0,221.92,1470.0,221.35
2017-06-03 08:52:40.988525,54.301119,-165.959721,1470.0,221.54,1470.0,221.35
2017-06-03 08:52:41.487726,54.301128,-165.959706,1470.0,221.73,1470.0,221.16
2017-06-03 08:52:41.986927,54.301156,-165.959659,1470.0,221.35,1470.0,220.98
2017-06-03 08:52:42.486128,54.301165,-165.959644,1470.0,221.16,1470.0,221.16
2017-06-03 08:52:42.985329,54.301191,-165.959597,1470.0,221.35,1470.0,220.98
2017-06-03 08:52:43.484529,54.3012,-165.959583,1470.0,221.54,1470.0,221.16
2017-06-03 08:52:43.999331,54.301227,-165.959536,1470.0,221.35,1470.0,220.98
2017-06-03 08:52:44.498531,54.301235,-165.959521,1470.0,221.54,1470.0,220.98
2017-06-03 08:52:44.997732,54.301262,-165.959476,1470.0,221.35,1470.0,220.98
2017-06-03 08:52:45.496933,54.30127,-165.959461,1470.0,221.54,1470.0,220.79
2017-06-03 08:52:45.996134,54.301297,-165.959416,1470.0,220.98,1470.0,221.35
2017-06-03 08:52:46.495335,54.301305,-165.959401,1470.0,220.98,1470.0,220.79
2017-06-03 08:52:46.994535,54.301331,-165.959356,1470.0,220.98,1470.0,220.79
2017-06-03 08:52:47.493736,54.30134,-165.959341,1470.0,220.79,1470.0,62.73
2017-06-03 08:52:47.992937,54.301367,-165.959294,1470.0,220.6,1470.0,220.79
2017-06-03 08:52:48.492138,54.301376,-165.95928,1470.0,220.79,1470.0,220.41
2017-06-03 08:52:48.991339,54.301403,-165.959236,1470.0,221.16,1470.0,220.6
2017-06-03 08:52:49.490540,54.301411,-165.959221,1470.0,220.6,1470.0,220.6
2017-06-03 08:52:49.989742,54.301437,-165.959174,1470.0,220.79,1470.0,220.6
2017-06-03 08:52:50.488941,54.301445,-165.959159,1470.0,221.16,1470.0,220.6
2017-06-03 08:52:50.988144,54.301471,-165.959114,1470.0,221.54,1470.0,220.6
2017-06-03 08:52:51.487343,54.30148,-165.959099,1470.0,220.6,1470.0,220.6
2017-06-03 08:52:51.986546,54.301506,-165.959054,1470.0,220.98,1470.0,220.22
2017-06-03 08:52:52.485744,54.301515,-165.959039,1470.0,220.98,1470.0,220.04
2017-06-03 08:52:52.984947,54.301543,-165.958994,1470.0,220.41,1470.0,220.04
2017-06-03 08:52:53.484146,54.301551,-165.958979,1470.0,220.98,1470.0,219.85
2017-06-03 08:52:53.998949,54.301578,-165.958934,1470.0,220.41,1470.0,220.04
2017-06-03 08:52:54.498150,54.301587,-165.95892,1470.0,220.79,1470.0,220.22
2017-06-03 08:52:54.997351,54.301615,-165.958876,1470.0,220.6,1470.0,220.22
2017-06-03 08:52:55.496552,54.301624,-165.958861,1470.0,220.41,1470.0,220.04
2017-06-03 08:52:55.995752,54.301652,-165.958816,1470.0,220.22,1470.0,220.04
2017-06-03 08:52:56.494953,54.30166,-165.958801,1470.0,220.04,1470.0,219.85
2017-06-03 08:52:56.994152,54.301686,-165.958757,1470.0,220.04,1470.0,219.85
2017-06-03 08:52:57.493355,54.301695,-165.958743,1470.0,220.41,1470.0,219.66
2017-06-03 08:52:57.992554,54.301725,-165.958698,1470.0,220.6,1470.0,219.85
2017-06-03 08:52:58.491756,54.301734,-165.958683,1470.0,220.6,1470.0,220.04
2017-06-03 08:52:58.990955,54.301759,-165.958639,1470.0,220.79,1470.0,220.22
2017-06-03 08:52:59.490158,54.301768,-165.958624,1470.0,220.98,1470.0,220.41
2017-06-03 08:52:59.989359,54.301794,-165.958577,1470.0,220.79,1470.0,220.6
2017-06-03 08:53:00.488560,54.301803,-165.958563,1470.0,221.54,1470.0,220.6
2017-06-03 08:53:00.987761,54.301829,-165.958517,1470.0,221.35,1470.0,220.41
2017-06-03 08:53:01.486961,54.301838,-165.958503,1470.0,220.79,1470.0,220.22
2017-06-03 08:53:01.986162,54.301866,-165.95846,1470.0,220.41,1470.0,220.04
2017-06-03 08:53:02.485363,54.301875,-165.958446,1470.0,220.41,1470.0,220.04
2017-06-03 08:53:02.984564,54.301901,-165.958402,1470.0,220.41,1470.0,220.04
2017-06-03 08:53:03.499365,54.301911,-165.958387,1470.0,220.22,1470.0,220.22
2017-06-03 08:53:03.998566,54.301938,-165.958344,1470.0,220.6,1470.0,220.22
2017-06-03 08:53:04.497766,54.301947,-165.95833,1470.0,220.98,1470.0,220.41
2017-06-03 08:53:04.996967,54.301973,-165.958286,1470.0,220.79,1470.0,220.6
2017-06-03 08:53:05.496168,54.301982,-165.958271,1470.0,220.79,1470.0,220.6
2017-06-03 08:53:05.995369,54.302007,-165.958226,1470.0,220.98,1470.0,220.98
2017-06-03 08:53:06.494570,54.302015,-165.958211,1470.0,221.73,1470.0,220.98
2017-06-03 08:53:06.993771,54.302042,-165.958166,1470.0,221.73,1470.0,220.98
2017-06-03 08:53:07.492971,54.302051,-165.958151,1470.0,221.54,1470.0,221.16
2017-06-03 08:53:07.992172,54.302078,-165.958104,1470.0,221.35,1470.0,221.16
2017-06-03 08:53:08.491373,54.302087,-165.95809,1470.0,221.92,1470.0,221.35
2017-06-03 08:53:08.990574,54.302114,-165.958046,1470.0,221.92,1470.0,221.54
2017-06-03 08:53:09.489775,54.302123,-165.958031,1470.0,221.92,1470.0,221.54
2017-06-03 08:53:09.988976,54.302151,-165.957987,1470.0,222.29,1470.0,221.92
2017-06-03 08:53:10.488176,54.30216,-165.957973,1470.0,222.48,1470.0,222.11
2017-06-03 08:53:10.987379,54.302188,-165.957927,1470.0,222.48,1470.0,222.29
2017-06-03 08:53:11.486578,54.302196,-165.957913,1470.0,222.29,1470.0,222.29
2017-06-03 08:53:11.985781,54.302223,-165.957867,1470.0,222.29,1470.0,222.48
2017-06-03 08:53:12.484980,54.302232,-165.957853,1470.0,222.29,1470.0,222.11
2017-06-03 08:53:12.984182,54.302259,-165.957809,1470.0,222.48,1470.0,222.11
2017-06-03 08:53:13.498981,54.302269,-165.957793,1470.0,222.29,1470.0,222.29
2017-06-03 08:53:13.998184,54.302295,-165.957748,1470.0,222.67,1470.0,222.48
2017-06-03 08:53:14.497383,54.302303,-165.957733,1470.0,223.05,1470.0,222.67
2017-06-03 08:53:14.996586,54.302329,-165.957688,1470.0,223.23,1470.0,223.05
2017-06-03 08:53:15.495787,54.302336,-165.957672,1470.0,223.61,1470.0,223.23
2017-06-03 08:53:15.994987,54.30236,-165.957626,1470.0,223.8,1470.0,223.42
2017-06-03 08:53:16.494188,54.302368,-165.957611,1470.0,223.99,1470.0,223.42
2017-06-03 08:53:16.993389,54.302393,-165.957564,1470.0,224.55,1470.0,223.42
2017-06-03 08:53:17.492590,54.302401,-165.957549,1470.0,224.74,1470.0,223.8
2017-06-03 08:53:17.991789,54.302427,-165.957501,1470.0,224.55,1470.0,223.8
2017-06-03 08:53:18.490992,54.302436,-165.957486,1470.0,224.74,1470.0,223.99
2017-06-03 08:53:18.990191,54.302463,-165.957442,1470.0,224.93,1470.0,224.36
2017-06-03 08:53:19.489393,54.302471,-165.957427,1470.0,225.87,1470.0,224.93
2017-06-03 08:53:19.988594,54.302498,-165.957379,1470.0,227.0,1470.0,225.12
2017-06-03 08:53:20.487795,54.302507,-165.957364,1470.0,226.43,1470.0,225.68
2017-06-03 08:53:20.986996,54.302533,-165.957319,1470.0,227.19,1470.0,225.87
2017-06-03 08:53:21.486197,54.302541,-165.957304,1470.0,226.81,1470.0,225.87
2017-06-03 08:53:21.985397,54.302568,-165.957256,1470.0,226.62,1470.0,225.87
2017-06-03 08:53:22.484598,54.302576,-165.957241,1470.0,226.81,1470.0,226.06
2017-06-03 08:53:22.983799,54.302603,-165.957196,1470.0,227.19,1470.0,226.43
2017-06-03 08:53:23.498600,54.302612,-165.957179,1470.0,226.43,1470.0,226.24
2017-06-03 08:53:23.997801,54.302638,-165.957134,1470.0,226.43,1470.0,226.24
2017-06-03 08:53:24.497002,54.302647,-165.957119,1470.0,226.43,1470.0,226.43
2017-06-03 08:53:24.996202,54.302675,-165.957074,1470.0,226.62,1470.0,226.43
2017-06-03 08:53:25.495403,54.302684,-165.95706,1470.0,226.62,1470.0,226.43
2017-06-03 08:53:25.994604,54.30271,-165.957016,1470.0,227.19,1470.0,226.81
2017-06-03 08:53:26.493805,54.302718,-165.957001,1470.0,227.19,1470.0,227.0
2017-06-03 08:53:26.993006,54.302741,-165.956956,1470.0,227.75,1470.0,227.37
2017-06-03 08:53:27.492207,54.302749,-165.95694,1470.0,227.75,1470.0,227.75
2017-06-03 08:53:27.991407,54.302775,-165.956893,1470.0,228.5,1470.0,228.13
2017-06-03 08:53:28.490608,54.302783,-165.956877,1470.0,228.88,1470.0,228.13
2017-06-03 08:53:28.989809,54.302806,-165.956831,1470.0,228.69,1470.0,228.31
2017-06-03 08:53:29.489010,54.302814,-165.956816,1470.0,229.26,1470.0,228.5
2017-06-03 08:53:29.988211,54.302839,-165.956769,1470.0,229.07,1470.0,228.69
2017-06-03 08:53:30.487411,54.302848,-165.956754,1470.0,228.69,1470.0,228.5
2017-06-03 08:53:30.986614,54.302876,-165.956709,1470.0,228.5,1470.0,228.5
2017-06-03 08:53:31.485813,54.302885,-165.956694,1470.0,228.5,1470.0,228.5
2017-06-03 08:53:31.985016,54.302913,-165.956649,1470.0,228.69,1470.0,228.69
2017-06-03 08:53:32.484215,54.302922,-165.956634,1470.0,229.07,1470.0,228.88
2017-06-03 08:53:32.999018,54.30295,-165.956589,1470.0,229.26,1470.0,229.07
2017-06-03 08:53:33.498217,54.302959,-165.956575,1470.0,229.44,1470.0,229.26
2017-06-03 08:53:33.997419,54.302985,-165.956531,1470.0,229.82,1470.0,229.63
2017-06-03 08:53:34.496618,54.302994,-165.956516,1470.0,229.63,1470.0,229.63
2017-06-03 08:53:34.995821,54.30302,-165.956469,1470.0,230.01,1470.0,229.44
2017-06-03 08:53:35.495020,54.303028,-165.956454,1470.0,230.01,1470.0,229.63
2017-06-03 08:53:35.994223,54.303054,-165.956406,1470.0,230.2,1470.0,229.82
2017-06-03 08:53:36.493423,54.303062,-165.956391,1470.0,230.2,1470.0,229.82
2017-06-03 08:53:36.992624,54.303086,-165.956346,1470.0,230.38,1470.0,230.2
2017-06-03 08:53:37.491825,54.303094,-165.95633,1470.0,230.95,1470.0,230.38
2017-06-03 08:53:37.991026,54.30312,-165.956283,1470.0,230.57,1470.0,230.76
2017-06-03 08:53:38.490227,54.303129,-165.956268,1470.0,230.57,1470.0,230.57
2017-06-03 08:53:38.989426,54.303154,-165.956222,1470.0,230.76,1470.0,230.76
2017-06-03 08:53:39.488628,54.303163,-165.956207,1470.0,231.14,1470.0,230.95
2017-06-03 08:53:39.987827,54.30319,-165.956161,1470.0,231.14,1470.0,230.95
2017-06-03 08:53:40.487030,54.303198,-165.956146,1470.0,231.7,1470.0,231.32
2017-06-03 08:53:40.986229,54.303223,-165.956102,1470.0,231.32,1470.0,231.32
2017-06-03 08:53:41.485432,54.303232,-165.956088,1470.0,231.51,1470.0,231.32
2017-06-03 08:53:41.984632,54.303259,-165.956044,1470.0,231.7,1470.0,231.14
2017-06-03 08:53:42.483833,54.303268,-165.956029,1470.0,231.51,1470.0,231.14
2017-06-03 08:53:42.998634,54.303297,-165.955984,1470.0,231.32,1470.0,230.95
2017-06-03 08:53:43.497835,54.303306,-165.95597,1470.0,231.32,1470.0,231.14
2017-06-03 08:53:43.997036,54.303333,-165.955927,1470.0,231.51,1470.0,231.32
2017-06-03 08:53:44.496237,54.303342,-165.955913,1470.0,231.89,1470.0,231.51
2017-06-03 08:53:44.995438,54.303367,-165.955868,1470.0,232.27,1470.0,231.89
2017-06-03 08:53:45.494640,54.303375,-165.955852,1470.0,232.64,1470.0,232.08
2017-06-03 08:53:45.993839,54.3034,-165.955806,1470.0,232.83,1470.0,232.64
2017-06-03 08:53:46.493040,54.303408,-165.955791,1470.0,232.45,1470.0,232.45
2017-06-03 08:53:46.992241,54.303433,-165.955744,1470.0,232.64,1470.0,232.64
2017-06-03 08:53:47.491442,54.303441,-165.955729,1470.0,232.83,1470.0,232.45
2017-06-03 08:53:47.990643,54.303468,-165.955684,1470.0,232.08,1470.0,232.45
2017-06-03 08:53:48.489843,54.303477,-165.955669,1470.0,232.27,1470.0,232.08
2017-06-03 08:53:48.989044,54.303504,-165.955626,1470.0,232.27,1470.0,232.08
2017-06-03 08:53:49.488245,54.303513,-165.955611,1470.0,232.45,1470.0,232.27
2017-06-03 08:53:49.987446,54.303541,-165.955569,1470.0,232.64,1470.0,232.45
2017-06-03 08:53:50.486647,54.30355,-165.955554,1470.0,232.64,1470.0,232.64
2017-06-03 08:53:50.985849,54.303576,-165.955511,1470.0,233.58,1470.0,232.64
2017-06-03 08:53:51.485048,54.303585,-165.955496,1470.0,233.77,1470.0,232.64
2017-06-03 08:53:51.984251,54.303613,-165.955452,1470.0,12.87,1470.0,232.64
2017-06-03 08:53:52.499050,54.303622,-165.955436,1470.0,232.64,1470.0,232.45
2017-06-03 08:53:52.998253,54.303648,-165.955393,1470.0,232.64,1470.0,232.45
2017-06-03 08:53:53.497452,54.303657,-165.955378,1470.0,232.64,1470.0,232.45
2017-06-03 08:53:53.996655,54.303683,-165.955333,1470.0,232.83,1470.0,232.83
2017-06-03 08:53:54.495853,54.303692,-165.955318,1470.0,232.64,1470.0,232.45
2017-06-03 08:53:54.995056,54.303718,-165.955275,1470.0,232.83,1470.0,232.45
2017-06-03 08:53:55.494255,54.303726,-165.955261,1470.0,232.64,1470.0,232.45
2017-06-03 08:53:55.993458,54.303752,-165.955214,1470.0,232.83,1470.0,232.64
2017-06-03 08:53:56.492659,54.30376,-165.9552,1470.0,233.02,1470.0,232.64
2017-06-03 08:53:56.991859,54.303786,-165.955156,1470.0,232.83,1470.0,232.83
2017-06-03 08:53:57.491060,54.303795,-165.955141,1470.0,233.58,1470.0,232.83
2017-06-03 08:53:57.990261,54.303822,-165.955096,1470.0,234.15,1470.0,232.83
2017-06-03 08:53:58.489462,54.303831,-165.955082,1470.0,233.21,1470.0,232.83
2017-06-03 08:53:58.988663,54.303858,-165.955039,1470.0,233.21,1470.0,232.83
2017-06-03 08:53:59.487864,54.303866,-165.955024,1470.0,233.21,1470.0,232.83
2017-06-03 08:53:59.987062,54.303893,-165.954979,1470.0,232.83,1470.0,232.83
2017-06-03 08:54:00.486265,54.303901,-165.954964,1470.0,233.02,1470.0,232.83
2017-06-03 08:54:00.985464,54.303928,-165.954921,1470.0,233.02,1470.0,232.83
2017-06-03 08:54:01.484667,54.303937,-165.954906,1470.0,233.02,1470.0,232.83
2017-06-03 08:54:01.983868,54.303964,-165.954861,1470.0,232.83,1470.0,232.83
2017-06-03 08:54:02.498669,54.303974,-165.954845,1470.0,232.64,1470.0,232.64
2017-06-03 08:54:02.997869,54.304002,-165.954801,1470.0,232.45,1470.0,232.45
2017-06-03 08:54:03.497070,54.304011,-165.954786,1470.0,232.45,1470.0,232.45
2017-06-03 08:54:03.996271,54.304038,-165.954741,1470.0,232.83,1470.0,232.64
2017-06-03 08:54:04.495472,54.304047,-165.954726,1470.0,233.21,1470.0,232.83
2017-06-03 08:54:04.994673,54.304071,-165.954681,1470.0,233.21,1470.0,233.02
2017-06-03 08:54:05.493874,54.304079,-165.954665,1470.0,233.77,1470.0,233.02
2017-06-03 08:54:05.993074,54.304105,-165.954618,1470.0,233.39,1470.0,233.02
2017-06-03 08:54:06.492275,54.304114,-165.954602,1470.0,233.77,1470.0,233.02
2017-06-03 08:54:06.991476,54.304139,-165.954556,1470.0,233.58,1470.0,232.64
2017-06-03 08:54:07.490677,54.304148,-165.954541,1470.0,233.39,1470.0,232.45
2017-06-03 08:54:07.989878,54.304176,-165.954496,1470.0,232.83,1470.0,232.45
2017-06-03 08:54:08.489079,54.304185,-165.954481,1470.0,232.64,1470.0,232.45
2017-06-03 08:54:08.988279,54.304211,-165.954436,1470.0,232.64,1470.0,232.64
2017-06-03 08:54:09.487480,54.304219,-165.954421,1470.0,232.83,1470.0,233.02
2017-06-03 08:54:09.986681,54.304244,-165.954376,1470.0,232.83,1470.0,232.83
2017-06-03 08:54:10.485882,54.304253,-165.954361,1470.0,232.64,1470.0,232.64
2017-06-03 08:54:10.985083,54.304279,-165.954316,1470.0,232.45,1470.0,232.45
2017-06-03 08:54:11.484283,54.304288,-165.954301,1470.0,232.27,1470.0,232.27
2017-06-03 08:54:11.999086,54.304317,-165.954256,1470.0,232.27,1470.0,232.08
2017-06-03 08:54:12.498285,54.304325,-165.954241,1470.0,231.89,1470.0,231.89
2017-06-03 08:54:12.997488,54.304352,-165.954196,1470.0,232.45,1470.0,232.08
2017-06-03 08:54:13.496687,54.30436,-165.954181,1470.0,232.45,1470.0,232.08
2017-06-03 08:54:13.995890,54.304385,-165.954136,1470.0,232.64,1470.0,232.27
2017-06-03 08:54:14.495089,54.304394,-165.954121,1470.0,233.77,1470.0,232.45
2017-06-03 08:54:14.994291,54.304419,-165.954077,1470.0,232.64,1470.0,232.64
2017-06-03 08:54:15.493490,54.304428,-165.954062,1470.0,232.64,1470.0,232.64
2017-06-03 08:54:15.992693,54.304455,-165.954013,1470.0,233.58,1470.0,232.64
2017-06-03 08:54:16.491894,54.304463,-165.953998,1470.0,233.21,1470.0,232.64
2017-06-03 08:54:16.991095,54.304488,-165.953952,1470.0,232.83,1470.0,232.64
2017-06-03 08:54:17.490295,54.304497,-165.953938,1470.0,233.02,1470.0,232.45
2017-06-03 08:54:17.989496,54.304524,-165.953892,1470.0,232.45,1470.0,232.27
2017-06-03 08:54:18.488697,54.304533,-165.953878,1470.0,232.27,1470.0,232.27
2017-06-03 08:54:18.987898,54.304561,-165.953832,1470.0,232.08,1470.0,232.45
2017-06-03 08:54:19.487099,54.30457,-165.953818,1470.0,232.08,1470.0,232.08
2017-06-03 08:54:19.986300,54.304596,-165.953774,1470.0,232.08,1470.0,232.08
2017-06-03 08:54:20.485500,54.304605,-165.953759,1470.0,231.89,1470.0,231.89
2017-06-03 08:54:20.984701,54.304631,-165.953712,1470.0,232.08,1470.0,231.89
2017-06-03 08:54:21.483902,54.304639,-165.953698,1470.0,231.89,1470.0,231.7
2017-06-03 08:54:21.998703,54.304665,-165.953651,1470.0,231.89,1470.0,231.89
2017-06-03 08:54:22.497904,54.304674,-165.953636,1470.0,231.89,1470.0,231.7
2017-06-03 08:54:22.997105,54.3047,-165.953591,1470.0,231.89,1470.0,231.7
2017-06-03 08:54:23.496305,54.304708,-165.953576,1470.0,231.89,1470.0,231.7
2017-06-03 08:54:23.995506,54.304734,-165.953531,1470.0,232.08,1470.0,231.89
2017-06-03 08:54:24.494707,54.304742,-165.953516,1470.0,232.08,1470.0,232.08
2017-06-03 08:54:24.993908,54.304766,-165.953471,1470.0,233.77,1470.0,232.08
2017-06-03 08:54:25.493109,54.304775,-165.953456,1470.0,234.71,1470.0,232.08
2017-06-03 08:54:25.992310,54.304802,-165.953409,1470.0,232.08,1470.0,232.27
2017-06-03 08:54:26.491510,54.30481,-165.953394,1470.0,233.39,1470.0,231.89
2017-06-03 08:54:26.990711,54.304836,-165.953349,1470.0,233.02,1470.0,232.08
2017-06-03 08:54:27.489914,54.304845,-165.953334,1470.0,232.83,1470.0,232.08
2017-06-03 08:54:27.989113,54.304871,-165.953289,1470.0,232.27,1470.0,232.08
2017-06-03 08:54:28.488314,54.30488,-165.953274,1470.0,232.08,1470.0,231.89
2017-06-03 08:54:28.987514,54.304908,-165.953231,1470.0,232.08,1470.0,231.89
2017-06-03 08:54:29.486715,54.304917,-165.953216,1470.0,231.7,1470.0,231.7
2017-06-03 08:54:29.985916,54.304944,-165.953172,1470.0,231.51,1470.0,225.49
2017-06-03 08:54:30.485117,54.304953,-165.953158,1470.0,231.51,1470.0,231.32
2017-06-03 08:54:30.984318,54.304979,-165.953112,1470.0,231.32,1470.0,231.32
2017-06-03 08:54:31.499119,54.304988,-165.953096,1470.0,231.32,1470.0,231.14
2017-06-03 08:54:31.998320,54.305014,-165.953053,1470.0,231.14,1470.0,231.14
2017-06-03 08:54:32.497520,54.305022,-165.953038,1470.0,231.14,1470.0,231.14
2017-06-03 08:54:32.996723,54.305048,-165.952995,1470.0,231.14,1470.0,231.14
2017-06-03 08:54:33.495922,54.305056,-165.95298,1470.0,231.7,1470.0,231.32
2017-06-03 08:54:33.995125,54.305082,-165.952933,1470.0,232.64,1470.0,231.51
2017-06-03 08:54:34.494324,54.30509,-165.952918,1470.0,233.96,1470.0,232.27
2017-06-03 08:54:34.993526,54.305113,-165.952872,1470.0,234.52,1470.0,232.45
2017-06-03 08:54:35.492725,54.305121,-165.952857,1470.0,232.27,1470.0,232.27
2017-06-03 08:54:35.991928,54.305148,-165.952808,1470.0,232.08,1470.0,232.64
2017-06-03 08:54:36.491127,54.305157,-165.952792,1470.0,236.03,1470.0,232.45
2017-06-03 08:54:36.990330,54.305183,-165.952746,1470.0,235.09,1470.0,232.45
2017-06-03 08:54:37.489531,54.305192,-165.952731,1470.0,234.34,1470.0,232.27
2017-06-03 08:54:37.988731,54.305219,-165.952686,1470.0,233.77,1470.0,232.08
2017-06-03 08:54:38.487932,54.305229,-165.952671,1470.0,232.83,1470.0,232.08
2017-06-03 08:54:38.987133,54.305257,-165.952629,1470.0,232.08,1470.0,231.89
2017-06-03 08:54:39.486334,54.305267,-165.952614,1470.0,231.89,1470.0,231.89
2017-06-03 08:54:39.985535,54.305294,-165.952571,1470.0,231.89,1470.0,231.89
2017-06-03 08:54:40.484735,54.305303,-165.952556,1470.0,231.89,1470.0,231.89
2017-06-03 08:54:40.983936,54.305329,-165.952514,1470.0,232.08,1470.0,231.89
2017-06-03 08:54:41.498737,54.305339,-165.952498,1470.0,232.08,1470.0,231.89
2017-06-03 08:54:41.997938,54.305365,-165.952453,1470.0,232.08,1470.0,232.08
2017-06-03 08:54:42.497139,54.305373,-165.952438,1470.0,232.27,1470.0,232.08
2017-06-03 08:54:42.996340,54.305399,-165.952393,1470.0,232.64,1470.0,223.61
2017-06-03 08:54:43.495541,54.305406,-165.952377,1470.0,233.96,1470.0,232.45
2017-06-03 08:54:43.994741,54.305429,-165.952329,1470.0,232.64,1470.0,232.64
2017-06-03 08:54:44.493942,54.305437,-165.952314,1470.0,234.9,1470.0,233.21
2017-06-03 08:54:44.993143,54.305461,-165.952269,1470.0,235.46,1470.0,233.21
2017-06-03 08:54:45.492344,54.305469,-165.952253,1470.0,233.02,1470.0,233.21
2017-06-03 08:54:45.991545,54.305494,-165.952204,1470.0,234.71,1470.0,233.02
2017-06-03 08:54:46.490746,54.305502,-165.95219,1470.0,234.9,1470.0,114.1
2017-06-03 08:54:46.989946,54.305529,-165.952146,1470.0,234.34,1470.0,233.02
2017-06-03 08:54:47.489149,54.305538,-165.952131,1470.0,233.96,1470.0,233.21
2017-06-03 08:54:47.988348,54.305566,-165.952089,1470.0,233.77,1470.0,233.21
2017-06-03 08:54:48.487551,54.305575,-165.952074,1470.0,233.39,1470.0,233.02
2017-06-03 08:54:48.986750,54.305604,-165.952031,1470.0,233.39,1470.0,233.21
2017-06-03 08:54:49.485950,54.305613,-165.952016,1470.0,233.39,1470.0,233.39
2017-06-03 08:54:49.985151,54.305639,-165.951974,1470.0,233.77,1470.0,233.39
2017-06-03 08:54:50.484352,54.305648,-165.951959,1470.0,234.34,1470.0,233.58
2017-06-03 08:54:50.999153,54.305675,-165.951913,1470.0,234.52,1470.0,233.77
2017-06-03 08:54:51.498354,54.305683,-165.951898,1470.0,234.34,1470.0,233.58
2017-06-03 08:54:51.997555,54.305709,-165.951853,1470.0,234.9,1470.0,233.77
2017-06-03 08:54:52.496756,54.305717,-165.951838,1470.0,234.15,1470.0,233.77
2017-06-03 08:54:52.995958,54.305743,-165.951792,1470.0,234.9,1470.0,233.77
2017-06-03 08:54:53.495157,54.305751,-165.951777,1470.0,234.9,1470.0,233.96
2017-06-03 08:54:53.994360,54.305777,-165.951731,1470.0,235.46,1470.0,234.34
2017-06-03 08:54:54.493559,54.305785,-165.951716,1470.0,234.71,1470.0,234.71
2017-06-03 08:54:54.992762,54.305809,-165.951672,1470.0,236.78,1470.0,234.9
2017-06-03 08:54:55.491961,54.305818,-165.951657,1470.0,235.28,1470.0,234.9
2017-06-03 08:54:55.991163,54.305843,-165.951611,1470.0,235.09,1470.0,234.9
2017-06-03 08:54:56.490362,54.305851,-165.951596,1470.0,235.84,1470.0,234.9
2017-06-03 08:54:56.989565,54.305878,-165.951551,1470.0,235.84,1470.0,235.46
2017-06-03 08:54:57.488764,54.305886,-165.951536,1470.0,235.46,1470.0,235.09
2017-06-03 08:54:57.987967,54.305913,-165.951491,1470.0,236.41,1470.0,235.46
2017-06-03 08:54:58.487167,54.305921,-165.951476,1470.0,237.16,1470.0,88.51
2017-06-03 08:54:58.986368,54.305948,-165.951429,1470.0,236.03,1470.0,236.22
2017-06-03 08:54:59.485569,54.305956,-165.951414,1470.0,237.16,1470.0,236.03
2017-06-03 08:54:59.984770,54.305983,-165.951369,1470.0,236.41,1470.0,236.41
2017-06-03 08:55:00.483971,54.305991,-165.951354,1470.0,237.16,1470.0,236.22
2017-06-03 08:55:00.998770,54.306018,-165.951308,1470.0,236.78,1470.0,236.22
2017-06-03 08:55:01.497972,54.306027,-165.951293,1470.0,237.16,1470.0,236.41
2017-06-03 08:55:01.997171,54.306052,-165.951248,1470.0,237.53,1470.0,236.59
2017-06-03 08:55:02.496374,54.30606,-165.951233,1470.0,237.16,1470.0,236.78
2017-06-03 08:55:02.995575,54.306086,-165.95119,1470.0,237.53,1470.0,236.78
2017-06-03 08:55:03.494776,54.306095,-165.951176,1470.0,237.72,1470.0,236.97
2017-06-03 08:55:03.993977,54.306122,-165.951131,1470.0,238.1,1470.0,237.16
2017-06-03 08:55:04.493177,54.30613,-165.951117,1470.0,237.53,1470.0,237.16
2017-06-03 08:55:04.992378,54.306156,-165.951074,1470.0,237.72,1470.0,237.35
2017-06-03 08:55:05.491579,54.306165,-165.951059,1470.0,237.72,1470.0,237.53
2017-06-03 08:55:05.990780,54.306191,-165.951016,1470.0,238.85,1470.0,237.91
2017-06-03 08:55:06.489981,54.3062,-165.951001,1470.0,239.23,1470.0,238.66
2017-06-03 08:55:06.989182,54.306226,-165.950957,1470.0,239.98,1470.0,238.48
2017-06-03 08:55:07.488384,54.306235,-165.950942,1470.0,239.04,1470.0,238.85
2017-06-03 08:55:07.987583,54.306261,-165.950896,1470.0,241.11,1470.0,239.23
2017-06-03 08:55:08.486786,54.30627,-165.950881,1470.0,239.6,1470.0,239.98
2017-06-03 08:55:08.985985,54.306296,-165.950834,1470.0,240.54,1470.0,239.79
2017-06-03 08:55:09.485188,54.306305,-165.950819,1470.0,239.98,1470.0,239.6
2017-06-03 08:55:09.984386,54.306331,-165.950774,1470.0,240.54,1470.0,239.6
2017-06-03 08:55:10.499187,54.306341,-165.950758,1470.0,240.36,1470.0,239.79
2017-06-03 08:55:10.998388,54.30637,-165.950714,1470.0,240.36,1470.0,239.79
2017-06-03 08:55:11.497589,54.306379,-165.9507,1470.0,240.54,1470.0,239.98
2017-06-03 08:55:11.996790,54.306405,-165.950657,1470.0,241.49,1470.0,240.17
2017-06-03 08:55:12.495991,54.306414,-165.950643,1470.0,241.11,1470.0,240.36
2017-06-03 08:55:12.995193,54.306442,-165.950599,1470.0,241.11,1470.0,240.73
2017-06-03 08:55:13.494392,54.30645,-165.950585,1470.0,241.3,1470.0,240.73
2017-06-03 08:55:13.993595,54.306477,-165.950541,1470.0,241.49,1470.0,240.92
2017-06-03 08:55:14.492794,54.306485,-165.950526,1470.0,241.67,1470.0,241.3
2017-06-03 08:55:14.991997,54.306509,-165.950482,1470.0,242.24,1470.0,241.67
2017-06-03 08:55:15.491196,54.306518,-165.950467,1470.0,242.99,1470.0,242.05
2017-06-03 08:55:15.990398,54.306544,-165.950421,1470.0,244.12,1470.0,242.24
2017-06-03 08:55:16.489597,54.306551,-165.950406,1470.0,244.31,1470.0,242.99
2017-06-03 08:55:16.988800,54.306575,-165.950359,1470.0,242.8,1470.0,242.8
2017-06-03 08:55:17.487999,54.306583,-165.950344,1470.0,244.31,1470.0,243.18
2017-06-03 08:55:17.987202,54.306608,-165.950299,1470.0,243.18,1470.0,243.18
2017-06-03 08:55:18.486403,54.306616,-165.950284,1470.0,244.31,1470.0,243.18
2017-06-03 08:55:18.985603,54.306643,-165.950241,1470.0,244.31,1470.0,243.37
2017-06-03 08:55:19.484804,54.306652,-165.950226,1470.0,243.93,1470.0,243.56
2017-06-03 08:55:19.984005,54.306679,-165.950181,1470.0,244.31,1470.0,243.74
2017-06-03 08:55:20.498806,54.306689,-165.950165,1470.0,244.5,1470.0,244.12
2017-06-03 08:55:20.998005,54.306715,-165.950121,1470.0,244.87,1470.0,244.31
2017-06-03 08:55:21.497208,54.306724,-165.950106,1470.0,245.25,1470.0,244.68
2017-06-03 08:55:21.996407,54.30675,-165.950059,1470.0,245.63,1470.0,245.06
2017-06-03 08:55:22.495609,54.306758,-165.950044,1470.0,246.57,1470.0,245.44
2017-06-03 08:55:22.994808,54.306783,-165.949997,1470.0,247.32,1470.0,245.44
2017-06-03 08:55:23.494011,54.306791,-165.949982,1470.0,247.51,1470.0,246.0
2017-06-03 08:55:23.993212,54.306817,-165.949933,1470.0,248.07,1470.0,246.57
2017-06-03 08:55:24.492413,54.306825,-165.949918,1470.0,248.45,1470.0,246.57
2017-06-03 08:55:24.991613,54.306851,-165.949872,1470.0,246.75,1470.0,246.57
2017-06-03 08:55:25.490814,54.30686,-165.949857,1470.0,247.88,1470.0,246.75
2017-06-03 08:55:25.990015,54.306887,-165.949809,1470.0,248.26,1470.0,186.35
2017-06-03 08:55:26.489216,54.306895,-165.949795,1470.0,247.51,1470.0,247.51
2017-06-03 08:55:26.988417,54.306919,-165.949751,1470.0,248.45,1470.0,247.51
2017-06-03 08:55:27.487617,54.306928,-165.949736,1470.0,248.07,1470.0,247.51
2017-06-03 08:55:27.986818,54.306953,-165.949691,1470.0,248.26,1470.0,247.69
2017-06-03 08:55:28.486019,54.306961,-165.949676,1470.0,248.45,1470.0,247.88
2017-06-03 08:55:28.985220,54.306988,-165.949631,1470.0,248.82,1470.0,248.07
2017-06-03 08:55:29.484423,54.306996,-165.949616,1470.0,249.01,1470.0,248.45
2017-06-03 08:55:29.999222,54.307022,-165.949569,1470.0,249.95,1470.0,249.01
2017-06-03 08:55:30.498423,54.30703,-165.949554,1470.0,250.52,1470.0,249.39
2017-06-03 08:55:30.997623,54.307054,-165.949508,1470.0,250.71,1470.0,249.58
2017-06-03 08:55:31.496824,54.307062,-165.949492,1470.0,251.65,1470.0,249.95
2017-06-03 08:55:31.996025,54.307087,-165.949443,1470.0,252.21,1470.0,250.33
2017-06-03 08:55:32.495226,54.307095,-165.949427,1470.0,252.96,1470.0,251.08
2017-06-03 08:55:32.994429,54.307118,-165.949381,1470.0,254.66,1470.0,251.08
2017-06-03 08:55:33.493628,54.307126,-165.949365,1470.0,253.72,1470.0,251.27
2017-06-03 08:55:33.992830,54.307153,-165.949318,1470.0,254.47,1470.0,252.4
2017-06-03 08:55:34.492029,54.307162,-165.949303,1470.0,252.21,1470.0,251.83
2017-06-03 08:55:34.991232,54.307188,-165.949259,1470.0,253.72,1470.0,252.96
2017-06-03 08:55:35.490431,54.307196,-165.949244,1470.0,254.66,1470.0,252.4
2017-06-03 08:55:35.989634,54.307223,-165.949201,1470.0,253.34,1470.0,252.59
2017-06-03 08:55:36.488832,54.307232,-165.949186,1470.0,253.15,1470.0,252.78
2017-06-03 08:55:36.988035,54.307259,-165.949141,1470.0,253.9,1470.0,252.96
2017-06-03 08:55:37.487234,54.307268,-165.949126,1470.0,254.09,1470.0,251.08
2017-06-03 08:55:37.986437,54.307294,-165.949082,1470.0,255.22,1470.0,253.72
2017-06-03 08:55:38.485638,54.307303,-165.949068,1470.0,255.79,1470.0,254.47
2017-06-03 08:55:38.984838,54.307328,-165.949022,1470.0,256.16,1470.0,254.84
2017-06-03 08:55:39.484039,54.307336,-165.949008,1470.0,255.97,1470.0,255.41
2017-06-03 08:55:39.998840,54.307362,-165.948961,1470.0,255.41,1470.0,255.03
2017-06-03 08:55:40.498041,54.30737,-165.948946,1470.0,256.54,1470.0,255.22
2017-06-03 08:55:40.997240,54.307395,-165.948901,1470.0,256.54,1470.0,255.6
2017-06-03 08:55:41.496443,54.307404,-165.948886,1470.0,255.79,1470.0,256.16
2017-06-03 08:55:41.995642,54.30743,-165.948839,1470.0,258.23,1470.0,256.54
2017-06-03 08:55:42.494844,54.307438,-165.948825,1470.0,259.17,1470.0,257.29
2017-06-03 08:55:42.994043,54.307463,-165.948781,1470.0,257.67,1470.0,257.48
2017-06-03 08:55:43.493246,54.307471,-165.948765,1470.0,259.93,1470.0,257.67
2017-06-03 08:55:43.992447,54.307497,-165.948718,1470.0,258.23,1470.0,258.04
2017-06-03 08:55:44.491648,54.307505,-165.948703,1470.0,259.36,1470.0,257.86
2017-06-03 08:55:44.990849,54.307531,-165.948659,1470.0,258.8,1470.0,258.23
2017-06-03 08:55:45.490049,54.30754,-165.948644,1470.0,258.98,1470.0,257.86
2017-06-03 08:55:45.989250,54.307568,-165.948599,1470.0,258.98,1470.0,258.23
2017-06-03 08:55:46.488451,54.307576,-165.948584,1470.0,260.11,1470.0,258.8
2017-06-03 08:55:46.987652,54.307603,-165.948541,1470.0,260.3,1470.0,259.17
2017-06-03 08:55:47.486853,54.307611,-165.948526,1470.0,260.68,1470.0,259.74
2017-06-03 08:55:47.986053,54.307636,-165.948479,1470.0,260.87,1470.0,260.3
2017-06-03 08:55:48.485254,54.307645,-165.948464,1470.0,260.3,1470.0,260.11
2017-06-03 08:55:48.984455,54.307671,-165.948419,1470.0,261.24,1470.0,260.49
2017-06-03 08:55:49.499256,54.30768,-165.948403,1470.0,261.24,1470.0,260.49
2017-06-03 08:55:49.998457,54.307707,-165.948358,1470.0,261.81,1470.0,260.87
2017-06-03 08:55:50.497658,54.307715,-165.948343,1470.0,261.81,1470.0,260.87
2017-06-03 08:55:50.996859,54.307739,-165.9483,1470.0,262.18,1470.0,261.24
2017-06-03 08:55:51.496059,54.307748,-165.948286,1470.0,262.37,1470.0,261.62
2017-06-03 08:55:51.995260,54.307775,-165.948241,1470.0,262.94,1470.0,261.81
2017-06-03 08:55:52.494461,54.307784,-165.948226,1470.0,263.5,1470.0,262.18
2017-06-03 08:55:52.993662,54.307809,-165.948182,1470.0,263.69,1470.0,262.18
2017-06-03 08:55:53.492863,54.307818,-165.948168,1470.0,262.94,1470.0,262.37
2017-06-03 08:55:53.992064,54.307844,-165.948124,1470.0,263.88,1470.0,262.56
2017-06-03 08:55:54.491264,54.307853,-165.948109,1470.0,263.12,1470.0,262.75
2017-06-03 08:55:54.990467,54.307879,-165.948066,1470.0,263.88,1470.0,262.94
2017-06-03 08:55:55.489666,54.307888,-165.948051,1470.0,264.06,1470.0,263.12
2017-06-03 08:55:55.988869,54.307914,-165.948006,1470.0,264.25,1470.0,263.31
2017-06-03 08:55:56.488068,54.307923,-165.947991,1470.0,264.06,1470.0,263.5
2017-06-03 08:55:56.987270,54.307951,-165.947947,1470.0,264.44,1470.0,263.5
2017-06-03 08:55:57.486469,54.30796,-165.947933,1470.0,264.82,1470.0,263.88
2017-06-03 08:55:57.985672,54.307986,-165.947887,1470.0,264.82,1470.0,264.06
2017-06-03 08:55:58.484871,54.307994,-165.947872,1470.0,265.19,1470.0,264.44
2017-06-03 08:55:58.984074,54.308019,-165.947826,1470.0,265.76,1470.0,264.63
2017-06-03 08:55:59.498875,54.308028,-165.947809,1470.0,266.51,1470.0,265.38
2017-06-03 08:55:59.998075,54.308054,-165.947763,1470.0,266.7,1470.0,265.57
2017-06-03 08:56:00.497276,54.308062,-165.947748,1470.0,266.89,1470.0,265.38
2017-06-03 08:56:00.996477,54.308086,-165.947704,1470.0,266.13,1470.0,265.38
2017-06-03 08:56:01.495678,54.308095,-165.947689,1470.0,266.51,1470.0,265.57
2017-06-03 08:56:01.994877,54.308122,-165.947643,1470.0,265.76,1470.0,265.38
2017-06-03 08:56:02.494080,54.308131,-165.947628,1470.0,266.51,1470.0,265.57
2017-06-03 08:56:02.993279,54.308158,-165.947585,1470.0,266.7,1470.0,266.13
2017-06-03 08:56:03.492481,54.308166,-165.947571,1470.0,266.32,1470.0,266.32
2017-06-03 08:56:03.991682,54.308193,-165.947524,1470.0,267.64,1470.0,266.7
2017-06-03 08:56:04.490883,54.308201,-165.947509,1470.0,267.83,1470.0,266.7
2017-06-03 08:56:04.990084,54.308225,-165.947464,1470.0,266.89,1470.0,267.08
2017-06-03 08:56:05.489285,54.308233,-165.947449,1470.0,268.77,1470.0,267.26
2017-06-03 08:56:05.988485,54.308259,-165.947402,1470.0,268.77,1470.0,267.26
2017-06-03 08:56:06.487686,54.308268,-165.947388,1470.0,268.96,1470.0,267.64
2017-06-03 08:56:06.986887,54.308293,-165.947342,1470.0,267.26,1470.0,267.45
2017-06-03 08:56:07.486088,54.308301,-165.947328,1470.0,268.77,1470.0,267.64
2017-06-03 08:56:07.985289,54.308328,-165.947282,1470.0,268.02,1470.0,222.67
2017-06-03 08:56:08.484489,54.308336,-165.947268,1470.0,268.2,1470.0,267.64
2017-06-03 08:56:08.999290,54.308363,-165.947221,1470.0,268.96,1470.0,267.83
2017-06-03 08:56:09.498491,54.308372,-165.947206,1470.0,268.39,1470.0,268.02
2017-06-03 08:56:09.997692,54.3084,-165.947163,1470.0,268.39,1470.0,268.02
2017-06-03 08:56:10.496893,54.308408,-165.947148,1470.0,268.39,1470.0,268.02
2017-06-03 08:56:10.996094,54.308433,-165.947105,1470.0,268.58,1470.0,268.02
2017-06-03 08:56:11.495295,54.308441,-165.947091,1470.0,269.33,1470.0,268.2
2017-06-03 08:56:11.994495,54.308468,-165.947044,1470.0,269.9,1470.0,268.58
2017-06-03 08:56:12.493696,54.308477,-165.94703,1470.0,270.84,1470.0,268.96
2017-06-03 08:56:12.992897,54.308501,-165.946986,1470.0,271.03,1470.0,269.52
2017-06-03 08:56:13.492098,54.308509,-165.946971,1470.0,269.71,1470.0,269.9
2017-06-03 08:56:13.991299,54.308535,-165.946924,1470.0,272.16,1470.0,270.09
2017-06-03 08:56:14.490499,54.308544,-165.94691,1470.0,272.16,1470.0,269.9
2017-06-03 08:56:14.989702,54.308569,-165.946866,1470.0,272.53,1470.0,229.26
2017-06-03 08:56:15.488901,54.308578,-165.946851,1470.0,270.46,1470.0,270.27
2017-06-03 08:56:15.988104,54.308604,-165.946806,1470.0,272.72,1470.0,270.65
2017-06-03 08:56:16.487303,54.308613,-165.946791,1470.0,272.91,1470.0,271.03
2017-06-03 08:56:16.986506,54.308639,-165.946747,1470.0,272.34,1470.0,271.03
2017-06-03 08:56:17.485704,54.308648,-165.946733,1470.0,272.16,1470.0,271.03
2017-06-03 08:56:17.984907,54.308674,-165.946687,1470.0,271.78,1470.0,270.84
2017-06-03 08:56:18.484106,54.308683,-165.946673,1470.0,271.4,1470.0,271.03
2017-06-03 08:56:18.998909,54.30871,-165.946628,1470.0,271.4,1470.0,271.03
2017-06-03 08:56:19.498108,54.308719,-165.946614,1470.0,271.21,1470.0,271.03
2017-06-03 08:56:19.997311,54.308747,-165.946572,1470.0,271.4,1470.0,271.03
2017-06-03 08:56:20.496511,54.308756,-165.946558,1470.0,271.59,1470.0,271.21
2017-06-03 08:56:20.995712,54.308783,-165.946515,1470.0,271.97,1470.0,271.59
2017-06-03 08:56:21.494913,54.308791,-165.946501,1470.0,272.91,1470.0,272.16
2017-06-03 08:56:21.994114,54.308817,-165.946454,1470.0,274.23,1470.0,272.53
2017-06-03 08:56:22.493315,54.308825,-165.946439,1470.0,272.91,1470.0,272.72
2017-06-03 08:56:22.992514,54.308848,-165.946394,1470.0,275.17,1470.0,273.1
2017-06-03 08:56:23.491716,54.308856,-165.946379,1470.0,273.1,1470.0,274.04
2017-06-03 08:56:23.990915,54.308881,-165.946332,1470.0,275.17,1470.0,273.47
2017-06-03 08:56:24.490118,54.30889,-165.946318,1470.0,274.79,1470.0,273.28
2017-06-03 08:56:24.989319,54.308916,-165.946272,1470.0,274.41,1470.0,273.1
2017-06-03 08:56:25.488520,54.308925,-165.946258,1470.0,274.04,1470.0,273.28
2017-06-03 08:56:25.987720,54.308951,-165.946215,1470.0,274.23,1470.0,273.47
2017-06-03 08:56:26.486921,54.30896,-165.946201,1470.0,274.79,1470.0,273.85
2017-06-03 08:56:26.986122,54.308988,-165.946159,1470.0,274.98,1470.0,274.23
2017-06-03 08:56:27.485323,54.308996,-165.946145,1470.0,274.79,1470.0,274.79
2017-06-03 08:56:27.984524,54.309023,-165.946102,1470.0,275.17,1470.0,274.79
2017-06-03 08:56:28.499325,54.309032,-165.946086,1470.0,275.92,1470.0,274.79
2017-06-03 08:56:28.998526,54.30906,-165.946041,1470.0,275.35,1470.0,274.98
2017-06-03 08:56:29.497728,54.309068,-165.946026,1470.0,276.11,1470.0,275.17
2017-06-03 08:56:29.996927,54.309094,-165.945979,1470.0,276.48,1470.0,275.35
2017-06-03 08:56:30.496128,54.309102,-165.945964,1470.0,277.05,1470.0,275.73
2017-06-03 08:56:30.995329,54.309126,-165.945919,1470.0,277.61,1470.0,276.11
2017-06-03 08:56:31.494530,54.309135,-165.945904,1470.0,277.99,1470.0,276.48
2017-06-03 08:56:31.993731,54.309162,-165.945858,1470.0,277.61,1470.0,276.67
2017-06-03 08:56:32.492931,54.30917,-165.945843,1470.0,277.61,1470.0,276.67
2017-06-03 08:56:32.992132,54.309196,-165.945799,1470.0,277.8,1470.0,276.86
2017-06-03 08:56:33.491333,54.309205,-165.945784,1470.0,277.99,1470.0,277.05
2017-06-03 08:56:33.990534,54.309231,-165.945739,1470.0,278.36,1470.0,277.24
2017-06-03 08:56:34.489735,54.30924,-165.945724,1470.0,278.36,1470.0,277.61
2017-06-03 08:56:34.988937,54.309266,-165.945679,1470.0,278.36,1470.0,277.8
2017-06-03 08:56:35.488136,54.309275,-165.945664,1470.0,278.55,1470.0,277.99
2017-06-03 08:56:35.987339,54.309301,-165.945621,1470.0,278.55,1470.0,278.18
2017-06-03 08:56:36.486538,54.309309,-165.945606,1470.0,279.12,1470.0,185.23
2017-06-03 08:56:36.985741,54.309334,-165.945561,1470.0,278.74,1470.0,278.55
2017-06-03 08:56:37.484940,54.309343,-165.945546,1470.0,278.93,1470.0,278.55
2017-06-03 08:56:37.984142,54.309369,-165.945501,1470.0,279.12,1470.0,278.74
2017-06-03 08:56:38.498941,54.309379,-165.945485,1470.0,279.68,1470.0,279.12
2017-06-03 08:56:38.998144,54.309404,-165.945441,1470.0,280.06,1470.0,279.31
2017-06-03 08:56:39.497343,54.309413,-165.945426,1470.0,281.0,1470.0,279.87
2017-06-03 08:56:39.996546,54.309439,-165.945379,1470.0,281.19,1470.0,280.62
2017-06-03 08:56:40.495747,54.309447,-165.945364,1470.0,281.0,1470.0,281.0
2017-06-03 08:56:40.994947,54.309471,-165.945317,1470.0,282.88,1470.0,281.56
2017-06-03 08:56:41.494148,54.309479,-165.945302,1470.0,283.07,1470.0,281.56
2017-06-03 08:56:41.993349,54.309504,-165.945253,1470.0,283.26,1470.0,281.75
2017-06-03 08:56:42.492550,54.309512,-165.945238,1470.0,283.26,1470.0,282.13
2017-06-03 08:56:42.991751,54.309539,-165.945192,1470.0,283.07,1470.0,281.94
2017-06-03 08:56:43.490952,54.309548,-165.945178,1470.0,282.88,1470.0,281.94
2017-06-03 08:56:43.990152,54.309576,-165.945134,1470.0,282.69,1470.0,245.63
2017-06-03 08:56:44.489353,54.309585,-165.94512,1470.0,283.82,1470.0,282.5
2017-06-03 08:56:44.988552,54.309613,-165.945077,1470.0,283.45,1470.0,283.07
2017-06-03 08:56:45.487755,54.309621,-165.945063,1470.0,283.63,1470.0,283.45
2017-06-03 08:56:45.986956,54.309648,-165.94502,1470.0,284.01,1470.0,283.63
2017-06-03 08:56:46.486156,54.309656,-165.945006,1470.0,284.39,1470.0,284.01
2017-06-03 08:56:46.985357,54.309683,-165.944961,1470.0,284.39,1470.0,284.2
2017-06-03 08:56:47.484558,54.309691,-165.944946,1470.0,285.14,1470.0,284.39
2017-06-03 08:56:47.999359,54.309718,-165.944899,1470.0,285.7,1470.0,284.76
2017-06-03 08:56:48.498560,54.309727,-165.944884,1470.0,286.08,1470.0,285.14
2017-06-03 08:56:48.997761,54.309751,-165.944839,1470.0,286.27,1470.0,285.52
2017-06-03 08:56:49.496962,54.30976,-165.944824,1470.0,287.4,1470.0,286.27
2017-06-03 08:56:49.996162,54.309787,-165.944778,1470.0,287.02,1470.0,286.27
2017-06-03 08:56:50.495365,54.309795,-165.944763,1470.0,287.21,1470.0,286.64
2017-06-03 08:56:50.994564,54.309821,-165.944719,1470.0,287.58,1470.0,287.02
2017-06-03 08:56:51.493765,54.30983,-165.944704,1470.0,288.15,1470.0,287.02
2017-06-03 08:56:51.992966,54.309858,-165.944659,1470.0,288.53,1470.0,287.58
2017-06-03 08:56:52.492167,54.309867,-165.944645,1470.0,288.34,1470.0,287.77
2017-06-03 08:56:52.991367,54.309893,-165.944602,1470.0,288.53,1470.0,288.15
2017-06-03 08:56:53.490568,54.309902,-165.944588,1470.0,288.71,1470.0,288.34
2017-06-03 08:56:53.989769,54.309929,-165.944544,1470.0,289.28,1470.0,288.53
2017-06-03 08:56:54.488970,54.309938,-165.944529,1470.0,289.28,1470.0,288.9
2017-06-03 08:56:54.988173,54.309964,-165.944486,1470.0,290.03,1470.0,289.28
2017-06-03 08:56:55.487371,54.309973,-165.944471,1470.0,289.84,1470.0,289.65
2017-06-03 08:56:55.986574,54.310001,-165.944427,1470.0,290.03,1470.0,290.03
2017-06-03 08:56:56.485773,54.31001,-165.944413,1470.0,291.35,1470.0,290.22
2017-06-03 08:56:56.984976,54.310036,-165.944367,1470.0,290.78,1470.0,290.41
2017-06-03 08:56:57.484175,54.310045,-165.944353,1470.0,291.16,1470.0,290.78
2017-06-03 08:56:57.998978,54.310072,-165.944306,1470.0,291.54,1470.0,290.97
2017-06-03 08:56:58.498177,54.31008,-165.944291,1470.0,291.54,1470.0,291.35
2017-06-03 08:56:58.997379,54.310106,-165.944247,1470.0,292.48,1470.0,291.72
2017-06-03 08:56:59.496578,54.310114,-165.944232,1470.0,292.29,1470.0,292.29
2017-06-03 08:56:59.995781,54.31014,-165.944184,1470.0,292.67,1470.0,292.48
2017-06-03 08:57:00.494982,54.310149,-165.944169,1470.0,293.04,1470.0,292.67
2017-06-03 08:57:00.994183,54.310174,-165.944124,1470.0,293.23,1470.0,293.04
2017-06-03 08:57:01.493383,54.310183,-165.944109,1470.0,293.42,1470.0,293.23
2017-06-03 08:57:01.992584,54.310209,-165.944064,1470.0,293.98,1470.0,293.42
2017-06-03 08:57:02.491785,54.310218,-165.944049,1470.0,293.79,1470.0,293.79
2017-06-03 08:57:02.990986,54.310244,-165.944006,1470.0,294.17,1470.0,293.98
2017-06-03 08:57:03.490187,54.310253,-165.943991,1470.0,294.17,1470.0,294.17
2017-06-03 08:57:03.989388,54.310279,-165.943947,1470.0,294.55,1470.0,294.55
2017-06-03 08:57:04.488588,54.310288,-165.943933,1470.0,294.73,1470.0,294.73
2017-06-03 08:57:04.987789,54.310314,-165.943887,1470.0,295.11,1470.0,295.11
2017-06-03 08:57:05.486990,54.310323,-165.943872,1470.0,295.49,1470.0,295.49
2017-06-03 08:57:05.986191,54.310348,-165.943826,1470.0,295.68,1470.0,295.68
2017-06-03 08:57:06.485392,54.310356,-165.94381,1470.0,296.05,1470.0,295.86
2017-06-03 08:57:06.984592,54.310381,-165.943763,1470.0,296.43,1470.0,296.24
2017-06-03 08:57:07.483793,54.310389,-165.943747,1470.0,296.62,1470.0,296.62
2017-06-03 08:57:07.998594,54.310415,-165.943699,1470.0,296.8,1470.0,296.8
2017-06-03 08:57:08.497795,54.310423,-165.943684,1470.0,296.99,1470.0,296.99
2017-06-03 08:57:08.996996,54.310446,-165.943639,1470.0,297.18,1470.0,297.18
2017-06-03 08:57:09.496197,54.310455,-165.943624,1470.0,297.37,1470.0,297.18
2017-06-03 08:57:09.995398,54.310483,-165.943578,1470.0,297.37,1470.0,297.37
