ping_time,latitude,longitude,38kHz_sound_speed_m_s,38kHz_basic,120kHz_sound_speed_m_s,120kHz_basic
2017-06-03 07:29:02.498508,54.117685,-166.276453,1470.0,92.09,1470.0,90.58
2017-06-03 07:29:03.498911,54.117695,-166.276435,1470.0,90.96,1470.0,90.96
2017-06-03 07:29:03.998112,54.117718,-166.276393,1470.0,91.15,1470.0,90.96
2017-06-03 07:29:04.497313,54.117728,-166.276376,1470.0,91.15,1470.0,91.52
2017-06-03 07:29:04.996513,54.117752,-166.276333,1470.0,91.15,1470.0,91.15
2017-06-03 07:29:05.495714,54.117762,-166.276316,1470.0,91.15,1470.0,91.15
2017-06-03 07:29:05.994915,54.117787,-166.276275,1470.0,91.15,1470.0,92.65
2017-06-03 07:29:06.494116,54.117798,-166.276258,1470.0,91.15,1470.0,90.96
2017-06-03 07:29:06.993319,54.117825,-166.276217,1470.0,90.96,1470.0,90.96
2017-06-03 07:29:07.492517,54.117836,-166.276201,1470.0,90.96,1470.0,90.77
2017-06-03 07:29:07.991720,54.117863,-166.276162,1470.0,90.77,1470.0,90.77
2017-06-03 07:29:08.490919,54.117875,-166.276145,1470.0,91.9,1470.0,90.77
2017-06-03 07:29:08.994921,54.117903,-166.276105,1470.0,91.15,1470.0,90.96
2017-06-03 07:29:09.494122,54.117914,-166.276089,1470.0,90.96,1470.0,92.27
2017-06-03 07:29:09.993322,54.117942,-166.276048,1470.0,90.96,1470.0,92.09
2017-06-03 07:29:10.492525,54.117952,-166.276031,1470.0,90.96,1470.0,90.96
2017-06-03 07:29:10.991724,54.117978,-166.27599,1470.0,90.96,1470.0,90.96
2017-06-03 07:29:11.490927,54.117988,-166.275973,1470.0,90.77,1470.0,90.77
2017-06-03 07:29:11.990126,54.118015,-166.275928,1470.0,90.77,1470.0,90.96
2017-06-03 07:29:12.489326,54.118025,-166.275912,1470.0,90.96,1470.0,90.77
2017-06-03 07:29:12.988527,54.118052,-166.275868,1470.0,90.96,1470.0,90.96
2017-06-03 07:29:13.487728,54.118062,-166.275852,1470.0,91.71,1470.0,90.77
2017-06-03 07:29:13.986929,54.118088,-166.27581,1470.0,90.96,1470.0,90.77
2017-06-03 07:29:14.486130,54.118098,-166.275795,1470.0,90.77,1470.0,90.77
2017-06-03 07:29:14.985331,54.118125,-166.275755,1470.0,90.77,1470.0,90.58
2017-06-03 07:29:15.484531,54.118135,-166.27574,1470.0,90.58,1470.0,90.39
2017-06-03 07:29:15.999334,54.118162,-166.2757,1470.0,90.39,1470.0,90.2
2017-06-03 07:29:16.498533,54.118173,-166.275684,1470.0,90.2,1470.0,90.02
2017-06-03 07:29:16.997736,54.1182,-166.275645,1470.0,90.02,1470.0,90.02
2017-06-03 07:29:17.496935,54.11821,-166.275629,1470.0,90.2,1470.0,90.02
2017-06-03 07:29:17.996138,54.118237,-166.275587,1470.0,91.33,1470.0,90.39
2017-06-03 07:29:18.495337,54.118246,-166.275569,1470.0,90.77,1470.0,90.58
2017-06-03 07:29:18.994539,54.11827,-166.275527,1470.0,90.77,1470.0,91.9
2017-06-03 07:29:19.493738,54.11828,-166.275509,1470.0,90.77,1470.0,90.77
2017-06-03 07:29:19.992941,54.118305,-166.275463,1470.0,90.58,1470.0,90.58
2017-06-03 07:29:20.492142,54.118316,-166.275446,1470.0,90.58,1470.0,90.39
2017-06-03 07:29:20.991343,54.118342,-166.275403,1470.0,90.39,1470.0,91.9
2017-06-03 07:29:21.490543,54.118353,-166.275388,1470.0,90.2,1470.0,90.2
2017-06-03 07:29:21.989744,54.118382,-166.275347,1470.0,90.2,1470.0,90.2
2017-06-03 07:29:22.488945,54.118392,-166.275332,1470.0,90.2,1470.0,90.02
2017-06-03 07:29:22.988146,54.11842,-166.275292,1470.0,91.33,1470.0,90.02
2017-06-03 07:29:23.487347,54.11843,-166.275277,1470.0,90.02,1470.0,89.83
2017-06-03 07:29:23.986547,54.118458,-166.275237,1470.0,91.15,1470.0,89.83
2017-06-03 07:29:24.485748,54.118468,-166.275222,1470.0,89.83,1470.0,89.83
2017-06-03 07:29:24.984949,54.118495,-166.275182,1470.0,89.83,1470.0,89.64
2017-06-03 07:29:25.484150,54.118505,-166.275166,1470.0,89.83,1470.0,89.45
2017-06-03 07:29:25.998951,54.118532,-166.275125,1470.0,89.45,1470.0,90.39
2017-06-03 07:29:26.498152,54.118542,-166.275109,1470.0,90.58,1470.0,89.26
2017-06-03 07:29:26.997353,54.118568,-166.275068,1470.0,89.26,1470.0,89.26
2017-06-03 07:29:27.496553,54.118578,-166.275052,1470.0,89.45,1470.0,89.45
2017-06-03 07:29:27.995754,54.118602,-166.27501,1470.0,90.2,1470.0,89.45
2017-06-03 07:29:28.494955,54.118612,-166.274994,1470.0,89.83,1470.0,89.83
2017-06-03 07:29:28.994156,54.118638,-166.274953,1470.0,89.64,1470.0,89.64
2017-06-03 07:29:29.493357,54.118649,-166.274937,1470.0,89.64,1470.0,89.45
2017-06-03 07:29:29.992558,54.118675,-166.274895,1470.0,89.45,1470.0,89.26
2017-06-03 07:29:30.491760,54.118686,-166.274879,1470.0,89.08,1470.0,89.08
2017-06-03 07:29:30.990959,54.118713,-166.274838,1470.0,88.89,1470.0,88.89
2017-06-03 07:29:31.490162,54.118724,-166.274823,1470.0,88.89,1470.0,88.89
2017-06-03 07:29:31.989361,54.118753,-166.274782,1470.0,88.7,1470.0,90.39
2017-06-03 07:29:32.488564,54.118764,-166.274767,1470.0,88.51,1470.0,88.51
2017-06-03 07:29:32.987762,54.118793,-166.274728,1470.0,88.32,1470.0,88.32
2017-06-03 07:29:33.486963,54.118804,-166.274713,1470.0,88.14,1470.0,88.14
2017-06-03 07:29:33.986164,54.118832,-166.274673,1470.0,88.14,1470.0,88.14
2017-06-03 07:29:34.485365,54.118842,-166.274658,1470.0,87.95,1470.0,87.95
2017-06-03 07:29:34.984566,54.118868,-166.274617,1470.0,87.95,1470.0,87.95
2017-06-03 07:29:35.499367,54.118879,-166.274599,1470.0,89.08,1470.0,87.76
2017-06-03 07:29:35.998569,54.118903,-166.274557,1470.0,87.57,1470.0,87.57
2017-06-03 07:29:36.497768,54.118914,-166.27454,1470.0,87.38,1470.0,87.38
2017-06-03 07:29:36.996971,54.118938,-166.274498,1470.0,87.01,1470.0,88.14
2017-06-03 07:29:37.496170,54.118949,-166.274482,1470.0,86.82,1470.0,86.82
2017-06-03 07:29:37.995373,54.118975,-166.274442,1470.0,87.95,1470.0,86.63
2017-06-03 07:29:38.494572,54.118987,-166.274425,1470.0,87.76,1470.0,86.25
2017-06-03 07:29:38.993774,54.119015,-166.274385,1470.0,86.25,1470.0,86.25
2017-06-03 07:29:39.492973,54.119026,-166.274369,1470.0,87.57,1470.0,86.07
2017-06-03 07:29:39.992176,54.119053,-166.274328,1470.0,87.19,1470.0,85.88
2017-06-03 07:29:40.491375,54.119065,-166.274311,1470.0,87.38,1470.0,85.69
2017-06-03 07:29:40.990578,54.119093,-166.27427,1470.0,85.69,1470.0,85.5
2017-06-03 07:29:41.489779,54.119104,-166.274254,1470.0,85.5,1470.0,85.5
2017-06-03 07:29:41.988979,54.119132,-166.274212,1470.0,85.5,1470.0,85.5
2017-06-03 07:29:42.488180,54.119142,-166.274196,1470.0,85.69,1470.0,85.69
2017-06-03 07:29:42.987381,54.119168,-166.274153,1470.0,86.82,1470.0,85.69
2017-06-03 07:29:43.486582,54.119179,-166.274137,1470.0,85.69,1470.0,85.5
2017-06-03 07:29:43.985783,54.119207,-166.274093,1470.0,85.31,1470.0,86.25
2017-06-03 07:29:44.484983,54.119218,-166.274078,1470.0,85.12,1470.0,84.94
2017-06-03 07:29:44.984184,54.119247,-166.274037,1470.0,84.75,1470.0,85.5
2017-06-03 07:29:45.498985,54.119258,-166.27402,1470.0,84.75,1470.0,86.25
2017-06-03 07:29:45.998186,54.119283,-166.273982,1470.0,85.69,1470.0,84.75
2017-06-03 07:29:46.497387,54.119294,-166.273965,1470.0,84.94,1470.0,84.94
2017-06-03 07:29:46.996588,54.119322,-166.273925,1470.0,85.12,1470.0,85.12
2017-06-03 07:29:47.495789,54.119332,-166.273909,1470.0,85.88,1470.0,86.44
2017-06-03 07:29:47.994989,54.119358,-166.273867,1470.0,85.12,1470.0,85.12
2017-06-03 07:29:48.494190,54.119369,-166.27385,1470.0,85.12,1470.0,85.12
2017-06-03 07:29:48.993391,54.119395,-166.27381,1470.0,85.31,1470.0,86.25
2017-06-03 07:29:49.492592,54.119405,-166.273795,1470.0,86.63,1470.0,85.31
2017-06-03 07:29:49.991793,54.11943,-166.273755,1470.0,85.69,1470.0,85.5
2017-06-03 07:29:50.490995,54.11944,-166.273738,1470.0,85.88,1470.0,85.69
2017-06-03 07:29:50.990194,54.119463,-166.273697,1470.0,86.07,1470.0,85.88
2017-06-03 07:29:51.489397,54.119474,-166.273681,1470.0,86.07,1470.0,85.88
2017-06-03 07:29:51.988596,54.119502,-166.273638,1470.0,86.07,1470.0,86.07
2017-06-03 07:29:52.487799,54.119512,-166.273623,1470.0,87.01,1470.0,86.07
2017-06-03 07:29:52.986998,54.11954,-166.273582,1470.0,86.25,1470.0,86.07
2017-06-03 07:29:53.486200,54.119551,-166.273567,1470.0,86.25,1470.0,86.25
2017-06-03 07:29:53.985399,54.119578,-166.273528,1470.0,87.38,1470.0,86.25
2017-06-03 07:29:54.484600,54.119588,-166.273513,1470.0,86.44,1470.0,86.25
2017-06-03 07:29:54.983801,54.119615,-166.273473,1470.0,86.63,1470.0,86.63
2017-06-03 07:29:55.498602,54.119626,-166.273456,1470.0,86.82,1470.0,87.95
2017-06-03 07:29:55.997805,54.119652,-166.273415,1470.0,88.32,1470.0,87.01
2017-06-03 07:29:56.497004,54.119662,-166.273398,1470.0,87.95,1470.0,87.01
2017-06-03 07:29:56.996206,54.119687,-166.273357,1470.0,87.01,1470.0,87.01
2017-06-03 07:29:57.495405,54.119697,-166.27334,1470.0,86.82,1470.0,86.82
2017-06-03 07:29:57.994608,54.119722,-166.2733,1470.0,86.63,1470.0,87.76
2017-06-03 07:29:58.493807,54.119732,-166.273284,1470.0,86.44,1470.0,87.38
2017-06-03 07:29:58.993010,54.119758,-166.273245,1470.0,86.44,1470.0,87.57
2017-06-03 07:29:59.492208,54.119769,-166.27323,1470.0,86.44,1470.0,86.44
2017-06-03 07:29:59.991411,54.119797,-166.27319,1470.0,87.95,1470.0,86.44
2017-06-03 07:30:00.490610,54.119808,-166.273174,1470.0,86.63,1470.0,86.63
2017-06-03 07:30:00.989813,54.119835,-166.273135,1470.0,86.82,1470.0,86.63
2017-06-03 07:30:01.489014,54.119846,-166.273119,1470.0,88.14,1470.0,86.82
2017-06-03 07:30:01.988214,54.119873,-166.273078,1470.0,86.82,1470.0,86.82
2017-06-03 07:30:02.487415,54.119884,-166.273063,1470.0,86.82,1470.0,86.82
2017-06-03 07:30:02.986616,54.119912,-166.273022,1470.0,87.01,1470.0,86.82
2017-06-03 07:30:03.485817,54.119922,-166.273006,1470.0,87.01,1470.0,88.14
2017-06-03 07:30:03.985018,54.11995,-166.272965,1470.0,87.01,1470.0,87.01
2017-06-03 07:30:04.484219,54.119961,-166.27295,1470.0,88.14,1470.0,86.82
2017-06-03 07:30:04.999018,54.119988,-166.272912,1470.0,86.82,1470.0,86.82
2017-06-03 07:30:05.498220,54.12,-166.272895,1470.0,86.82,1470.0,86.82
2017-06-03 07:30:05.997419,54.120027,-166.272857,1470.0,87.76,1470.0,86.63
2017-06-03 07:30:06.496622,54.120038,-166.272841,1470.0,86.63,1470.0,86.63
2017-06-03 07:30:06.995823,54.120065,-166.272802,1470.0,86.82,1470.0,86.63
2017-06-03 07:30:07.495024,54.120075,-166.272786,1470.0,87.76,1470.0,86.63
2017-06-03 07:30:07.994225,54.120102,-166.272745,1470.0,87.95,1470.0,86.63
2017-06-03 07:30:08.493425,54.120112,-166.272729,1470.0,86.82,1470.0,86.82
2017-06-03 07:30:08.992626,54.120137,-166.27269,1470.0,88.32,1470.0,87.01
2017-06-03 07:30:09.491827,54.120147,-166.272674,1470.0,87.01,1470.0,87.01
2017-06-03 07:30:09.991028,54.120173,-166.272632,1470.0,87.01,1470.0,88.32
2017-06-03 07:30:10.490229,54.120184,-166.272615,1470.0,87.01,1470.0,86.82
2017-06-03 07:30:10.989429,54.120212,-166.272573,1470.0,88.14,1470.0,86.82
2017-06-03 07:30:11.488630,54.120222,-166.272558,1470.0,88.32,1470.0,88.32
2017-06-03 07:30:11.987831,54.120248,-166.272517,1470.0,87.01,1470.0,88.14
2017-06-03 07:30:12.487034,54.120259,-166.272502,1470.0,88.32,1470.0,87.01
2017-06-03 07:30:12.986233,54.120287,-166.272462,1470.0,87.01,1470.0,87.01
2017-06-03 07:30:13.485435,54.120297,-166.272446,1470.0,87.01,1470.0,87.01
2017-06-03 07:30:13.984634,54.120325,-166.272405,1470.0,87.01,1470.0,87.01
2017-06-03 07:30:14.483837,54.120335,-166.27239,1470.0,87.01,1470.0,87.01
2017-06-03 07:30:14.998636,54.120362,-166.272348,1470.0,87.01,1470.0,87.01
2017-06-03 07:30:15.497837,54.120372,-166.272332,1470.0,88.14,1470.0,87.01
2017-06-03 07:30:15.997040,54.120397,-166.272293,1470.0,87.01,1470.0,87.01
2017-06-03 07:30:16.496239,54.120407,-166.272277,1470.0,88.14,1470.0,86.82
2017-06-03 07:30:16.995441,54.120433,-166.272237,1470.0,87.76,1470.0,86.63
2017-06-03 07:30:17.494640,54.120444,-166.27222,1470.0,86.63,1470.0,87.57
2017-06-03 07:30:17.993843,54.120472,-166.272178,1470.0,87.76,1470.0,86.44
2017-06-03 07:30:18.493042,54.120482,-166.272161,1470.0,86.63,1470.0,86.63
2017-06-03 07:30:18.992245,54.120508,-166.27212,1470.0,86.82,1470.0,86.82
2017-06-03 07:30:19.491444,54.120518,-166.272104,1470.0,87.01,1470.0,88.32
2017-06-03 07:30:19.990646,54.120543,-166.272062,1470.0,87.19,1470.0,87.19
2017-06-03 07:30:20.489845,54.120553,-166.272045,1470.0,87.19,1470.0,87.19
2017-06-03 07:30:20.989048,54.120578,-166.272003,1470.0,87.38,1470.0,87.19
2017-06-03 07:30:21.488249,54.120588,-166.271987,1470.0,87.76,1470.0,87.19
2017-06-03 07:30:21.987450,54.120615,-166.271943,1470.0,88.51,1470.0,87.19
2017-06-03 07:30:22.486650,54.120626,-166.271927,1470.0,87.19,1470.0,87.19
2017-06-03 07:30:22.985851,54.120653,-166.271883,1470.0,87.19,1470.0,87.01
2017-06-03 07:30:23.485052,54.120664,-166.271868,1470.0,86.82,1470.0,86.82
2017-06-03 07:30:23.984253,54.120692,-166.271828,1470.0,86.82,1470.0,86.63
2017-06-03 07:30:24.499054,54.120703,-166.271812,1470.0,87.76,1470.0,86.63
2017-06-03 07:30:24.998253,54.120732,-166.271773,1470.0,86.82,1470.0,86.82
2017-06-03 07:30:25.497456,54.120742,-166.271757,1470.0,87.95,1470.0,86.82
2017-06-03 07:30:25.996655,54.12077,-166.271715,1470.0,87.01,1470.0,87.01
2017-06-03 07:30:26.495857,54.12078,-166.271698,1470.0,88.51,1470.0,87.01
2017-06-03 07:30:26.995058,54.120805,-166.271658,1470.0,87.19,1470.0,88.32
2017-06-03 07:30:27.494259,54.120815,-166.271641,1470.0,88.7,1470.0,87.01
2017-06-03 07:30:27.993460,54.12084,-166.271598,1470.0,87.01,1470.0,88.51
2017-06-03 07:30:28.492661,54.120851,-166.271581,1470.0,87.01,1470.0,87.01
2017-06-03 07:30:28.991861,54.120877,-166.27154,1470.0,87.01,1470.0,87.01
2017-06-03 07:30:29.491062,54.120887,-166.271524,1470.0,87.01,1470.0,87.01
2017-06-03 07:30:29.990263,54.120915,-166.271483,1470.0,87.01,1470.0,87.01
2017-06-03 07:30:30.489464,54.120925,-166.271468,1470.0,87.01,1470.0,88.14
2017-06-03 07:30:30.988665,54.120952,-166.271428,1470.0,87.95,1470.0,88.14
2017-06-03 07:30:31.487865,54.120962,-166.271413,1470.0,87.01,1470.0,86.82
2017-06-03 07:30:31.987066,54.12099,-166.271373,1470.0,87.95,1470.0,86.82
2017-06-03 07:30:32.486269,54.121,-166.271358,1470.0,86.82,1470.0,86.82
2017-06-03 07:30:32.985468,54.121028,-166.271318,1470.0,86.82,1470.0,88.14
2017-06-03 07:30:33.484671,54.121038,-166.271303,1470.0,87.76,1470.0,86.82
2017-06-03 07:30:33.983870,54.121065,-166.271263,1470.0,87.19,1470.0,87.01
2017-06-03 07:30:34.498671,54.121076,-166.271246,1470.0,88.32,1470.0,87.19
2017-06-03 07:30:34.997871,54.121102,-166.271205,1470.0,87.19,1470.0,87.19
2017-06-03 07:30:35.497072,54.121113,-166.271188,1470.0,87.19,1470.0,88.32
2017-06-03 07:30:35.996273,54.121138,-166.271147,1470.0,87.01,1470.0,87.01
2017-06-03 07:30:36.495474,54.121149,-166.27113,1470.0,87.01,1470.0,86.82
2017-06-03 07:30:36.994675,54.121177,-166.271088,1470.0,87.01,1470.0,87.01
2017-06-03 07:30:37.493876,54.121187,-166.271072,1470.0,87.01,1470.0,87.01
2017-06-03 07:30:37.993078,54.121213,-166.271032,1470.0,87.38,1470.0,87.19
2017-06-03 07:30:38.492277,54.121224,-166.271015,1470.0,87.19,1470.0,87.19
2017-06-03 07:30:38.991480,54.121252,-166.270975,1470.0,87.19,1470.0,87.19
2017-06-03 07:30:39.490679,54.121262,-166.270959,1470.0,87.19,1470.0,87.01
2017-06-03 07:30:39.989882,54.12129,-166.270918,1470.0,87.01,1470.0,87.01
2017-06-03 07:30:40.489080,54.121301,-166.270903,1470.0,88.32,1470.0,87.01
2017-06-03 07:30:40.988283,54.12133,-166.270862,1470.0,87.01,1470.0,87.01
2017-06-03 07:30:41.487482,54.12134,-166.270847,1470.0,87.01,1470.0,87.95
2017-06-03 07:30:41.986685,54.121365,-166.270807,1470.0,87.19,1470.0,87.19
2017-06-03 07:30:42.485886,54.121376,-166.270791,1470.0,88.51,1470.0,87.38
2017-06-03 07:30:42.985086,54.121403,-166.27075,1470.0,88.51,1470.0,88.51
2017-06-03 07:30:43.484287,54.121413,-166.270734,1470.0,87.19,1470.0,87.19
2017-06-03 07:30:43.999088,54.12144,-166.270692,1470.0,87.01,1470.0,87.01
2017-06-03 07:30:44.498289,54.121451,-166.270675,1470.0,87.01,1470.0,86.82
2017-06-03 07:30:44.997490,54.121478,-166.270633,1470.0,88.14,1470.0,86.63
2017-06-03 07:30:45.496691,54.121489,-166.270616,1470.0,86.82,1470.0,86.82
2017-06-03 07:30:45.995890,54.121517,-166.270573,1470.0,87.19,1470.0,87.19
2017-06-03 07:30:46.495092,54.121527,-166.270557,1470.0,87.38,1470.0,87.38
2017-06-03 07:30:46.994293,54.121552,-166.270517,1470.0,87.57,1470.0,87.76
2017-06-03 07:30:47.493494,54.121562,-166.2705,1470.0,87.57,1470.0,87.38
2017-06-03 07:30:47.992695,54.12159,-166.270458,1470.0,87.38,1470.0,87.19
2017-06-03 07:30:48.491896,54.121602,-166.270441,1470.0,87.19,1470.0,87.95
2017-06-03 07:30:48.991096,54.12163,-166.2704,1470.0,87.01,1470.0,87.01
2017-06-03 07:30:49.490297,54.12164,-166.270384,1470.0,88.32,1470.0,88.32
2017-06-03 07:30:49.989498,54.121667,-166.270343,1470.0,88.32,1470.0,87.01
2017-06-03 07:30:50.488699,54.121677,-166.270328,1470.0,87.19,1470.0,87.95
2017-06-03 07:30:50.987900,54.121705,-166.270288,1470.0,87.38,1470.0,88.32
2017-06-03 07:30:51.487101,54.121715,-166.270273,1470.0,87.38,1470.0,88.32
2017-06-03 07:30:51.986301,54.121742,-166.270233,1470.0,87.38,1470.0,87.19
2017-06-03 07:30:52.485504,54.121752,-166.270217,1470.0,88.51,1470.0,87.19
2017-06-03 07:30:52.984703,54.121778,-166.270175,1470.0,87.19,1470.0,87.19
2017-06-03 07:30:53.483906,54.121788,-166.270159,1470.0,87.19,1470.0,88.32
2017-06-03 07:30:53.998705,54.121815,-166.270115,1470.0,88.14,1470.0,88.89
2017-06-03 07:30:54.497906,54.121826,-166.270099,1470.0,87.19,1470.0,87.19
2017-06-03 07:30:54.997107,54.121853,-166.270058,1470.0,88.51,1470.0,87.19
2017-06-03 07:30:55.496307,54.121864,-166.270042,1470.0,87.38,1470.0,87.19
2017-06-03 07:30:55.995508,54.12189,-166.270002,1470.0,87.38,1470.0,87.19
2017-06-03 07:30:56.494709,54.121901,-166.269985,1470.0,87.19,1470.0,87.19
2017-06-03 07:30:56.993910,54.121928,-166.269945,1470.0,87.19,1470.0,87.19
2017-06-03 07:30:57.493111,54.12194,-166.26993,1470.0,87.19,1470.0,87.19
2017-06-03 07:30:57.992313,54.121968,-166.26989,1470.0,87.19,1470.0,87.01
2017-06-03 07:30:58.491512,54.12198,-166.269874,1470.0,87.19,1470.0,88.51
2017-06-03 07:30:58.990715,54.122008,-166.269833,1470.0,87.19,1470.0,87.19
2017-06-03 07:30:59.489914,54.122019,-166.269818,1470.0,87.38,1470.0,87.19
2017-06-03 07:30:59.989117,54.122047,-166.269777,1470.0,87.38,1470.0,87.38
2017-06-03 07:31:00.488316,54.122057,-166.269761,1470.0,88.89,1470.0,87.57
2017-06-03 07:31:00.987518,54.122085,-166.269718,1470.0,87.57,1470.0,88.51
2017-06-03 07:31:01.486717,54.122096,-166.269702,1470.0,87.57,1470.0,87.38
2017-06-03 07:31:01.985920,54.122123,-166.26966,1470.0,87.38,1470.0,87.38
2017-06-03 07:31:02.485119,54.122133,-166.269644,1470.0,87.57,1470.0,87.38
2017-06-03 07:31:02.984322,54.12216,-166.269602,1470.0,87.38,1470.0,87.38
2017-06-03 07:31:03.499123,54.122171,-166.269584,1470.0,88.51,1470.0,87.38
2017-06-03 07:31:03.998323,54.122198,-166.269543,1470.0,87.38,1470.0,87.19
2017-06-03 07:31:04.497524,54.122209,-166.269527,1470.0,87.19,1470.0,88.32
2017-06-03 07:31:04.996725,54.122235,-166.269488,1470.0,87.19,1470.0,88.32
2017-06-03 07:31:05.495926,54.122246,-166.269472,1470.0,87.19,1470.0,87.19
2017-06-03 07:31:05.995127,54.122273,-166.269433,1470.0,87.38,1470.0,88.32
2017-06-03 07:31:06.494328,54.122284,-166.269416,1470.0,87.57,1470.0,88.51
2017-06-03 07:31:06.993526,54.12231,-166.269375,1470.0,87.57,1470.0,87.57
2017-06-03 07:31:07.492729,54.12232,-166.269359,1470.0,87.76,1470.0,87.57
2017-06-03 07:31:07.991930,54.122345,-166.269317,1470.0,87.57,1470.0,88.89
2017-06-03 07:31:08.491131,54.122356,-166.2693,1470.0,88.51,1470.0,87.38
2017-06-03 07:31:08.990332,54.122382,-166.269258,1470.0,87.38,1470.0,88.14
2017-06-03 07:31:09.489532,54.122392,-166.269242,1470.0,87.38,1470.0,87.38
2017-06-03 07:31:09.988733,54.12242,-166.2692,1470.0,87.38,1470.0,87.95
2017-06-03 07:31:10.487934,54.12243,-166.269184,1470.0,88.51,1470.0,87.19
2017-06-03 07:31:10.987135,54.122457,-166.269143,1470.0,87.19,1470.0,88.32
2017-06-03 07:31:11.486336,54.122467,-166.269127,1470.0,88.51,1470.0,87.19
2017-06-03 07:31:11.985537,54.122495,-166.269085,1470.0,87.19,1470.0,87.19
2017-06-03 07:31:12.484739,54.122506,-166.269069,1470.0,87.38,1470.0,87.38
2017-06-03 07:31:12.983938,54.122533,-166.269027,1470.0,87.57,1470.0,87.57
2017-06-03 07:31:13.498741,54.122544,-166.269008,1470.0,87.95,1470.0,88.32
2017-06-03 07:31:13.997940,54.12257,-166.268963,1470.0,88.14,1470.0,87.95
2017-06-03 07:31:14.497141,54.122581,-166.268945,1470.0,87.95,1470.0,87.95
2017-06-03 07:31:14.996342,54.122607,-166.268902,1470.0,87.95,1470.0,87.76
2017-06-03 07:31:15.495543,54.122618,-166.268885,1470.0,87.76,1470.0,87.76
2017-06-03 07:31:15.994743,54.122647,-166.268843,1470.0,87.76,1470.0,87.57
2017-06-03 07:31:16.493944,54.122658,-166.268827,1470.0,87.57,1470.0,87.57
2017-06-03 07:31:16.993145,54.122685,-166.268787,1470.0,87.57,1470.0,88.7
2017-06-03 07:31:17.492346,54.122696,-166.268772,1470.0,87.38,1470.0,88.89
2017-06-03 07:31:17.991549,54.122725,-166.268733,1470.0,87.38,1470.0,87.38
2017-06-03 07:31:18.490747,54.122736,-166.268718,1470.0,88.32,1470.0,87.19
2017-06-03 07:31:18.989950,54.122763,-166.268678,1470.0,87.38,1470.0,87.19
2017-06-03 07:31:19.489149,54.122773,-166.268663,1470.0,87.38,1470.0,87.38
2017-06-03 07:31:19.988352,54.1228,-166.268622,1470.0,88.7,1470.0,87.57
2017-06-03 07:31:20.487551,54.12281,-166.268606,1470.0,87.57,1470.0,88.51
2017-06-03 07:31:20.986753,54.122835,-166.268563,1470.0,87.57,1470.0,87.57
2017-06-03 07:31:21.485952,54.122845,-166.268546,1470.0,87.57,1470.0,87.57
2017-06-03 07:31:21.985155,54.122872,-166.268502,1470.0,87.57,1470.0,87.57
2017-06-03 07:31:22.484354,54.122881,-166.268486,1470.0,87.57,1470.0,87.57
2017-06-03 07:31:22.999157,54.122908,-166.268442,1470.0,87.76,1470.0,87.76
2017-06-03 07:31:23.498358,54.122919,-166.268425,1470.0,87.76,1470.0,87.76
2017-06-03 07:31:23.997559,54.122947,-166.268382,1470.0,89.26,1470.0,89.08
2017-06-03 07:31:24.496759,54.122958,-166.268365,1470.0,87.95,1470.0,87.76
2017-06-03 07:31:24.995960,54.122985,-166.268323,1470.0,87.95,1470.0,87.95
2017-06-03 07:31:25.495161,54.122996,-166.268307,1470.0,87.95,1470.0,88.89
2017-06-03 07:31:25.994362,54.123025,-166.268267,1470.0,87.95,1470.0,87.76
2017-06-03 07:31:26.493563,54.123037,-166.268251,1470.0,87.76,1470.0,87.57
2017-06-03 07:31:26.992764,54.123065,-166.268213,1470.0,87.57,1470.0,87.57
2017-06-03 07:31:27.491964,54.123076,-166.268198,1470.0,88.7,1470.0,87.38
2017-06-03 07:31:27.991163,54.123103,-166.268158,1470.0,87.38,1470.0,87.38
2017-06-03 07:31:28.490366,54.123113,-166.268143,1470.0,88.51,1470.0,87.38
2017-06-03 07:31:28.989567,54.12314,-166.268102,1470.0,87.57,1470.0,88.51
2017-06-03 07:31:29.488768,54.12315,-166.268086,1470.0,87.57,1470.0,87.57
2017-06-03 07:31:29.987968,54.123175,-166.268043,1470.0,87.76,1470.0,88.7
2017-06-03 07:31:30.487169,54.123185,-166.268027,1470.0,87.76,1470.0,87.57
2017-06-03 07:31:30.986370,54.12321,-166.267985,1470.0,87.76,1470.0,89.08
2017-06-03 07:31:31.485571,54.12322,-166.267969,1470.0,87.95,1470.0,87.57
2017-06-03 07:31:31.984772,54.123247,-166.267927,1470.0,87.57,1470.0,87.57
2017-06-03 07:31:32.483973,54.123256,-166.267911,1470.0,89.08,1470.0,87.57
2017-06-03 07:31:32.998774,54.123283,-166.267868,1470.0,87.95,1470.0,87.57
2017-06-03 07:31:33.497976,54.123294,-166.267853,1470.0,87.76,1470.0,87.76
2017-06-03 07:31:33.997175,54.123322,-166.267813,1470.0,87.76,1470.0,88.89
2017-06-03 07:31:34.496378,54.123333,-166.267797,1470.0,87.76,1470.0,87.76
2017-06-03 07:31:34.995577,54.123362,-166.267757,1470.0,87.76,1470.0,87.57
2017-06-03 07:31:35.494778,54.123373,-166.267741,1470.0,88.7,1470.0,87.57
2017-06-03 07:31:35.993979,54.123402,-166.267698,1470.0,87.57,1470.0,87.57
2017-06-03 07:31:36.493179,54.123413,-166.267682,1470.0,87.57,1470.0,87.38
2017-06-03 07:31:36.992380,54.123442,-166.26764,1470.0,88.51,1470.0,87.38
2017-06-03 07:31:37.491581,54.123451,-166.267624,1470.0,87.57,1470.0,87.57
2017-06-03 07:31:37.990784,54.123477,-166.267582,1470.0,87.76,1470.0,88.7
2017-06-03 07:31:38.489983,54.123486,-166.267565,1470.0,87.76,1470.0,87.76
2017-06-03 07:31:38.989185,54.123512,-166.26752,1470.0,87.95,1470.0,89.26
2017-06-03 07:31:39.488384,54.123521,-166.267504,1470.0,88.14,1470.0,87.95
2017-06-03 07:31:39.987587,54.123547,-166.26746,1470.0,87.95,1470.0,87.95
2017-06-03 07:31:40.486786,54.123557,-166.267444,1470.0,87.95,1470.0,89.64
2017-06-03 07:31:40.985989,54.123583,-166.2674,1470.0,87.76,1470.0,88.7
2017-06-03 07:31:41.485188,54.123594,-166.267385,1470.0,88.89,1470.0,88.14
2017-06-03 07:31:41.984390,54.123622,-166.267345,1470.0,87.38,1470.0,88.7
2017-06-03 07:31:42.499189,54.123633,-166.267328,1470.0,87.38,1470.0,87.38
2017-06-03 07:31:42.998392,54.12366,-166.267288,1470.0,87.57,1470.0,88.89
2017-06-03 07:31:43.497593,54.123671,-166.267271,1470.0,87.76,1470.0,87.76
2017-06-03 07:31:43.996794,54.123697,-166.26723,1470.0,88.89,1470.0,87.76
2017-06-03 07:31:44.495995,54.123707,-166.267213,1470.0,87.95,1470.0,87.76
2017-06-03 07:31:44.995195,54.123733,-166.26717,1470.0,87.76,1470.0,87.76
2017-06-03 07:31:45.494396,54.123743,-166.267153,1470.0,87.76,1470.0,88.7
2017-06-03 07:31:45.993597,54.123768,-166.26711,1470.0,87.76,1470.0,87.57
2017-06-03 07:31:46.492798,54.123778,-166.267093,1470.0,89.08,1470.0,88.7
2017-06-03 07:31:46.991999,54.123803,-166.267052,1470.0,87.76,1470.0,87.76
2017-06-03 07:31:47.491199,54.123813,-166.267036,1470.0,89.26,1470.0,87.76
2017-06-03 07:31:47.990400,54.12384,-166.266993,1470.0,87.95,1470.0,89.26
2017-06-03 07:31:48.489601,54.12385,-166.266976,1470.0,87.95,1470.0,87.95
2017-06-03 07:31:48.988802,54.123877,-166.266932,1470.0,87.95,1470.0,87.95
2017-06-03 07:31:49.488003,54.123887,-166.266916,1470.0,87.95,1470.0,87.76
2017-06-03 07:31:49.987204,54.123915,-166.266873,1470.0,87.76,1470.0,88.7
2017-06-03 07:31:50.486404,54.123925,-166.266857,1470.0,87.76,1470.0,87.76
2017-06-03 07:31:50.985605,54.123953,-166.266815,1470.0,87.76,1470.0,87.76
2017-06-03 07:31:51.484806,54.123963,-166.2668,1470.0,88.89,1470.0,87.76
2017-06-03 07:31:51.984007,54.12399,-166.266758,1470.0,87.95,1470.0,87.76
2017-06-03 07:31:52.498808,54.124001,-166.266741,1470.0,87.95,1470.0,87.76
2017-06-03 07:31:52.998009,54.124028,-166.266698,1470.0,87.76,1470.0,89.08
2017-06-03 07:31:53.497210,54.124039,-166.266682,1470.0,87.76,1470.0,87.76
2017-06-03 07:31:53.996410,54.124065,-166.266642,1470.0,87.76,1470.0,87.76
2017-06-03 07:31:54.495613,54.124075,-166.266624,1470.0,87.95,1470.0,87.95
2017-06-03 07:31:54.994812,54.1241,-166.266582,1470.0,87.95,1470.0,87.76
2017-06-03 07:31:55.494015,54.12411,-166.266566,1470.0,87.95,1470.0,89.26
2017-06-03 07:31:55.993214,54.124135,-166.266525,1470.0,87.95,1470.0,87.95
2017-06-03 07:31:56.492414,54.124146,-166.266508,1470.0,87.76,1470.0,87.57
2017-06-03 07:31:56.991615,54.124173,-166.266467,1470.0,88.7,1470.0,88.7
2017-06-03 07:31:57.490816,54.124183,-166.266452,1470.0,87.57,1470.0,87.57
2017-06-03 07:31:57.990017,54.124208,-166.266412,1470.0,88.89,1470.0,87.57
2017-06-03 07:31:58.489218,54.124218,-166.266396,1470.0,89.08,1470.0,87.76
2017-06-03 07:31:58.988420,54.124245,-166.266355,1470.0,89.26,1470.0,87.95
2017-06-03 07:31:59.487619,54.124255,-166.266339,1470.0,88.14,1470.0,87.95
2017-06-03 07:31:59.986822,54.124282,-166.266297,1470.0,87.95,1470.0,87.95
2017-06-03 07:32:00.486021,54.124293,-166.266281,1470.0,87.95,1470.0,87.76
2017-06-03 07:32:00.985224,54.124322,-166.266238,1470.0,87.76,1470.0,87.95
2017-06-03 07:32:01.484423,54.124332,-166.266222,1470.0,87.76,1470.0,87.76
2017-06-03 07:32:01.999226,54.12436,-166.26618,1470.0,87.95,1470.0,87.95
2017-06-03 07:32:02.498425,54.124371,-166.266163,1470.0,89.64,1470.0,88.14
2017-06-03 07:32:02.997627,54.124397,-166.266122,1470.0,88.51,1470.0,88.32
2017-06-03 07:32:03.496828,54.124407,-166.266105,1470.0,88.51,1470.0,88.51
2017-06-03 07:32:03.996029,54.124433,-166.266062,1470.0,88.32,1470.0,88.32
2017-06-03 07:32:04.495230,54.124444,-166.266045,1470.0,88.14,1470.0,88.32
2017-06-03 07:32:04.994431,54.124472,-166.266005,1470.0,87.95,1470.0,89.08
2017-06-03 07:32:05.493631,54.124483,-166.26599,1470.0,87.76,1470.0,87.76
2017-06-03 07:32:05.992832,54.124512,-166.265952,1470.0,87.76,1470.0,87.76
2017-06-03 07:32:06.492033,54.124522,-166.265937,1470.0,87.95,1470.0,87.76
2017-06-03 07:32:06.991234,54.12455,-166.265898,1470.0,88.89,1470.0,87.76
2017-06-03 07:32:07.490435,54.124561,-166.265882,1470.0,87.95,1470.0,88.7
2017-06-03 07:32:07.989635,54.124588,-166.26584,1470.0,87.95,1470.0,87.95
2017-06-03 07:32:08.488836,54.124599,-166.265824,1470.0,88.14,1470.0,87.95
2017-06-03 07:32:08.988037,54.124627,-166.265783,1470.0,89.45,1470.0,88.14
2017-06-03 07:32:09.487238,54.124637,-166.265768,1470.0,88.14,1470.0,88.14
2017-06-03 07:32:09.986439,54.124663,-166.265727,1470.0,88.14,1470.0,88.89
2017-06-03 07:32:10.485640,54.124674,-166.265711,1470.0,88.14,1470.0,87.95
2017-06-03 07:32:10.984840,54.124702,-166.26567,1470.0,89.26,1470.0,89.08
2017-06-03 07:32:11.484041,54.124713,-166.265654,1470.0,88.14,1470.0,88.14
2017-06-03 07:32:11.998842,54.124742,-166.265613,1470.0,88.14,1470.0,88.14
2017-06-03 07:32:12.498043,54.124753,-166.265597,1470.0,88.32,1470.0,89.26
2017-06-03 07:32:12.997244,54.12478,-166.265558,1470.0,88.32,1470.0,89.64
2017-06-03 07:32:13.496445,54.124791,-166.265543,1470.0,88.32,1470.0,88.32
2017-06-03 07:32:13.995646,54.12482,-166.265503,1470.0,88.51,1470.0,88.32
2017-06-03 07:32:14.494848,54.124832,-166.265487,1470.0,88.51,1470.0,89.45
2017-06-03 07:32:14.994047,54.12486,-166.265447,1470.0,88.51,1470.0,89.83
2017-06-03 07:32:15.493250,54.124871,-166.265431,1470.0,88.51,1470.0,88.51
2017-06-03 07:32:15.992449,54.1249,-166.265392,1470.0,89.45,1470.0,88.32
2017-06-03 07:32:16.491652,54.124911,-166.265376,1470.0,89.64,1470.0,88.32
2017-06-03 07:32:16.990850,54.124938,-166.265337,1470.0,89.64,1470.0,88.32
2017-06-03 07:32:17.490051,54.124949,-166.265322,1470.0,88.32,1470.0,88.32
2017-06-03 07:32:17.989252,54.124978,-166.265283,1470.0,88.32,1470.0,89.45
2017-06-03 07:32:18.488453,54.124988,-166.265268,1470.0,88.32,1470.0,89.64
2017-06-03 07:32:18.987654,54.125015,-166.265227,1470.0,88.7,1470.0,88.32
2017-06-03 07:32:19.486855,54.125025,-166.265211,1470.0,89.64,1470.0,88.32
2017-06-03 07:32:19.986057,54.125052,-166.26517,1470.0,88.51,1470.0,88.51
2017-06-03 07:32:20.485256,54.125062,-166.265154,1470.0,88.7,1470.0,88.51
2017-06-03 07:32:20.984459,54.12509,-166.265113,1470.0,88.7,1470.0,88.51
2017-06-03 07:32:21.499258,54.125101,-166.265096,1470.0,88.7,1470.0,88.7
2017-06-03 07:32:21.998461,54.125128,-166.265055,1470.0,88.7,1470.0,88.7
2017-06-03 07:32:22.497660,54.125139,-166.265039,1470.0,89.83,1470.0,88.7
2017-06-03 07:32:22.996862,54.125165,-166.264998,1470.0,90.2,1470.0,88.89
2017-06-03 07:32:23.496061,54.125176,-166.264982,1470.0,88.89,1470.0,89.83
2017-06-03 07:32:23.995264,54.125205,-166.26494,1470.0,88.89,1470.0,89.08
2017-06-03 07:32:24.494465,54.125216,-166.264924,1470.0,88.89,1470.0,88.89
2017-06-03 07:32:24.993666,54.125243,-166.264883,1470.0,89.08,1470.0,88.89
2017-06-03 07:32:25.492867,54.125254,-166.264867,1470.0,89.08,1470.0,90.02
2017-06-03 07:32:25.992067,54.125282,-166.264825,1470.0,89.26,1470.0,89.08
2017-06-03 07:32:26.491268,54.125292,-166.264809,1470.0,89.26,1470.0,89.26
2017-06-03 07:32:26.990469,54.125318,-166.264767,1470.0,89.45,1470.0,89.26
2017-06-03 07:32:27.489670,54.125329,-166.26475,1470.0,89.26,1470.0,89.26
2017-06-03 07:32:27.988871,54.125357,-166.264707,1470.0,89.26,1470.0,89.26
2017-06-03 07:32:28.488071,54.125367,-166.264691,1470.0,90.02,1470.0,89.08
2017-06-03 07:32:28.987272,54.125393,-166.264648,1470.0,89.08,1470.0,90.2
2017-06-03 07:32:29.486473,54.125403,-166.264633,1470.0,89.08,1470.0,88.89
2017-06-03 07:32:29.985674,54.12543,-166.264592,1470.0,88.89,1470.0,88.89
2017-06-03 07:32:30.484875,54.12544,-166.264576,1470.0,88.89,1470.0,88.89
2017-06-03 07:32:30.984076,54.125467,-166.264535,1470.0,90.2,1470.0,90.2
2017-06-03 07:32:31.498877,54.125478,-166.264518,1470.0,90.2,1470.0,89.08
2017-06-03 07:32:31.998077,54.125505,-166.264477,1470.0,90.58,1470.0,89.26
2017-06-03 07:32:32.497278,54.125515,-166.264459,1470.0,89.64,1470.0,89.45
2017-06-03 07:32:32.996479,54.12554,-166.264417,1470.0,89.83,1470.0,89.64
2017-06-03 07:32:33.495680,54.12555,-166.2644,1470.0,89.83,1470.0,89.64
2017-06-03 07:32:33.994881,54.125577,-166.264357,1470.0,89.64,1470.0,90.58
2017-06-03 07:32:34.494083,54.125587,-166.26434,1470.0,89.64,1470.0,89.45
2017-06-03 07:32:34.993282,54.125613,-166.264298,1470.0,90.77,1470.0,89.45
2017-06-03 07:32:35.492485,54.125624,-166.264282,1470.0,90.77,1470.0,89.45
2017-06-03 07:32:35.991684,54.125652,-166.26424,1470.0,89.64,1470.0,89.45
2017-06-03 07:32:36.490887,54.125662,-166.264224,1470.0,90.77,1470.0,89.64
2017-06-03 07:32:36.990086,54.125688,-166.264182,1470.0,90.02,1470.0,89.83
2017-06-03 07:32:37.489288,54.125698,-166.264165,1470.0,90.02,1470.0,90.02
2017-06-03 07:32:37.988487,54.125725,-166.264122,1470.0,90.02,1470.0,90.96
2017-06-03 07:32:38.487688,54.125735,-166.264105,1470.0,90.02,1470.0,90.02
2017-06-03 07:32:38.986889,54.125762,-166.264062,1470.0,90.02,1470.0,89.83
2017-06-03 07:32:39.486090,54.125772,-166.264046,1470.0,89.83,1470.0,89.83
2017-06-03 07:32:39.985292,54.125798,-166.264003,1470.0,89.64,1470.0,90.77
2017-06-03 07:32:40.484491,54.125808,-166.263987,1470.0,89.45,1470.0,89.26
2017-06-03 07:32:40.999294,54.125835,-166.263943,1470.0,89.45,1470.0,89.45
2017-06-03 07:32:41.498493,54.125846,-166.263927,1470.0,89.45,1470.0,89.26
2017-06-03 07:32:41.997696,54.125873,-166.263887,1470.0,89.45,1470.0,89.26
2017-06-03 07:32:42.496895,54.125884,-166.26387,1470.0,89.45,1470.0,90.58
2017-06-03 07:32:42.996098,54.125912,-166.26383,1470.0,89.45,1470.0,89.45
2017-06-03 07:32:43.495296,54.125921,-166.263814,1470.0,89.64,1470.0,89.45
2017-06-03 07:32:43.994499,54.125947,-166.263772,1470.0,89.64,1470.0,89.45
2017-06-03 07:32:44.493698,54.125957,-166.263754,1470.0,90.96,1470.0,89.64
2017-06-03 07:32:44.992901,54.125983,-166.263712,1470.0,89.64,1470.0,89.64
2017-06-03 07:32:45.492102,54.125993,-166.263695,1470.0,89.64,1470.0,90.58
2017-06-03 07:32:45.991302,54.12602,-166.263652,1470.0,91.15,1470.0,89.64
2017-06-03 07:32:46.490503,54.12603,-166.263635,1470.0,89.83,1470.0,89.83
2017-06-03 07:32:46.989704,54.126057,-166.263592,1470.0,90.02,1470.0,89.83
2017-06-03 07:32:47.488905,54.126067,-166.263575,1470.0,90.02,1470.0,90.02
2017-06-03 07:32:47.988106,54.126093,-166.263532,1470.0,90.02,1470.0,90.02
2017-06-03 07:32:48.487307,54.126104,-166.263515,1470.0,91.33,1470.0,89.83
2017-06-03 07:32:48.986507,54.126132,-166.263472,1470.0,89.83,1470.0,89.83
2017-06-03 07:32:49.485708,54.126142,-166.263456,1470.0,91.15,1470.0,89.83
2017-06-03 07:32:49.984909,54.12617,-166.263415,1470.0,90.02,1470.0,89.83
2017-06-03 07:32:50.484110,54.12618,-166.263399,1470.0,90.2,1470.0,91.33
2017-06-03 07:32:50.998911,54.126207,-166.263357,1470.0,90.02,1470.0,90.02
2017-06-03 07:32:51.498112,54.126218,-166.263341,1470.0,90.02,1470.0,90.77
2017-06-03 07:32:51.997313,54.126247,-166.2633,1470.0,90.02,1470.0,90.02
2017-06-03 07:32:52.496513,54.126257,-166.263283,1470.0,90.02,1470.0,90.02
2017-06-03 07:32:52.995714,54.126283,-166.263242,1470.0,90.02,1470.0,89.83
2017-06-03 07:32:53.494915,54.126294,-166.263225,1470.0,90.02,1470.0,89.83
2017-06-03 07:32:53.994116,54.12632,-166.263183,1470.0,91.15,1470.0,89.83
2017-06-03 07:32:54.493319,54.12633,-166.263166,1470.0,90.02,1470.0,90.02
2017-06-03 07:32:54.992517,54.126355,-166.263123,1470.0,90.02,1470.0,90.02
2017-06-03 07:32:55.491720,54.126366,-166.263107,1470.0,90.02,1470.0,90.58
2017-06-03 07:32:55.990919,54.126393,-166.263065,1470.0,90.02,1470.0,90.02
2017-06-03 07:32:56.490122,54.126403,-166.263049,1470.0,89.83,1470.0,89.83
2017-06-03 07:32:56.989321,54.12643,-166.263007,1470.0,89.83,1470.0,89.83
2017-06-03 07:32:57.488523,54.126441,-166.262991,1470.0,90.02,1470.0,90.02
2017-06-03 07:32:57.987722,54.12647,-166.262948,1470.0,90.2,1470.0,90.02
2017-06-03 07:32:58.486925,54.12648,-166.262932,1470.0,90.2,1470.0,90.02
2017-06-03 07:32:58.986124,54.126507,-166.26289,1470.0,90.2,1470.0,90.02
2017-06-03 07:32:59.485325,54.126517,-166.262874,1470.0,90.2,1470.0,90.02
2017-06-03 07:32:59.984528,54.126545,-166.262832,1470.0,90.02,1470.0,90.77
2017-06-03 07:33:00.499327,54.126557,-166.262815,1470.0,89.83,1470.0,91.15
2017-06-03 07:33:00.998529,54.126585,-166.262775,1470.0,89.83,1470.0,91.33
2017-06-03 07:33:01.497728,54.126595,-166.262759,1470.0,89.83,1470.0,90.77
2017-06-03 07:33:01.996931,54.126622,-166.262717,1470.0,89.83,1470.0,90.96
2017-06-03 07:33:02.496130,54.126633,-166.2627,1470.0,90.96,1470.0,89.83
2017-06-03 07:33:02.995333,54.12666,-166.262658,1470.0,90.02,1470.0,90.02
2017-06-03 07:33:03.494532,54.12667,-166.262642,1470.0,90.02,1470.0,90.02
2017-06-03 07:33:03.993734,54.126697,-166.2626,1470.0,90.2,1470.0,90.77
2017-06-03 07:33:04.492933,54.126707,-166.262584,1470.0,90.02,1470.0,90.58
2017-06-03 07:33:04.992136,54.126733,-166.262545,1470.0,90.02,1470.0,90.77
2017-06-03 07:33:05.491337,54.126744,-166.26253,1470.0,90.02,1470.0,89.83
2017-06-03 07:33:05.990538,54.126772,-166.26249,1470.0,90.02,1470.0,90.02
2017-06-03 07:33:06.489738,54.126782,-166.262474,1470.0,90.02,1470.0,90.96
2017-06-03 07:33:06.988939,54.126808,-166.26243,1470.0,90.02,1470.0,90.02
2017-06-03 07:33:07.488140,54.126819,-166.262414,1470.0,90.2,1470.0,90.02
2017-06-03 07:33:07.987341,54.126847,-166.262372,1470.0,90.39,1470.0,90.2
2017-06-03 07:33:08.486542,54.126857,-166.262356,1470.0,90.39,1470.0,90.2
2017-06-03 07:33:08.985743,54.126883,-166.262313,1470.0,90.39,1470.0,90.2
2017-06-03 07:33:09.484943,54.126894,-166.262297,1470.0,90.39,1470.0,91.15
2017-06-03 07:33:09.984144,54.126922,-166.262255,1470.0,90.39,1470.0,90.39
2017-06-03 07:33:10.498945,54.126933,-166.262238,1470.0,91.52,1470.0,90.39
2017-06-03 07:33:10.998146,54.12696,-166.262197,1470.0,90.58,1470.0,91.52
2017-06-03 07:33:11.497347,54.126971,-166.262181,1470.0,90.39,1470.0,91.52
2017-06-03 07:33:11.996548,54.127,-166.26214,1470.0,90.58,1470.0,90.2
2017-06-03 07:33:12.495749,54.127012,-166.262124,1470.0,90.2,1470.0,90.02
2017-06-03 07:33:12.994949,54.12704,-166.262085,1470.0,90.02,1470.0,90.58
2017-06-03 07:33:13.494150,54.127051,-166.26207,1470.0,89.83,1470.0,89.83
2017-06-03 07:33:13.993351,54.12708,-166.262032,1470.0,89.83,1470.0,90.58
2017-06-03 07:33:14.492552,54.12709,-166.262016,1470.0,89.83,1470.0,91.52
2017-06-03 07:33:14.991753,54.127117,-166.261975,1470.0,90.02,1470.0,89.83
2017-06-03 07:33:15.490953,54.127126,-166.261959,1470.0,90.96,1470.0,89.83
2017-06-03 07:33:15.990154,54.127152,-166.261918,1470.0,89.83,1470.0,89.83
2017-06-03 07:33:16.489357,54.127162,-166.261902,1470.0,89.83,1470.0,89.83
2017-06-03 07:33:16.988556,54.127188,-166.26186,1470.0,90.02,1470.0,89.64
2017-06-03 07:33:17.487759,54.127198,-166.261843,1470.0,90.02,1470.0,90.02
2017-06-03 07:33:17.986958,54.127225,-166.261798,1470.0,90.2,1470.0,90.02
2017-06-03 07:33:18.486160,54.127235,-166.261782,1470.0,90.2,1470.0,90.2
2017-06-03 07:33:18.985359,54.127262,-166.261738,1470.0,90.39,1470.0,90.2
2017-06-03 07:33:19.484562,54.127272,-166.261722,1470.0,90.39,1470.0,90.2
2017-06-03 07:33:19.999361,54.1273,-166.261678,1470.0,90.39,1470.0,90.2
2017-06-03 07:33:20.498562,54.127311,-166.261661,1470.0,90.39,1470.0,90.2
2017-06-03 07:33:20.997765,54.127338,-166.26162,1470.0,90.39,1470.0,90.2
2017-06-03 07:33:21.496964,54.12735,-166.261604,1470.0,90.39,1470.0,90.2
2017-06-03 07:33:21.996166,54.127378,-166.261562,1470.0,90.39,1470.0,90.2
2017-06-03 07:33:22.495365,54.127389,-166.261545,1470.0,90.39,1470.0,90.2
2017-06-03 07:33:22.994568,54.127417,-166.261505,1470.0,90.39,1470.0,90.2
2017-06-03 07:33:23.493767,54.127428,-166.261489,1470.0,90.2,1470.0,90.2
2017-06-03 07:33:23.992970,54.127457,-166.261448,1470.0,90.2,1470.0,90.02
2017-06-03 07:33:24.492168,54.127467,-166.261432,1470.0,90.02,1470.0,90.02
2017-06-03 07:33:24.991371,54.127493,-166.26139,1470.0,90.02,1470.0,90.02
2017-06-03 07:33:25.490572,54.127503,-166.261374,1470.0,90.2,1470.0,90.02
2017-06-03 07:33:25.989773,54.12753,-166.261332,1470.0,90.2,1470.0,90.02
2017-06-03 07:33:26.488974,54.12754,-166.261316,1470.0,90.2,1470.0,91.15
2017-06-03 07:33:26.988174,54.127565,-166.261273,1470.0,90.2,1470.0,90.2
2017-06-03 07:33:27.487375,54.127575,-166.261257,1470.0,90.2,1470.0,90.2
2017-06-03 07:33:27.986576,54.1276,-166.261213,1470.0,90.39,1470.0,90.39
2017-06-03 07:33:28.485777,54.12761,-166.261198,1470.0,90.2,1470.0,90.2
2017-06-03 07:33:28.984978,54.127637,-166.261155,1470.0,90.39,1470.0,90.2
2017-06-03 07:33:29.484179,54.127646,-166.26114,1470.0,90.2,1470.0,90.2
2017-06-03 07:33:29.998978,54.127673,-166.261098,1470.0,90.2,1470.0,90.2
2017-06-03 07:33:30.498180,54.127684,-166.261082,1470.0,90.2,1470.0,90.2
2017-06-03 07:33:30.997381,54.127712,-166.261042,1470.0,90.39,1470.0,90.39
2017-06-03 07:33:31.496582,54.127722,-166.261025,1470.0,90.58,1470.0,90.39
2017-06-03 07:33:31.995783,54.127748,-166.260983,1470.0,90.58,1470.0,90.77
2017-06-03 07:33:32.494984,54.127759,-166.260966,1470.0,90.58,1470.0,90.39
2017-06-03 07:33:32.994184,54.127787,-166.260923,1470.0,90.58,1470.0,91.15
2017-06-03 07:33:33.493385,54.127797,-166.260907,1470.0,91.52,1470.0,90.2
2017-06-03 07:33:33.992586,54.127825,-166.260865,1470.0,90.2,1470.0,90.2
2017-06-03 07:33:34.491787,54.127836,-166.260849,1470.0,90.2,1470.0,90.96
2017-06-03 07:33:34.990988,54.127865,-166.260805,1470.0,90.2,1470.0,90.96
2017-06-03 07:33:35.490189,54.127875,-166.260789,1470.0,90.39,1470.0,90.2
2017-06-03 07:33:35.989389,54.127902,-166.260745,1470.0,90.58,1470.0,90.39
2017-06-03 07:33:36.488592,54.127911,-166.260728,1470.0,90.77,1470.0,90.58
2017-06-03 07:33:36.987791,54.127935,-166.260683,1470.0,90.58,1470.0,90.58
2017-06-03 07:33:37.486994,54.127945,-166.260667,1470.0,90.58,1470.0,90.58
2017-06-03 07:33:37.986193,54.127972,-166.260625,1470.0,90.39,1470.0,90.39
2017-06-03 07:33:38.485395,54.127981,-166.26061,1470.0,90.2,1470.0,90.2
2017-06-03 07:33:38.984594,54.128008,-166.260568,1470.0,90.02,1470.0,90.02
2017-06-03 07:33:39.483797,54.128019,-166.260554,1470.0,90.02,1470.0,91.33
2017-06-03 07:33:39.998596,54.128048,-166.260513,1470.0,90.02,1470.0,90.02
2017-06-03 07:33:40.497797,54.128059,-166.260497,1470.0,90.2,1470.0,90.2
2017-06-03 07:33:40.996998,54.128085,-166.260457,1470.0,91.33,1470.0,90.39
2017-06-03 07:33:41.496199,54.128095,-166.260441,1470.0,90.58,1470.0,90.58
2017-06-03 07:33:41.995401,54.12812,-166.2604,1470.0,90.58,1470.0,90.39
2017-06-03 07:33:42.494600,54.128131,-166.260383,1470.0,91.71,1470.0,90.58
2017-06-03 07:33:42.993803,54.128157,-166.26034,1470.0,90.39,1470.0,90.39
2017-06-03 07:33:43.493002,54.128167,-166.260324,1470.0,90.39,1470.0,90.39
2017-06-03 07:33:43.992205,54.128195,-166.26028,1470.0,90.39,1470.0,90.39
2017-06-03 07:33:44.491404,54.128205,-166.260264,1470.0,90.58,1470.0,90.58
2017-06-03 07:33:44.990606,54.128232,-166.260222,1470.0,90.77,1470.0,90.77
2017-06-03 07:33:45.489805,54.128242,-166.260205,1470.0,91.9,1470.0,90.96
2017-06-03 07:33:45.989008,54.12827,-166.260162,1470.0,90.96,1470.0,90.96
2017-06-03 07:33:46.488209,54.12828,-166.260146,1470.0,90.96,1470.0,90.77
2017-06-03 07:33:46.987410,54.128308,-166.260103,1470.0,90.58,1470.0,91.33
2017-06-03 07:33:47.486610,54.128319,-166.260089,1470.0,90.39,1470.0,90.2
2017-06-03 07:33:47.985811,54.128348,-166.260048,1470.0,90.39,1470.0,91.33
2017-06-03 07:33:48.485012,54.128359,-166.260034,1470.0,90.39,1470.0,90.2
2017-06-03 07:33:48.984213,54.128387,-166.259993,1470.0,90.39,1470.0,91.52
2017-06-03 07:33:49.499014,54.128397,-166.259977,1470.0,90.58,1470.0,91.52
2017-06-03 07:33:49.998215,54.128425,-166.259937,1470.0,90.39,1470.0,90.39
2017-06-03 07:33:50.497416,54.128435,-166.25992,1470.0,90.39,1470.0,90.39
2017-06-03 07:33:50.996616,54.12846,-166.259878,1470.0,90.39,1470.0,90.39
2017-06-03 07:33:51.495817,54.12847,-166.259862,1470.0,90.39,1470.0,90.39
2017-06-03 07:33:51.995018,54.128495,-166.25982,1470.0,91.52,1470.0,90.2
2017-06-03 07:33:52.494219,54.128505,-166.259804,1470.0,90.2,1470.0,90.2
2017-06-03 07:33:52.993420,54.128532,-166.259762,1470.0,90.2,1470.0,90.2
2017-06-03 07:33:53.492620,54.128542,-166.259745,1470.0,90.2,1470.0,90.2
2017-06-03 07:33:53.991821,54.128568,-166.259702,1470.0,90.2,1470.0,90.2
2017-06-03 07:33:54.491022,54.128578,-166.259686,1470.0,90.58,1470.0,90.39
2017-06-03 07:33:54.990223,54.128605,-166.259645,1470.0,90.58,1470.0,91.33
2017-06-03 07:33:55.489424,54.128616,-166.259629,1470.0,90.77,1470.0,90.58
2017-06-03 07:33:55.988625,54.128643,-166.259587,1470.0,90.77,1470.0,90.77
2017-06-03 07:33:56.487827,54.128654,-166.259571,1470.0,90.77,1470.0,90.77
2017-06-03 07:33:56.987026,54.128682,-166.259528,1470.0,90.77,1470.0,90.58
2017-06-03 07:33:57.486229,54.128692,-166.259512,1470.0,90.77,1470.0,90.58
2017-06-03 07:33:57.985428,54.12872,-166.25947,1470.0,90.58,1470.0,90.58
2017-06-03 07:33:58.484631,54.12873,-166.259455,1470.0,90.58,1470.0,91.71
2017-06-03 07:33:58.983829,54.128758,-166.259413,1470.0,90.58,1470.0,91.52
2017-06-03 07:33:59.498631,54.128769,-166.259397,1470.0,90.58,1470.0,90.58
2017-06-03 07:33:59.997831,54.128797,-166.259357,1470.0,91.9,1470.0,90.39
2017-06-03 07:34:00.497032,54.128807,-166.25934,1470.0,90.58,1470.0,90.39
2017-06-03 07:34:00.996233,54.128833,-166.259298,1470.0,91.33,1470.0,90.39
2017-06-03 07:34:01.495434,54.128843,-166.259282,1470.0,91.52,1470.0,90.2
2017-06-03 07:34:01.994637,54.12887,-166.25924,1470.0,90.39,1470.0,90.2
2017-06-03 07:34:02.493835,54.12888,-166.259224,1470.0,90.2,1470.0,90.2
2017-06-03 07:34:02.993038,54.128907,-166.259182,1470.0,90.2,1470.0,90.2
2017-06-03 07:34:03.492237,54.128917,-166.259166,1470.0,91.71,1470.0,91.52
2017-06-03 07:34:03.991440,54.128943,-166.259125,1470.0,90.39,1470.0,90.39
2017-06-03 07:34:04.490639,54.128953,-166.259109,1470.0,90.58,1470.0,91.52
2017-06-03 07:34:04.989841,54.12898,-166.259065,1470.0,90.77,1470.0,91.71
2017-06-03 07:34:05.489040,54.12899,-166.259048,1470.0,90.96,1470.0,90.77
2017-06-03 07:34:05.988243,54.129017,-166.259003,1470.0,90.96,1470.0,90.77
2017-06-03 07:34:06.487442,54.129026,-166.258987,1470.0,90.96,1470.0,90.77
2017-06-03 07:34:06.986645,54.129053,-166.258943,1470.0,90.77,1470.0,91.9
2017-06-03 07:34:07.485846,54.129063,-166.258928,1470.0,90.77,1470.0,90.58
2017-06-03 07:34:07.985046,54.129092,-166.258885,1470.0,91.9,1470.0,90.58
2017-06-03 07:34:08.484247,54.129102,-166.258869,1470.0,91.9,1470.0,90.58
2017-06-03 07:34:08.999048,54.129132,-166.258827,1470.0,91.71,1470.0,90.58
2017-06-03 07:34:09.498249,54.129142,-166.25881,1470.0,90.77,1470.0,90.58
2017-06-03 07:34:09.997450,54.129168,-166.258768,1470.0,90.77,1470.0,90.58
2017-06-03 07:34:10.496651,54.129179,-166.258751,1470.0,90.77,1470.0,90.58
2017-06-03 07:34:10.995852,54.129205,-166.258708,1470.0,91.9,1470.0,90.58
2017-06-03 07:34:11.495052,54.129215,-166.258692,1470.0,91.71,1470.0,92.09
2017-06-03 07:34:11.994253,54.129242,-166.258648,1470.0,90.77,1470.0,90.58
2017-06-03 07:34:12.493454,54.129251,-166.258632,1470.0,90.77,1470.0,90.77
2017-06-03 07:34:12.992655,54.129277,-166.258588,1470.0,90.96,1470.0,90.77
2017-06-03 07:34:13.491856,54.129286,-166.258571,1470.0,90.96,1470.0,90.77
2017-06-03 07:34:13.991056,54.129312,-166.258527,1470.0,90.77,1470.0,90.77
2017-06-03 07:34:14.490257,54.129322,-166.25851,1470.0,90.77,1470.0,90.77
2017-06-03 07:34:14.989458,54.129348,-166.258467,1470.0,90.77,1470.0,92.09
2017-06-03 07:34:15.488659,54.129358,-166.25845,1470.0,91.15,1470.0,90.77
2017-06-03 07:34:15.987860,54.129385,-166.258407,1470.0,91.15,1470.0,90.96
2017-06-03 07:34:16.487062,54.129395,-166.258391,1470.0,91.33,1470.0,91.15
2017-06-03 07:34:16.986261,54.129422,-166.258348,1470.0,91.33,1470.0,91.33
2017-06-03 07:34:17.485464,54.129431,-166.258332,1470.0,92.65,1470.0,91.52
2017-06-03 07:34:17.984663,54.129457,-166.258288,1470.0,91.33,1470.0,92.46
2017-06-03 07:34:18.483866,54.129466,-166.258272,1470.0,91.33,1470.0,91.15
2017-06-03 07:34:18.998665,54.129493,-166.258227,1470.0,92.09,1470.0,90.96
2017-06-03 07:34:19.497866,54.129504,-166.25821,1470.0,90.96,1470.0,90.77
2017-06-03 07:34:19.997066,54.129532,-166.258168,1470.0,90.96,1470.0,90.77
2017-06-03 07:34:20.496267,54.129543,-166.258151,1470.0,92.09,1470.0,90.77
2017-06-03 07:34:20.995468,54.12957,-166.258108,1470.0,90.77,1470.0,90.77
2017-06-03 07:34:21.494669,54.129581,-166.258092,1470.0,90.96,1470.0,90.77
2017-06-03 07:34:21.993872,54.129608,-166.258048,1470.0,90.96,1470.0,90.96
2017-06-03 07:34:22.493071,54.129618,-166.258032,1470.0,91.15,1470.0,90.96
2017-06-03 07:34:22.992273,54.129643,-166.257988,1470.0,91.15,1470.0,91.15
2017-06-03 07:34:23.491472,54.129653,-166.257971,1470.0,91.15,1470.0,91.15
2017-06-03 07:34:23.990675,54.12968,-166.257927,1470.0,91.15,1470.0,91.15
2017-06-03 07:34:24.489874,54.12969,-166.257909,1470.0,91.15,1470.0,91.15
2017-06-03 07:34:24.989077,54.129717,-166.257863,1470.0,91.33,1470.0,91.15
2017-06-03 07:34:25.488276,54.129727,-166.257847,1470.0,91.33,1470.0,91.15
2017-06-03 07:34:25.987478,54.129753,-166.257803,1470.0,91.33,1470.0,92.65
2017-06-03 07:34:26.486677,54.129763,-166.257788,1470.0,91.33,1470.0,92.65
2017-06-03 07:34:26.985880,54.12979,-166.257745,1470.0,91.33,1470.0,92.65
2017-06-03 07:34:27.485081,54.1298,-166.25773,1470.0,91.33,1470.0,91.33
2017-06-03 07:34:27.984282,54.12983,-166.257688,1470.0,91.15,1470.0,91.15
2017-06-03 07:34:28.499083,54.129841,-166.257672,1470.0,91.15,1470.0,92.09
2017-06-03 07:34:28.998283,54.129868,-166.257632,1470.0,90.96,1470.0,92.09
2017-06-03 07:34:29.497484,54.129879,-166.257615,1470.0,90.96,1470.0,90.96
2017-06-03 07:34:29.996685,54.129907,-166.257573,1470.0,91.15,1470.0,90.96
2017-06-03 07:34:30.495886,54.129917,-166.257556,1470.0,91.15,1470.0,91.15
2017-06-03 07:34:30.995087,54.129942,-166.257513,1470.0,91.33,1470.0,92.27
2017-06-03 07:34:31.494287,54.129952,-166.257496,1470.0,91.33,1470.0,92.65
2017-06-03 07:34:31.993488,54.129978,-166.257452,1470.0,91.33,1470.0,91.33
2017-06-03 07:34:32.492689,54.129988,-166.257435,1470.0,91.15,1470.0,91.15
2017-06-03 07:34:32.991890,54.130013,-166.25739,1470.0,91.15,1470.0,92.46
2017-06-03 07:34:33.491091,54.130024,-166.257374,1470.0,91.15,1470.0,90.96
2017-06-03 07:34:33.990292,54.130052,-166.25733,1470.0,90.96,1470.0,90.96
2017-06-03 07:34:34.489492,54.130062,-166.257314,1470.0,92.65,1470.0,90.96
2017-06-03 07:34:34.988693,54.13009,-166.257273,1470.0,91.33,1470.0,91.15
2017-06-03 07:34:35.487894,54.130101,-166.257257,1470.0,91.33,1470.0,91.33
2017-06-03 07:34:35.987095,54.130128,-166.257215,1470.0,91.33,1470.0,92.46
2017-06-03 07:34:36.486296,54.130139,-166.257199,1470.0,92.27,1470.0,91.15
2017-06-03 07:34:36.985497,54.130168,-166.257157,1470.0,91.15,1470.0,92.46
2017-06-03 07:34:37.484697,54.130178,-166.257142,1470.0,92.09,1470.0,90.96
2017-06-03 07:34:37.983898,54.130205,-166.257098,1470.0,91.15,1470.0,90.96
2017-06-03 07:34:38.498701,54.130216,-166.257081,1470.0,91.15,1470.0,90.96
2017-06-03 07:34:38.997900,54.130243,-166.25704,1470.0,91.15,1470.0,92.09
2017-06-03 07:34:39.497103,54.130253,-166.257024,1470.0,91.15,1470.0,91.15
2017-06-03 07:34:39.996302,54.13028,-166.25698,1470.0,92.46,1470.0,91.15
2017-06-03 07:34:40.495502,54.13029,-166.256963,1470.0,91.33,1470.0,91.15
2017-06-03 07:34:40.994703,54.130315,-166.256918,1470.0,92.46,1470.0,91.15
2017-06-03 07:34:41.493904,54.130324,-166.256902,1470.0,91.33,1470.0,91.15
2017-06-03 07:34:41.993107,54.130348,-166.256858,1470.0,91.33,1470.0,91.15
2017-06-03 07:34:42.492306,54.130358,-166.256841,1470.0,90.96,1470.0,90.96
2017-06-03 07:34:42.991508,54.130385,-166.256797,1470.0,90.96,1470.0,92.09
2017-06-03 07:34:43.490707,54.130396,-166.256781,1470.0,90.58,1470.0,90.58
2017-06-03 07:34:43.989910,54.130423,-166.25674,1470.0,90.58,1470.0,91.71
2017-06-03 07:34:44.489109,54.130434,-166.256724,1470.0,91.71,1470.0,90.58
2017-06-03 07:34:44.988312,54.130462,-166.25668,1470.0,90.96,1470.0,90.77
2017-06-03 07:34:45.487511,54.130472,-166.256664,1470.0,91.15,1470.0,90.96
2017-06-03 07:34:45.986713,54.130498,-166.25662,1470.0,91.15,1470.0,92.27
2017-06-03 07:34:46.485912,54.130508,-166.256604,1470.0,92.09,1470.0,91.33
2017-06-03 07:34:46.985115,54.130535,-166.25656,1470.0,91.33,1470.0,91.15
2017-06-03 07:34:47.484316,54.130544,-166.256545,1470.0,91.9,1470.0,90.96
2017-06-03 07:34:47.999117,54.130572,-166.2565,1470.0,91.15,1470.0,90.96
2017-06-03 07:34:48.498318,54.130582,-166.256483,1470.0,90.96,1470.0,90.96
2017-06-03 07:34:48.997519,54.130608,-166.25644,1470.0,90.77,1470.0,90.77
2017-06-03 07:34:49.496719,54.130619,-166.256424,1470.0,90.77,1470.0,90.58
2017-06-03 07:34:49.995920,54.130647,-166.256382,1470.0,90.58,1470.0,90.58
2017-06-03 07:34:50.495121,54.130657,-166.256365,1470.0,90.77,1470.0,90.58
2017-06-03 07:34:50.994322,54.130683,-166.256325,1470.0,90.77,1470.0,91.33
2017-06-03 07:34:51.493523,54.130694,-166.256309,1470.0,90.77,1470.0,91.52
2017-06-03 07:34:51.992723,54.130722,-166.256267,1470.0,90.77,1470.0,90.58
2017-06-03 07:34:52.491924,54.130732,-166.256251,1470.0,90.58,1470.0,90.96
2017-06-03 07:34:52.991125,54.130758,-166.25621,1470.0,90.58,1470.0,90.39
2017-06-03 07:34:53.490326,54.130768,-166.256194,1470.0,91.71,1470.0,91.9
2017-06-03 07:34:53.989527,54.130795,-166.25615,1470.0,90.58,1470.0,91.33
2017-06-03 07:34:54.488728,54.130805,-166.256134,1470.0,90.77,1470.0,90.58
2017-06-03 07:34:54.987928,54.130832,-166.256092,1470.0,90.77,1470.0,92.09
2017-06-03 07:34:55.487129,54.130842,-166.256076,1470.0,90.77,1470.0,92.09
2017-06-03 07:34:55.986330,54.130868,-166.256033,1470.0,90.77,1470.0,90.77
2017-06-03 07:34:56.485531,54.130879,-166.256018,1470.0,90.77,1470.0,90.58
2017-06-03 07:34:56.984732,54.130907,-166.255975,1470.0,91.9,1470.0,90.58
2017-06-03 07:34:57.483932,54.130917,-166.25596,1470.0,90.58,1470.0,90.58
2017-06-03 07:34:57.998734,54.130945,-166.255918,1470.0,90.58,1470.0,91.71
2017-06-03 07:34:58.497936,54.130956,-166.255901,1470.0,90.58,1470.0,90.58
2017-06-03 07:34:58.997135,54.130983,-166.25586,1470.0,90.58,1470.0,90.58
2017-06-03 07:34:59.496338,54.130994,-166.255844,1470.0,90.58,1470.0,90.58
2017-06-03 07:34:59.995537,54.131022,-166.255802,1470.0,90.58,1470.0,91.52
2017-06-03 07:35:00.494740,54.131032,-166.255786,1470.0,90.58,1470.0,90.58
2017-06-03 07:35:00.993938,54.13106,-166.255743,1470.0,90.77,1470.0,91.33
2017-06-03 07:35:01.493139,54.13107,-166.255727,1470.0,90.77,1470.0,90.77
2017-06-03 07:35:01.992340,54.131095,-166.255685,1470.0,90.96,1470.0,92.09
2017-06-03 07:35:02.491541,54.131105,-166.255669,1470.0,90.96,1470.0,90.96
2017-06-03 07:35:02.990742,54.131132,-166.255625,1470.0,90.77,1470.0,90.77
2017-06-03 07:35:03.489943,54.131142,-166.255609,1470.0,91.71,1470.0,90.58
2017-06-03 07:35:03.989145,54.13117,-166.255567,1470.0,91.71,1470.0,90.39
2017-06-03 07:35:04.488344,54.131181,-166.255552,1470.0,90.39,1470.0,90.2
2017-06-03 07:35:04.987547,54.13121,-166.255512,1470.0,91.71,1470.0,90.2
2017-06-03 07:35:05.486746,54.131221,-166.255497,1470.0,90.39,1470.0,90.2
2017-06-03 07:35:05.985949,54.131248,-166.255457,1470.0,91.33,1470.0,90.39
2017-06-03 07:35:06.485147,54.131259,-166.255441,1470.0,90.58,1470.0,90.58
2017-06-03 07:35:06.984350,54.131287,-166.255398,1470.0,90.77,1470.0,90.77
2017-06-03 07:35:07.499151,54.131296,-166.255381,1470.0,90.96,1470.0,92.09
2017-06-03 07:35:07.998352,54.131322,-166.255338,1470.0,91.15,1470.0,90.96
2017-06-03 07:35:08.497553,54.131332,-166.255321,1470.0,91.15,1470.0,90.96
2017-06-03 07:35:08.996754,54.131358,-166.255278,1470.0,90.96,1470.0,90.77
2017-06-03 07:35:09.495955,54.131369,-166.255262,1470.0,90.96,1470.0,90.77
2017-06-03 07:35:09.995155,54.131397,-166.25522,1470.0,90.77,1470.0,90.58
2017-06-03 07:35:10.494356,54.131407,-166.255204,1470.0,90.96,1470.0,90.58
2017-06-03 07:35:10.993557,54.131435,-166.255162,1470.0,90.77,1470.0,90.58
2017-06-03 07:35:11.492758,54.131446,-166.255146,1470.0,90.77,1470.0,90.77
2017-06-03 07:35:11.991959,54.131473,-166.255103,1470.0,90.96,1470.0,90.77
2017-06-03 07:35:12.491159,54.131484,-166.255088,1470.0,92.09,1470.0,90.96
2017-06-03 07:35:12.990360,54.131512,-166.255047,1470.0,91.15,1470.0,90.96
2017-06-03 07:35:13.489561,54.131522,-166.25503,1470.0,91.15,1470.0,90.96
2017-06-03 07:35:13.988762,54.131548,-166.254987,1470.0,92.09,1470.0,90.96
2017-06-03 07:35:14.487963,54.131558,-166.254971,1470.0,90.96,1470.0,90.96
2017-06-03 07:35:14.987164,54.131585,-166.254927,1470.0,90.96,1470.0,90.77
2017-06-03 07:35:15.486364,54.131595,-166.254912,1470.0,90.96,1470.0,90.77
2017-06-03 07:35:15.985565,54.131623,-166.254868,1470.0,91.52,1470.0,90.77
2017-06-03 07:35:16.484766,54.131633,-166.254853,1470.0,90.96,1470.0,90.96
2017-06-03 07:35:16.983967,54.131658,-166.25481,1470.0,91.15,1470.0,90.96
2017-06-03 07:35:17.498768,54.131669,-166.254793,1470.0,91.15,1470.0,91.15
2017-06-03 07:35:17.997969,54.131695,-166.25475,1470.0,91.33,1470.0,92.09
2017-06-03 07:35:18.497171,54.131705,-166.254733,1470.0,91.33,1470.0,91.33
2017-06-03 07:35:18.996370,54.13173,-166.25469,1470.0,91.33,1470.0,91.15
2017-06-03 07:35:19.495573,54.13174,-166.254674,1470.0,91.15,1470.0,92.27
2017-06-03 07:35:19.994772,54.131767,-166.254632,1470.0,90.96,1470.0,92.09
2017-06-03 07:35:20.493975,54.131777,-166.254615,1470.0,90.96,1470.0,90.96
2017-06-03 07:35:20.993174,54.131805,-166.254572,1470.0,90.96,1470.0,90.77
2017-06-03 07:35:21.492376,54.131816,-166.254556,1470.0,92.09,1470.0,90.77
2017-06-03 07:35:21.991575,54.131843,-166.254513,1470.0,90.96,1470.0,90.96
2017-06-03 07:35:22.490776,54.131854,-166.254497,1470.0,91.33,1470.0,91.15
2017-06-03 07:35:22.989977,54.131882,-166.254455,1470.0,91.52,1470.0,92.46
2017-06-03 07:35:23.489178,54.131891,-166.254438,1470.0,91.71,1470.0,91.71
2017-06-03 07:35:23.988380,54.131917,-166.254392,1470.0,91.9,1470.0,92.46
2017-06-03 07:35:24.487579,54.131926,-166.254375,1470.0,91.71,1470.0,93.03
2017-06-03 07:35:24.986782,54.131952,-166.25433,1470.0,91.52,1470.0,92.09
2017-06-03 07:35:25.485981,54.131961,-166.254315,1470.0,92.84,1470.0,91.33
2017-06-03 07:35:25.985184,54.131988,-166.25427,1470.0,91.15,1470.0,91.15
2017-06-03 07:35:26.484383,54.131999,-166.254254,1470.0,91.15,1470.0,92.27
2017-06-03 07:35:26.999186,54.132027,-166.254212,1470.0,91.33,1470.0,91.15
2017-06-03 07:35:27.498384,54.132037,-166.254196,1470.0,91.33,1470.0,91.33
2017-06-03 07:35:27.997587,54.132063,-166.254155,1470.0,91.52,1470.0,92.65
2017-06-03 07:35:28.496786,54.132074,-166.254138,1470.0,91.71,1470.0,91.52
2017-06-03 07:35:28.995989,54.1321,-166.254097,1470.0,91.71,1470.0,91.52
2017-06-03 07:35:29.495190,54.13211,-166.25408,1470.0,91.71,1470.0,91.9
2017-06-03 07:35:29.994390,54.132135,-166.254037,1470.0,91.52,1470.0,91.52
2017-06-03 07:35:30.493591,54.132145,-166.25402,1470.0,91.52,1470.0,92.46
2017-06-03 07:35:30.992792,54.132172,-166.253977,1470.0,91.52,1470.0,91.33
2017-06-03 07:35:31.491993,54.132182,-166.25396,1470.0,91.52,1470.0,92.65
2017-06-03 07:35:31.991194,54.132208,-166.253917,1470.0,91.52,1470.0,91.33
2017-06-03 07:35:32.490395,54.132218,-166.253901,1470.0,91.52,1470.0,92.84
2017-06-03 07:35:32.989595,54.132245,-166.253858,1470.0,91.71,1470.0,91.52
2017-06-03 07:35:33.488796,54.132255,-166.253842,1470.0,92.09,1470.0,91.71
2017-06-03 07:35:33.987997,54.132282,-166.253798,1470.0,92.84,1470.0,91.71
2017-06-03 07:35:34.487198,54.132291,-166.253783,1470.0,91.71,1470.0,91.71
2017-06-03 07:35:34.986399,54.132318,-166.25374,1470.0,91.71,1470.0,91.52
2017-06-03 07:35:35.485600,54.132328,-166.253725,1470.0,91.52,1470.0,91.52
2017-06-03 07:35:35.984800,54.132357,-166.253682,1470.0,92.65,1470.0,91.33
2017-06-03 07:35:36.484001,54.132367,-166.253666,1470.0,92.46,1470.0,91.33
2017-06-03 07:35:36.998802,54.132395,-166.253623,1470.0,91.52,1470.0,91.33
2017-06-03 07:35:37.498003,54.132405,-166.253607,1470.0,91.52,1470.0,92.84
2017-06-03 07:35:37.997204,54.132432,-166.253565,1470.0,91.52,1470.0,91.52
2017-06-03 07:35:38.496407,54.132442,-166.253549,1470.0,91.52,1470.0,91.52
2017-06-03 07:35:38.995605,54.13247,-166.253507,1470.0,91.71,1470.0,91.52
2017-06-03 07:35:39.494808,54.13248,-166.25349,1470.0,91.52,1470.0,92.84
2017-06-03 07:35:39.994007,54.132507,-166.253447,1470.0,92.65,1470.0,91.33
2017-06-03 07:35:40.493210,54.132517,-166.253431,1470.0,91.33,1470.0,91.33
2017-06-03 07:35:40.992409,54.132543,-166.253388,1470.0,91.33,1470.0,92.46
2017-06-03 07:35:41.491611,54.132553,-166.253372,1470.0,91.33,1470.0,91.33
2017-06-03 07:35:41.990810,54.13258,-166.253328,1470.0,91.33,1470.0,91.33
2017-06-03 07:35:42.490013,54.13259,-166.253312,1470.0,92.65,1470.0,91.52
2017-06-03 07:35:42.989212,54.132615,-166.25327,1470.0,91.52,1470.0,91.33
2017-06-03 07:35:43.488413,54.132625,-166.253254,1470.0,92.65,1470.0,91.33
2017-06-03 07:35:43.987616,54.132652,-166.25321,1470.0,91.33,1470.0,91.33
2017-06-03 07:35:44.486814,54.132662,-166.253194,1470.0,91.33,1470.0,91.33
2017-06-03 07:35:44.986017,54.132688,-166.253152,1470.0,92.46,1470.0,91.33
2017-06-03 07:35:45.485216,54.132699,-166.253135,1470.0,92.46,1470.0,91.33
2017-06-03 07:35:45.984419,54.132727,-166.253092,1470.0,91.33,1470.0,92.09
2017-06-03 07:35:46.499218,54.132737,-166.253074,1470.0,91.33,1470.0,91.15
2017-06-03 07:35:46.998421,54.132763,-166.253032,1470.0,91.33,1470.0,91.15
2017-06-03 07:35:47.497620,54.132774,-166.253015,1470.0,91.15,1470.0,92.27
2017-06-03 07:35:47.996822,54.132802,-166.252972,1470.0,91.15,1470.0,91.15
2017-06-03 07:35:48.496021,54.132812,-166.252956,1470.0,91.15,1470.0,91.15
2017-06-03 07:35:48.995224,54.132838,-166.252913,1470.0,91.15,1470.0,92.09
2017-06-03 07:35:49.494425,54.132849,-166.252897,1470.0,91.15,1470.0,90.96
2017-06-03 07:35:49.993626,54.132877,-166.252853,1470.0,91.15,1470.0,91.15
2017-06-03 07:35:50.492826,54.132887,-166.252837,1470.0,91.15,1470.0,91.15
2017-06-03 07:35:50.992027,54.132913,-166.252795,1470.0,91.15,1470.0,91.15
2017-06-03 07:35:51.491228,54.132923,-166.252779,1470.0,91.33,1470.0,91.33
2017-06-03 07:35:51.990429,54.132948,-166.252735,1470.0,92.84,1470.0,91.33
2017-06-03 07:35:52.489630,54.132958,-166.252719,1470.0,92.65,1470.0,92.65
2017-06-03 07:35:52.988831,54.132985,-166.252675,1470.0,91.33,1470.0,92.46
2017-06-03 07:35:53.488031,54.132996,-166.252659,1470.0,91.15,1470.0,91.15
2017-06-03 07:35:53.987232,54.133023,-166.252615,1470.0,91.15,1470.0,90.96
2017-06-03 07:35:54.486433,54.133033,-166.252599,1470.0,90.96,1470.0,90.96
2017-06-03 07:35:54.985634,54.13306,-166.252555,1470.0,90.96,1470.0,92.09
2017-06-03 07:35:55.484835,54.13307,-166.25254,1470.0,90.96,1470.0,90.96
2017-06-03 07:35:55.984035,54.133098,-166.252498,1470.0,90.96,1470.0,91.9
2017-06-03 07:35:56.498837,54.133109,-166.252481,1470.0,90.96,1470.0,90.96
2017-06-03 07:35:56.998037,54.133137,-166.25244,1470.0,92.09,1470.0,91.71
2017-06-03 07:35:57.497238,54.133147,-166.252424,1470.0,91.33,1470.0,92.09
2017-06-03 07:35:57.996439,54.133173,-166.25238,1470.0,91.9,1470.0,90.96
2017-06-03 07:35:58.495640,54.133183,-166.252364,1470.0,92.09,1470.0,91.9
2017-06-03 07:35:58.994841,54.13321,-166.25232,1470.0,90.96,1470.0,90.77
2017-06-03 07:35:59.494043,54.133221,-166.252304,1470.0,90.96,1470.0,90.96
2017-06-03 07:35:59.993242,54.133248,-166.25226,1470.0,90.96,1470.0,92.09
2017-06-03 07:36:00.492445,54.133259,-166.252244,1470.0,90.96,1470.0,91.71
2017-06-03 07:36:00.991644,54.133287,-166.2522,1470.0,90.96,1470.0,90.96
2017-06-03 07:36:01.490847,54.133297,-166.252184,1470.0,92.09,1470.0,90.96
2017-06-03 07:36:01.990046,54.133323,-166.25214,1470.0,91.15,1470.0,90.96
2017-06-03 07:36:02.489248,54.133333,-166.252124,1470.0,91.15,1470.0,91.15
2017-06-03 07:36:02.988447,54.13336,-166.25208,1470.0,91.15,1470.0,90.96
2017-06-03 07:36:03.487650,54.13337,-166.252064,1470.0,90.96,1470.0,90.96
2017-06-03 07:36:03.986851,54.133395,-166.252022,1470.0,90.77,1470.0,90.77
2017-06-03 07:36:04.486050,54.133405,-166.252006,1470.0,90.96,1470.0,91.52
2017-06-03 07:36:04.985252,54.133433,-166.251965,1470.0,91.71,1470.0,90.77
2017-06-03 07:36:05.484451,54.133443,-166.25195,1470.0,90.96,1470.0,92.09
2017-06-03 07:36:05.999254,54.133472,-166.251907,1470.0,91.15,1470.0,92.46
2017-06-03 07:36:06.498453,54.133482,-166.251889,1470.0,91.15,1470.0,91.15
2017-06-03 07:36:06.997656,54.133508,-166.251847,1470.0,91.15,1470.0,92.27
2017-06-03 07:36:07.496855,54.133519,-166.25183,1470.0,91.15,1470.0,91.15
2017-06-03 07:36:07.996058,54.133547,-166.251787,1470.0,91.15,1470.0,90.96
2017-06-03 07:36:08.495256,54.133557,-166.25177,1470.0,91.15,1470.0,91.15
2017-06-03 07:36:08.994459,54.133583,-166.251725,1470.0,91.15,1470.0,91.15
2017-06-03 07:36:09.493660,54.133593,-166.251709,1470.0,91.33,1470.0,91.33
2017-06-03 07:36:09.992861,54.133618,-166.251665,1470.0,91.52,1470.0,91.33
2017-06-03 07:36:10.492062,54.133629,-166.251649,1470.0,92.27,1470.0,91.33
2017-06-03 07:36:10.991262,54.133657,-166.251607,1470.0,91.33,1470.0,92.46
2017-06-03 07:36:11.490463,54.133668,-166.251591,1470.0,91.15,1470.0,91.15
2017-06-03 07:36:11.989664,54.133697,-166.25155,1470.0,90.96,1470.0,90.96
2017-06-03 07:36:12.488865,54.133707,-166.251534,1470.0,90.77,1470.0,90.77
2017-06-03 07:36:12.988066,54.133735,-166.251492,1470.0,92.09,1470.0,90.77
2017-06-03 07:36:13.487267,54.133744,-166.251477,1470.0,90.96,1470.0,90.96
2017-06-03 07:36:13.986467,54.133772,-166.251433,1470.0,91.15,1470.0,92.27
2017-06-03 07:36:14.485668,54.133781,-166.251417,1470.0,92.27,1470.0,92.46
2017-06-03 07:36:14.984869,54.133807,-166.251372,1470.0,91.33,1470.0,91.33
2017-06-03 07:36:15.484070,54.133816,-166.251355,1470.0,92.09,1470.0,91.33
2017-06-03 07:36:15.998871,54.133842,-166.251308,1470.0,91.52,1470.0,91.33
2017-06-03 07:36:16.498072,54.133852,-166.251291,1470.0,91.33,1470.0,91.33
2017-06-03 07:36:16.997272,54.133878,-166.251248,1470.0,91.33,1470.0,91.15
2017-06-03 07:36:17.496473,54.133889,-166.251231,1470.0,91.15,1470.0,91.15
2017-06-03 07:36:17.995674,54.133917,-166.251188,1470.0,90.96,1470.0,92.09
2017-06-03 07:36:18.494875,54.133928,-166.251172,1470.0,90.96,1470.0,91.71
2017-06-03 07:36:18.994076,54.133955,-166.251132,1470.0,92.09,1470.0,90.96
2017-06-03 07:36:19.493277,54.133966,-166.251116,1470.0,91.15,1470.0,91.15
2017-06-03 07:36:19.992477,54.133993,-166.251073,1470.0,92.27,1470.0,92.27
2017-06-03 07:36:20.491680,54.134003,-166.251057,1470.0,91.33,1470.0,91.33
2017-06-03 07:36:20.990879,54.13403,-166.251013,1470.0,92.09,1470.0,91.15
2017-06-03 07:36:21.490082,54.134041,-166.250997,1470.0,92.27,1470.0,90.96
2017-06-03 07:36:21.989281,54.134068,-166.250955,1470.0,90.96,1470.0,90.96
2017-06-03 07:36:22.488483,54.134079,-166.250939,1470.0,90.96,1470.0,91.9
2017-06-03 07:36:22.987682,54.134107,-166.250895,1470.0,92.27,1470.0,90.96
2017-06-03 07:36:23.486885,54.134116,-166.25088,1470.0,91.15,1470.0,91.15
2017-06-03 07:36:23.986084,54.134143,-166.250837,1470.0,91.33,1470.0,91.15
2017-06-03 07:36:24.485287,54.134153,-166.250821,1470.0,91.33,1470.0,92.65
2017-06-03 07:36:24.984488,54.134178,-166.250777,1470.0,91.33,1470.0,91.15
2017-06-03 07:36:25.499287,54.134189,-166.25076,1470.0,92.27,1470.0,90.96
2017-06-03 07:36:25.998489,54.134217,-166.250718,1470.0,90.96,1470.0,90.77
2017-06-03 07:36:26.497688,54.134228,-166.250702,1470.0,90.77,1470.0,90.77
2017-06-03 07:36:26.996891,54.134255,-166.250662,1470.0,90.77,1470.0,90.77
2017-06-03 07:36:27.496090,54.134266,-166.250646,1470.0,90.77,1470.0,92.09
2017-06-03 07:36:27.995293,54.134293,-166.250603,1470.0,90.77,1470.0,91.71
2017-06-03 07:36:28.494492,54.134303,-166.250587,1470.0,92.09,1470.0,90.77
2017-06-03 07:36:28.993694,54.13433,-166.250545,1470.0,91.9,1470.0,90.77
2017-06-03 07:36:29.492895,54.13434,-166.250528,1470.0,90.96,1470.0,92.09
2017-06-03 07:36:29.992096,54.134367,-166.250483,1470.0,92.09,1470.0,90.96
2017-06-03 07:36:30.491297,54.134376,-166.250467,1470.0,92.09,1470.0,92.27
2017-06-03 07:36:30.990498,54.134402,-166.250423,1470.0,92.46,1470.0,92.27
2017-06-03 07:36:31.489698,54.134411,-166.250406,1470.0,92.46,1470.0,92.46
2017-06-03 07:36:31.988899,54.134437,-166.25036,1470.0,91.33,1470.0,92.27
2017-06-03 07:36:32.488100,54.134447,-166.250344,1470.0,92.46,1470.0,92.27
2017-06-03 07:36:32.987301,54.134475,-166.2503,1470.0,90.96,1470.0,90.96
2017-06-03 07:36:33.486502,54.134485,-166.250285,1470.0,92.09,1470.0,90.77
2017-06-03 07:36:33.985703,54.134515,-166.25024,1470.0,90.77,1470.0,90.58
2017-06-03 07:36:34.484903,54.134525,-166.250224,1470.0,90.77,1470.0,90.58
2017-06-03 07:36:34.984104,54.134552,-166.250182,1470.0,92.27,1470.0,90.77
2017-06-03 07:36:35.498905,54.134562,-166.250165,1470.0,92.27,1470.0,90.96
2017-06-03 07:36:35.998106,54.134588,-166.250122,1470.0,92.27,1470.0,90.96
2017-06-03 07:36:36.497307,54.134599,-166.250104,1470.0,90.96,1470.0,90.77
2017-06-03 07:36:36.996508,54.134623,-166.25006,1470.0,91.9,1470.0,90.58
2017-06-03 07:36:37.495708,54.134633,-166.250044,1470.0,91.52,1470.0,90.39
2017-06-03 07:36:37.994909,54.134658,-166.25,1470.0,90.39,1470.0,90.2
2017-06-03 07:36:38.494110,54.134668,-166.249984,1470.0,90.39,1470.0,90.58
2017-06-03 07:36:38.993311,54.134693,-166.24994,1470.0,90.39,1470.0,90.2
2017-06-03 07:36:39.492512,54.134703,-166.249924,1470.0,90.39,1470.0,91.33
2017-06-03 07:36:39.991713,54.134728,-166.249882,1470.0,90.58,1470.0,91.52
2017-06-03 07:36:40.490915,54.134738,-166.249865,1470.0,90.58,1470.0,91.71
2017-06-03 07:36:40.990114,54.134765,-166.24982,1470.0,90.58,1470.0,90.39
2017-06-03 07:36:41.489317,54.134775,-166.249803,1470.0,90.58,1470.0,90.39
2017-06-03 07:36:41.988516,54.134802,-166.249758,1470.0,90.58,1470.0,90.77
2017-06-03 07:36:42.487719,54.134811,-166.249742,1470.0,90.77,1470.0,91.71
2017-06-03 07:36:42.986917,54.134838,-166.249697,1470.0,90.77,1470.0,92.09
2017-06-03 07:36:43.486120,54.134848,-166.249681,1470.0,90.77,1470.0,90.58
2017-06-03 07:36:43.985319,54.134877,-166.249637,1470.0,90.77,1470.0,90.58
2017-06-03 07:36:44.484522,54.134887,-166.249621,1470.0,90.58,1470.0,92.09
2017-06-03 07:36:44.999321,54.134915,-166.249577,1470.0,90.58,1470.0,90.58
2017-06-03 07:36:45.498522,54.134926,-166.249561,1470.0,90.58,1470.0,91.9
2017-06-03 07:36:45.997725,54.134955,-166.24952,1470.0,91.71,1470.0,91.9
2017-06-03 07:36:46.496923,54.134966,-166.249505,1470.0,91.52,1470.0,90.2
2017-06-03 07:36:46.996126,54.134993,-166.249465,1470.0,90.2,1470.0,91.33
2017-06-03 07:36:47.495325,54.135003,-166.249449,1470.0,90.2,1470.0,91.33
2017-06-03 07:36:47.994528,54.13503,-166.249407,1470.0,90.2,1470.0,90.2
2017-06-03 07:36:48.493727,54.135039,-166.24939,1470.0,91.52,1470.0,90.2
2017-06-03 07:36:48.992929,54.135063,-166.249345,1470.0,90.39,1470.0,91.52
2017-06-03 07:36:49.492128,54.135073,-166.249329,1470.0,91.52,1470.0,90.2
2017-06-03 07:36:49.991331,54.1351,-166.249285,1470.0,90.2,1470.0,90.2
2017-06-03 07:36:50.490532,54.13511,-166.249269,1470.0,90.2,1470.0,90.02
2017-06-03 07:36:50.989733,54.135135,-166.249225,1470.0,90.2,1470.0,90.2
2017-06-03 07:36:51.488934,54.135145,-166.249209,1470.0,91.9,1470.0,91.52
2017-06-03 07:36:51.988134,54.135172,-166.249165,1470.0,91.33,1470.0,91.71
2017-06-03 07:36:52.487335,54.135181,-166.249148,1470.0,92.27,1470.0,92.09
2017-06-03 07:36:52.986536,54.135208,-166.249103,1470.0,90.77,1470.0,92.09
2017-06-03 07:36:53.485737,54.135218,-166.249087,1470.0,90.77,1470.0,91.71
2017-06-03 07:36:53.984938,54.135245,-166.249042,1470.0,90.58,1470.0,91.52
2017-06-03 07:36:54.484138,54.135256,-166.249026,1470.0,90.58,1470.0,90.39
2017-06-03 07:36:54.998940,54.135285,-166.248983,1470.0,90.39,1470.0,90.39
2017-06-03 07:36:55.498140,54.135296,-166.248967,1470.0,91.52,1470.0,90.39
2017-06-03 07:36:55.997341,54.135323,-166.248925,1470.0,90.58,1470.0,90.39
2017-06-03 07:36:56.496542,54.135333,-166.248909,1470.0,90.58,1470.0,90.39
2017-06-03 07:36:56.995743,54.13536,-166.248865,1470.0,91.9,1470.0,90.39
2017-06-03 07:36:57.494944,54.13537,-166.248849,1470.0,90.39,1470.0,90.39
2017-06-03 07:36:57.994144,54.135397,-166.248805,1470.0,90.39,1470.0,90.39
2017-06-03 07:36:58.493345,54.135406,-166.248788,1470.0,90.39,1470.0,90.39
2017-06-03 07:36:58.992546,54.135432,-166.248743,1470.0,90.39,1470.0,90.39
2017-06-03 07:36:59.491747,54.135441,-166.248727,1470.0,90.39,1470.0,90.39
2017-06-03 07:36:59.990948,54.135465,-166.248685,1470.0,90.39,1470.0,90.39
2017-06-03 07:37:00.490150,54.135475,-166.248669,1470.0,90.2,1470.0,90.02
2017-06-03 07:37:00.989349,54.135502,-166.248627,1470.0,89.83,1470.0,89.83
2017-06-03 07:37:01.488552,54.135512,-166.248611,1470.0,89.83,1470.0,89.64
2017-06-03 07:37:01.987751,54.13554,-166.248568,1470.0,90.77,1470.0,89.64
2017-06-03 07:37:02.486954,54.13555,-166.248553,1470.0,90.96,1470.0,91.15
2017-06-03 07:37:02.986153,54.135577,-166.248512,1470.0,90.2,1470.0,90.2
2017-06-03 07:37:03.485355,54.135586,-166.248497,1470.0,91.9,1470.0,90.39
2017-06-03 07:37:03.984554,54.135613,-166.248453,1470.0,90.58,1470.0,90.58
2017-06-03 07:37:04.499355,54.135624,-166.248436,1470.0,90.58,1470.0,90.58
2017-06-03 07:37:04.998556,54.13565,-166.248393,1470.0,91.71,1470.0,90.39
2017-06-03 07:37:05.497757,54.135661,-166.248377,1470.0,90.39,1470.0,90.39
2017-06-03 07:37:05.996960,54.135688,-166.248333,1470.0,91.52,1470.0,90.2
2017-06-03 07:37:06.496159,54.135698,-166.248317,1470.0,90.2,1470.0,90.2
2017-06-03 07:37:06.995361,54.135725,-166.248275,1470.0,90.2,1470.0,90.2
2017-06-03 07:37:07.494560,54.135736,-166.248259,1470.0,91.33,1470.0,90.02
2017-06-03 07:37:07.993763,54.135763,-166.248217,1470.0,90.02,1470.0,90.96
2017-06-03 07:37:08.492962,54.135774,-166.248202,1470.0,90.02,1470.0,89.83
2017-06-03 07:37:08.992165,54.135803,-166.248162,1470.0,90.96,1470.0,91.33
2017-06-03 07:37:09.491364,54.135813,-166.248147,1470.0,91.15,1470.0,91.15
2017-06-03 07:37:09.990566,54.13584,-166.248108,1470.0,91.15,1470.0,89.83
2017-06-03 07:37:10.489765,54.13585,-166.248093,1470.0,90.96,1470.0,91.15
2017-06-03 07:37:10.988968,54.135877,-166.248052,1470.0,91.15,1470.0,89.83
2017-06-03 07:37:11.488169,54.135887,-166.248035,1470.0,89.83,1470.0,90.96
2017-06-03 07:37:11.987370,54.135913,-166.247992,1470.0,89.83,1470.0,90.58
2017-06-03 07:37:12.486570,54.135923,-166.247975,1470.0,90.58,1470.0,90.96
2017-06-03 07:37:12.985771,54.135948,-166.247932,1470.0,89.83,1470.0,89.83
2017-06-03 07:37:13.484972,54.135958,-166.247915,1470.0,89.83,1470.0,90.77
2017-06-03 07:37:13.984173,54.135983,-166.247872,1470.0,90.77,1470.0,89.64
2017-06-03 07:37:14.498974,54.135994,-166.247855,1470.0,91.15,1470.0,89.64
2017-06-03 07:37:14.998175,54.136022,-166.247813,1470.0,89.83,1470.0,89.64
2017-06-03 07:37:15.497375,54.136032,-166.247797,1470.0,89.64,1470.0,90.77
2017-06-03 07:37:15.996576,54.13606,-166.247755,1470.0,89.64,1470.0,89.64
2017-06-03 07:37:16.495777,54.136071,-166.247739,1470.0,90.2,1470.0,89.64
2017-06-03 07:37:16.994978,54.136098,-166.247697,1470.0,89.83,1470.0,89.83
2017-06-03 07:37:17.494179,54.136108,-166.24768,1470.0,90.96,1470.0,89.83
2017-06-03 07:37:17.993380,54.136135,-166.247637,1470.0,91.33,1470.0,89.83
2017-06-03 07:37:18.492580,54.136145,-166.24762,1470.0,89.83,1470.0,90.96
2017-06-03 07:37:18.991781,54.136172,-166.247575,1470.0,89.83,1470.0,90.77
2017-06-03 07:37:19.490982,54.136182,-166.247558,1470.0,90.96,1470.0,89.64
2017-06-03 07:37:19.990183,54.136208,-166.247513,1470.0,90.77,1470.0,89.83
2017-06-03 07:37:20.489384,54.136218,-166.247497,1470.0,90.77,1470.0,89.64
2017-06-03 07:37:20.988585,54.136243,-166.247452,1470.0,89.83,1470.0,89.64
2017-06-03 07:37:21.487787,54.136253,-166.247436,1470.0,89.64,1470.0,89.64
2017-06-03 07:37:21.986986,54.13628,-166.247392,1470.0,89.64,1470.0,89.45
2017-06-03 07:37:22.486189,54.13629,-166.247376,1470.0,89.45,1470.0,90.39
2017-06-03 07:37:22.985388,54.136317,-166.247332,1470.0,90.58,1470.0,89.45
2017-06-03 07:37:23.484591,54.136326,-166.247316,1470.0,90.58,1470.0,90.77
2017-06-03 07:37:23.983789,54.136352,-166.24727,1470.0,89.64,1470.0,90.96
2017-06-03 07:37:24.498590,54.136361,-166.247252,1470.0,89.83,1470.0,89.83
2017-06-03 07:37:24.997791,54.136385,-166.247208,1470.0,90.02,1470.0,90.2
2017-06-03 07:37:25.496992,54.136395,-166.247191,1470.0,90.02,1470.0,91.15
2017-06-03 07:37:25.996195,54.13642,-166.247147,1470.0,91.15,1470.0,89.83
2017-06-03 07:37:26.495394,54.13643,-166.247131,1470.0,89.64,1470.0,89.64
2017-06-03 07:37:26.994596,54.136457,-166.247088,1470.0,89.45,1470.0,89.45
2017-06-03 07:37:27.493795,54.136467,-166.247072,1470.0,90.39,1470.0,90.2
2017-06-03 07:37:27.992998,54.136495,-166.24703,1470.0,89.45,1470.0,89.26
2017-06-03 07:37:28.492197,54.136506,-166.247014,1470.0,89.45,1470.0,89.45
2017-06-03 07:37:28.991400,54.136533,-166.246972,1470.0,89.64,1470.0,89.45
2017-06-03 07:37:29.490599,54.136543,-166.246955,1470.0,89.83,1470.0,89.64
2017-06-03 07:37:29.989801,54.136568,-166.246912,1470.0,89.83,1470.0,89.83
2017-06-03 07:37:30.489000,54.136578,-166.246895,1470.0,89.83,1470.0,89.83
2017-06-03 07:37:30.988203,54.136603,-166.246848,1470.0,89.83,1470.0,89.83
2017-06-03 07:37:31.487404,54.136612,-166.246832,1470.0,89.83,1470.0,89.83
2017-06-03 07:37:31.986605,54.136638,-166.246787,1470.0,90.02,1470.0,90.02
2017-06-03 07:37:32.485806,54.136648,-166.246771,1470.0,90.2,1470.0,91.33
2017-06-03 07:37:32.985006,54.136675,-166.246727,1470.0,90.02,1470.0,90.02
2017-06-03 07:37:33.484207,54.136684,-166.246712,1470.0,90.02,1470.0,89.83
2017-06-03 07:37:33.999008,54.136712,-166.246668,1470.0,89.83,1470.0,89.64
2017-06-03 07:37:34.498209,54.136723,-166.246652,1470.0,89.64,1470.0,89.45
2017-06-03 07:37:34.997410,54.13675,-166.246612,1470.0,89.45,1470.0,89.45
2017-06-03 07:37:35.496611,54.136761,-166.246597,1470.0,89.26,1470.0,89.26
2017-06-03 07:37:35.995811,54.136792,-166.246558,1470.0,89.26,1470.0,89.08
2017-06-03 07:37:36.495012,54.136802,-166.246543,1470.0,89.26,1470.0,89.26
2017-06-03 07:37:36.994213,54.13683,-166.246502,1470.0,89.45,1470.0,90.58
2017-06-03 07:37:37.493414,54.13684,-166.246485,1470.0,89.83,1470.0,90.39
2017-06-03 07:37:37.992615,54.136865,-166.246442,1470.0,89.83,1470.0,89.83
2017-06-03 07:37:38.491816,54.136875,-166.246425,1470.0,90.02,1470.0,90.2
2017-06-03 07:37:38.991016,54.1369,-166.24638,1470.0,90.02,1470.0,90.02
2017-06-03 07:37:39.490217,54.13691,-166.246363,1470.0,89.83,1470.0,91.52
2017-06-03 07:37:39.989418,54.136937,-166.246318,1470.0,89.83,1470.0,89.83
2017-06-03 07:37:40.488619,54.136947,-166.246302,1470.0,89.64,1470.0,89.64
2017-06-03 07:37:40.987820,54.136975,-166.246258,1470.0,89.64,1470.0,89.64
2017-06-03 07:37:41.487020,54.136985,-166.246244,1470.0,89.64,1470.0,89.64
2017-06-03 07:37:41.986221,54.137013,-166.246202,1470.0,90.96,1470.0,89.64
2017-06-03 07:37:42.485424,54.137024,-166.246186,1470.0,89.83,1470.0,89.83
2017-06-03 07:37:42.984623,54.137053,-166.246145,1470.0,89.83,1470.0,90.58
2017-06-03 07:37:43.483826,54.137063,-166.246131,1470.0,89.83,1470.0,89.83
2017-06-03 07:37:43.998625,54.137092,-166.246088,1470.0,89.83,1470.0,89.83
2017-06-03 07:37:44.497828,54.137102,-166.246073,1470.0,89.83,1470.0,89.64
2017-06-03 07:37:44.997026,54.137128,-166.246032,1470.0,90.96,1470.0,89.64
2017-06-03 07:37:45.496227,54.137139,-166.246015,1470.0,90.77,1470.0,89.45
2017-06-03 07:37:45.995428,54.137167,-166.245972,1470.0,89.45,1470.0,89.26
2017-06-03 07:37:46.494629,54.137176,-166.245955,1470.0,89.26,1470.0,89.26
2017-06-03 07:37:46.993832,54.137202,-166.24591,1470.0,89.45,1470.0,90.58
2017-06-03 07:37:47.493031,54.137211,-166.245893,1470.0,89.64,1470.0,90.77
2017-06-03 07:37:47.992233,54.137237,-166.245848,1470.0,89.83,1470.0,89.64
2017-06-03 07:37:48.491432,54.137246,-166.245831,1470.0,89.83,1470.0,89.83
2017-06-03 07:37:48.990635,54.137272,-166.245787,1470.0,90.96,1470.0,89.83
2017-06-03 07:37:49.489834,54.137281,-166.24577,1470.0,90.02,1470.0,89.83
2017-06-03 07:37:49.989037,54.137307,-166.245727,1470.0,91.15,1470.0,89.83
2017-06-03 07:37:50.488235,54.137317,-166.245711,1470.0,90.02,1470.0,89.83
2017-06-03 07:37:50.987438,54.137345,-166.245667,1470.0,90.96,1470.0,89.83
2017-06-03 07:37:51.486639,54.137355,-166.245651,1470.0,89.64,1470.0,89.64
2017-06-03 07:37:51.985840,54.137383,-166.245607,1470.0,89.64,1470.0,89.64
2017-06-03 07:37:52.485041,54.137394,-166.245591,1470.0,89.64,1470.0,89.45
2017-06-03 07:37:52.984241,54.137422,-166.24555,1470.0,90.96,1470.0,89.45
2017-06-03 07:37:53.499043,54.137432,-166.245534,1470.0,89.64,1470.0,89.64
2017-06-03 07:37:53.998243,54.137458,-166.24549,1470.0,89.64,1470.0,89.64
2017-06-03 07:37:54.497444,54.137468,-166.245473,1470.0,89.83,1470.0,89.64
2017-06-03 07:37:54.996645,54.137493,-166.245428,1470.0,90.96,1470.0,89.64
2017-06-03 07:37:55.495846,54.137502,-166.245411,1470.0,89.83,1470.0,89.83
2017-06-03 07:37:55.995047,54.137527,-166.245365,1470.0,89.83,1470.0,89.83
2017-06-03 07:37:56.494247,54.137536,-166.245348,1470.0,89.83,1470.0,89.83
2017-06-03 07:37:56.993448,54.137562,-166.245302,1470.0,89.83,1470.0,89.64
2017-06-03 07:37:57.492649,54.137571,-166.245285,1470.0,89.64,1470.0,89.64
2017-06-03 07:37:57.991850,54.137597,-166.245242,1470.0,90.96,1470.0,90.58
2017-06-03 07:37:58.491051,54.137607,-166.245225,1470.0,89.45,1470.0,89.45
2017-06-03 07:37:58.990252,54.137633,-166.245182,1470.0,89.64,1470.0,89.64
2017-06-03 07:37:59.489452,54.137644,-166.245166,1470.0,89.64,1470.0,90.77
2017-06-03 07:37:59.988653,54.137672,-166.245123,1470.0,91.15,1470.0,89.64
2017-06-03 07:38:00.487854,54.137681,-166.245107,1470.0,89.83,1470.0,89.83
2017-06-03 07:38:00.987055,54.137708,-166.245063,1470.0,91.15,1470.0,89.83
2017-06-03 07:38:01.486256,54.137718,-166.245048,1470.0,91.33,1470.0,89.83
2017-06-03 07:38:01.985456,54.137747,-166.245003,1470.0,89.83,1470.0,89.83
2017-06-03 07:38:02.484659,54.137756,-166.244987,1470.0,91.15,1470.0,90.77
2017-06-03 07:38:02.983858,54.137783,-166.244943,1470.0,89.83,1470.0,89.83
2017-06-03 07:38:03.498661,54.137793,-166.244927,1470.0,89.83,1470.0,89.83
2017-06-03 07:38:03.997860,54.13782,-166.244883,1470.0,89.83,1470.0,90.77
2017-06-03 07:38:04.497063,54.13783,-166.244866,1470.0,90.96,1470.0,89.64
2017-06-03 07:38:04.996262,54.137857,-166.244822,1470.0,89.83,1470.0,89.64
2017-06-03 07:38:05.495464,54.137867,-166.244806,1470.0,89.64,1470.0,89.64
2017-06-03 07:38:05.994663,54.137893,-166.244763,1470.0,90.96,1470.0,89.45
2017-06-03 07:38:06.493864,54.137903,-166.244747,1470.0,90.77,1470.0,90.58
2017-06-03 07:38:06.993065,54.13793,-166.244703,1470.0,89.45,1470.0,89.45
2017-06-03 07:38:07.492266,54.137941,-166.244687,1470.0,89.83,1470.0,89.45
2017-06-03 07:38:07.991468,54.137968,-166.244645,1470.0,90.77,1470.0,89.64
2017-06-03 07:38:08.490667,54.137978,-166.244629,1470.0,89.64,1470.0,89.64
2017-06-03 07:38:08.989870,54.138005,-166.244588,1470.0,89.83,1470.0,91.15
2017-06-03 07:38:09.489069,54.138015,-166.244572,1470.0,90.02,1470.0,90.77
2017-06-03 07:38:09.988272,54.13804,-166.244528,1470.0,90.2,1470.0,90.02
2017-06-03 07:38:10.487471,54.138049,-166.244512,1470.0,90.2,1470.0,90.2
2017-06-03 07:38:10.986673,54.138075,-166.244467,1470.0,90.2,1470.0,90.2
2017-06-03 07:38:11.485872,54.138084,-166.244451,1470.0,90.02,1470.0,90.02
2017-06-03 07:38:11.985075,54.138112,-166.244405,1470.0,90.77,1470.0,89.83
2017-06-03 07:38:12.484276,54.138122,-166.244389,1470.0,90.96,1470.0,89.64
2017-06-03 07:38:12.999077,54.13815,-166.244347,1470.0,90.77,1470.0,90.58
2017-06-03 07:38:13.498278,54.138161,-166.244332,1470.0,89.64,1470.0,89.45
2017-06-03 07:38:13.997478,54.138188,-166.244292,1470.0,90.77,1470.0,89.45
2017-06-03 07:38:14.496679,54.138199,-166.244277,1470.0,89.64,1470.0,90.77
2017-06-03 07:38:14.995880,54.138227,-166.244237,1470.0,89.83,1470.0,89.83
2017-06-03 07:38:15.495081,54.138237,-166.244221,1470.0,91.33,1470.0,89.83
2017-06-03 07:38:15.994282,54.138263,-166.244178,1470.0,90.02,1470.0,89.83
2017-06-03 07:38:16.493483,54.138273,-166.244161,1470.0,89.83,1470.0,89.83
2017-06-03 07:38:16.992683,54.1383,-166.244117,1470.0,90.77,1470.0,91.15
2017-06-03 07:38:17.491884,54.13831,-166.2441,1470.0,89.83,1470.0,90.96
2017-06-03 07:38:17.991085,54.138335,-166.244055,1470.0,91.33,1470.0,90.39
2017-06-03 07:38:18.490286,54.138345,-166.244039,1470.0,91.15,1470.0,89.83
2017-06-03 07:38:18.989487,54.13837,-166.243995,1470.0,89.83,1470.0,89.64
2017-06-03 07:38:19.488688,54.13838,-166.243979,1470.0,89.83,1470.0,90.96
2017-06-03 07:38:19.987888,54.138407,-166.243935,1470.0,89.83,1470.0,90.96
2017-06-03 07:38:20.487089,54.138417,-166.24392,1470.0,89.83,1470.0,89.83
2017-06-03 07:38:20.986290,54.138447,-166.243878,1470.0,89.83,1470.0,89.83
2017-06-03 07:38:21.485491,54.138457,-166.243863,1470.0,89.83,1470.0,90.96
2017-06-03 07:38:21.984692,54.138485,-166.24382,1470.0,89.83,1470.0,89.83
2017-06-03 07:38:22.483894,54.138495,-166.243804,1470.0,90.96,1470.0,90.02
2017-06-03 07:38:22.998693,54.138523,-166.24376,1470.0,90.02,1470.0,90.02
2017-06-03 07:38:23.497896,54.138533,-166.243743,1470.0,91.33,1470.0,90.02
2017-06-03 07:38:23.997095,54.13856,-166.243698,1470.0,90.2,1470.0,91.33
2017-06-03 07:38:24.496298,54.13857,-166.243681,1470.0,90.2,1470.0,90.2
2017-06-03 07:38:24.995497,54.138595,-166.243637,1470.0,90.2,1470.0,90.02
2017-06-03 07:38:25.494699,54.138606,-166.24362,1470.0,90.02,1470.0,89.83
2017-06-03 07:38:25.993898,54.138633,-166.243577,1470.0,90.77,1470.0,89.64
2017-06-03 07:38:26.493101,54.138643,-166.243561,1470.0,90.39,1470.0,89.45
2017-06-03 07:38:26.992300,54.13867,-166.243518,1470.0,89.45,1470.0,90.77
2017-06-03 07:38:27.491501,54.13868,-166.243502,1470.0,89.45,1470.0,90.39
2017-06-03 07:38:27.990704,54.138707,-166.24346,1470.0,90.77,1470.0,90.39
2017-06-03 07:38:28.489902,54.138716,-166.243443,1470.0,90.96,1470.0,89.64
2017-06-03 07:38:28.989105,54.138742,-166.243398,1470.0,90.02,1470.0,90.2
2017-06-03 07:38:29.488304,54.138751,-166.243382,1470.0,90.02,1470.0,90.02
2017-06-03 07:38:29.987507,54.138777,-166.243337,1470.0,90.2,1470.0,90.2
2017-06-03 07:38:30.486706,54.138786,-166.24332,1470.0,90.02,1470.0,90.02
2017-06-03 07:38:30.985909,54.138812,-166.243273,1470.0,90.2,1470.0,90.02
2017-06-03 07:38:31.485107,54.138821,-166.243257,1470.0,90.02,1470.0,90.02
2017-06-03 07:38:31.984310,54.138848,-166.243212,1470.0,91.52,1470.0,90.02
2017-06-03 07:38:32.499109,54.138859,-166.243194,1470.0,90.02,1470.0,90.02
2017-06-03 07:38:32.998312,54.138887,-166.243152,1470.0,90.02,1470.0,90.96
2017-06-03 07:38:33.497513,54.138898,-166.243136,1470.0,90.02,1470.0,91.15
2017-06-03 07:38:33.996714,54.138927,-166.243095,1470.0,89.83,1470.0,89.83
2017-06-03 07:38:34.495914,54.138937,-166.243079,1470.0,89.83,1470.0,89.83
2017-06-03 07:38:34.995115,54.138965,-166.243037,1470.0,89.83,1470.0,89.83
2017-06-03 07:38:35.494316,54.138976,-166.243021,1470.0,90.02,1470.0,89.83
2017-06-03 07:38:35.993517,54.139003,-166.242978,1470.0,90.96,1470.0,89.83
2017-06-03 07:38:36.492718,54.139013,-166.242961,1470.0,90.02,1470.0,89.83
2017-06-03 07:38:36.991919,54.139038,-166.242917,1470.0,90.02,1470.0,90.02
2017-06-03 07:38:37.491119,54.139047,-166.2429,1470.0,90.02,1470.0,90.96
2017-06-03 07:38:37.990320,54.139072,-166.242855,1470.0,90.02,1470.0,89.83
2017-06-03 07:38:38.489521,54.139081,-166.242839,1470.0,89.83,1470.0,90.77
2017-06-03 07:38:38.988722,54.139108,-166.242795,1470.0,89.83,1470.0,90.77
2017-06-03 07:38:39.487923,54.139117,-166.24278,1470.0,90.96,1470.0,89.64
2017-06-03 07:38:39.987123,54.139143,-166.242735,1470.0,90.77,1470.0,90.77
2017-06-03 07:38:40.486324,54.139154,-166.242719,1470.0,89.83,1470.0,90.77
2017-06-03 07:38:40.985525,54.139182,-166.242677,1470.0,89.83,1470.0,91.15
2017-06-03 07:38:41.484726,54.139191,-166.242662,1470.0,90.02,1470.0,89.83
2017-06-03 07:38:41.983927,54.13922,-166.24262,1470.0,89.83,1470.0,89.83
2017-06-03 07:38:42.498730,54.13923,-166.242604,1470.0,89.83,1470.0,90.58
2017-06-03 07:38:42.997929,54.139257,-166.24256,1470.0,89.83,1470.0,91.33
2017-06-03 07:38:43.497131,54.139267,-166.242544,1470.0,89.83,1470.0,89.83
2017-06-03 07:38:43.996330,54.139293,-166.2425,1470.0,89.83,1470.0,89.83
2017-06-03 07:38:44.495533,54.139304,-166.242483,1470.0,89.83,1470.0,90.77
2017-06-03 07:38:44.994732,54.139332,-166.242438,1470.0,89.83,1470.0,90.96
2017-06-03 07:38:45.493935,54.139341,-166.242422,1470.0,89.83,1470.0,90.77
2017-06-03 07:38:45.993134,54.139367,-166.242378,1470.0,89.83,1470.0,89.83
2017-06-03 07:38:46.492336,54.139377,-166.242361,1470.0,89.83,1470.0,89.83
2017-06-03 07:38:46.991535,54.139403,-166.242315,1470.0,90.96,1470.0,89.83
2017-06-03 07:38:47.490738,54.139412,-166.242298,1470.0,90.02,1470.0,89.83
2017-06-03 07:38:47.989939,54.139437,-166.242253,1470.0,91.15,1470.0,89.83
2017-06-03 07:38:48.489140,54.139446,-166.242237,1470.0,89.83,1470.0,89.83
2017-06-03 07:38:48.988340,54.139472,-166.242192,1470.0,90.96,1470.0,89.64
2017-06-03 07:38:49.487539,54.139482,-166.242177,1470.0,90.77,1470.0,90.96
2017-06-03 07:38:49.986742,54.13951,-166.242133,1470.0,89.45,1470.0,89.45
2017-06-03 07:38:50.485941,54.13952,-166.242118,1470.0,90.58,1470.0,89.45
2017-06-03 07:38:50.985144,54.139548,-166.242077,1470.0,89.45,1470.0,89.26
2017-06-03 07:38:51.484343,54.139558,-166.242062,1470.0,89.45,1470.0,89.45
2017-06-03 07:38:51.999146,54.139585,-166.24202,1470.0,89.64,1470.0,89.64
2017-06-03 07:38:52.498344,54.139596,-166.242002,1470.0,89.64,1470.0,90.77
2017-06-03 07:38:52.997547,54.139622,-166.241958,1470.0,90.96,1470.0,89.83
2017-06-03 07:38:53.496748,54.139631,-166.241941,1470.0,89.83,1470.0,89.83
2017-06-03 07:38:53.995949,54.139657,-166.241897,1470.0,89.83,1470.0,90.77
2017-06-03 07:38:54.495150,54.139667,-166.24188,1470.0,89.83,1470.0,90.77
2017-06-03 07:38:54.994350,54.139693,-166.241835,1470.0,89.83,1470.0,90.77
2017-06-03 07:38:55.493551,54.139703,-166.241819,1470.0,91.15,1470.0,89.83
2017-06-03 07:38:55.992752,54.13973,-166.241775,1470.0,90.96,1470.0,90.96
2017-06-03 07:38:56.491953,54.139741,-166.241759,1470.0,90.58,1470.0,90.77
2017-06-03 07:38:56.991154,54.139768,-166.241717,1470.0,89.64,1470.0,90.96
2017-06-03 07:38:57.490355,54.139779,-166.241701,1470.0,90.77,1470.0,89.64
2017-06-03 07:38:57.989555,54.139807,-166.241658,1470.0,89.45,1470.0,90.2
2017-06-03 07:38:58.488756,54.139817,-166.241643,1470.0,89.45,1470.0,89.45
2017-06-03 07:38:58.987957,54.139845,-166.2416,1470.0,89.45,1470.0,90.2
2017-06-03 07:38:59.487158,54.139854,-166.241585,1470.0,90.77,1470.0,89.45
2017-06-03 07:38:59.986359,54.13988,-166.241542,1470.0,89.64,1470.0,90.58
2017-06-03 07:39:00.485559,54.13989,-166.241526,1470.0,89.83,1470.0,89.64
2017-06-03 07:39:00.984760,54.139917,-166.241482,1470.0,89.83,1470.0,89.83
2017-06-03 07:39:01.483961,54.139926,-166.241467,1470.0,90.96,1470.0,89.64
2017-06-03 07:39:01.998762,54.139953,-166.241422,1470.0,89.64,1470.0,90.58
2017-06-03 07:39:02.497963,54.139963,-166.241405,1470.0,89.45,1470.0,89.45
2017-06-03 07:39:02.997164,54.13999,-166.241362,1470.0,89.45,1470.0,90.2
2017-06-03 07:39:03.496367,54.14,-166.241345,1470.0,90.58,1470.0,89.45
2017-06-03 07:39:03.995565,54.140027,-166.241302,1470.0,89.64,1470.0,89.64
2017-06-03 07:39:04.494768,54.140037,-166.241286,1470.0,89.64,1470.0,89.64
2017-06-03 07:39:04.993967,54.140063,-166.241245,1470.0,89.64,1470.0,90.77
2017-06-03 07:39:05.493170,54.140074,-166.241228,1470.0,89.64,1470.0,89.64
2017-06-03 07:39:05.992369,54.140102,-166.241183,1470.0,90.58,1470.0,89.83
2017-06-03 07:39:06.491571,54.140112,-166.241166,1470.0,89.64,1470.0,89.64
2017-06-03 07:39:06.990770,54.14014,-166.241122,1470.0,89.64,1470.0,91.15
2017-06-03 07:39:07.489973,54.14015,-166.241105,1470.0,91.15,1470.0,89.64
2017-06-03 07:39:07.989174,54.140175,-166.241062,1470.0,89.83,1470.0,89.83
2017-06-03 07:39:08.488375,54.140185,-166.241046,1470.0,90.96,1470.0,89.64
2017-06-03 07:39:08.987576,54.140213,-166.241002,1470.0,90.58,1470.0,90.77
2017-06-03 07:39:09.486776,54.140224,-166.240986,1470.0,89.45,1470.0,89.45
2017-06-03 07:39:09.985977,54.140253,-166.240942,1470.0,90.77,1470.0,89.45
2017-06-03 07:39:10.485176,54.140263,-166.240926,1470.0,89.64,1470.0,90.96
2017-06-03 07:39:10.984379,54.14029,-166.240883,1470.0,90.96,1470.0,89.83
2017-06-03 07:39:11.499178,54.1403,-166.240867,1470.0,90.96,1470.0,90.02
2017-06-03 07:39:11.998381,54.140327,-166.240823,1470.0,90.02,1470.0,91.15
2017-06-03 07:39:12.497580,54.140337,-166.240807,1470.0,90.96,1470.0,89.83
2017-06-03 07:39:12.996782,54.140363,-166.240763,1470.0,89.64,1470.0,89.64
2017-06-03 07:39:13.495983,54.140374,-166.240747,1470.0,89.45,1470.0,89.83
2017-06-03 07:39:13.995184,54.140402,-166.240705,1470.0,90.39,1470.0,89.26
2017-06-03 07:39:14.494385,54.140412,-166.240689,1470.0,89.45,1470.0,90.58
2017-06-03 07:39:14.993586,54.140438,-166.240645,1470.0,90.58,1470.0,89.45
2017-06-03 07:39:15.492786,54.140448,-166.240629,1470.0,89.64,1470.0,89.64
2017-06-03 07:39:15.991987,54.140475,-166.240585,1470.0,89.83,1470.0,89.83
2017-06-03 07:39:16.491188,54.140485,-166.240568,1470.0,91.33,1470.0,90.77
2017-06-03 07:39:16.990389,54.14051,-166.240523,1470.0,91.52,1470.0,91.15
2017-06-03 07:39:17.489590,54.14052,-166.240506,1470.0,89.83,1470.0,89.83
2017-06-03 07:39:17.988791,54.140545,-166.240462,1470.0,89.83,1470.0,89.83
2017-06-03 07:39:18.487991,54.140555,-166.240446,1470.0,90.96,1470.0,89.64
2017-06-03 07:39:18.987192,54.140582,-166.240402,1470.0,89.64,1470.0,89.64
2017-06-03 07:39:19.486393,54.140592,-166.240386,1470.0,89.64,1470.0,89.64
2017-06-03 07:39:19.985594,54.140622,-166.240342,1470.0,89.64,1470.0,89.64
2017-06-03 07:39:20.484795,54.140631,-166.240326,1470.0,89.83,1470.0,89.64
2017-06-03 07:39:20.983995,54.140658,-166.240285,1470.0,90.96,1470.0,89.83
2017-06-03 07:39:21.498796,54.140669,-166.240269,1470.0,89.83,1470.0,89.83
2017-06-03 07:39:21.997997,54.140697,-166.240227,1470.0,89.83,1470.0,89.83
2017-06-03 07:39:22.497198,54.140707,-166.24021,1470.0,89.83,1470.0,89.83
2017-06-03 07:39:22.996399,54.140733,-166.240167,1470.0,90.02,1470.0,89.83
2017-06-03 07:39:23.495600,54.140743,-166.240149,1470.0,90.96,1470.0,89.83
2017-06-03 07:39:23.994801,54.14077,-166.240103,1470.0,89.64,1470.0,89.64
2017-06-03 07:39:24.494003,54.14078,-166.240087,1470.0,89.83,1470.0,89.83
2017-06-03 07:39:24.993202,54.140805,-166.240043,1470.0,90.02,1470.0,89.83
2017-06-03 07:39:25.492405,54.140815,-166.240027,1470.0,90.02,1470.0,90.02
2017-06-03 07:39:25.991604,54.14084,-166.239983,1470.0,90.96,1470.0,90.96
2017-06-03 07:39:26.490807,54.14085,-166.239967,1470.0,90.02,1470.0,90.58
2017-06-03 07:39:26.990005,54.140877,-166.239922,1470.0,90.77,1470.0,90.77
2017-06-03 07:39:27.489208,54.140887,-166.239906,1470.0,90.77,1470.0,89.45
2017-06-03 07:39:27.988407,54.140915,-166.239862,1470.0,89.45,1470.0,89.26
2017-06-03 07:39:28.487610,54.140925,-166.239846,1470.0,90.39,1470.0,89.26
2017-06-03 07:39:28.986809,54.140952,-166.239805,1470.0,89.45,1470.0,89.45
2017-06-03 07:39:29.486012,54.140961,-166.23979,1470.0,89.64,1470.0,90.77
2017-06-03 07:39:29.985212,54.140988,-166.239748,1470.0,89.83,1470.0,89.83
2017-06-03 07:39:30.484413,54.140998,-166.239732,1470.0,91.15,1470.0,91.33
2017-06-03 07:39:30.999214,54.141023,-166.239687,1470.0,90.02,1470.0,90.02
2017-06-03 07:39:31.498413,54.141032,-166.239669,1470.0,90.2,1470.0,90.02
2017-06-03 07:39:31.997616,54.141057,-166.239623,1470.0,90.02,1470.0,90.02
2017-06-03 07:39:32.496815,54.141067,-166.239606,1470.0,90.02,1470.0,90.02
2017-06-03 07:39:32.996017,54.141093,-166.239562,1470.0,90.2,1470.0,90.02
2017-06-03 07:39:33.495218,54.141103,-166.239545,1470.0,90.02,1470.0,90.96
2017-06-03 07:39:33.994419,54.14113,-166.239502,1470.0,90.02,1470.0,91.15
2017-06-03 07:39:34.493620,54.141141,-166.239486,1470.0,91.15,1470.0,91.33
2017-06-03 07:39:34.992821,54.141168,-166.239443,1470.0,90.96,1470.0,89.83
2017-06-03 07:39:35.492022,54.141179,-166.239428,1470.0,89.83,1470.0,89.64
2017-06-03 07:39:35.991222,54.141207,-166.239387,1470.0,89.64,1470.0,89.64
2017-06-03 07:39:36.490423,54.141217,-166.239371,1470.0,90.77,1470.0,89.64
2017-06-03 07:39:36.989624,54.141245,-166.239328,1470.0,89.45,1470.0,89.45
2017-06-03 07:39:37.488825,54.141255,-166.239313,1470.0,90.77,1470.0,89.45
2017-06-03 07:39:37.988026,54.141283,-166.23927,1470.0,90.58,1470.0,89.64
2017-06-03 07:39:38.487226,54.141293,-166.239254,1470.0,90.02,1470.0,89.83
2017-06-03 07:39:38.986427,54.141318,-166.23921,1470.0,90.96,1470.0,90.77
2017-06-03 07:39:39.485628,54.141327,-166.239194,1470.0,90.02,1470.0,90.77
2017-06-03 07:39:39.984829,54.141353,-166.239147,1470.0,91.15,1470.0,91.33
2017-06-03 07:39:40.484030,54.141363,-166.23913,1470.0,90.02,1470.0,91.33
2017-06-03 07:39:40.998831,54.14139,-166.239085,1470.0,90.02,1470.0,91.33
2017-06-03 07:39:41.498032,54.1414,-166.239069,1470.0,90.02,1470.0,90.02
2017-06-03 07:39:41.997232,54.141427,-166.239025,1470.0,90.02,1470.0,90.02
2017-06-03 07:39:42.496433,54.141437,-166.239009,1470.0,90.02,1470.0,90.02
2017-06-03 07:39:42.995634,54.141465,-166.238965,1470.0,90.02,1470.0,89.83
2017-06-03 07:39:43.494835,54.141476,-166.238949,1470.0,89.83,1470.0,89.83
2017-06-03 07:39:43.994036,54.141503,-166.238905,1470.0,89.83,1470.0,90.96
2017-06-03 07:39:44.493238,54.141514,-166.238889,1470.0,89.83,1470.0,90.2
2017-06-03 07:39:44.992437,54.141542,-166.238845,1470.0,89.83,1470.0,89.83
2017-06-03 07:39:45.491640,54.141552,-166.238829,1470.0,89.83,1470.0,89.83
2017-06-03 07:39:45.990839,54.141578,-166.238785,1470.0,90.96,1470.0,89.83
2017-06-03 07:39:46.490042,54.141588,-166.238768,1470.0,89.83,1470.0,91.15
2017-06-03 07:39:46.989241,54.141615,-166.238723,1470.0,90.02,1470.0,89.83
2017-06-03 07:39:47.488443,54.141624,-166.238706,1470.0,91.15,1470.0,90.77
2017-06-03 07:39:47.987642,54.141648,-166.238658,1470.0,90.02,1470.0,91.15
2017-06-03 07:39:48.486845,54.141657,-166.238641,1470.0,90.02,1470.0,91.15
2017-06-03 07:39:48.986044,54.141682,-166.238595,1470.0,90.96,1470.0,89.83
2017-06-03 07:39:49.485247,54.14169,-166.238579,1470.0,89.83,1470.0,89.83
2017-06-03 07:39:49.984447,54.141717,-166.238532,1470.0,89.83,1470.0,89.64
2017-06-03 07:39:50.499247,54.141727,-166.238515,1470.0,89.64,1470.0,89.64
2017-06-03 07:39:50.998449,54.141755,-166.238472,1470.0,90.77,1470.0,90.58
2017-06-03 07:39:51.497648,54.141765,-166.238455,1470.0,89.83,1470.0,90.58
2017-06-03 07:39:51.996851,54.14179,-166.238412,1470.0,89.83,1470.0,90.96
2017-06-03 07:39:52.496050,54.1418,-166.238395,1470.0,90.02,1470.0,91.33
2017-06-03 07:39:52.995253,54.141825,-166.23835,1470.0,90.2,1470.0,90.96
2017-06-03 07:39:53.494452,54.141835,-166.238333,1470.0,91.33,1470.0,90.96
2017-06-03 07:39:53.993654,54.141862,-166.238287,1470.0,90.02,1470.0,90.02
2017-06-03 07:39:54.492853,54.141871,-166.238269,1470.0,89.83,1470.0,89.83
2017-06-03 07:39:54.992056,54.141897,-166.238223,1470.0,90.96,1470.0,89.64
2017-06-03 07:39:55.491257,54.141906,-166.238206,1470.0,89.83,1470.0,89.83
2017-06-03 07:39:55.990458,54.141932,-166.23816,1470.0,90.02,1470.0,91.33
2017-06-03 07:39:56.489658,54.141941,-166.238143,1470.0,90.2,1470.0,91.33
2017-06-03 07:39:56.988859,54.141967,-166.238098,1470.0,90.39,1470.0,90.2
2017-06-03 07:39:57.488060,54.141976,-166.238082,1470.0,91.33,1470.0,91.33
2017-06-03 07:39:57.987261,54.142002,-166.238037,1470.0,90.96,1470.0,91.15
2017-06-03 07:39:58.486462,54.142011,-166.238021,1470.0,89.83,1470.0,90.77
2017-06-03 07:39:58.985662,54.142038,-166.237977,1470.0,89.64,1470.0,90.77
2017-06-03 07:39:59.484863,54.142048,-166.237962,1470.0,89.64,1470.0,90.02
2017-06-03 07:39:59.984064,54.142075,-166.237917,1470.0,90.96,1470.0,90.02
2017-06-03 07:40:00.498865,54.142085,-166.2379,1470.0,89.83,1470.0,90.96
2017-06-03 07:40:00.998066,54.142112,-166.237857,1470.0,90.02,1470.0,91.15
2017-06-03 07:40:01.497267,54.142122,-166.237841,1470.0,90.02,1470.0,91.33
2017-06-03 07:40:01.996468,54.142148,-166.237798,1470.0,91.15,1470.0,90.77
2017-06-03 07:40:02.495668,54.142158,-166.237782,1470.0,89.83,1470.0,90.96
2017-06-03 07:40:02.994869,54.142185,-166.237738,1470.0,91.15,1470.0,90.02
2017-06-03 07:40:03.494070,54.142195,-166.237722,1470.0,89.83,1470.0,90.96
2017-06-03 07:40:03.993271,54.142222,-166.237678,1470.0,90.02,1470.0,89.83
2017-06-03 07:40:04.492474,54.142232,-166.237662,1470.0,91.52,1470.0,90.02
2017-06-03 07:40:04.991673,54.142258,-166.23762,1470.0,90.02,1470.0,91.33
2017-06-03 07:40:05.490875,54.142269,-166.237604,1470.0,90.02,1470.0,90.96
2017-06-03 07:40:05.990074,54.142297,-166.23756,1470.0,90.02,1470.0,90.02
2017-06-03 07:40:06.489277,54.142307,-166.237545,1470.0,90.96,1470.0,89.83
2017-06-03 07:40:06.988476,54.142335,-166.237503,1470.0,89.83,1470.0,89.83
2017-06-03 07:40:07.487679,54.142345,-166.237489,1470.0,89.83,1470.0,90.77
2017-06-03 07:40:07.986877,54.142373,-166.237447,1470.0,91.15,1470.0,89.83
2017-06-03 07:40:08.486080,54.142383,-166.237431,1470.0,90.02,1470.0,91.33
2017-06-03 07:40:08.985279,54.14241,-166.237388,1470.0,90.2,1470.0,91.33
2017-06-03 07:40:09.484482,54.142419,-166.237373,1470.0,91.33,1470.0,90.2
2017-06-03 07:40:09.999283,54.142447,-166.237328,1470.0,90.39,1470.0,90.2
2017-06-03 07:40:10.498482,54.142457,-166.237312,1470.0,90.2,1470.0,91.15
2017-06-03 07:40:10.997684,54.142485,-166.23727,1470.0,89.83,1470.0,91.15
2017-06-03 07:40:11.496883,54.142496,-166.237254,1470.0,89.64,1470.0,90.39
2017-06-03 07:40:11.996086,54.142523,-166.237212,1470.0,89.64,1470.0,90.77
2017-06-03 07:40:12.495285,54.142533,-166.237196,1470.0,90.96,1470.0,89.64
2017-06-03 07:40:12.994488,54.14256,-166.237153,1470.0,90.77,1470.0,89.83
2017-06-03 07:40:13.493687,54.14257,-166.237137,1470.0,90.02,1470.0,90.02
2017-06-03 07:40:13.992889,54.142597,-166.237095,1470.0,90.96,1470.0,91.15
2017-06-03 07:40:14.492088,54.142607,-166.237079,1470.0,90.02,1470.0,90.02
2017-06-03 07:40:14.991291,54.142633,-166.237035,1470.0,90.02,1470.0,90.02
2017-06-03 07:40:15.490492,54.142643,-166.237019,1470.0,91.15,1470.0,90.02
2017-06-03 07:40:15.989693,54.14267,-166.236975,1470.0,90.02,1470.0,90.02
2017-06-03 07:40:16.488894,54.14268,-166.236959,1470.0,90.2,1470.0,90.96
2017-06-03 07:40:16.988094,54.142707,-166.236917,1470.0,91.33,1470.0,90.39
2017-06-03 07:40:17.487295,54.142717,-166.236901,1470.0,91.33,1470.0,90.2
2017-06-03 07:40:17.986496,54.142745,-166.236857,1470.0,90.2,1470.0,91.15
2017-06-03 07:40:18.485697,54.142755,-166.236841,1470.0,90.96,1470.0,89.83
2017-06-03 07:40:18.984898,54.142783,-166.236798,1470.0,90.77,1470.0,90.96
2017-06-03 07:40:19.484098,54.142793,-166.236784,1470.0,89.83,1470.0,89.83
2017-06-03 07:40:19.998899,54.14282,-166.236742,1470.0,91.33,1470.0,90.02
2017-06-03 07:40:20.498100,54.142831,-166.236725,1470.0,90.2,1470.0,90.02
2017-06-03 07:40:20.997301,54.142857,-166.236685,1470.0,91.33,1470.0,90.02
2017-06-03 07:40:21.496502,54.142867,-166.236669,1470.0,90.02,1470.0,90.02
2017-06-03 07:40:21.995703,54.142895,-166.236627,1470.0,89.83,1470.0,89.83
2017-06-03 07:40:22.494904,54.142905,-166.236611,1470.0,89.83,1470.0,89.83
2017-06-03 07:40:22.994104,54.142932,-166.236568,1470.0,89.83,1470.0,89.83
2017-06-03 07:40:23.493305,54.142942,-166.236553,1470.0,91.15,1470.0,91.15
2017-06-03 07:40:23.992506,54.142968,-166.236512,1470.0,91.33,1470.0,91.15
2017-06-03 07:40:24.491707,54.142978,-166.236496,1470.0,90.2,1470.0,91.15
2017-06-03 07:40:24.990908,54.143003,-166.236452,1470.0,91.71,1470.0,91.15
2017-06-03 07:40:25.490110,54.143013,-166.236436,1470.0,90.2,1470.0,90.2
2017-06-03 07:40:25.989309,54.14304,-166.23639,1470.0,90.02,1470.0,90.02
2017-06-03 07:40:26.488512,54.14305,-166.236373,1470.0,90.02,1470.0,90.02
2017-06-03 07:40:26.987711,54.143077,-166.236328,1470.0,90.02,1470.0,90.02
2017-06-03 07:40:27.486914,54.143086,-166.236313,1470.0,91.15,1470.0,90.02
2017-06-03 07:40:27.986113,54.143113,-166.23627,1470.0,91.15,1470.0,91.33
2017-06-03 07:40:28.485315,54.143123,-166.236254,1470.0,91.52,1470.0,91.33
2017-06-03 07:40:28.984514,54.14315,-166.23621,1470.0,90.2,1470.0,90.02
2017-06-03 07:40:29.499315,54.143161,-166.236194,1470.0,91.15,1470.0,90.02
2017-06-03 07:40:29.998518,54.143188,-166.23615,1470.0,91.15,1470.0,90.96
2017-06-03 07:40:30.497717,54.143198,-166.236134,1470.0,91.15,1470.0,90.2
2017-06-03 07:40:30.996920,54.143223,-166.23609,1470.0,90.2,1470.0,90.2
2017-06-03 07:40:31.496119,54.143233,-166.236074,1470.0,91.52,1470.0,91.15
2017-06-03 07:40:31.995321,54.14326,-166.23603,1470.0,91.33,1470.0,91.15
2017-06-03 07:40:32.494520,54.143271,-166.236014,1470.0,90.02,1470.0,90.96
2017-06-03 07:40:32.993723,54.143298,-166.23597,1470.0,89.83,1470.0,89.83
2017-06-03 07:40:33.492922,54.143308,-166.235954,1470.0,91.15,1470.0,90.02
2017-06-03 07:40:33.992125,54.143335,-166.23591,1470.0,90.02,1470.0,91.15
2017-06-03 07:40:34.491323,54.143345,-166.235894,1470.0,90.96,1470.0,90.02
2017-06-03 07:40:34.990526,54.143372,-166.235852,1470.0,91.52,1470.0,90.2
2017-06-03 07:40:35.489727,54.143381,-166.235836,1470.0,90.2,1470.0,90.2
2017-06-03 07:40:35.988928,54.143407,-166.23579,1470.0,90.2,1470.0,90.2
2017-06-03 07:40:36.488129,54.143416,-166.235773,1470.0,90.2,1470.0,90.2
2017-06-03 07:40:36.987329,54.143442,-166.235728,1470.0,90.2,1470.0,90.2
2017-06-03 07:40:37.486530,54.143451,-166.235712,1470.0,90.2,1470.0,90.2
2017-06-03 07:40:37.985731,54.143478,-166.235665,1470.0,90.2,1470.0,91.33
2017-06-03 07:40:38.484932,54.143488,-166.235649,1470.0,90.02,1470.0,90.02
2017-06-03 07:40:38.984133,54.143515,-166.235605,1470.0,90.02,1470.0,90.96
2017-06-03 07:40:39.498934,54.143526,-166.235589,1470.0,91.15,1470.0,91.15
2017-06-03 07:40:39.998135,54.143553,-166.235547,1470.0,90.02,1470.0,90.02
2017-06-03 07:40:40.497335,54.143563,-166.23553,1470.0,91.15,1470.0,90.02
2017-06-03 07:40:40.996536,54.14359,-166.235487,1470.0,91.15,1470.0,90.02
2017-06-03 07:40:41.495737,54.1436,-166.23547,1470.0,90.2,1470.0,91.33
2017-06-03 07:40:41.994938,54.143627,-166.235425,1470.0,90.2,1470.0,90.2
2017-06-03 07:40:42.494139,54.143637,-166.235408,1470.0,90.39,1470.0,90.2
2017-06-03 07:40:42.993340,54.143663,-166.235362,1470.0,90.39,1470.0,91.33
2017-06-03 07:40:43.492540,54.143673,-166.235345,1470.0,90.39,1470.0,91.52
2017-06-03 07:40:43.991741,54.143698,-166.235302,1470.0,91.52,1470.0,90.58
2017-06-03 07:40:44.490942,54.143708,-166.235285,1470.0,91.71,1470.0,90.2
2017-06-03 07:40:44.990143,54.143735,-166.23524,1470.0,90.02,1470.0,90.02
2017-06-03 07:40:45.489344,54.143744,-166.235225,1470.0,91.33,1470.0,91.15
2017-06-03 07:40:45.988544,54.143772,-166.23518,1470.0,90.96,1470.0,89.83
2017-06-03 07:40:46.487747,54.143782,-166.235164,1470.0,90.02,1470.0,91.15
2017-06-03 07:40:46.986946,54.14381,-166.23512,1470.0,91.15,1470.0,90.02
2017-06-03 07:40:47.486149,54.143819,-166.235105,1470.0,91.33,1470.0,91.33
2017-06-03 07:40:47.985348,54.143845,-166.235058,1470.0,91.52,1470.0,90.2
2017-06-03 07:40:48.484550,54.143854,-166.235043,1470.0,91.33,1470.0,90.2
2017-06-03 07:40:48.999350,54.14388,-166.234997,1470.0,90.2,1470.0,90.2
2017-06-03 07:40:49.498552,54.14389,-166.23498,1470.0,90.2,1470.0,91.15
2017-06-03 07:40:49.997751,54.143917,-166.234937,1470.0,90.2,1470.0,91.15
2017-06-03 07:40:50.496952,54.143927,-166.234919,1470.0,90.2,1470.0,90.2
2017-06-03 07:40:50.996155,54.143953,-166.234873,1470.0,90.39,1470.0,90.2
2017-06-03 07:40:51.495354,54.143963,-166.234856,1470.0,91.52,1470.0,90.2
2017-06-03 07:40:51.994556,54.143988,-166.23481,1470.0,90.39,1470.0,91.33
2017-06-03 07:40:52.493755,54.143998,-166.234793,1470.0,90.39,1470.0,91.52
2017-06-03 07:40:52.992958,54.144023,-166.234748,1470.0,90.39,1470.0,91.52
2017-06-03 07:40:53.492157,54.144033,-166.234731,1470.0,90.39,1470.0,90.2
2017-06-03 07:40:53.991360,54.14406,-166.234687,1470.0,90.2,1470.0,91.15
2017-06-03 07:40:54.490559,54.144069,-166.234671,1470.0,90.02,1470.0,90.02
2017-06-03 07:40:54.989761,54.144095,-166.234627,1470.0,91.15,1470.0,89.83
2017-06-03 07:40:55.488962,54.144105,-166.234611,1470.0,89.83,1470.0,89.83
2017-06-03 07:40:55.988163,54.144133,-166.234567,1470.0,89.83,1470.0,90.77
2017-06-03 07:40:56.487364,54.144143,-166.234551,1470.0,89.83,1470.0,89.83
2017-06-03 07:40:56.986565,54.14417,-166.234507,1470.0,91.15,1470.0,90.2
2017-06-03 07:40:57.485765,54.144179,-166.234492,1470.0,91.71,1470.0,91.33
2017-06-03 07:40:57.984966,54.144207,-166.234447,1470.0,91.52,1470.0,91.71
2017-06-03 07:40:58.484167,54.144215,-166.234431,1470.0,91.71,1470.0,90.39
2017-06-03 07:40:58.998968,54.144242,-166.234385,1470.0,90.58,1470.0,90.58
2017-06-03 07:40:59.498169,54.144251,-166.234368,1470.0,90.77,1470.0,90.58
2017-06-03 07:40:59.997370,54.144277,-166.234322,1470.0,90.58,1470.0,90.58
2017-06-03 07:41:00.496571,54.144287,-166.234305,1470.0,91.9,1470.0,90.39
2017-06-03 07:41:00.995771,54.144315,-166.23426,1470.0,90.39,1470.0,91.33
2017-06-03 07:41:01.494972,54.144325,-166.234244,1470.0,91.33,1470.0,90.96
2017-06-03 07:41:01.994173,54.144352,-166.234202,1470.0,90.2,1470.0,90.2
2017-06-03 07:41:02.493374,54.144362,-166.234186,1470.0,90.2,1470.0,90.96
2017-06-03 07:41:02.992575,54.14439,-166.234145,1470.0,91.52,1470.0,90.02
2017-06-03 07:41:03.491776,54.144401,-166.234129,1470.0,90.02,1470.0,90.02
2017-06-03 07:41:03.990976,54.14443,-166.234088,1470.0,90.02,1470.0,90.02
2017-06-03 07:41:04.490177,54.14444,-166.234073,1470.0,90.02,1470.0,91.15
2017-06-03 07:41:04.989378,54.144467,-166.23403,1470.0,90.2,1470.0,90.02
2017-06-03 07:41:05.488579,54.144476,-166.234014,1470.0,90.2,1470.0,91.33
2017-06-03 07:41:05.987780,54.144502,-166.233968,1470.0,91.52,1470.0,91.15
2017-06-03 07:41:06.486982,54.144511,-166.233952,1470.0,90.58,1470.0,91.71
2017-06-03 07:41:06.986181,54.144537,-166.233907,1470.0,90.39,1470.0,90.39
2017-06-03 07:41:07.485384,54.144545,-166.233891,1470.0,90.39,1470.0,91.71
2017-06-03 07:41:07.984583,54.144572,-166.233845,1470.0,90.39,1470.0,90.39
2017-06-03 07:41:08.483786,54.144581,-166.23383,1470.0,90.39,1470.0,90.2
2017-06-03 07:41:08.998585,54.14461,-166.233785,1470.0,90.39,1470.0,90.2
2017-06-03 07:41:09.497787,54.144621,-166.233769,1470.0,90.39,1470.0,91.71
2017-06-03 07:41:09.996986,54.144648,-166.233727,1470.0,90.39,1470.0,90.39
2017-06-03 07:41:10.496189,54.144658,-166.23371,1470.0,91.33,1470.0,90.39
2017-06-03 07:41:10.995388,54.144685,-166.233667,1470.0,91.71,1470.0,90.39
2017-06-03 07:41:11.494589,54.144696,-166.233652,1470.0,90.39,1470.0,91.71
2017-06-03 07:41:11.993792,54.144725,-166.233612,1470.0,90.39,1470.0,90.2
2017-06-03 07:41:12.492990,54.144736,-166.233596,1470.0,90.2,1470.0,91.52
2017-06-03 07:41:12.992193,54.144763,-166.233553,1470.0,91.15,1470.0,90.2
2017-06-03 07:41:13.491392,54.144773,-166.233537,1470.0,91.33,1470.0,90.2
2017-06-03 07:41:13.990595,54.144798,-166.233493,1470.0,90.2,1470.0,91.15
2017-06-03 07:41:14.489794,54.144808,-166.233476,1470.0,90.2,1470.0,90.2
2017-06-03 07:41:14.988997,54.144835,-166.233432,1470.0,90.2,1470.0,90.2
2017-06-03 07:41:15.488195,54.144845,-166.233415,1470.0,90.2,1470.0,90.2
2017-06-03 07:41:15.987398,54.14487,-166.233372,1470.0,91.52,1470.0,90.2
2017-06-03 07:41:16.486599,54.14488,-166.233356,1470.0,90.39,1470.0,90.2
2017-06-03 07:41:16.985800,54.144907,-166.233312,1470.0,91.15,1470.0,90.2
2017-06-03 07:41:17.485001,54.144916,-166.233297,1470.0,91.33,1470.0,90.2
2017-06-03 07:41:17.984201,54.144943,-166.233252,1470.0,91.33,1470.0,90.2
2017-06-03 07:41:18.499002,54.144954,-166.233235,1470.0,91.33,1470.0,91.15
2017-06-03 07:41:18.998203,54.144982,-166.233192,1470.0,90.39,1470.0,91.33
2017-06-03 07:41:19.497404,54.144992,-166.233176,1470.0,91.71,1470.0,90.39
2017-06-03 07:41:19.996605,54.14502,-166.233135,1470.0,90.58,1470.0,90.39
2017-06-03 07:41:20.495806,54.145031,-166.233119,1470.0,91.52,1470.0,90.39
2017-06-03 07:41:20.995007,54.145058,-166.233077,1470.0,90.39,1470.0,91.52
2017-06-03 07:41:21.494207,54.145069,-166.233061,1470.0,91.71,1470.0,90.2
2017-06-03 07:41:21.993408,54.145097,-166.233018,1470.0,90.2,1470.0,91.15
2017-06-03 07:41:22.492609,54.145106,-166.233001,1470.0,90.2,1470.0,91.33
2017-06-03 07:41:22.991810,54.145132,-166.232957,1470.0,90.39,1470.0,91.52
2017-06-03 07:41:23.491011,54.145141,-166.23294,1470.0,91.71,1470.0,90.39
2017-06-03 07:41:23.990211,54.145167,-166.232895,1470.0,90.58,1470.0,91.9
2017-06-03 07:41:24.489412,54.145176,-166.232879,1470.0,91.52,1470.0,90.39
2017-06-03 07:41:24.988613,54.145202,-166.232835,1470.0,90.39,1470.0,90.58
2017-06-03 07:41:25.487814,54.145212,-166.23282,1470.0,91.52,1470.0,91.33
2017-06-03 07:41:25.987015,54.14524,-166.232775,1470.0,90.02,1470.0,91.33
2017-06-03 07:41:26.486217,54.14525,-166.232759,1470.0,90.02,1470.0,90.96
2017-06-03 07:41:26.985416,54.145277,-166.232717,1470.0,91.15,1470.0,90.02
2017-06-03 07:41:27.484619,54.145286,-166.232702,1470.0,90.2,1470.0,90.2
2017-06-03 07:41:27.983818,54.145313,-166.232658,1470.0,90.39,1470.0,90.39
2017-06-03 07:41:28.498621,54.145323,-166.232641,1470.0,90.58,1470.0,90.58
2017-06-03 07:41:28.997820,54.145348,-166.232597,1470.0,90.58,1470.0,91.9
2017-06-03 07:41:29.497023,54.145358,-166.23258,1470.0,91.71,1470.0,91.52
2017-06-03 07:41:29.996222,54.145385,-166.232537,1470.0,90.39,1470.0,90.39
2017-06-03 07:41:30.495424,54.145395,-166.23252,1470.0,90.39,1470.0,91.52
2017-06-03 07:41:30.994623,54.145422,-166.232475,1470.0,91.33,1470.0,91.52
2017-06-03 07:41:31.493826,54.145432,-166.232458,1470.0,90.39,1470.0,91.33
2017-06-03 07:41:31.993027,54.145458,-166.232413,1470.0,90.39,1470.0,91.52
2017-06-03 07:41:32.492228,54.145468,-166.232397,1470.0,90.39,1470.0,90.39
2017-06-03 07:41:32.991428,54.145493,-166.232353,1470.0,90.58,1470.0,90.39
2017-06-03 07:41:33.490627,54.145504,-166.232337,1470.0,90.39,1470.0,90.39
2017-06-03 07:41:33.989830,54.145532,-166.232293,1470.0,90.39,1470.0,90.39
2017-06-03 07:41:34.489029,54.145541,-166.232278,1470.0,91.33,1470.0,90.2
2017-06-03 07:41:34.988232,54.145568,-166.232235,1470.0,91.33,1470.0,91.15
2017-06-03 07:41:35.487431,54.145578,-166.23222,1470.0,90.2,1470.0,90.02
2017-06-03 07:41:35.986633,54.145605,-166.232177,1470.0,90.2,1470.0,91.33
2017-06-03 07:41:36.485832,54.145614,-166.232162,1470.0,90.39,1470.0,91.52
2017-06-03 07:41:36.985035,54.145642,-166.232117,1470.0,91.71,1470.0,90.39
2017-06-03 07:41:37.484236,54.14565,-166.232102,1470.0,90.58,1470.0,91.52
2017-06-03 07:41:37.999037,54.145677,-166.232057,1470.0,91.9,1470.0,90.39
2017-06-03 07:41:38.498238,54.145686,-166.23204,1470.0,90.39,1470.0,90.39
2017-06-03 07:41:38.997438,54.145712,-166.231995,1470.0,90.58,1470.0,90.2
2017-06-03 07:41:39.496639,54.145722,-166.231979,1470.0,91.33,1470.0,90.2
2017-06-03 07:41:39.995840,54.14575,-166.231937,1470.0,91.71,1470.0,91.52
2017-06-03 07:41:40.495041,54.14576,-166.231921,1470.0,91.71,1470.0,90.39
2017-06-03 07:41:40.994242,54.145787,-166.231878,1470.0,90.58,1470.0,91.71
2017-06-03 07:41:41.493443,54.145797,-166.231862,1470.0,90.58,1470.0,90.58
2017-06-03 07:41:41.992643,54.145823,-166.231818,1470.0,90.58,1470.0,91.71
2017-06-03 07:41:42.491844,54.145834,-166.231802,1470.0,90.58,1470.0,90.39
2017-06-03 07:41:42.991045,54.145862,-166.231758,1470.0,91.33,1470.0,90.39
2017-06-03 07:41:43.490246,54.145872,-166.231743,1470.0,91.33,1470.0,90.2
2017-06-03 07:41:43.989447,54.1459,-166.231698,1470.0,91.52,1470.0,91.33
2017-06-03 07:41:44.488647,54.14591,-166.231683,1470.0,90.39,1470.0,91.52
2017-06-03 07:41:44.987848,54.145938,-166.23164,1470.0,90.39,1470.0,91.33
2017-06-03 07:41:45.487049,54.145947,-166.231625,1470.0,90.39,1470.0,91.71
2017-06-03 07:41:45.986250,54.145973,-166.23158,1470.0,90.39,1470.0,91.52
2017-06-03 07:41:46.485451,54.145983,-166.231563,1470.0,90.39,1470.0,91.52
2017-06-03 07:41:46.984652,54.14601,-166.231518,1470.0,90.39,1470.0,91.33
2017-06-03 07:41:47.483854,54.146019,-166.231502,1470.0,90.39,1470.0,91.33
2017-06-03 07:41:47.998653,54.146047,-166.231457,1470.0,90.39,1470.0,91.33
2017-06-03 07:41:48.497856,54.146057,-166.231439,1470.0,90.39,1470.0,91.71
2017-06-03 07:41:48.997055,54.146082,-166.231395,1470.0,90.58,1470.0,90.39
2017-06-03 07:41:49.496258,54.146091,-166.231378,1470.0,91.71,1470.0,90.39
2017-06-03 07:41:49.995457,54.146117,-166.231332,1470.0,90.58,1470.0,91.33
2017-06-03 07:41:50.494659,54.146127,-166.231315,1470.0,90.58,1470.0,91.71
2017-06-03 07:41:50.993858,54.146153,-166.23127,1470.0,90.58,1470.0,91.71
2017-06-03 07:41:51.493061,54.146163,-166.231254,1470.0,90.58,1470.0,91.52
2017-06-03 07:41:51.992262,54.146188,-166.23121,1470.0,91.52,1470.0,91.71
2017-06-03 07:41:52.491463,54.146199,-166.231194,1470.0,90.39,1470.0,90.39
2017-06-03 07:41:52.990664,54.146227,-166.23115,1470.0,91.52,1470.0,90.77
2017-06-03 07:41:53.489864,54.146238,-166.231134,1470.0,91.33,1470.0,90.2
2017-06-03 07:41:53.989065,54.146267,-166.23109,1470.0,90.39,1470.0,90.2
2017-06-03 07:41:54.488264,54.146276,-166.231074,1470.0,90.39,1470.0,91.52
2017-06-03 07:41:54.987467,54.146303,-166.23103,1470.0,90.58,1470.0,91.52
2017-06-03 07:41:55.486666,54.146312,-166.231015,1470.0,90.77,1470.0,90.58
2017-06-03 07:41:55.985868,54.146338,-166.230968,1470.0,90.77,1470.0,90.77
2017-06-03 07:41:56.485067,54.146347,-166.230953,1470.0,92.09,1470.0,90.58
2017-06-03 07:41:56.984270,54.146373,-166.230907,1470.0,90.58,1470.0,91.52
2017-06-03 07:41:57.499071,54.146383,-166.23089,1470.0,90.58,1470.0,90.58
2017-06-03 07:41:57.998272,54.14641,-166.230845,1470.0,90.39,1470.0,90.39
2017-06-03 07:41:58.497473,54.14642,-166.230828,1470.0,91.52,1470.0,91.33
2017-06-03 07:41:58.996674,54.146447,-166.230783,1470.0,90.39,1470.0,90.2
2017-06-03 07:41:59.495874,54.146457,-166.230767,1470.0,90.39,1470.0,91.33
2017-06-03 07:41:59.995075,54.146485,-166.230725,1470.0,91.71,1470.0,90.39
2017-06-03 07:42:00.494276,54.146495,-166.230709,1470.0,90.58,1470.0,91.52
2017-06-03 07:42:00.993477,54.146522,-166.230665,1470.0,90.58,1470.0,90.58
2017-06-03 07:42:01.492678,54.146532,-166.230649,1470.0,90.58,1470.0,90.58
2017-06-03 07:42:01.991879,54.146558,-166.230605,1470.0,91.9,1470.0,91.71
2017-06-03 07:42:02.491079,54.146568,-166.230589,1470.0,91.71,1470.0,90.39
2017-06-03 07:42:02.990280,54.146595,-166.230545,1470.0,91.9,1470.0,90.39
2017-06-03 07:42:03.489481,54.146604,-166.23053,1470.0,91.71,1470.0,91.9
2017-06-03 07:42:03.988682,54.146632,-166.230485,1470.0,90.58,1470.0,90.58
2017-06-03 07:42:04.487883,54.146642,-166.230469,1470.0,90.58,1470.0,90.58
2017-06-03 07:42:04.987083,54.14667,-166.230425,1470.0,90.77,1470.0,91.9
2017-06-03 07:42:05.486284,54.146679,-166.23041,1470.0,90.58,1470.0,91.71
2017-06-03 07:42:05.985485,54.146707,-166.230365,1470.0,91.9,1470.0,90.58
2017-06-03 07:42:06.484686,54.146716,-166.23035,1470.0,90.58,1470.0,90.58
2017-06-03 07:42:06.983887,54.146743,-166.230305,1470.0,91.71,1470.0,90.58
2017-06-03 07:42:07.498690,54.146754,-166.230289,1470.0,90.58,1470.0,91.33
2017-06-03 07:42:07.997889,54.146782,-166.230245,1470.0,90.58,1470.0,90.39
2017-06-03 07:42:08.497091,54.146792,-166.230229,1470.0,90.39,1470.0,90.2
2017-06-03 07:42:08.996290,54.146818,-166.230185,1470.0,90.39,1470.0,90.2
2017-06-03 07:42:09.495493,54.146828,-166.230169,1470.0,90.39,1470.0,90.39
2017-06-03 07:42:09.994692,54.146855,-166.230125,1470.0,90.58,1470.0,90.58
2017-06-03 07:42:10.493895,54.146865,-166.230109,1470.0,90.96,1470.0,90.77
2017-06-03 07:42:10.993093,54.146892,-166.230065,1470.0,91.15,1470.0,90.96
2017-06-03 07:42:11.492296,54.146902,-166.230049,1470.0,90.96,1470.0,90.96
2017-06-03 07:42:11.991495,54.146928,-166.230005,1470.0,90.96,1470.0,90.96
2017-06-03 07:42:12.490698,54.146938,-166.229988,1470.0,90.77,1470.0,90.77
2017-06-03 07:42:12.989899,54.146965,-166.229943,1470.0,90.58,1470.0,90.58
2017-06-03 07:42:13.489100,54.146975,-166.229927,1470.0,91.9,1470.0,91.71
2017-06-03 07:42:13.988300,54.147003,-166.229882,1470.0,91.9,1470.0,91.52
2017-06-03 07:42:14.487501,54.147013,-166.229865,1470.0,90.58,1470.0,91.33
2017-06-03 07:42:14.986702,54.14704,-166.22982,1470.0,90.58,1470.0,91.33
2017-06-03 07:42:15.485901,54.14705,-166.229805,1470.0,90.77,1470.0,90.58
2017-06-03 07:42:15.985104,54.147078,-166.229762,1470.0,90.58,1470.0,90.58
2017-06-03 07:42:16.484303,54.147088,-166.229747,1470.0,90.58,1470.0,90.96
2017-06-03 07:42:16.999105,54.147117,-166.229703,1470.0,91.71,1470.0,90.39
2017-06-03 07:42:17.498306,54.147127,-166.229686,1470.0,91.52,1470.0,90.39
2017-06-03 07:42:17.997507,54.147153,-166.229642,1470.0,90.58,1470.0,91.9
2017-06-03 07:42:18.496708,54.147162,-166.229624,1470.0,90.77,1470.0,92.09
2017-06-03 07:42:18.995909,54.147187,-166.229578,1470.0,92.27,1470.0,90.77
2017-06-03 07:42:19.495110,54.147196,-166.229561,1470.0,90.96,1470.0,90.77
2017-06-03 07:42:19.994310,54.147222,-166.229515,1470.0,90.96,1470.0,90.77
2017-06-03 07:42:20.493511,54.147231,-166.229498,1470.0,90.96,1470.0,90.77
2017-06-03 07:42:20.992712,54.147257,-166.229452,1470.0,90.96,1470.0,90.96
2017-06-03 07:42:21.491913,54.147267,-166.229435,1470.0,90.96,1470.0,92.46
2017-06-03 07:42:21.991114,54.147293,-166.229392,1470.0,90.96,1470.0,92.09
2017-06-03 07:42:22.490314,54.147303,-166.229376,1470.0,90.96,1470.0,92.09
2017-06-03 07:42:22.989515,54.14733,-166.229332,1470.0,92.09,1470.0,90.77
2017-06-03 07:42:23.488716,54.147341,-166.229317,1470.0,91.71,1470.0,90.58
2017-06-03 07:42:23.987917,54.147372,-166.229275,1470.0,91.71,1470.0,90.39
2017-06-03 07:42:24.487118,54.147382,-166.229259,1470.0,91.71,1470.0,90.39
2017-06-03 07:42:24.986319,54.14741,-166.229217,1470.0,91.52,1470.0,90.39
2017-06-03 07:42:25.485519,54.147419,-166.229201,1470.0,91.9,1470.0,90.58
2017-06-03 07:42:25.984720,54.147447,-166.229153,1470.0,92.09,1470.0,90.96
2017-06-03 07:42:26.483921,54.147455,-166.229137,1470.0,91.15,1470.0,91.9
2017-06-03 07:42:26.998722,54.14748,-166.229088,1470.0,91.15,1470.0,91.15
2017-06-03 07:42:27.497923,54.147489,-166.229071,1470.0,91.33,1470.0,91.15
2017-06-03 07:42:27.997124,54.147513,-166.229025,1470.0,91.33,1470.0,91.15
2017-06-03 07:42:28.496326,54.147523,-166.229008,1470.0,91.15,1470.0,90.96
2017-06-03 07:42:28.995525,54.147548,-166.228963,1470.0,90.96,1470.0,91.15
2017-06-03 07:42:29.494728,54.147559,-166.228947,1470.0,91.9,1470.0,90.58
2017-06-03 07:42:29.993927,54.147587,-166.228905,1470.0,90.58,1470.0,90.58
2017-06-03 07:42:30.493130,54.147597,-166.22889,1470.0,90.58,1470.0,91.71
2017-06-03 07:42:30.992329,54.147627,-166.22885,1470.0,90.58,1470.0,91.71
2017-06-03 07:42:31.491531,54.147637,-166.228836,1470.0,90.77,1470.0,90.58
2017-06-03 07:42:31.990730,54.147667,-166.228795,1470.0,92.09,1470.0,90.77
2017-06-03 07:42:32.489933,54.147676,-166.228779,1470.0,91.15,1470.0,90.96
2017-06-03 07:42:32.989132,54.147703,-166.228737,1470.0,92.27,1470.0,91.9
2017-06-03 07:42:33.488335,54.147712,-166.228721,1470.0,91.15,1470.0,91.15
2017-06-03 07:42:33.987535,54.147738,-166.228675,1470.0,91.33,1470.0,91.15
2017-06-03 07:42:34.486736,54.147748,-166.228658,1470.0,91.15,1470.0,91.15
2017-06-03 07:42:34.985937,54.147773,-166.22861,1470.0,91.15,1470.0,91.15
2017-06-03 07:42:35.485138,54.147783,-166.228595,1470.0,91.15,1470.0,90.96
2017-06-03 07:42:35.984339,54.14781,-166.228548,1470.0,90.96,1470.0,90.77
2017-06-03 07:42:36.499138,54.14782,-166.228532,1470.0,91.9,1470.0,90.77
2017-06-03 07:42:36.998341,54.147847,-166.228488,1470.0,90.96,1470.0,90.77
2017-06-03 07:42:37.497540,54.147858,-166.228472,1470.0,90.96,1470.0,92.27
2017-06-03 07:42:37.996742,54.147887,-166.22843,1470.0,90.96,1470.0,90.96
2017-06-03 07:42:38.495943,54.147897,-166.228414,1470.0,90.96,1470.0,92.09
2017-06-03 07:42:38.995144,54.147925,-166.228373,1470.0,90.96,1470.0,91.9
2017-06-03 07:42:39.494345,54.147936,-166.228357,1470.0,90.96,1470.0,92.09
2017-06-03 07:42:39.993546,54.147963,-166.228315,1470.0,92.09,1470.0,92.27
2017-06-03 07:42:40.492746,54.147973,-166.228299,1470.0,92.27,1470.0,90.96
2017-06-03 07:42:40.991947,54.148,-166.228255,1470.0,91.15,1470.0,91.15
2017-06-03 07:42:41.491148,54.148009,-166.228239,1470.0,91.15,1470.0,92.27
2017-06-03 07:42:41.990349,54.148035,-166.228192,1470.0,91.15,1470.0,92.09
2017-06-03 07:42:42.489550,54.148044,-166.228175,1470.0,91.15,1470.0,91.15
2017-06-03 07:42:42.988750,54.14807,-166.22813,1470.0,92.27,1470.0,91.33
2017-06-03 07:42:43.487951,54.148079,-166.228114,1470.0,91.33,1470.0,91.15
2017-06-03 07:42:43.987152,54.148107,-166.228068,1470.0,91.33,1470.0,91.15
2017-06-03 07:42:44.486353,54.148116,-166.228052,1470.0,91.15,1470.0,92.46
2017-06-03 07:42:44.985554,54.148142,-166.228007,1470.0,91.15,1470.0,90.96
2017-06-03 07:42:45.484755,54.148151,-166.227992,1470.0,90.96,1470.0,92.27
2017-06-03 07:42:45.983955,54.14818,-166.227947,1470.0,92.27,1470.0,90.77
2017-06-03 07:42:46.498756,54.148191,-166.227931,1470.0,91.9,1470.0,90.96
2017-06-03 07:42:46.997957,54.14822,-166.227888,1470.0,90.96,1470.0,91.9
2017-06-03 07:42:47.497158,54.148231,-166.227872,1470.0,92.09,1470.0,90.96
2017-06-03 07:42:47.996359,54.148258,-166.22783,1470.0,92.27,1470.0,92.27
2017-06-03 07:42:48.495562,54.148268,-166.227813,1470.0,91.15,1470.0,92.46
2017-06-03 07:42:48.994761,54.148295,-166.227768,1470.0,92.46,1470.0,91.15
2017-06-03 07:42:49.493963,54.148305,-166.227751,1470.0,91.33,1470.0,92.65
2017-06-03 07:42:49.993162,54.14833,-166.227707,1470.0,91.52,1470.0,91.9
2017-06-03 07:42:50.492365,54.14834,-166.22769,1470.0,91.52,1470.0,92.84
2017-06-03 07:42:50.991564,54.148367,-166.227645,1470.0,92.27,1470.0,92.27
2017-06-03 07:42:51.490767,54.148376,-166.22763,1470.0,91.33,1470.0,91.33
2017-06-03 07:42:51.989965,54.148403,-166.227585,1470.0,91.33,1470.0,92.46
2017-06-03 07:42:52.489168,54.148414,-166.227569,1470.0,91.15,1470.0,92.27
2017-06-03 07:42:52.988367,54.148443,-166.227527,1470.0,92.27,1470.0,90.96
2017-06-03 07:42:53.487570,54.148453,-166.227512,1470.0,92.09,1470.0,92.09
2017-06-03 07:42:53.986771,54.148482,-166.227468,1470.0,90.96,1470.0,91.52
2017-06-03 07:42:54.485971,54.148492,-166.227453,1470.0,92.27,1470.0,90.96
2017-06-03 07:42:54.985172,54.14852,-166.22741,1470.0,91.15,1470.0,92.27
2017-06-03 07:42:55.484373,54.148529,-166.227395,1470.0,92.46,1470.0,91.33
2017-06-03 07:42:55.999174,54.148557,-166.22735,1470.0,92.27,1470.0,91.33
2017-06-03 07:42:56.498373,54.148567,-166.227334,1470.0,91.52,1470.0,92.84
2017-06-03 07:42:56.997576,54.148593,-166.22729,1470.0,91.52,1470.0,92.65
2017-06-03 07:42:57.496775,54.148603,-166.227273,1470.0,91.52,1470.0,92.84
2017-06-03 07:42:57.995977,54.14863,-166.227227,1470.0,91.52,1470.0,92.65
2017-06-03 07:42:58.495176,54.14864,-166.22721,1470.0,91.33,1470.0,91.33
2017-06-03 07:42:58.994379,54.148667,-166.227167,1470.0,92.46,1470.0,92.27
2017-06-03 07:42:59.493580,54.148677,-166.22715,1470.0,92.46,1470.0,91.15
2017-06-03 07:42:59.992781,54.148705,-166.227107,1470.0,91.33,1470.0,91.15
2017-06-03 07:43:00.491982,54.148715,-166.227091,1470.0,92.46,1470.0,92.27
2017-06-03 07:43:00.991182,54.148743,-166.227048,1470.0,92.27,1470.0,91.15
2017-06-03 07:43:01.490383,54.148754,-166.227033,1470.0,91.33,1470.0,92.46
2017-06-03 07:43:01.989584,54.148783,-166.22699,1470.0,91.33,1470.0,92.27
2017-06-03 07:43:02.488785,54.148793,-166.226974,1470.0,92.65,1470.0,91.33
2017-06-03 07:43:02.987986,54.14882,-166.22693,1470.0,91.52,1470.0,91.52
2017-06-03 07:43:03.487186,54.148829,-166.226915,1470.0,91.52,1470.0,92.84
2017-06-03 07:43:03.986387,54.148855,-166.226868,1470.0,91.52,1470.0,91.52
2017-06-03 07:43:04.485588,54.148864,-166.226852,1470.0,91.52,1470.0,91.52
2017-06-03 07:43:04.984789,54.148892,-166.226805,1470.0,91.52,1470.0,92.65
2017-06-03 07:43:05.483990,54.148901,-166.22679,1470.0,92.65,1470.0,91.33
2017-06-03 07:43:05.998791,54.148928,-166.226743,1470.0,91.33,1470.0,91.33
2017-06-03 07:43:06.497992,54.148938,-166.226727,1470.0,92.65,1470.0,91.33
2017-06-03 07:43:06.997192,54.148965,-166.226683,1470.0,92.46,1470.0,91.33
2017-06-03 07:43:07.496393,54.148976,-166.226667,1470.0,91.52,1470.0,92.65
2017-06-03 07:43:07.995594,54.149003,-166.226623,1470.0,91.52,1470.0,91.52
2017-06-03 07:43:08.494797,54.149013,-166.226606,1470.0,91.52,1470.0,91.52
2017-06-03 07:43:08.993996,54.14904,-166.226562,1470.0,91.52,1470.0,92.84
2017-06-03 07:43:09.493198,54.14905,-166.226545,1470.0,91.52,1470.0,92.65
2017-06-03 07:43:09.992397,54.149077,-166.2265,1470.0,91.52,1470.0,92.27
2017-06-03 07:43:10.491600,54.149086,-166.226483,1470.0,92.46,1470.0,91.33
2017-06-03 07:43:10.990799,54.149113,-166.226438,1470.0,91.52,1470.0,91.33
2017-06-03 07:43:11.490002,54.149123,-166.226422,1470.0,91.52,1470.0,91.52
2017-06-03 07:43:11.989201,54.14915,-166.226375,1470.0,92.84,1470.0,92.65
2017-06-03 07:43:12.488403,54.149159,-166.226358,1470.0,93.03,1470.0,92.65
2017-06-03 07:43:12.987602,54.149185,-166.226313,1470.0,91.71,1470.0,92.65
2017-06-03 07:43:13.486805,54.149194,-166.226298,1470.0,91.71,1470.0,92.84
2017-06-03 07:43:13.986006,54.14922,-166.226252,1470.0,92.46,1470.0,91.52
2017-06-03 07:43:14.485207,54.149229,-166.226236,1470.0,91.52,1470.0,91.52
2017-06-03 07:43:14.984407,54.149257,-166.22619,1470.0,91.52,1470.0,91.52
2017-06-03 07:43:15.499207,54.149267,-166.226173,1470.0,91.33,1470.0,92.27
2017-06-03 07:43:15.998409,54.149293,-166.226128,1470.0,91.33,1470.0,91.33
2017-06-03 07:43:16.497608,54.149303,-166.226112,1470.0,91.52,1470.0,91.33
2017-06-03 07:43:16.996811,54.14933,-166.226068,1470.0,92.65,1470.0,91.52
2017-06-03 07:43:17.496010,54.14934,-166.226051,1470.0,91.71,1470.0,92.84
2017-06-03 07:43:17.995213,54.149365,-166.226005,1470.0,91.9,1470.0,91.71
2017-06-03 07:43:18.494411,54.149375,-166.225987,1470.0,91.9,1470.0,93.03
2017-06-03 07:43:18.993614,54.1494,-166.22594,1470.0,91.9,1470.0,91.9
2017-06-03 07:43:19.492815,54.14941,-166.225922,1470.0,91.9,1470.0,92.84
2017-06-03 07:43:19.992016,54.149435,-166.225875,1470.0,92.84,1470.0,92.65
2017-06-03 07:43:20.491217,54.149445,-166.225859,1470.0,91.71,1470.0,91.9
2017-06-03 07:43:20.990417,54.149472,-166.225815,1470.0,91.71,1470.0,92.65
2017-06-03 07:43:21.489618,54.149482,-166.2258,1470.0,91.71,1470.0,92.65
2017-06-03 07:43:21.988819,54.14951,-166.225755,1470.0,92.65,1470.0,91.52
2017-06-03 07:43:22.488020,54.14952,-166.225739,1470.0,91.71,1470.0,91.52
2017-06-03 07:43:22.987221,54.149548,-166.225695,1470.0,91.71,1470.0,92.84
2017-06-03 07:43:23.486422,54.149558,-166.22568,1470.0,91.71,1470.0,92.65
2017-06-03 07:43:23.985622,54.149585,-166.225635,1470.0,91.71,1470.0,93.03
2017-06-03 07:43:24.484823,54.149594,-166.22562,1470.0,91.71,1470.0,93.03
2017-06-03 07:43:24.984026,54.149622,-166.225573,1470.0,91.9,1470.0,92.84
2017-06-03 07:43:25.498825,54.149632,-166.225557,1470.0,91.71,1470.0,91.71
2017-06-03 07:43:25.998026,54.149658,-166.225513,1470.0,91.71,1470.0,92.84
2017-06-03 07:43:26.497227,54.149668,-166.225496,1470.0,92.46,1470.0,92.84
2017-06-03 07:43:26.996428,54.149693,-166.225452,1470.0,91.71,1470.0,92.84
2017-06-03 07:43:27.495628,54.149703,-166.225435,1470.0,91.71,1470.0,92.46
2017-06-03 07:43:27.994829,54.14973,-166.22539,1470.0,91.71,1470.0,91.71
2017-06-03 07:43:28.494030,54.149741,-166.225374,1470.0,91.71,1470.0,91.71
2017-06-03 07:43:28.993231,54.149768,-166.22533,1470.0,91.9,1470.0,92.65
2017-06-03 07:43:29.492434,54.149778,-166.225314,1470.0,91.9,1470.0,91.9
2017-06-03 07:43:29.991632,54.149805,-166.22527,1470.0,93.4,1470.0,93.03
2017-06-03 07:43:30.490835,54.149815,-166.225253,1470.0,92.09,1470.0,92.09
2017-06-03 07:43:30.990034,54.149842,-166.225208,1470.0,92.27,1470.0,92.09
2017-06-03 07:43:31.489237,54.149852,-166.225193,1470.0,92.09,1470.0,91.9
2017-06-03 07:43:31.988436,54.14988,-166.225148,1470.0,91.9,1470.0,91.71
2017-06-03 07:43:32.487638,54.149891,-166.225133,1470.0,91.71,1470.0,91.71
2017-06-03 07:43:32.986837,54.14992,-166.22509,1470.0,91.71,1470.0,92.65
2017-06-03 07:43:33.486040,54.14993,-166.225075,1470.0,91.71,1470.0,92.84
2017-06-03 07:43:33.985241,54.149958,-166.225032,1470.0,93.22,1470.0,91.71
2017-06-03 07:43:34.484442,54.149968,-166.225017,1470.0,91.9,1470.0,93.22
2017-06-03 07:43:34.999243,54.149997,-166.224972,1470.0,93.22,1470.0,91.9
2017-06-03 07:43:35.498442,54.150007,-166.224955,1470.0,93.22,1470.0,93.03
2017-06-03 07:43:35.997644,54.150033,-166.224912,1470.0,93.4,1470.0,91.9
2017-06-03 07:43:36.496843,54.150043,-166.224895,1470.0,91.9,1470.0,91.9
2017-06-03 07:43:36.996046,54.150068,-166.224852,1470.0,91.9,1470.0,91.9
2017-06-03 07:43:37.495245,54.150078,-166.224835,1470.0,91.9,1470.0,93.03
2017-06-03 07:43:37.994448,54.150105,-166.224792,1470.0,91.9,1470.0,91.9
2017-06-03 07:43:38.493647,54.150115,-166.224776,1470.0,91.9,1470.0,92.84
2017-06-03 07:43:38.992849,54.150142,-166.224732,1470.0,91.9,1470.0,91.71
2017-06-03 07:43:39.492050,54.150152,-166.224716,1470.0,91.71,1470.0,93.22
2017-06-03 07:43:39.991251,54.150182,-166.224672,1470.0,91.71,1470.0,93.03
2017-06-03 07:43:40.490452,54.150192,-166.224656,1470.0,92.84,1470.0,91.71
2017-06-03 07:43:40.989653,54.150222,-166.224613,1470.0,92.09,1470.0,92.84
2017-06-03 07:43:41.488853,54.150231,-166.224597,1470.0,92.27,1470.0,92.09
2017-06-03 07:43:41.988054,54.150258,-166.224552,1470.0,92.46,1470.0,93.4
2017-06-03 07:43:42.487255,54.150268,-166.224535,1470.0,92.65,1470.0,92.65
2017-06-03 07:43:42.986456,54.150293,-166.224488,1470.0,92.65,1470.0,92.65
2017-06-03 07:43:43.485657,54.150303,-166.224472,1470.0,92.65,1470.0,92.46
2017-06-03 07:43:43.984858,54.15033,-166.224423,1470.0,92.27,1470.0,92.27
2017-06-03 07:43:44.484058,54.15034,-166.224408,1470.0,92.09,1470.0,93.03
2017-06-03 07:43:44.998859,54.15037,-166.224363,1470.0,91.71,1470.0,91.71
2017-06-03 07:43:45.498060,54.150381,-166.224348,1470.0,92.84,1470.0,91.52
2017-06-03 07:43:45.997261,54.15041,-166.224307,1470.0,91.52,1470.0,92.65
2017-06-03 07:43:46.496462,54.150421,-166.224291,1470.0,91.71,1470.0,91.52
2017-06-03 07:43:46.995663,54.150448,-166.22425,1470.0,91.9,1470.0,93.03
2017-06-03 07:43:47.494864,54.150458,-166.224234,1470.0,92.09,1470.0,92.09
2017-06-03 07:43:47.994064,54.150483,-166.22419,1470.0,92.27,1470.0,93.22
2017-06-03 07:43:48.493265,54.150493,-166.224172,1470.0,92.27,1470.0,92.27
2017-06-03 07:43:48.992466,54.150518,-166.224125,1470.0,92.27,1470.0,92.27
2017-06-03 07:43:49.491667,54.150528,-166.224107,1470.0,92.46,1470.0,92.27
2017-06-03 07:43:49.990868,54.150553,-166.22406,1470.0,92.46,1470.0,92.27
2017-06-03 07:43:50.490070,54.150563,-166.224043,1470.0,92.46,1470.0,93.22
2017-06-03 07:43:50.989269,54.15059,-166.223998,1470.0,92.46,1470.0,93.78
2017-06-03 07:43:51.488472,54.1506,-166.223983,1470.0,92.46,1470.0,93.4
2017-06-03 07:43:51.987671,54.150628,-166.223938,1470.0,93.59,1470.0,92.27
2017-06-03 07:43:52.486874,54.150638,-166.223924,1470.0,92.27,1470.0,92.27
2017-06-03 07:43:52.986073,54.150668,-166.22388,1470.0,92.09,1470.0,93.22
2017-06-03 07:43:53.485275,54.150678,-166.223866,1470.0,92.09,1470.0,91.9
2017-06-03 07:43:53.984474,54.150708,-166.223823,1470.0,93.22,1470.0,91.9
2017-06-03 07:43:54.499277,54.150719,-166.223808,1470.0,93.4,1470.0,92.09
2017-06-03 07:43:54.998478,54.150747,-166.223767,1470.0,93.22,1470.0,92.09
2017-06-03 07:43:55.497679,54.150757,-166.22375,1470.0,92.27,1470.0,93.4
2017-06-03 07:43:55.996880,54.150785,-166.223707,1470.0,92.27,1470.0,93.22
2017-06-03 07:43:56.496078,54.150795,-166.223689,1470.0,93.22,1470.0,93.22
2017-06-03 07:43:56.995281,54.15082,-166.223643,1470.0,92.27,1470.0,92.27
2017-06-03 07:43:57.494480,54.15083,-166.223626,1470.0,92.27,1470.0,92.27
2017-06-03 07:43:57.993683,54.150855,-166.22358,1470.0,92.46,1470.0,92.46
2017-06-03 07:43:58.492882,54.150865,-166.223563,1470.0,92.46,1470.0,92.46
2017-06-03 07:43:58.992085,54.150892,-166.223518,1470.0,93.97,1470.0,92.46
2017-06-03 07:43:59.491285,54.150901,-166.223503,1470.0,92.65,1470.0,92.46
2017-06-03 07:43:59.990486,54.150928,-166.223458,1470.0,92.46,1470.0,92.46
2017-06-03 07:44:00.489687,54.150939,-166.223442,1470.0,92.46,1470.0,93.22
2017-06-03 07:44:00.988888,54.150967,-166.223398,1470.0,92.27,1470.0,92.27
2017-06-03 07:44:01.488089,54.150977,-166.223384,1470.0,92.27,1470.0,93.22
2017-06-03 07:44:01.987289,54.151007,-166.22334,1470.0,93.59,1470.0,92.27
2017-06-03 07:44:02.486490,54.151016,-166.223325,1470.0,93.59,1470.0,92.27
2017-06-03 07:44:02.985691,54.151045,-166.223282,1470.0,93.78,1470.0,92.27
2017-06-03 07:44:03.484892,54.151055,-166.223267,1470.0,93.4,1470.0,92.27
2017-06-03 07:44:03.984093,54.151083,-166.223223,1470.0,93.59,1470.0,92.27
2017-06-03 07:44:04.498894,54.151093,-166.223206,1470.0,93.59,1470.0,92.27
2017-06-03 07:44:04.998095,54.151118,-166.223162,1470.0,92.46,1470.0,92.27
2017-06-03 07:44:05.497295,54.151128,-166.223145,1470.0,92.46,1470.0,92.27
2017-06-03 07:44:05.996496,54.151155,-166.2231,1470.0,93.22,1470.0,92.27
2017-06-03 07:44:06.495697,54.151165,-166.223083,1470.0,92.46,1470.0,92.65
2017-06-03 07:44:06.994898,54.151192,-166.223037,1470.0,92.46,1470.0,93.59
2017-06-03 07:44:07.494099,54.151201,-166.223019,1470.0,92.46,1470.0,92.46
2017-06-03 07:44:07.993299,54.151227,-166.222973,1470.0,92.65,1470.0,92.46
2017-06-03 07:44:08.492500,54.151237,-166.222957,1470.0,92.65,1470.0,92.46
2017-06-03 07:44:08.991701,54.151265,-166.222913,1470.0,92.65,1470.0,93.78
2017-06-03 07:44:09.490902,54.151274,-166.222898,1470.0,93.97,1470.0,92.65
2017-06-03 07:44:09.990103,54.151302,-166.222853,1470.0,93.97,1470.0,92.65
2017-06-03 07:44:10.489305,54.151312,-166.222837,1470.0,93.78,1470.0,92.65
2017-06-03 07:44:10.988504,54.15134,-166.222792,1470.0,92.65,1470.0,92.65
2017-06-03 07:44:11.487707,54.15135,-166.222777,1470.0,92.65,1470.0,92.65
2017-06-03 07:44:11.986906,54.151378,-166.222732,1470.0,93.59,1470.0,92.46
2017-06-03 07:44:12.486109,54.151388,-166.222717,1470.0,93.78,1470.0,92.46
2017-06-03 07:44:12.985308,54.151415,-166.222672,1470.0,92.65,1470.0,92.65
2017-06-03 07:44:13.484510,54.151424,-166.222656,1470.0,92.65,1470.0,93.59
2017-06-03 07:44:13.999310,54.151452,-166.22261,1470.0,92.65,1470.0,93.59
2017-06-03 07:44:14.498512,54.151462,-166.222594,1470.0,93.59,1470.0,92.46
2017-06-03 07:44:14.997711,54.151488,-166.22255,1470.0,92.65,1470.0,92.46
2017-06-03 07:44:15.496914,54.151498,-166.222533,1470.0,92.46,1470.0,93.59
2017-06-03 07:44:15.996115,54.151525,-166.222488,1470.0,92.46,1470.0,92.46
2017-06-03 07:44:16.495316,54.151535,-166.222471,1470.0,93.59,1470.0,93.4
2017-06-03 07:44:16.994516,54.151562,-166.222425,1470.0,92.65,1470.0,92.46
2017-06-03 07:44:17.493715,54.151572,-166.222408,1470.0,92.65,1470.0,92.65
2017-06-03 07:44:17.992918,54.151598,-166.222363,1470.0,92.84,1470.0,93.97
2017-06-03 07:44:18.492117,54.151608,-166.222346,1470.0,93.03,1470.0,93.03
2017-06-03 07:44:18.991320,54.151633,-166.2223,1470.0,93.03,1470.0,93.03
2017-06-03 07:44:19.490519,54.151643,-166.222283,1470.0,93.03,1470.0,93.03
2017-06-03 07:44:19.989721,54.151672,-166.222235,1470.0,93.97,1470.0,92.84
2017-06-03 07:44:20.488920,54.151682,-166.222218,1470.0,93.78,1470.0,93.97
2017-06-03 07:44:20.988123,54.151712,-166.222173,1470.0,92.84,1470.0,93.78
2017-06-03 07:44:21.487324,54.151721,-166.222158,1470.0,93.97,1470.0,93.78
2017-06-03 07:44:21.986525,54.151748,-166.222113,1470.0,92.84,1470.0,93.97
2017-06-03 07:44:22.485725,54.151759,-166.222097,1470.0,92.84,1470.0,92.84
2017-06-03 07:44:22.984926,54.151787,-166.222052,1470.0,94.16,1470.0,92.84
2017-06-03 07:44:23.484127,54.151796,-166.222036,1470.0,92.84,1470.0,93.97
2017-06-03 07:44:23.998928,54.151823,-166.22199,1470.0,92.84,1470.0,92.84
2017-06-03 07:44:24.498129,54.151833,-166.221974,1470.0,92.84,1470.0,93.78
2017-06-03 07:44:24.997330,54.15186,-166.22193,1470.0,92.84,1470.0,92.84
2017-06-03 07:44:25.496531,54.15187,-166.221913,1470.0,92.84,1470.0,92.84
2017-06-03 07:44:25.995731,54.151897,-166.221867,1470.0,92.84,1470.0,92.84
2017-06-03 07:44:26.494932,54.151906,-166.22185,1470.0,93.03,1470.0,92.84
2017-06-03 07:44:26.994133,54.151933,-166.221805,1470.0,93.03,1470.0,92.84
2017-06-03 07:44:27.493334,54.151943,-166.22179,1470.0,92.84,1470.0,92.84
2017-06-03 07:44:27.992535,54.151972,-166.221747,1470.0,92.84,1470.0,93.97
2017-06-03 07:44:28.491735,54.151982,-166.221731,1470.0,92.84,1470.0,93.22
2017-06-03 07:44:28.990936,54.15201,-166.221687,1470.0,92.84,1470.0,93.97
2017-06-03 07:44:29.490137,54.152019,-166.221671,1470.0,94.16,1470.0,93.97
2017-06-03 07:44:29.989338,54.152047,-166.221625,1470.0,93.22,1470.0,93.03
2017-06-03 07:44:30.488541,54.152057,-166.221608,1470.0,93.22,1470.0,94.16
2017-06-03 07:44:30.987740,54.152085,-166.221563,1470.0,93.22,1470.0,93.22
2017-06-03 07:44:31.486942,54.152094,-166.221548,1470.0,93.22,1470.0,93.22
2017-06-03 07:44:31.986141,54.152122,-166.221503,1470.0,93.22,1470.0,93.22
2017-06-03 07:44:32.485344,54.152131,-166.221489,1470.0,93.22,1470.0,93.22
2017-06-03 07:44:32.984543,54.15216,-166.221445,1470.0,94.16,1470.0,94.53
2017-06-03 07:44:33.499346,54.152171,-166.221429,1470.0,93.22,1470.0,94.53
2017-06-03 07:44:33.998545,54.1522,-166.221385,1470.0,94.34,1470.0,93.03
2017-06-03 07:44:34.497747,54.152211,-166.221369,1470.0,94.34,1470.0,93.22
2017-06-03 07:44:34.996946,54.152238,-166.221327,1470.0,93.22,1470.0,93.03
2017-06-03 07:44:35.496149,54.152248,-166.221311,1470.0,94.34,1470.0,93.03
2017-06-03 07:44:35.995350,54.152275,-166.221268,1470.0,94.34,1470.0,93.03
2017-06-03 07:44:36.494551,54.152285,-166.221252,1470.0,94.34,1470.0,93.03
2017-06-03 07:44:36.993752,54.152313,-166.221208,1470.0,94.16,1470.0,93.03
2017-06-03 07:44:37.492952,54.152323,-166.221193,1470.0,93.22,1470.0,93.22
2017-06-03 07:44:37.992153,54.15235,-166.221148,1470.0,93.4,1470.0,94.53
2017-06-03 07:44:38.491352,54.152359,-166.221132,1470.0,93.59,1470.0,94.34
2017-06-03 07:44:38.990555,54.152385,-166.221088,1470.0,93.59,1470.0,93.4
2017-06-03 07:44:39.489754,54.152395,-166.221073,1470.0,93.4,1470.0,93.4
2017-06-03 07:44:39.988956,54.152423,-166.221028,1470.0,93.22,1470.0,94.34
2017-06-03 07:44:40.488155,54.152434,-166.221013,1470.0,93.03,1470.0,93.03
2017-06-03 07:44:40.987358,54.152465,-166.22097,1470.0,93.03,1470.0,93.03
2017-06-03 07:44:41.486559,54.152474,-166.220955,1470.0,93.22,1470.0,93.03
2017-06-03 07:44:41.985760,54.152502,-166.22091,1470.0,94.53,1470.0,93.22
2017-06-03 07:44:42.484961,54.152511,-166.220895,1470.0,93.59,1470.0,93.59
2017-06-03 07:44:42.984161,54.15254,-166.220848,1470.0,94.91,1470.0,94.72
2017-06-03 07:44:43.498962,54.15255,-166.220831,1470.0,93.97,1470.0,93.78
2017-06-03 07:44:43.998163,54.152575,-166.220787,1470.0,93.97,1470.0,93.78
2017-06-03 07:44:44.497364,54.152586,-166.22077,1470.0,93.78,1470.0,93.59
2017-06-03 07:44:44.996565,54.152613,-166.220725,1470.0,93.59,1470.0,93.4
2017-06-03 07:44:45.495766,54.152624,-166.220709,1470.0,94.34,1470.0,93.22
2017-06-03 07:44:45.994967,54.152652,-166.220665,1470.0,94.53,1470.0,94.53
2017-06-03 07:44:46.494167,54.152662,-166.220649,1470.0,94.34,1470.0,93.22
2017-06-03 07:44:46.993368,54.152692,-166.220607,1470.0,94.34,1470.0,93.22
2017-06-03 07:44:47.492569,54.152702,-166.220591,1470.0,94.72,1470.0,93.4
2017-06-03 07:44:47.991770,54.15273,-166.220547,1470.0,93.59,1470.0,94.34
2017-06-03 07:44:48.490971,54.15274,-166.220531,1470.0,93.59,1470.0,93.59
2017-06-03 07:44:48.990171,54.152768,-166.220488,1470.0,93.59,1470.0,94.34
2017-06-03 07:44:49.489372,54.152778,-166.220473,1470.0,93.78,1470.0,95.1
2017-06-03 07:44:49.988573,54.152805,-166.220428,1470.0,95.1,1470.0,93.78
2017-06-03 07:44:50.487774,54.152814,-166.220413,1470.0,93.97,1470.0,94.72
2017-06-03 07:44:50.986975,54.15284,-166.220368,1470.0,93.97,1470.0,93.97
2017-06-03 07:44:51.486177,54.152849,-166.220353,1470.0,93.78,1470.0,95.1
2017-06-03 07:44:51.985376,54.152877,-166.220307,1470.0,93.59,1470.0,93.59
2017-06-03 07:44:52.484579,54.152887,-166.220292,1470.0,93.4,1470.0,93.4
2017-06-03 07:44:52.983778,54.152917,-166.220248,1470.0,93.4,1470.0,94.16
2017-06-03 07:44:53.498581,54.152927,-166.220232,1470.0,93.59,1470.0,93.4
2017-06-03 07:44:53.997780,54.152953,-166.220188,1470.0,93.78,1470.0,94.91
2017-06-03 07:44:54.496983,54.152963,-166.220171,1470.0,93.97,1470.0,95.1
2017-06-03 07:44:54.996181,54.15299,-166.220127,1470.0,94.16,1470.0,94.16
2017-06-03 07:44:55.495384,54.153,-166.22011,1470.0,95.66,1470.0,94.16
2017-06-03 07:44:55.994585,54.153025,-166.220065,1470.0,94.34,1470.0,94.16
2017-06-03 07:44:56.493786,54.153035,-166.220048,1470.0,94.16,1470.0,93.97
2017-06-03 07:44:56.992987,54.153063,-166.220003,1470.0,95.47,1470.0,93.78
2017-06-03 07:44:57.492188,54.153073,-166.219988,1470.0,95.1,1470.0,93.59
2017-06-03 07:44:57.991388,54.153102,-166.219945,1470.0,93.59,1470.0,94.34
2017-06-03 07:44:58.490589,54.153112,-166.219929,1470.0,93.59,1470.0,93.59
2017-06-03 07:44:58.989790,54.15314,-166.219887,1470.0,94.72,1470.0,93.59
2017-06-03 07:44:59.488989,54.15315,-166.219872,1470.0,93.97,1470.0,93.78
2017-06-03 07:44:59.988192,54.153178,-166.219828,1470.0,93.97,1470.0,94.72
2017-06-03 07:45:00.487391,54.153188,-166.219813,1470.0,94.16,1470.0,93.97
2017-06-03 07:45:00.986593,54.153215,-166.219767,1470.0,94.16,1470.0,93.97
2017-06-03 07:45:01.485794,54.153224,-166.219752,1470.0,94.16,1470.0,95.29
2017-06-03 07:45:01.984995,54.15325,-166.219707,1470.0,94.16,1470.0,94.16
2017-06-03 07:45:02.484196,54.153259,-166.219692,1470.0,94.16,1470.0,94.16
2017-06-03 07:45:02.998997,54.153287,-166.219647,1470.0,94.16,1470.0,94.16
2017-06-03 07:45:03.498198,54.153297,-166.21963,1470.0,94.34,1470.0,94.16
2017-06-03 07:45:03.997398,54.153323,-166.219587,1470.0,94.16,1470.0,94.53
2017-06-03 07:45:04.496599,54.153333,-166.21957,1470.0,95.29,1470.0,95.1
2017-06-03 07:45:04.995800,54.15336,-166.219527,1470.0,94.16,1470.0,93.97
2017-06-03 07:45:05.495001,54.153371,-166.219511,1470.0,93.97,1470.0,93.97
2017-06-03 07:45:05.994202,54.153398,-166.219468,1470.0,94.16,1470.0,95.1
2017-06-03 07:45:06.493402,54.153408,-166.219452,1470.0,94.16,1470.0,95.1
2017-06-03 07:45:06.992603,54.153435,-166.219408,1470.0,95.47,1470.0,94.16
2017-06-03 07:45:07.491804,54.153444,-166.219393,1470.0,94.34,1470.0,95.29
2017-06-03 07:45:07.991005,54.153472,-166.219348,1470.0,94.53,1470.0,94.34
2017-06-03 07:45:08.490206,54.153482,-166.219332,1470.0,94.34,1470.0,95.47
2017-06-03 07:45:08.989407,54.15351,-166.219287,1470.0,94.34,1470.0,95.47
2017-06-03 07:45:09.488607,54.153519,-166.219271,1470.0,94.34,1470.0,95.29
2017-06-03 07:45:09.987808,54.153547,-166.219225,1470.0,94.34,1470.0,94.16
2017-06-03 07:45:10.487009,54.153556,-166.21921,1470.0,94.34,1470.0,95.29
2017-06-03 07:45:10.986210,54.153585,-166.219163,1470.0,94.53,1470.0,94.34
2017-06-03 07:45:11.485411,54.153594,-166.219148,1470.0,94.53,1470.0,94.34
2017-06-03 07:45:11.984612,54.153622,-166.219103,1470.0,94.53,1470.0,95.85
2017-06-03 07:45:12.483814,54.153631,-166.219088,1470.0,95.47,1470.0,95.29
2017-06-03 07:45:12.998613,54.153658,-166.219043,1470.0,95.66,1470.0,94.53
2017-06-03 07:45:13.497816,54.153668,-166.219027,1470.0,95.66,1470.0,94.34
2017-06-03 07:45:13.997015,54.153695,-166.218983,1470.0,94.34,1470.0,94.34
2017-06-03 07:45:14.496218,54.153705,-166.218967,1470.0,94.34,1470.0,94.34
2017-06-03 07:45:14.995417,54.153732,-166.218923,1470.0,94.34,1470.0,94.34
2017-06-03 07:45:15.494619,54.153742,-166.218907,1470.0,94.34,1470.0,94.34
2017-06-03 07:45:15.993818,54.15377,-166.218863,1470.0,94.34,1470.0,95.29
2017-06-03 07:45:16.493021,54.153781,-166.218847,1470.0,95.47,1470.0,94.34
2017-06-03 07:45:16.992222,54.153808,-166.218803,1470.0,94.53,1470.0,95.47
2017-06-03 07:45:17.491423,54.153818,-166.218786,1470.0,95.66,1470.0,94.72
2017-06-03 07:45:17.990623,54.153843,-166.218742,1470.0,94.91,1470.0,96.23
2017-06-03 07:45:18.489824,54.153853,-166.218725,1470.0,95.1,1470.0,94.91
2017-06-03 07:45:18.989025,54.153878,-166.21868,1470.0,95.1,1470.0,94.91
2017-06-03 07:45:19.488226,54.153888,-166.218664,1470.0,94.91,1470.0,94.91
2017-06-03 07:45:19.987427,54.153917,-166.218617,1470.0,95.66,1470.0,94.53
2017-06-03 07:45:20.486626,54.153926,-166.218602,1470.0,95.66,1470.0,95.85
2017-06-03 07:45:20.985828,54.153955,-166.218557,1470.0,95.29,1470.0,94.34
2017-06-03 07:45:21.485029,54.153965,-166.218542,1470.0,94.53,1470.0,94.34
2017-06-03 07:45:21.984230,54.153995,-166.218498,1470.0,95.66,1470.0,94.53
2017-06-03 07:45:22.499031,54.154005,-166.218482,1470.0,95.1,1470.0,94.72
2017-06-03 07:45:22.998232,54.154032,-166.218438,1470.0,94.91,1470.0,96.04
2017-06-03 07:45:23.497433,54.154042,-166.218422,1470.0,95.1,1470.0,94.91
2017-06-03 07:45:23.996634,54.154068,-166.218378,1470.0,95.1,1470.0,94.91
2017-06-03 07:45:24.495834,54.154078,-166.218361,1470.0,94.91,1470.0,94.91
2017-06-03 07:45:24.995035,54.154105,-166.218315,1470.0,94.72,1470.0,94.72
2017-06-03 07:45:25.494236,54.154115,-166.218298,1470.0,94.72,1470.0,94.53
2017-06-03 07:45:25.993437,54.154142,-166.218253,1470.0,94.53,1470.0,94.53
2017-06-03 07:45:26.492638,54.154151,-166.218237,1470.0,94.72,1470.0,94.72
2017-06-03 07:45:26.991838,54.154177,-166.218193,1470.0,94.91,1470.0,94.91
2017-06-03 07:45:27.491039,54.154186,-166.218178,1470.0,95.1,1470.0,95.1
2017-06-03 07:45:27.990240,54.154213,-166.218133,1470.0,95.29,1470.0,95.1
2017-06-03 07:45:28.489441,54.154224,-166.218117,1470.0,95.47,1470.0,96.04
2017-06-03 07:45:28.988642,54.154252,-166.218073,1470.0,96.04,1470.0,94.91
2017-06-03 07:45:29.487843,54.154261,-166.218058,1470.0,96.04,1470.0,94.72
2017-06-03 07:45:29.987043,54.15429,-166.218012,1470.0,96.04,1470.0,94.72
2017-06-03 07:45:30.486244,54.154299,-166.217997,1470.0,94.91,1470.0,94.91
2017-06-03 07:45:30.985445,54.154327,-166.217953,1470.0,95.1,1470.0,96.23
2017-06-03 07:45:31.484646,54.154336,-166.217938,1470.0,95.29,1470.0,95.1
2017-06-03 07:45:31.983847,54.154365,-166.217893,1470.0,95.29,1470.0,96.23
2017-06-03 07:45:32.498650,54.154375,-166.217877,1470.0,96.41,1470.0,95.1
2017-06-03 07:45:32.997849,54.154402,-166.217833,1470.0,95.1,1470.0,96.23
2017-06-03 07:45:33.497051,54.154412,-166.217816,1470.0,95.1,1470.0,95.1
2017-06-03 07:45:33.996250,54.154438,-166.217772,1470.0,95.1,1470.0,95.85
2017-06-03 07:45:34.495453,54.154448,-166.217756,1470.0,95.1,1470.0,95.1
2017-06-03 07:45:34.994652,54.154475,-166.217712,1470.0,95.29,1470.0,96.6
2017-06-03 07:45:35.493855,54.154484,-166.217697,1470.0,96.6,1470.0,95.29
2017-06-03 07:45:35.993053,54.15451,-166.217653,1470.0,95.47,1470.0,96.41
2017-06-03 07:45:36.492256,54.15452,-166.217637,1470.0,95.47,1470.0,96.23
2017-06-03 07:45:36.991455,54.154547,-166.217593,1470.0,95.47,1470.0,95.29
2017-06-03 07:45:37.490658,54.154556,-166.217578,1470.0,95.29,1470.0,95.29
2017-06-03 07:45:37.989859,54.154585,-166.217533,1470.0,95.29,1470.0,96.23
2017-06-03 07:45:38.489059,54.154595,-166.217519,1470.0,95.29,1470.0,95.1
2017-06-03 07:45:38.988260,54.154623,-166.217475,1470.0,95.29,1470.0,95.1
2017-06-03 07:45:39.487461,54.154633,-166.217461,1470.0,95.29,1470.0,95.1
2017-06-03 07:45:39.986662,54.154662,-166.217418,1470.0,95.29,1470.0,95.29
2017-06-03 07:45:40.485863,54.154671,-166.217404,1470.0,96.6,1470.0,95.29
2017-06-03 07:45:40.985064,54.1547,-166.21736,1470.0,95.47,1470.0,95.29
2017-06-03 07:45:41.484262,54.15471,-166.217345,1470.0,95.47,1470.0,95.47
2017-06-03 07:45:41.999065,54.154738,-166.217298,1470.0,95.66,1470.0,95.47
2017-06-03 07:45:42.498266,54.154748,-166.217281,1470.0,95.66,1470.0,96.41
2017-06-03 07:45:42.997467,54.154775,-166.217237,1470.0,95.66,1470.0,96.41
2017-06-03 07:45:43.496668,54.154785,-166.21722,1470.0,95.66,1470.0,96.6
2017-06-03 07:45:43.995869,54.154812,-166.217175,1470.0,95.66,1470.0,96.98
2017-06-03 07:45:44.495070,54.154821,-166.217158,1470.0,95.66,1470.0,96.98
2017-06-03 07:45:44.994270,54.154848,-166.217113,1470.0,95.66,1470.0,95.66
2017-06-03 07:45:45.493471,54.154858,-166.217098,1470.0,95.85,1470.0,95.66
2017-06-03 07:45:45.992672,54.154885,-166.217053,1470.0,96.79,1470.0,95.66
2017-06-03 07:45:46.491873,54.154896,-166.217038,1470.0,95.66,1470.0,96.04
2017-06-03 07:45:46.991076,54.154925,-166.216995,1470.0,95.66,1470.0,95.47
2017-06-03 07:45:47.490274,54.154935,-166.21698,1470.0,96.79,1470.0,95.47
2017-06-03 07:45:47.989477,54.154963,-166.216935,1470.0,95.66,1470.0,96.79
2017-06-03 07:45:48.488676,54.154973,-166.21692,1470.0,96.98,1470.0,95.66
2017-06-03 07:45:48.987877,54.155,-166.216875,1470.0,96.98,1470.0,95.85
2017-06-03 07:45:49.487078,54.155009,-166.21686,1470.0,95.85,1470.0,96.6
2017-06-03 07:45:49.986279,54.155037,-166.216815,1470.0,95.85,1470.0,95.66
2017-06-03 07:45:50.485479,54.155047,-166.216799,1470.0,95.66,1470.0,96.6
2017-06-03 07:45:50.984680,54.155075,-166.216755,1470.0,95.66,1470.0,95.66
2017-06-03 07:45:51.483881,54.155084,-166.21674,1470.0,95.66,1470.0,95.66
2017-06-03 07:45:51.998682,54.155112,-166.216693,1470.0,95.85,1470.0,95.85
2017-06-03 07:45:52.497885,54.155122,-166.216676,1470.0,96.04,1470.0,96.04
2017-06-03 07:45:52.997084,54.155148,-166.216632,1470.0,96.23,1470.0,97.36
2017-06-03 07:45:53.496286,54.155159,-166.216615,1470.0,96.41,1470.0,96.23
2017-06-03 07:45:53.995485,54.155187,-166.21657,1470.0,96.41,1470.0,96.23
2017-06-03 07:45:54.494688,54.155196,-166.216554,1470.0,96.23,1470.0,96.23
2017-06-03 07:45:54.993887,54.155223,-166.21651,1470.0,96.23,1470.0,96.04
2017-06-03 07:45:55.493090,54.155234,-166.216495,1470.0,97.17,1470.0,96.04
2017-06-03 07:45:55.992289,54.155263,-166.216452,1470.0,96.04,1470.0,96.04
2017-06-03 07:45:56.491491,54.155274,-166.216436,1470.0,96.04,1470.0,95.85
2017-06-03 07:45:56.990690,54.155303,-166.216395,1470.0,96.98,1470.0,95.85
2017-06-03 07:45:57.489893,54.155313,-166.21638,1470.0,96.04,1470.0,96.04
2017-06-03 07:45:57.989094,54.155343,-166.216337,1470.0,96.23,1470.0,96.04
2017-06-03 07:45:58.488295,54.155353,-166.216322,1470.0,97.36,1470.0,96.23
2017-06-03 07:45:58.987495,54.15538,-166.216277,1470.0,96.41,1470.0,96.41
2017-06-03 07:45:59.486696,54.155389,-166.216261,1470.0,96.6,1470.0,96.41
2017-06-03 07:45:59.985897,54.155417,-166.216215,1470.0,96.6,1470.0,97.54
2017-06-03 07:46:00.485098,54.155425,-166.2162,1470.0,97.54,1470.0,96.41
2017-06-03 07:46:00.984299,54.155452,-166.216153,1470.0,96.23,1470.0,96.23
2017-06-03 07:46:01.499098,54.155462,-166.216136,1470.0,96.23,1470.0,96.04
2017-06-03 07:46:01.998301,54.15549,-166.216092,1470.0,96.04,1470.0,96.98
2017-06-03 07:46:02.497499,54.1555,-166.216075,1470.0,96.23,1470.0,96.23
2017-06-03 07:46:02.996702,54.155527,-166.21603,1470.0,96.41,1470.0,96.23
2017-06-03 07:46:03.495903,54.155537,-166.216014,1470.0,96.6,1470.0,96.41
2017-06-03 07:46:03.995104,54.155565,-166.21597,1470.0,96.6,1470.0,96.6
2017-06-03 07:46:04.494305,54.155575,-166.215954,1470.0,96.6,1470.0,96.6
2017-06-03 07:46:04.993505,54.155603,-166.21591,1470.0,96.6,1470.0,97.92
2017-06-03 07:46:05.492706,54.155613,-166.215895,1470.0,96.6,1470.0,97.54
2017-06-03 07:46:05.991907,54.155642,-166.21585,1470.0,96.6,1470.0,96.6
2017-06-03 07:46:06.491108,54.155652,-166.215833,1470.0,96.79,1470.0,96.6
2017-06-03 07:46:06.990309,54.15568,-166.215788,1470.0,98.11,1470.0,96.6
2017-06-03 07:46:07.489510,54.15569,-166.215773,1470.0,97.92,1470.0,97.73
2017-06-03 07:46:07.988712,54.155718,-166.215727,1470.0,96.6,1470.0,96.41
2017-06-03 07:46:08.487911,54.155728,-166.215712,1470.0,96.41,1470.0,97.54
2017-06-03 07:46:08.987114,54.155757,-166.215668,1470.0,96.41,1470.0,97.36
2017-06-03 07:46:09.486313,54.155766,-166.215653,1470.0,96.41,1470.0,96.41
2017-06-03 07:46:09.985514,54.155795,-166.215608,1470.0,97.54,1470.0,96.41
2017-06-03 07:46:10.484715,54.155804,-166.215593,1470.0,96.6,1470.0,96.6
2017-06-03 07:46:10.983915,54.155832,-166.215547,1470.0,97.92,1470.0,96.6
2017-06-03 07:46:11.498716,54.155841,-166.21553,1470.0,96.98,1470.0,96.79
2017-06-03 07:46:11.997917,54.155867,-166.215487,1470.0,96.98,1470.0,96.98
2017-06-03 07:46:12.497120,54.155877,-166.215469,1470.0,97.17,1470.0,96.98
2017-06-03 07:46:12.996319,54.155903,-166.215422,1470.0,97.17,1470.0,97.17
2017-06-03 07:46:13.495522,54.155913,-166.215405,1470.0,96.98,1470.0,96.98
2017-06-03 07:46:13.994720,54.15594,-166.215362,1470.0,97.17,1470.0,96.98
2017-06-03 07:46:14.493923,54.15595,-166.215346,1470.0,96.98,1470.0,96.98
2017-06-03 07:46:14.993122,54.155977,-166.215302,1470.0,97.17,1470.0,96.98
2017-06-03 07:46:15.492325,54.155987,-166.215287,1470.0,98.3,1470.0,96.98
2017-06-03 07:46:15.991524,54.156015,-166.215243,1470.0,98.11,1470.0,96.98
2017-06-03 07:46:16.490726,54.156026,-166.215228,1470.0,97.17,1470.0,97.73
2017-06-03 07:46:16.989925,54.156055,-166.215187,1470.0,96.98,1470.0,96.79
2017-06-03 07:46:17.489128,54.156065,-166.215172,1470.0,97.92,1470.0,97.73
2017-06-03 07:46:17.988329,54.156093,-166.215127,1470.0,96.79,1470.0,97.92
2017-06-03 07:46:18.487530,54.156103,-166.215112,1470.0,96.79,1470.0,96.79
2017-06-03 07:46:18.986731,54.15613,-166.215067,1470.0,96.98,1470.0,96.98
2017-06-03 07:46:19.485931,54.156139,-166.215051,1470.0,97.17,1470.0,98.3
2017-06-03 07:46:19.985132,54.156167,-166.215003,1470.0,97.36,1470.0,98.3
2017-06-03 07:46:20.484333,54.156176,-166.214987,1470.0,97.36,1470.0,97.36
2017-06-03 07:46:20.999134,54.156203,-166.21494,1470.0,97.54,1470.0,97.36
2017-06-03 07:46:21.498333,54.156213,-166.214923,1470.0,97.54,1470.0,98.48
2017-06-03 07:46:21.997536,54.15624,-166.214877,1470.0,97.73,1470.0,97.54
2017-06-03 07:46:22.496735,54.156251,-166.214861,1470.0,97.54,1470.0,97.54
2017-06-03 07:46:22.995937,54.156278,-166.214818,1470.0,97.36,1470.0,97.36
2017-06-03 07:46:23.495138,54.15629,-166.214802,1470.0,97.17,1470.0,97.17
2017-06-03 07:46:23.994339,54.15632,-166.214758,1470.0,98.3,1470.0,96.98
2017-06-03 07:46:24.493540,54.156331,-166.214743,1470.0,97.17,1470.0,97.92
2017-06-03 07:46:24.992741,54.15636,-166.214702,1470.0,97.36,1470.0,97.17
2017-06-03 07:46:25.491941,54.15637,-166.214687,1470.0,97.36,1470.0,98.48
2017-06-03 07:46:25.991142,54.1564,-166.214643,1470.0,98.67,1470.0,97.36
2017-06-03 07:46:26.490343,54.15641,-166.214627,1470.0,97.54,1470.0,97.36
2017-06-03 07:46:26.989544,54.156438,-166.214583,1470.0,98.48,1470.0,97.36
2017-06-03 07:46:27.488745,54.156448,-166.214567,1470.0,98.86,1470.0,97.54
2017-06-03 07:46:27.987946,54.156475,-166.214518,1470.0,97.54,1470.0,97.36
2017-06-03 07:46:28.487146,54.156484,-166.214502,1470.0,97.73,1470.0,97.54
2017-06-03 07:46:28.986349,54.15651,-166.214453,1470.0,97.73,1470.0,97.73
2017-06-03 07:46:29.485548,54.156519,-166.214438,1470.0,97.73,1470.0,99.05
2017-06-03 07:46:29.984751,54.156547,-166.214392,1470.0,97.92,1470.0,98.86
2017-06-03 07:46:30.483950,54.156556,-166.214376,1470.0,97.73,1470.0,97.73
2017-06-03 07:46:30.998751,54.156585,-166.21433,1470.0,97.73,1470.0,97.73
2017-06-03 07:46:31.497952,54.156596,-166.214314,1470.0,97.73,1470.0,97.73
2017-06-03 07:46:31.997152,54.156625,-166.21427,1470.0,97.73,1470.0,97.54
2017-06-03 07:46:32.496353,54.156635,-166.214254,1470.0,97.73,1470.0,98.67
2017-06-03 07:46:32.995554,54.156663,-166.21421,1470.0,97.73,1470.0,97.73
2017-06-03 07:46:33.494757,54.156674,-166.214195,1470.0,97.73,1470.0,98.67
2017-06-03 07:46:33.993956,54.156703,-166.214152,1470.0,97.73,1470.0,98.67
2017-06-03 07:46:34.493158,54.156713,-166.214136,1470.0,97.73,1470.0,98.86
2017-06-03 07:46:34.992357,54.15674,-166.214093,1470.0,97.73,1470.0,97.73
2017-06-03 07:46:35.491560,54.156749,-166.214077,1470.0,97.73,1470.0,97.54
2017-06-03 07:46:35.990759,54.156777,-166.214032,1470.0,97.73,1470.0,97.54
2017-06-03 07:46:36.489962,54.156786,-166.214015,1470.0,97.73,1470.0,97.54
2017-06-03 07:46:36.989161,54.156813,-166.21397,1470.0,97.73,1470.0,98.48
2017-06-03 07:46:37.488363,54.156822,-166.213955,1470.0,97.73,1470.0,97.73
2017-06-03 07:46:37.987562,54.156848,-166.21391,1470.0,97.73,1470.0,97.73
2017-06-03 07:46:38.486765,54.156858,-166.213893,1470.0,97.92,1470.0,97.92
2017-06-03 07:46:38.985966,54.156885,-166.213848,1470.0,98.3,1470.0,98.11
2017-06-03 07:46:39.485167,54.156895,-166.213832,1470.0,98.3,1470.0,98.3
2017-06-03 07:46:39.984367,54.156923,-166.213785,1470.0,98.3,1470.0,98.3
2017-06-03 07:46:40.499166,54.156934,-166.213768,1470.0,98.11,1470.0,98.11
2017-06-03 07:46:40.998369,54.156962,-166.213723,1470.0,98.11,1470.0,97.92
2017-06-03 07:46:41.497568,54.156972,-166.213707,1470.0,97.92,1470.0,99.24
2017-06-03 07:46:41.996771,54.157,-166.213665,1470.0,97.92,1470.0,99.05
2017-06-03 07:46:42.495970,54.157011,-166.213649,1470.0,97.92,1470.0,97.92
2017-06-03 07:46:42.995173,54.157038,-166.213608,1470.0,99.05,1470.0,97.92
2017-06-03 07:46:43.494373,54.157048,-166.213592,1470.0,98.11,1470.0,99.05
2017-06-03 07:46:43.993574,54.157075,-166.213548,1470.0,98.11,1470.0,98.11
2017-06-03 07:46:44.492775,54.157085,-166.213531,1470.0,98.3,1470.0,98.3
2017-06-03 07:46:44.991976,54.157112,-166.213485,1470.0,98.11,1470.0,99.05
2017-06-03 07:46:45.491177,54.15712,-166.21347,1470.0,98.11,1470.0,98.11
2017-06-03 07:46:45.990377,54.157147,-166.213423,1470.0,98.3,1470.0,99.61
2017-06-03 07:46:46.489578,54.157155,-166.213407,1470.0,98.3,1470.0,98.3
2017-06-03 07:46:46.988779,54.157182,-166.21336,1470.0,98.3,1470.0,98.3
2017-06-03 07:46:47.487980,54.157191,-166.213345,1470.0,98.3,1470.0,99.61
2017-06-03 07:46:47.987181,54.157218,-166.2133,1470.0,99.42,1470.0,98.11
2017-06-03 07:46:48.486382,54.157228,-166.213285,1470.0,99.24,1470.0,97.92
2017-06-03 07:46:48.985584,54.157258,-166.21324,1470.0,99.24,1470.0,97.92
2017-06-03 07:46:49.484783,54.157269,-166.213225,1470.0,98.67,1470.0,97.92
2017-06-03 07:46:49.983986,54.1573,-166.21318,1470.0,98.11,1470.0,98.11
2017-06-03 07:46:50.498785,54.15731,-166.213164,1470.0,98.3,1470.0,98.3
2017-06-03 07:46:50.997986,54.157337,-166.213122,1470.0,98.48,1470.0,98.48
2017-06-03 07:46:51.497187,54.157347,-166.213105,1470.0,98.67,1470.0,99.61
2017-06-03 07:46:51.996387,54.157373,-166.21306,1470.0,98.86,1470.0,98.67
2017-06-03 07:46:52.495588,54.157383,-166.213043,1470.0,99.99,1470.0,99.61
2017-06-03 07:46:52.994789,54.157408,-166.212995,1470.0,98.86,1470.0,99.8
2017-06-03 07:46:53.493990,54.157418,-166.212979,1470.0,98.67,1470.0,98.67
2017-06-03 07:46:53.993191,54.157445,-166.212933,1470.0,98.48,1470.0,99.61
2017-06-03 07:46:54.492393,54.157455,-166.212917,1470.0,98.3,1470.0,99.42
2017-06-03 07:46:54.991592,54.157483,-166.212873,1470.0,98.3,1470.0,98.11
2017-06-03 07:46:55.490795,54.157493,-166.212858,1470.0,98.3,1470.0,99.24
2017-06-03 07:46:55.989994,54.157522,-166.212813,1470.0,99.61,1470.0,98.11
2017-06-03 07:46:56.489197,54.157532,-166.212797,1470.0,98.48,1470.0,98.3
2017-06-03 07:46:56.988396,54.15756,-166.212753,1470.0,98.48,1470.0,98.48
2017-06-03 07:46:57.487598,54.157569,-166.212738,1470.0,98.67,1470.0,98.67
2017-06-03 07:46:57.986797,54.157597,-166.212692,1470.0,98.67,1470.0,98.67
2017-06-03 07:46:58.486000,54.157606,-166.212676,1470.0,98.86,1470.0,98.67
2017-06-03 07:46:58.985199,54.157633,-166.21263,1470.0,98.86,1470.0,98.86
2017-06-03 07:46:59.484402,54.157643,-166.212615,1470.0,98.86,1470.0,98.67
2017-06-03 07:46:59.999203,54.15767,-166.212568,1470.0,98.86,1470.0,98.67
2017-06-03 07:47:00.498404,54.157681,-166.212552,1470.0,98.67,1470.0,98.67
2017-06-03 07:47:00.997604,54.157708,-166.212508,1470.0,98.67,1470.0,98.67
2017-06-03 07:47:01.496803,54.157718,-166.212492,1470.0,98.67,1470.0,98.67
2017-06-03 07:47:01.996006,54.157745,-166.212448,1470.0,99.61,1470.0,98.67
2017-06-03 07:47:02.495205,54.157755,-166.212432,1470.0,98.67,1470.0,98.67
2017-06-03 07:47:02.994408,54.157783,-166.212388,1470.0,98.67,1470.0,99.61
2017-06-03 07:47:03.493607,54.157793,-166.212373,1470.0,98.67,1470.0,98.67
2017-06-03 07:47:03.992809,54.157822,-166.212328,1470.0,98.67,1470.0,99.42
2017-06-03 07:47:04.492010,54.157832,-166.212312,1470.0,98.67,1470.0,98.67
2017-06-03 07:47:04.991211,54.15786,-166.212267,1470.0,98.67,1470.0,98.67
2017-06-03 07:47:05.490412,54.157869,-166.212252,1470.0,99.99,1470.0,98.67
2017-06-03 07:47:05.989613,54.157897,-166.212207,1470.0,98.86,1470.0,98.86
2017-06-03 07:47:06.488813,54.157905,-166.21219,1470.0,99.05,1470.0,98.86
2017-06-03 07:47:06.988014,54.157932,-166.212142,1470.0,100.18,1470.0,99.99
2017-06-03 07:47:07.487215,54.157941,-166.212126,1470.0,98.86,1470.0,98.86
2017-06-03 07:47:07.986416,54.157968,-166.21208,1470.0,98.86,1470.0,98.67
2017-06-03 07:47:08.485617,54.157978,-166.212065,1470.0,98.67,1470.0,98.67
2017-06-03 07:47:08.984819,54.158005,-166.212018,1470.0,98.67,1470.0,98.67
2017-06-03 07:47:09.484018,54.158015,-166.212004,1470.0,99.61,1470.0,98.67
2017-06-03 07:47:09.998819,54.158045,-166.21196,1470.0,98.86,1470.0,98.86
2017-06-03 07:47:10.498020,54.158056,-166.211944,1470.0,99.05,1470.0,99.05
2017-06-03 07:47:10.997221,54.158083,-166.2119,1470.0,99.05,1470.0,99.05
2017-06-03 07:47:11.496422,54.158093,-166.211884,1470.0,99.24,1470.0,99.05
2017-06-03 07:47:11.995623,54.15812,-166.21184,1470.0,100.18,1470.0,99.99
2017-06-03 07:47:12.494823,54.15813,-166.211823,1470.0,99.05,1470.0,98.86
2017-06-03 07:47:12.994024,54.158158,-166.211778,1470.0,98.86,1470.0,98.86
2017-06-03 07:47:13.493225,54.158168,-166.211762,1470.0,99.05,1470.0,98.86
2017-06-03 07:47:13.992426,54.158195,-166.211717,1470.0,99.05,1470.0,99.05
2017-06-03 07:47:14.491629,54.158205,-166.2117,1470.0,99.24,1470.0,99.05
2017-06-03 07:47:14.990828,54.158232,-166.211655,1470.0,99.24,1470.0,99.05
2017-06-03 07:47:15.490030,54.158241,-166.21164,1470.0,99.05,1470.0,99.05
2017-06-03 07:47:15.989229,54.15827,-166.211593,1470.0,100.37,1470.0,100.18
2017-06-03 07:47:16.488432,54.158279,-166.211578,1470.0,100.18,1470.0,99.99
2017-06-03 07:47:16.987631,54.158307,-166.211533,1470.0,99.05,1470.0,99.05
2017-06-03 07:47:17.486834,54.158316,-166.211518,1470.0,99.24,1470.0,99.61
2017-06-03 07:47:17.986032,54.158345,-166.211473,1470.0,99.42,1470.0,99.24
2017-06-03 07:47:18.485235,54.158355,-166.211458,1470.0,99.42,1470.0,99.42
2017-06-03 07:47:18.984434,54.158383,-166.211413,1470.0,99.42,1470.0,99.24
2017-06-03 07:47:19.499237,54.158394,-166.211397,1470.0,100.37,1470.0,99.05
2017-06-03 07:47:19.998438,54.158422,-166.211353,1470.0,99.05,1470.0,99.05
2017-06-03 07:47:20.497639,54.158432,-166.211337,1470.0,99.05,1470.0,99.05
2017-06-03 07:47:20.996840,54.15846,-166.211293,1470.0,99.24,1470.0,99.05
2017-06-03 07:47:21.496040,54.15847,-166.211278,1470.0,99.24,1470.0,99.24
2017-06-03 07:47:21.995241,54.158498,-166.211233,1470.0,99.42,1470.0,99.24
2017-06-03 07:47:22.494440,54.158508,-166.211217,1470.0,99.42,1470.0,99.42
2017-06-03 07:47:22.993643,54.158535,-166.211173,1470.0,99.42,1470.0,99.24
2017-06-03 07:47:23.492842,54.158545,-166.211158,1470.0,99.24,1470.0,99.24
2017-06-03 07:47:23.992044,54.158575,-166.211115,1470.0,99.05,1470.0,99.05
2017-06-03 07:47:24.491243,54.158586,-166.211099,1470.0,99.24,1470.0,99.05
2017-06-03 07:47:24.990446,54.158615,-166.211055,1470.0,99.24,1470.0,99.05
2017-06-03 07:47:25.489647,54.158624,-166.21104,1470.0,99.42,1470.0,99.24
2017-06-03 07:47:25.988848,54.158652,-166.210995,1470.0,99.42,1470.0,99.42
2017-06-03 07:47:26.488049,54.158661,-166.21098,1470.0,100.74,1470.0,99.42
2017-06-03 07:47:26.987249,54.158688,-166.210935,1470.0,99.61,1470.0,99.42
2017-06-03 07:47:27.486450,54.158698,-166.21092,1470.0,99.42,1470.0,99.42
2017-06-03 07:47:27.985651,54.158725,-166.210875,1470.0,99.42,1470.0,99.24
2017-06-03 07:47:28.484852,54.158734,-166.21086,1470.0,99.24,1470.0,99.24
2017-06-03 07:47:28.984053,54.158762,-166.210815,1470.0,99.24,1470.0,99.24
2017-06-03 07:47:29.498854,54.158772,-166.210798,1470.0,99.24,1470.0,99.24
2017-06-03 07:47:29.998055,54.158798,-166.210753,1470.0,100.74,1470.0,99.42
2017-06-03 07:47:30.497255,54.158808,-166.210736,1470.0,99.61,1470.0,99.42
2017-06-03 07:47:30.996456,54.158835,-166.210692,1470.0,99.61,1470.0,99.61
2017-06-03 07:47:31.495657,54.158845,-166.210675,1470.0,99.61,1470.0,99.61
2017-06-03 07:47:31.994858,54.158872,-166.21063,1470.0,99.61,1470.0,99.61
2017-06-03 07:47:32.494059,54.158882,-166.210614,1470.0,99.61,1470.0,99.61
2017-06-03 07:47:32.993259,54.15891,-166.21057,1470.0,100.93,1470.0,99.42
2017-06-03 07:47:33.492460,54.15892,-166.210555,1470.0,100.37,1470.0,99.42
2017-06-03 07:47:33.991661,54.15895,-166.21051,1470.0,99.42,1470.0,99.42
2017-06-03 07:47:34.490864,54.158961,-166.210494,1470.0,100.37,1470.0,99.42
2017-06-03 07:47:34.990063,54.15899,-166.21045,1470.0,100.55,1470.0,99.24
2017-06-03 07:47:35.489265,54.159,-166.210435,1470.0,99.42,1470.0,100.55
2017-06-03 07:47:35.988464,54.159028,-166.210388,1470.0,100.74,1470.0,99.42
2017-06-03 07:47:36.487667,54.159037,-166.210373,1470.0,99.8,1470.0,99.61
2017-06-03 07:47:36.986866,54.159063,-166.210328,1470.0,100.74,1470.0,99.8
2017-06-03 07:47:37.486069,54.159073,-166.210313,1470.0,99.99,1470.0,99.8
2017-06-03 07:47:37.985268,54.1591,-166.210267,1470.0,99.8,1470.0,99.8
2017-06-03 07:47:38.484470,54.159109,-166.210251,1470.0,99.61,1470.0,100.37
2017-06-03 07:47:38.999269,54.159137,-166.210203,1470.0,99.42,1470.0,99.42
2017-06-03 07:47:39.498472,54.159147,-166.210187,1470.0,99.24,1470.0,99.24
2017-06-03 07:47:39.997673,54.159175,-166.210145,1470.0,99.61,1470.0,99.99
2017-06-03 07:47:40.496874,54.159185,-166.210129,1470.0,99.42,1470.0,99.42
2017-06-03 07:47:40.996075,54.159213,-166.210087,1470.0,99.61,1470.0,100.74
2017-06-03 07:47:41.495275,54.159223,-166.210071,1470.0,100.74,1470.0,99.61
2017-06-03 07:47:41.994476,54.15925,-166.210027,1470.0,99.8,1470.0,99.8
2017-06-03 07:47:42.493677,54.159261,-166.21001,1470.0,101.12,1470.0,99.8
2017-06-03 07:47:42.992878,54.15929,-166.209965,1470.0,99.8,1470.0,100.55
2017-06-03 07:47:43.492077,54.159299,-166.209949,1470.0,99.8,1470.0,99.8
2017-06-03 07:47:43.991280,54.159327,-166.209902,1470.0,99.99,1470.0,100.93
2017-06-03 07:47:44.490479,54.159336,-166.209886,1470.0,99.99,1470.0,99.8
2017-06-03 07:47:44.989681,54.159363,-166.209838,1470.0,101.12,1470.0,99.8
2017-06-03 07:47:45.488882,54.159373,-166.209823,1470.0,99.99,1470.0,99.8
2017-06-03 07:47:45.988083,54.1594,-166.209777,1470.0,99.99,1470.0,100.55
2017-06-03 07:47:46.487284,54.15941,-166.209761,1470.0,99.61,1470.0,100.37
2017-06-03 07:47:46.986485,54.159438,-166.209715,1470.0,99.42,1470.0,100.55
2017-06-03 07:47:47.485685,54.159448,-166.2097,1470.0,100.55,1470.0,99.42
2017-06-03 07:47:47.984886,54.159478,-166.209655,1470.0,99.42,1470.0,99.42
2017-06-03 07:47:48.484087,54.159488,-166.20964,1470.0,99.61,1470.0,99.61
2017-06-03 07:47:48.998888,54.159515,-166.209595,1470.0,99.99,1470.0,99.99
2017-06-03 07:47:49.498089,54.159525,-166.209578,1470.0,101.12,1470.0,99.99
2017-06-03 07:47:49.997290,54.15955,-166.209532,1470.0,100.18,1470.0,100.18
2017-06-03 07:47:50.496490,54.15956,-166.209514,1470.0,100.93,1470.0,100.18
2017-06-03 07:47:50.995691,54.159587,-166.209468,1470.0,99.8,1470.0,99.8
2017-06-03 07:47:51.494892,54.159597,-166.209451,1470.0,99.61,1470.0,99.61
2017-06-03 07:47:51.994093,54.159625,-166.209405,1470.0,99.42,1470.0,99.42
2017-06-03 07:47:52.493294,54.159635,-166.209388,1470.0,99.61,1470.0,99.42
2017-06-03 07:47:52.992495,54.159663,-166.209343,1470.0,99.61,1470.0,100.55
2017-06-03 07:47:53.491695,54.159673,-166.209328,1470.0,99.8,1470.0,100.74
2017-06-03 07:47:53.990896,54.159702,-166.209283,1470.0,99.99,1470.0,99.99
2017-06-03 07:47:54.490097,54.159711,-166.209266,1470.0,100.18,1470.0,99.99
2017-06-03 07:47:54.989298,54.159738,-166.20922,1470.0,99.99,1470.0,99.99
2017-06-03 07:47:55.488501,54.159748,-166.209204,1470.0,99.99,1470.0,101.12
2017-06-03 07:47:55.987700,54.159775,-166.209157,1470.0,99.99,1470.0,99.99
2017-06-03 07:47:56.486902,54.159784,-166.209141,1470.0,99.99,1470.0,99.8
2017-06-03 07:47:56.986101,54.159812,-166.209095,1470.0,101.12,1470.0,99.8
2017-06-03 07:47:57.485304,54.159821,-166.209079,1470.0,100.74,1470.0,99.8
2017-06-03 07:47:57.984503,54.159848,-166.209032,1470.0,99.99,1470.0,99.99
2017-06-03 07:47:58.499306,54.159859,-166.209014,1470.0,99.99,1470.0,99.99
2017-06-03 07:47:58.998505,54.159887,-166.208968,1470.0,99.99,1470.0,99.99
2017-06-03 07:47:59.497707,54.159897,-166.208951,1470.0,99.99,1470.0,99.99
2017-06-03 07:47:59.996908,54.159923,-166.208907,1470.0,99.8,1470.0,99.8
2017-06-03 07:48:00.496109,54.159934,-166.20889,1470.0,99.8,1470.0,99.61
2017-06-03 07:48:00.995310,54.159963,-166.208845,1470.0,99.61,1470.0,100.74
2017-06-03 07:48:01.494511,54.159973,-166.208829,1470.0,99.8,1470.0,99.8
2017-06-03 07:48:01.993711,54.16,-166.208783,1470.0,99.99,1470.0,99.8
2017-06-03 07:48:02.492912,54.16001,-166.208767,1470.0,99.99,1470.0,99.99
2017-06-03 07:48:02.992113,54.160037,-166.208722,1470.0,101.31,1470.0,99.99
2017-06-03 07:48:03.491314,54.160045,-166.208706,1470.0,99.99,1470.0,99.99
2017-06-03 07:48:03.990515,54.160072,-166.20866,1470.0,99.8,1470.0,99.8
2017-06-03 07:48:04.489714,54.160081,-166.208645,1470.0,99.8,1470.0,99.8
2017-06-03 07:48:04.988916,54.160108,-166.208598,1470.0,99.8,1470.0,99.8
2017-06-03 07:48:05.488117,54.160117,-166.208583,1470.0,99.99,1470.0,100.74
2017-06-03 07:48:05.987318,54.160143,-166.208538,1470.0,99.99,1470.0,99.99
2017-06-03 07:48:06.486519,54.160153,-166.208523,1470.0,101.49,1470.0,100.18
2017-06-03 07:48:06.985720,54.16018,-166.208477,1470.0,100.74,1470.0,100.18
2017-06-03 07:48:07.484921,54.160189,-166.208461,1470.0,99.99,1470.0,99.99
2017-06-03 07:48:07.984121,54.160217,-166.208415,1470.0,99.8,1470.0,99.8
2017-06-03 07:48:08.498922,54.160228,-166.208398,1470.0,99.61,1470.0,99.61
2017-06-03 07:48:08.998123,54.160257,-166.208353,1470.0,99.61,1470.0,99.61
2017-06-03 07:48:09.497324,54.160267,-166.208337,1470.0,100.93,1470.0,100.55
2017-06-03 07:48:09.996525,54.160295,-166.208293,1470.0,101.12,1470.0,99.99
2017-06-03 07:48:10.495726,54.160305,-166.208277,1470.0,100.37,1470.0,100.18
2017-06-03 07:48:10.994926,54.160332,-166.208232,1470.0,100.55,1470.0,101.68
2017-06-03 07:48:11.494127,54.160341,-166.208216,1470.0,102.06,1470.0,101.68
2017-06-03 07:48:11.993328,54.160368,-166.20817,1470.0,100.37,1470.0,100.37
2017-06-03 07:48:12.492529,54.160378,-166.208153,1470.0,100.18,1470.0,99.99
2017-06-03 07:48:12.991730,54.160405,-166.208107,1470.0,99.8,1470.0,100.74
2017-06-03 07:48:13.490931,54.160415,-166.208092,1470.0,100.55,1470.0,99.42
2017-06-03 07:48:13.990131,54.160443,-166.208047,1470.0,99.61,1470.0,99.99
2017-06-03 07:48:14.489332,54.160453,-166.208033,1470.0,99.8,1470.0,100.93
2017-06-03 07:48:14.988533,54.160482,-166.207992,1470.0,99.99,1470.0,101.12
2017-06-03 07:48:15.487734,54.160491,-166.207977,1470.0,101.31,1470.0,99.99
2017-06-03 07:48:15.986935,54.16052,-166.207933,1470.0,99.99,1470.0,100.74
2017-06-03 07:48:16.486137,54.160529,-166.207918,1470.0,99.8,1470.0,99.8
2017-06-03 07:48:16.985336,54.160557,-166.207872,1470.0,99.8,1470.0,100.74
2017-06-03 07:48:17.484539,54.160566,-166.207857,1470.0,99.99,1470.0,99.8
2017-06-03 07:48:17.999338,54.160593,-166.207813,1470.0,100.18,1470.0,99.99
2017-06-03 07:48:18.498541,54.160603,-166.207797,1470.0,100.18,1470.0,100.18
2017-06-03 07:48:18.997740,54.16063,-166.207753,1470.0,100.18,1470.0,100.18
2017-06-03 07:48:19.496943,54.160641,-166.207736,1470.0,100.37,1470.0,100.18
2017-06-03 07:48:19.996141,54.16067,-166.207692,1470.0,100.18,1470.0,101.12
2017-06-03 07:48:20.495344,54.16068,-166.207675,1470.0,101.68,1470.0,101.12
2017-06-03 07:48:20.994545,54.160708,-166.20763,1470.0,100.18,1470.0,99.99
2017-06-03 07:48:21.493746,54.160718,-166.207615,1470.0,100.18,1470.0,99.99
2017-06-03 07:48:21.992947,54.160745,-166.207572,1470.0,100.18,1470.0,100.18
2017-06-03 07:48:22.492147,54.160756,-166.207556,1470.0,100.18,1470.0,100.18
2017-06-03 07:48:22.991348,54.160785,-166.207512,1470.0,100.18,1470.0,100.18
2017-06-03 07:48:23.490549,54.160795,-166.207496,1470.0,99.99,1470.0,99.99
2017-06-03 07:48:23.989750,54.160825,-166.20745,1470.0,99.99,1470.0,100.93
2017-06-03 07:48:24.488951,54.160835,-166.207434,1470.0,101.12,1470.0,99.99
2017-06-03 07:48:24.988152,54.160862,-166.207392,1470.0,99.99,1470.0,99.8
2017-06-03 07:48:25.487352,54.160871,-166.207377,1470.0,99.99,1470.0,99.8
2017-06-03 07:48:25.986553,54.160898,-166.207332,1470.0,99.8,1470.0,99.8
2017-06-03 07:48:26.485754,54.160908,-166.207317,1470.0,101.12,1470.0,99.8
2017-06-03 07:48:26.984955,54.160935,-166.207272,1470.0,99.8,1470.0,99.8
2017-06-03 07:48:27.484156,54.160944,-166.207256,1470.0,99.8,1470.0,99.8
2017-06-03 07:48:27.998957,54.160972,-166.20721,1470.0,99.99,1470.0,99.8
2017-06-03 07:48:28.498158,54.160981,-166.207194,1470.0,99.99,1470.0,99.99
2017-06-03 07:48:28.997358,54.161007,-166.20715,1470.0,100.18,1470.0,99.99
2017-06-03 07:48:29.496559,54.161017,-166.207133,1470.0,100.18,1470.0,100.18
2017-06-03 07:48:29.995760,54.161043,-166.207087,1470.0,100.18,1470.0,100.18
2017-06-03 07:48:30.494961,54.161053,-166.20707,1470.0,101.68,1470.0,100.18
2017-06-03 07:48:30.994164,54.16108,-166.207025,1470.0,100.37,1470.0,100.18
2017-06-03 07:48:31.493362,54.161089,-166.207009,1470.0,101.31,1470.0,100.18
2017-06-03 07:48:31.992565,54.161117,-166.206963,1470.0,100.18,1470.0,100.18
2017-06-03 07:48:32.491764,54.161126,-166.206947,1470.0,100.18,1470.0,100.18
2017-06-03 07:48:32.990965,54.161153,-166.206902,1470.0,100.18,1470.0,100.18
2017-06-03 07:48:33.490166,54.161163,-166.206887,1470.0,99.99,1470.0,99.99
2017-06-03 07:48:33.989367,54.161193,-166.206842,1470.0,100.18,1470.0,99.99
2017-06-03 07:48:34.488567,54.161203,-166.206827,1470.0,101.12,1470.0,100.93
2017-06-03 07:48:34.987768,54.16123,-166.206782,1470.0,100.18,1470.0,99.99
2017-06-03 07:48:35.486969,54.161239,-166.206767,1470.0,100.18,1470.0,100.18
2017-06-03 07:48:35.986170,54.161267,-166.206722,1470.0,100.18,1470.0,100.93
2017-06-03 07:48:36.485373,54.161276,-166.206706,1470.0,100.93,1470.0,99.99
2017-06-03 07:48:36.984571,54.161303,-166.206658,1470.0,99.99,1470.0,99.99
2017-06-03 07:48:37.483774,54.161313,-166.206642,1470.0,99.8,1470.0,99.8
2017-06-03 07:48:37.998573,54.16134,-166.206595,1470.0,99.99,1470.0,99.8
2017-06-03 07:48:38.497776,54.161349,-166.206578,1470.0,99.99,1470.0,99.8
2017-06-03 07:48:38.996975,54.161375,-166.206533,1470.0,99.99,1470.0,99.99
2017-06-03 07:48:39.496178,54.161384,-166.206517,1470.0,100.18,1470.0,100.18
2017-06-03 07:48:39.995377,54.16141,-166.20647,1470.0,100.37,1470.0,100.18
2017-06-03 07:48:40.494579,54.16142,-166.206453,1470.0,101.68,1470.0,100.55
2017-06-03 07:48:40.993778,54.161448,-166.206408,1470.0,100.37,1470.0,100.18
2017-06-03 07:48:41.492981,54.161458,-166.206393,1470.0,100.18,1470.0,100.18
2017-06-03 07:48:41.992182,54.161487,-166.206348,1470.0,99.99,1470.0,99.99
2017-06-03 07:48:42.491383,54.161497,-166.206332,1470.0,99.99,1470.0,99.8
2017-06-03 07:48:42.990583,54.161525,-166.206288,1470.0,99.99,1470.0,99.8
2017-06-03 07:48:43.489784,54.161535,-166.206273,1470.0,99.99,1470.0,99.8
2017-06-03 07:48:43.988985,54.161563,-166.206228,1470.0,101.12,1470.0,99.8
2017-06-03 07:48:44.488186,54.161573,-166.206213,1470.0,99.99,1470.0,99.99
2017-06-03 07:48:44.987387,54.161602,-166.206167,1470.0,100.18,1470.0,99.99
2017-06-03 07:48:45.486588,54.161611,-166.206151,1470.0,100.18,1470.0,101.31
2017-06-03 07:48:45.985788,54.161638,-166.206103,1470.0,100.18,1470.0,100.18
2017-06-03 07:48:46.484987,54.161648,-166.206088,1470.0,100.18,1470.0,100.18
2017-06-03 07:48:46.984190,54.161675,-166.206042,1470.0,100.18,1470.0,100.18
2017-06-03 07:48:47.498991,54.161685,-166.206025,1470.0,100.18,1470.0,100.18
2017-06-03 07:48:47.998192,54.161712,-166.20598,1470.0,101.49,1470.0,100.18
2017-06-03 07:48:48.497393,54.161722,-166.205964,1470.0,100.18,1470.0,99.99
2017-06-03 07:48:48.996593,54.16175,-166.20592,1470.0,100.18,1470.0,99.99
2017-06-03 07:48:49.495794,54.16176,-166.205905,1470.0,101.31,1470.0,99.99
2017-06-03 07:48:49.994995,54.161788,-166.20586,1470.0,99.99,1470.0,100.93
2017-06-03 07:48:50.494196,54.161799,-166.205844,1470.0,101.12,1470.0,101.12
2017-06-03 07:48:50.993399,54.161827,-166.2058,1470.0,101.12,1470.0,99.99
2017-06-03 07:48:51.492598,54.161837,-166.205785,1470.0,99.99,1470.0,99.99
2017-06-03 07:48:51.991800,54.161867,-166.20574,1470.0,100.18,1470.0,101.31
2017-06-03 07:48:52.490999,54.161877,-166.205723,1470.0,100.18,1470.0,100.18
2017-06-03 07:48:52.990202,54.161905,-166.205678,1470.0,100.18,1470.0,100.18
2017-06-03 07:48:53.489401,54.161914,-166.205663,1470.0,101.31,1470.0,101.49
2017-06-03 07:48:53.988602,54.161942,-166.205618,1470.0,100.55,1470.0,100.18
2017-06-03 07:48:54.487803,54.161951,-166.205603,1470.0,100.18,1470.0,100.18
2017-06-03 07:48:54.987003,54.161978,-166.205557,1470.0,99.99,1470.0,99.99
2017-06-03 07:48:55.486204,54.161988,-166.205541,1470.0,100.93,1470.0,99.8
2017-06-03 07:48:55.985405,54.162018,-166.205495,1470.0,99.8,1470.0,99.61
2017-06-03 07:48:56.484608,54.162028,-166.20548,1470.0,99.61,1470.0,99.61
2017-06-03 07:48:56.983807,54.162058,-166.205435,1470.0,100.55,1470.0,99.61
2017-06-03 07:48:57.498610,54.162069,-166.205419,1470.0,99.99,1470.0,99.8
2017-06-03 07:48:57.997808,54.162097,-166.205375,1470.0,99.99,1470.0,99.99
2017-06-03 07:48:58.497011,54.162107,-166.205358,1470.0,100.37,1470.0,100.18
2017-06-03 07:48:58.996210,54.162135,-166.205312,1470.0,100.37,1470.0,100.37
2017-06-03 07:48:59.495413,54.162144,-166.205295,1470.0,100.55,1470.0,100.55
2017-06-03 07:48:59.994612,54.162172,-166.205247,1470.0,100.55,1470.0,100.37
2017-06-03 07:49:00.493814,54.162181,-166.20523,1470.0,100.37,1470.0,100.18
2017-06-03 07:49:00.993013,54.162208,-166.205183,1470.0,100.18,1470.0,100.18
2017-06-03 07:49:01.492216,54.162218,-166.205168,1470.0,99.99,1470.0,100.74
2017-06-03 07:49:01.991417,54.162248,-166.205122,1470.0,101.12,1470.0,99.8
2017-06-03 07:49:02.490618,54.162258,-166.205107,1470.0,100.93,1470.0,99.8
2017-06-03 07:49:02.989819,54.162288,-166.205065,1470.0,99.99,1470.0,101.31
2017-06-03 07:49:03.489019,54.162298,-166.20505,1470.0,100.93,1470.0,99.99
2017-06-03 07:49:03.988220,54.162327,-166.205005,1470.0,101.12,1470.0,99.99
2017-06-03 07:49:04.487421,54.162336,-166.20499,1470.0,99.99,1470.0,99.99
2017-06-03 07:49:04.986622,54.162363,-166.204943,1470.0,100.93,1470.0,99.99
2017-06-03 07:49:05.485823,54.162373,-166.204927,1470.0,101.31,1470.0,99.99
2017-06-03 07:49:05.985023,54.162402,-166.20488,1470.0,99.99,1470.0,99.99
2017-06-03 07:49:06.484224,54.16241,-166.204865,1470.0,100.18,1470.0,101.12
2017-06-03 07:49:06.999025,54.162437,-166.204818,1470.0,100.37,1470.0,100.18
2017-06-03 07:49:07.498226,54.162446,-166.204801,1470.0,101.68,1470.0,100.18
2017-06-03 07:49:07.997427,54.162472,-166.204757,1470.0,100.18,1470.0,100.18
2017-06-03 07:49:08.496628,54.162483,-166.20474,1470.0,99.99,1470.0,99.99
2017-06-03 07:49:08.995829,54.162513,-166.204693,1470.0,99.8,1470.0,99.8
2017-06-03 07:49:09.495029,54.162523,-166.204678,1470.0,99.8,1470.0,99.8
2017-06-03 07:49:09.994230,54.16255,-166.204633,1470.0,101.31,1470.0,99.99
2017-06-03 07:49:10.493431,54.16256,-166.204618,1470.0,100.18,1470.0,100.55
2017-06-03 07:49:10.992632,54.162587,-166.204575,1470.0,101.31,1470.0,100.37
2017-06-03 07:49:11.491833,54.162596,-166.20456,1470.0,101.31,1470.0,100.55
2017-06-03 07:49:11.991034,54.162623,-166.204513,1470.0,100.37,1470.0,100.37
2017-06-03 07:49:12.490234,54.162633,-166.204498,1470.0,100.18,1470.0,100.18
2017-06-03 07:49:12.989437,54.162662,-166.204452,1470.0,99.99,1470.0,100.93
2017-06-03 07:49:13.488636,54.162671,-166.204437,1470.0,99.8,1470.0,99.8
2017-06-03 07:49:13.987839,54.1627,-166.204392,1470.0,99.61,1470.0,100.93
2017-06-03 07:49:14.487038,54.16271,-166.204376,1470.0,99.61,1470.0,99.61
2017-06-03 07:49:14.986238,54.162738,-166.20433,1470.0,99.8,1470.0,99.8
2017-06-03 07:49:15.485439,54.162748,-166.204315,1470.0,101.12,1470.0,99.99
2017-06-03 07:49:15.984640,54.162775,-166.20427,1470.0,100.18,1470.0,100.18
2017-06-03 07:49:16.483841,54.162784,-166.204255,1470.0,100.37,1470.0,100.18
2017-06-03 07:49:16.998642,54.16281,-166.204208,1470.0,100.37,1470.0,101.12
2017-06-03 07:49:17.497845,54.16282,-166.204191,1470.0,100.37,1470.0,100.37
2017-06-03 07:49:17.997044,54.162845,-166.204145,1470.0,100.37,1470.0,101.12
2017-06-03 07:49:18.496246,54.162855,-166.204129,1470.0,100.18,1470.0,100.93
2017-06-03 07:49:18.995445,54.162882,-166.204085,1470.0,99.99,1470.0,99.99
2017-06-03 07:49:19.494648,54.162892,-166.204069,1470.0,99.99,1470.0,99.99
2017-06-03 07:49:19.993847,54.16292,-166.204025,1470.0,99.8,1470.0,100.55
2017-06-03 07:49:20.493050,54.16293,-166.204009,1470.0,99.8,1470.0,99.8
2017-06-03 07:49:20.992249,54.162958,-166.203967,1470.0,99.99,1470.0,99.8
2017-06-03 07:49:21.491451,54.162968,-166.203952,1470.0,101.49,1470.0,99.99
2017-06-03 07:49:21.990652,54.162997,-166.203908,1470.0,100.18,1470.0,100.18
2017-06-03 07:49:22.489853,54.163006,-166.203891,1470.0,100.37,1470.0,100.18
2017-06-03 07:49:22.989054,54.163032,-166.203845,1470.0,100.37,1470.0,100.37
2017-06-03 07:49:23.488255,54.163041,-166.203829,1470.0,100.18,1470.0,100.18
2017-06-03 07:49:23.987455,54.163068,-166.203782,1470.0,100.18,1470.0,100.18
2017-06-03 07:49:24.486656,54.163078,-166.203766,1470.0,99.99,1470.0,99.99
2017-06-03 07:49:24.985857,54.163105,-166.20372,1470.0,101.12,1470.0,100.18
2017-06-03 07:49:25.485058,54.163115,-166.203705,1470.0,99.99,1470.0,99.8
2017-06-03 07:49:25.984259,54.163143,-166.203658,1470.0,99.8,1470.0,99.8
2017-06-03 07:49:26.499058,54.163154,-166.203641,1470.0,99.99,1470.0,99.8
2017-06-03 07:49:26.998260,54.163182,-166.203597,1470.0,99.99,1470.0,101.31
2017-06-03 07:49:27.497461,54.163192,-166.20358,1470.0,99.99,1470.0,99.99
2017-06-03 07:49:27.996662,54.163218,-166.203535,1470.0,100.18,1470.0,100.37
2017-06-03 07:49:28.495863,54.163228,-166.203518,1470.0,100.37,1470.0,101.12
2017-06-03 07:49:28.995064,54.163255,-166.203473,1470.0,100.37,1470.0,100.37
2017-06-03 07:49:29.494265,54.163264,-166.203457,1470.0,100.37,1470.0,101.12
2017-06-03 07:49:29.993465,54.163292,-166.203412,1470.0,100.37,1470.0,100.18
2017-06-03 07:49:30.492666,54.163301,-166.203395,1470.0,100.18,1470.0,100.18
2017-06-03 07:49:30.991867,54.163328,-166.20335,1470.0,99.99,1470.0,99.99
2017-06-03 07:49:31.491068,54.163338,-166.203335,1470.0,100.93,1470.0,100.93
2017-06-03 07:49:31.990269,54.163365,-166.203288,1470.0,99.8,1470.0,99.8
2017-06-03 07:49:32.489470,54.163375,-166.203274,1470.0,99.8,1470.0,100.93
2017-06-03 07:49:32.988672,54.163403,-166.20323,1470.0,99.8,1470.0,100.93
2017-06-03 07:49:33.487871,54.163413,-166.203215,1470.0,99.8,1470.0,99.8
2017-06-03 07:49:33.987074,54.163442,-166.20317,1470.0,99.99,1470.0,100.18
2017-06-03 07:49:34.486273,54.163451,-166.203155,1470.0,99.99,1470.0,99.99
2017-06-03 07:49:34.985476,54.163478,-166.203108,1470.0,101.12,1470.0,99.99
2017-06-03 07:49:35.484674,54.163487,-166.203092,1470.0,101.31,1470.0,100.18
2017-06-03 07:49:35.983875,54.163513,-166.203043,1470.0,100.18,1470.0,100.55
2017-06-03 07:49:36.498676,54.163523,-166.203026,1470.0,100.18,1470.0,100.18
2017-06-03 07:49:36.997877,54.16355,-166.20298,1470.0,100.18,1470.0,100.18
2017-06-03 07:49:37.497078,54.16356,-166.202963,1470.0,100.18,1470.0,100.93
2017-06-03 07:49:37.996279,54.163587,-166.202918,1470.0,100.18,1470.0,101.49
2017-06-03 07:49:38.495481,54.163597,-166.202902,1470.0,100.18,1470.0,101.12
2017-06-03 07:49:38.994680,54.163625,-166.202857,1470.0,100.18,1470.0,100.18
2017-06-03 07:49:39.493883,54.163635,-166.202842,1470.0,100.18,1470.0,100.18
2017-06-03 07:49:39.993082,54.163665,-166.202798,1470.0,100.18,1470.0,100.93
2017-06-03 07:49:40.492285,54.163676,-166.202782,1470.0,101.31,1470.0,99.99
2017-06-03 07:49:40.991484,54.163705,-166.202737,1470.0,101.12,1470.0,100.93
2017-06-03 07:49:41.490686,54.163715,-166.202722,1470.0,101.12,1470.0,99.8
2017-06-03 07:49:41.989885,54.163743,-166.202677,1470.0,99.99,1470.0,99.99
2017-06-03 07:49:42.489088,54.163753,-166.202661,1470.0,99.99,1470.0,99.99
2017-06-03 07:49:42.988289,54.16378,-166.202615,1470.0,99.99,1470.0,99.99
2017-06-03 07:49:43.487490,54.163789,-166.202599,1470.0,101.12,1470.0,99.99
2017-06-03 07:49:43.986691,54.163815,-166.202552,1470.0,100.18,1470.0,100.37
2017-06-03 07:49:44.485891,54.163824,-166.202535,1470.0,101.31,1470.0,99.99
2017-06-03 07:49:44.985092,54.163852,-166.202487,1470.0,100.18,1470.0,99.99
2017-06-03 07:49:45.484293,54.16386,-166.202471,1470.0,100.18,1470.0,101.31
2017-06-03 07:49:45.999094,54.163887,-166.202423,1470.0,100.37,1470.0,100.18
2017-06-03 07:49:46.498293,54.163896,-166.202407,1470.0,100.37,1470.0,100.18
2017-06-03 07:49:46.997496,54.163923,-166.202362,1470.0,100.18,1470.0,100.18
2017-06-03 07:49:47.496696,54.163934,-166.202346,1470.0,100.18,1470.0,99.99
2017-06-03 07:49:47.995897,54.163963,-166.2023,1470.0,99.99,1470.0,99.99
2017-06-03 07:49:48.495098,54.163974,-166.202284,1470.0,99.99,1470.0,100.18
2017-06-03 07:49:48.994299,54.164002,-166.202242,1470.0,99.99,1470.0,99.99
2017-06-03 07:49:49.493500,54.164012,-166.202226,1470.0,99.99,1470.0,100.93
2017-06-03 07:49:49.992701,54.16404,-166.20218,1470.0,99.99,1470.0,101.12
2017-06-03 07:49:50.491901,54.164051,-166.202163,1470.0,100.18,1470.0,99.99
2017-06-03 07:49:50.991102,54.16408,-166.202118,1470.0,99.99,1470.0,99.99
2017-06-03 07:49:51.490303,54.164089,-166.202102,1470.0,100.37,1470.0,99.99
2017-06-03 07:49:51.989504,54.164117,-166.202053,1470.0,100.18,1470.0,99.99
2017-06-03 07:49:52.488705,54.164125,-166.202037,1470.0,100.18,1470.0,101.12
2017-06-03 07:49:52.987907,54.16415,-166.201988,1470.0,100.37,1470.0,100.18
2017-06-03 07:49:53.487106,54.164159,-166.201972,1470.0,100.18,1470.0,100.18
2017-06-03 07:49:53.986309,54.164187,-166.201923,1470.0,100.18,1470.0,100.18
2017-06-03 07:49:54.485508,54.164196,-166.201907,1470.0,99.99,1470.0,99.99
2017-06-03 07:49:54.984711,54.164225,-166.20186,1470.0,99.99,1470.0,99.99
2017-06-03 07:49:55.483910,54.164235,-166.201845,1470.0,99.99,1470.0,99.99
2017-06-03 07:49:55.998711,54.164263,-166.2018,1470.0,99.99,1470.0,99.99
2017-06-03 07:49:56.497911,54.164274,-166.201784,1470.0,101.31,1470.0,99.99
2017-06-03 07:49:56.997112,54.164302,-166.20174,1470.0,101.31,1470.0,100.18
2017-06-03 07:49:57.496313,54.164312,-166.201724,1470.0,100.18,1470.0,99.99
2017-06-03 07:49:57.995514,54.16434,-166.201678,1470.0,100.93,1470.0,99.99
2017-06-03 07:49:58.494717,54.16435,-166.201661,1470.0,100.18,1470.0,100.18
2017-06-03 07:49:58.993916,54.164377,-166.201615,1470.0,101.31,1470.0,100.18
2017-06-03 07:49:59.493118,54.164385,-166.201599,1470.0,101.68,1470.0,100.18
2017-06-03 07:49:59.992317,54.164412,-166.20155,1470.0,100.18,1470.0,100.18
2017-06-03 07:50:00.491520,54.164421,-166.201534,1470.0,101.12,1470.0,99.99
2017-06-03 07:50:00.990719,54.164448,-166.201487,1470.0,100.18,1470.0,99.8
2017-06-03 07:50:01.489922,54.164458,-166.201471,1470.0,99.8,1470.0,99.8
2017-06-03 07:50:01.989120,54.164487,-166.201423,1470.0,99.8,1470.0,99.8
2017-06-03 07:50:02.488323,54.164496,-166.201408,1470.0,99.99,1470.0,100.93
2017-06-03 07:50:02.987522,54.164523,-166.201362,1470.0,100.18,1470.0,100.18
2017-06-03 07:50:03.486725,54.164533,-166.201347,1470.0,100.37,1470.0,100.18
2017-06-03 07:50:03.985926,54.164562,-166.201302,1470.0,101.49,1470.0,100.37
2017-06-03 07:50:04.485126,54.164571,-166.201286,1470.0,100.18,1470.0,100.18
2017-06-03 07:50:04.984327,54.1646,-166.20124,1470.0,100.18,1470.0,100.18
2017-06-03 07:50:05.499128,54.16461,-166.201223,1470.0,100.18,1470.0,100.18
2017-06-03 07:50:05.998329,54.164637,-166.201178,1470.0,100.18,1470.0,101.31
2017-06-03 07:50:06.497528,54.164647,-166.201162,1470.0,99.99,1470.0,99.99
2017-06-03 07:50:06.996731,54.164675,-166.201117,1470.0,99.99,1470.0,100.74
2017-06-03 07:50:07.495930,54.164684,-166.201101,1470.0,101.12,1470.0,101.12
2017-06-03 07:50:07.995132,54.164712,-166.201057,1470.0,101.12,1470.0,101.12
2017-06-03 07:50:08.494333,54.164721,-166.20104,1470.0,101.12,1470.0,99.99
2017-06-03 07:50:08.993534,54.164748,-166.200995,1470.0,101.12,1470.0,99.99
2017-06-03 07:50:09.492735,54.164758,-166.20098,1470.0,101.12,1470.0,100.18
2017-06-03 07:50:09.991936,54.164787,-166.200933,1470.0,101.49,1470.0,99.99
2017-06-03 07:50:10.491137,54.164796,-166.200917,1470.0,101.31,1470.0,99.99
2017-06-03 07:50:10.990337,54.164823,-166.20087,1470.0,99.99,1470.0,99.99
2017-06-03 07:50:11.489538,54.164833,-166.200855,1470.0,99.99,1470.0,99.8
2017-06-03 07:50:11.988739,54.164863,-166.200808,1470.0,99.8,1470.0,99.8
2017-06-03 07:50:12.487940,54.164873,-166.200793,1470.0,100.93,1470.0,99.99
2017-06-03 07:50:12.987143,54.1649,-166.200747,1470.0,100.18,1470.0,99.99
2017-06-03 07:50:13.486341,54.164909,-166.200731,1470.0,100.37,1470.0,100.18
2017-06-03 07:50:13.985544,54.164937,-166.200685,1470.0,100.37,1470.0,100.37
2017-06-03 07:50:14.484743,54.164946,-166.20067,1470.0,100.37,1470.0,101.31
2017-06-03 07:50:14.983946,54.164975,-166.200623,1470.0,101.49,1470.0,101.12
2017-06-03 07:50:15.498745,54.164986,-166.200607,1470.0,100.18,1470.0,101.31
2017-06-03 07:50:15.997946,54.165013,-166.200563,1470.0,101.31,1470.0,99.99
2017-06-03 07:50:16.497147,54.165024,-166.200548,1470.0,101.31,1470.0,99.99
2017-06-03 07:50:16.996347,54.165052,-166.200505,1470.0,100.18,1470.0,99.99
2017-06-03 07:50:17.495548,54.165062,-166.20049,1470.0,101.12,1470.0,99.99
2017-06-03 07:50:17.994749,54.16509,-166.200447,1470.0,101.31,1470.0,99.99
2017-06-03 07:50:18.493952,54.1651,-166.200431,1470.0,99.99,1470.0,99.99
2017-06-03 07:50:18.993151,54.165127,-166.200387,1470.0,100.93,1470.0,99.8
2017-06-03 07:50:19.492353,54.165136,-166.200372,1470.0,99.8,1470.0,99.8
2017-06-03 07:50:19.991552,54.165165,-166.200327,1470.0,99.8,1470.0,99.8
2017-06-03 07:50:20.490755,54.165175,-166.200311,1470.0,99.99,1470.0,99.8
2017-06-03 07:50:20.989954,54.165203,-166.200265,1470.0,99.99,1470.0,99.99
2017-06-03 07:50:21.489157,54.165213,-166.20025,1470.0,100.18,1470.0,100.93
2017-06-03 07:50:21.988356,54.16524,-166.200203,1470.0,100.37,1470.0,100.37
2017-06-03 07:50:22.487558,54.165249,-166.200187,1470.0,100.37,1470.0,100.37
2017-06-03 07:50:22.986757,54.165277,-166.20014,1470.0,100.37,1470.0,101.49
2017-06-03 07:50:23.485960,54.165286,-166.200125,1470.0,100.37,1470.0,100.18
2017-06-03 07:50:23.985161,54.165313,-166.200078,1470.0,100.37,1470.0,100.18
2017-06-03 07:50:24.484362,54.165324,-166.200064,1470.0,99.99,1470.0,99.99
2017-06-03 07:50:24.999163,54.165355,-166.20002,1470.0,100.93,1470.0,99.8
2017-06-03 07:50:25.498363,54.165366,-166.200004,1470.0,99.8,1470.0,99.8
2017-06-03 07:50:25.997564,54.165395,-166.199962,1470.0,100.93,1470.0,99.8
2017-06-03 07:50:26.496765,54.165405,-166.199946,1470.0,99.99,1470.0,99.8
2017-06-03 07:50:26.995966,54.165433,-166.199903,1470.0,99.99,1470.0,101.31
2017-06-03 07:50:27.495165,54.165443,-166.199887,1470.0,99.99,1470.0,99.99
2017-06-03 07:50:27.994368,54.165472,-166.199842,1470.0,99.99,1470.0,99.99
2017-06-03 07:50:28.493567,54.165481,-166.199825,1470.0,100.18,1470.0,100.18
2017-06-03 07:50:28.992769,54.165507,-166.199778,1470.0,100.18,1470.0,100.18
2017-06-03 07:50:29.491970,54.165516,-166.199762,1470.0,100.18,1470.0,100.18
2017-06-03 07:50:29.991171,54.165543,-166.199713,1470.0,100.18,1470.0,101.49
2017-06-03 07:50:30.490372,54.165553,-166.199698,1470.0,100.18,1470.0,100.74
2017-06-03 07:50:30.989573,54.16558,-166.199652,1470.0,100.18,1470.0,99.99
2017-06-03 07:50:31.488773,54.165589,-166.199636,1470.0,100.18,1470.0,100.18
2017-06-03 07:50:31.987974,54.165617,-166.19959,1470.0,100.18,1470.0,100.37
2017-06-03 07:50:32.487175,54.165626,-166.199575,1470.0,100.18,1470.0,101.12
2017-06-03 07:50:32.986376,54.165655,-166.199528,1470.0,99.99,1470.0,99.99
2017-06-03 07:50:33.485577,54.165665,-166.199514,1470.0,100.93,1470.0,99.99
2017-06-03 07:50:33.984777,54.165693,-166.19947,1470.0,100.93,1470.0,99.8
2017-06-03 07:50:34.483978,54.165703,-166.199455,1470.0,99.99,1470.0,99.99
2017-06-03 07:50:34.998779,54.165733,-166.199412,1470.0,99.99,1470.0,99.99
2017-06-03 07:50:35.497980,54.165743,-166.199395,1470.0,99.99,1470.0,99.99
2017-06-03 07:50:35.997181,54.16577,-166.19935,1470.0,99.99,1470.0,99.8
2017-06-03 07:50:36.496382,54.16578,-166.199333,1470.0,99.8,1470.0,100.93
2017-06-03 07:50:36.995583,54.165807,-166.199287,1470.0,100.74,1470.0,99.61
2017-06-03 07:50:37.494783,54.165816,-166.19927,1470.0,100.93,1470.0,100.55
2017-06-03 07:50:37.993984,54.165843,-166.199223,1470.0,99.8,1470.0,100.18
2017-06-03 07:50:38.493187,54.165853,-166.199206,1470.0,99.99,1470.0,99.99
2017-06-03 07:50:38.992386,54.16588,-166.199158,1470.0,99.99,1470.0,99.99
2017-06-03 07:50:39.491589,54.165889,-166.199142,1470.0,100.18,1470.0,99.99
2017-06-03 07:50:39.990788,54.165917,-166.199095,1470.0,100.18,1470.0,101.12
2017-06-03 07:50:40.489990,54.165927,-166.199078,1470.0,99.99,1470.0,100.93
2017-06-03 07:50:40.989189,54.165955,-166.199032,1470.0,99.99,1470.0,99.99
2017-06-03 07:50:41.488392,54.165965,-166.199016,1470.0,99.99,1470.0,99.99
2017-06-03 07:50:41.987591,54.165993,-166.19897,1470.0,99.99,1470.0,99.99
2017-06-03 07:50:42.486794,54.166003,-166.198955,1470.0,101.49,1470.0,99.99
2017-06-03 07:50:42.985992,54.166032,-166.198908,1470.0,99.99,1470.0,99.99
2017-06-03 07:50:43.485195,54.166041,-166.198893,1470.0,99.99,1470.0,99.99
2017-06-03 07:50:43.984396,54.16607,-166.198848,1470.0,99.8,1470.0,99.8
2017-06-03 07:50:44.499197,54.16608,-166.198832,1470.0,100.93,1470.0,99.61
2017-06-03 07:50:44.998398,54.166108,-166.198788,1470.0,99.61,1470.0,99.61
2017-06-03 07:50:45.497599,54.166118,-166.198772,1470.0,100.74,1470.0,99.61
2017-06-03 07:50:45.996799,54.166145,-166.198727,1470.0,99.61,1470.0,99.61
2017-06-03 07:50:46.496000,54.166154,-166.19871,1470.0,99.61,1470.0,99.61
2017-06-03 07:50:46.995201,54.16618,-166.198663,1470.0,99.61,1470.0,99.61
2017-06-03 07:50:47.494402,54.166189,-166.198647,1470.0,99.61,1470.0,99.61
2017-06-03 07:50:47.993603,54.166217,-166.1986,1470.0,99.61,1470.0,99.61
2017-06-03 07:50:48.492802,54.166226,-166.198583,1470.0,99.8,1470.0,99.8
2017-06-03 07:50:48.992004,54.166252,-166.198537,1470.0,99.8,1470.0,99.8
2017-06-03 07:50:49.491205,54.166261,-166.198521,1470.0,99.99,1470.0,99.8
2017-06-03 07:50:49.990406,54.16629,-166.198475,1470.0,101.12,1470.0,99.8
2017-06-03 07:50:50.489607,54.166299,-166.198459,1470.0,99.99,1470.0,99.99
2017-06-03 07:50:50.988808,54.166327,-166.198412,1470.0,99.99,1470.0,99.99
2017-06-03 07:50:51.488008,54.166336,-166.198396,1470.0,101.31,1470.0,99.99
2017-06-03 07:50:51.987209,54.166365,-166.19835,1470.0,100.18,1470.0,100.18
2017-06-03 07:50:52.486410,54.166375,-166.198335,1470.0,100.18,1470.0,101.31
2017-06-03 07:50:52.985611,54.166403,-166.198288,1470.0,100.18,1470.0,100.18
2017-06-03 07:50:53.484812,54.166413,-166.198273,1470.0,101.12,1470.0,100.18
2017-06-03 07:50:53.984013,54.166442,-166.198227,1470.0,99.61,1470.0,99.61
2017-06-03 07:50:54.498814,54.166452,-166.19821,1470.0,99.42,1470.0,99.42
2017-06-03 07:50:54.998016,54.16648,-166.198165,1470.0,99.24,1470.0,99.24
2017-06-03 07:50:55.497215,54.166491,-166.198148,1470.0,99.24,1470.0,99.05
2017-06-03 07:50:55.996416,54.166518,-166.198103,1470.0,100.55,1470.0,99.24
2017-06-03 07:50:56.495617,54.166528,-166.198087,1470.0,100.55,1470.0,99.61
2017-06-03 07:50:56.994818,54.166553,-166.198042,1470.0,99.8,1470.0,100.55
2017-06-03 07:50:57.494019,54.166562,-166.198025,1470.0,99.99,1470.0,99.8
2017-06-03 07:50:57.993219,54.166588,-166.197978,1470.0,99.99,1470.0,99.99
2017-06-03 07:50:58.492420,54.166598,-166.197961,1470.0,99.8,1470.0,99.99
2017-06-03 07:50:58.991621,54.166625,-166.197913,1470.0,99.61,1470.0,99.61
2017-06-03 07:50:59.490822,54.166634,-166.197897,1470.0,99.61,1470.0,99.61
2017-06-03 07:50:59.990023,54.166662,-166.197848,1470.0,99.61,1470.0,99.61
2017-06-03 07:51:00.489225,54.166671,-166.197833,1470.0,99.61,1470.0,99.61
2017-06-03 07:51:00.988424,54.166698,-166.197787,1470.0,99.8,1470.0,99.8
2017-06-03 07:51:01.487627,54.166708,-166.197772,1470.0,101.12,1470.0,99.99
2017-06-03 07:51:01.986826,54.166738,-166.197727,1470.0,101.31,1470.0,99.99
2017-06-03 07:51:02.486029,54.166748,-166.197711,1470.0,101.12,1470.0,99.99
2017-06-03 07:51:02.985228,54.166777,-166.197665,1470.0,99.99,1470.0,99.99
2017-06-03 07:51:03.484430,54.166787,-166.197649,1470.0,100.74,1470.0,99.61
2017-06-03 07:51:03.999231,54.166817,-166.197602,1470.0,100.74,1470.0,99.24
2017-06-03 07:51:04.498432,54.166827,-166.197585,1470.0,99.24,1470.0,100.18
2017-06-03 07:51:04.997633,54.166855,-166.19754,1470.0,99.24,1470.0,99.24
2017-06-03 07:51:05.496834,54.166864,-166.197525,1470.0,100.55,1470.0,99.24
2017-06-03 07:51:05.996035,54.166892,-166.19748,1470.0,99.61,1470.0,99.61
2017-06-03 07:51:06.495235,54.166901,-166.197463,1470.0,99.8,1470.0,99.8
2017-06-03 07:51:06.994436,54.166927,-166.197415,1470.0,99.99,1470.0,99.8
2017-06-03 07:51:07.493637,54.166935,-166.197398,1470.0,99.8,1470.0,99.8
2017-06-03 07:51:07.992838,54.166962,-166.197348,1470.0,99.8,1470.0,99.61
2017-06-03 07:51:08.492039,54.166971,-166.197333,1470.0,99.61,1470.0,99.42
2017-06-03 07:51:08.991240,54.166998,-166.197287,1470.0,100.74,1470.0,99.61
2017-06-03 07:51:09.490440,54.167008,-166.197272,1470.0,99.61,1470.0,100.74
2017-06-03 07:51:09.989641,54.167037,-166.197227,1470.0,99.61,1470.0,99.61
2017-06-03 07:51:10.488842,54.167046,-166.197212,1470.0,100.93,1470.0,99.8
2017-06-03 07:51:10.988043,54.167075,-166.197167,1470.0,99.8,1470.0,99.61
2017-06-03 07:51:11.487244,54.167085,-166.197152,1470.0,100.18,1470.0,99.61
2017-06-03 07:51:11.986444,54.167113,-166.197107,1470.0,100.55,1470.0,99.61
2017-06-03 07:51:12.485645,54.167123,-166.197091,1470.0,100.55,1470.0,99.42
2017-06-03 07:51:12.984846,54.167152,-166.197045,1470.0,99.61,1470.0,99.61
2017-06-03 07:51:13.484047,54.167161,-166.19703,1470.0,100.93,1470.0,99.61
2017-06-03 07:51:13.998848,54.167188,-166.196983,1470.0,99.8,1470.0,99.8
2017-06-03 07:51:14.498049,54.167198,-166.196966,1470.0,101.12,1470.0,99.8
2017-06-03 07:51:14.997252,54.167225,-166.196918,1470.0,99.8,1470.0,99.8
2017-06-03 07:51:15.496450,54.167234,-166.196902,1470.0,100.93,1470.0,99.61
2017-06-03 07:51:15.995653,54.167262,-166.196853,1470.0,99.61,1470.0,99.61
2017-06-03 07:51:16.494852,54.167271,-166.196836,1470.0,99.61,1470.0,99.61
2017-06-03 07:51:16.994053,54.167297,-166.19679,1470.0,99.61,1470.0,99.61
2017-06-03 07:51:17.493254,54.167306,-166.196774,1470.0,100.55,1470.0,100.93
2017-06-03 07:51:17.992455,54.167335,-166.196727,1470.0,99.61,1470.0,99.61
2017-06-03 07:51:18.491655,54.167345,-166.196712,1470.0,99.61,1470.0,100.55
2017-06-03 07:51:18.990856,54.167373,-166.196668,1470.0,99.61,1470.0,99.99
2017-06-03 07:51:19.490057,54.167383,-166.196653,1470.0,99.61,1470.0,99.8
2017-06-03 07:51:19.989258,54.167413,-166.196608,1470.0,100.74,1470.0,99.61
2017-06-03 07:51:20.488461,54.167423,-166.196593,1470.0,99.61,1470.0,100.37
2017-06-03 07:51:20.987659,54.16745,-166.196547,1470.0,99.61,1470.0,99.61
2017-06-03 07:51:21.486862,54.167459,-166.196531,1470.0,99.8,1470.0,100.55
2017-06-03 07:51:21.986061,54.167487,-166.196483,1470.0,99.8,1470.0,99.8
2017-06-03 07:51:22.485264,54.167495,-166.196467,1470.0,100.93,1470.0,99.8
2017-06-03 07:51:22.984463,54.167522,-166.19642,1470.0,99.8,1470.0,99.8
2017-06-03 07:51:23.499266,54.167532,-166.196402,1470.0,99.8,1470.0,99.8
2017-06-03 07:51:23.998465,54.167558,-166.196355,1470.0,99.61,1470.0,99.61
2017-06-03 07:51:24.497667,54.167569,-166.196338,1470.0,99.61,1470.0,99.61
2017-06-03 07:51:24.996866,54.167597,-166.196293,1470.0,100.37,1470.0,99.61
2017-06-03 07:51:25.496069,54.167606,-166.196277,1470.0,100.74,1470.0,99.61
2017-06-03 07:51:25.995270,54.167633,-166.196232,1470.0,99.61,1470.0,99.61
2017-06-03 07:51:26.494471,54.167644,-166.196216,1470.0,99.61,1470.0,99.61
2017-06-03 07:51:26.993671,54.167673,-166.196173,1470.0,100.74,1470.0,99.99
2017-06-03 07:51:27.492872,54.167683,-166.196157,1470.0,99.8,1470.0,100.18
2017-06-03 07:51:27.992073,54.167712,-166.196112,1470.0,99.8,1470.0,99.61
2017-06-03 07:51:28.491274,54.167722,-166.196096,1470.0,99.61,1470.0,99.61
2017-06-03 07:51:28.990475,54.16775,-166.196052,1470.0,99.61,1470.0,99.61
2017-06-03 07:51:29.489676,54.16776,-166.196037,1470.0,99.61,1470.0,99.61
2017-06-03 07:51:29.988876,54.167788,-166.195992,1470.0,100.74,1470.0,99.61
2017-06-03 07:51:30.488077,54.167798,-166.195976,1470.0,99.8,1470.0,99.8
2017-06-03 07:51:30.987278,54.167825,-166.195928,1470.0,99.99,1470.0,99.8
2017-06-03 07:51:31.486479,54.167834,-166.195912,1470.0,99.8,1470.0,99.8
2017-06-03 07:51:31.985680,54.167862,-166.195865,1470.0,99.8,1470.0,99.8
2017-06-03 07:51:32.484880,54.167871,-166.19585,1470.0,100.55,1470.0,99.61
2017-06-03 07:51:32.984081,54.167898,-166.195803,1470.0,99.61,1470.0,99.61
2017-06-03 07:51:33.498882,54.167908,-166.195787,1470.0,99.8,1470.0,99.61
2017-06-03 07:51:33.998083,54.167933,-166.195745,1470.0,99.8,1470.0,99.8
2017-06-03 07:51:34.497284,54.167944,-166.195729,1470.0,100.55,1470.0,99.8
2017-06-03 07:51:34.996487,54.167973,-166.195685,1470.0,99.8,1470.0,100.55
2017-06-03 07:51:35.495686,54.167984,-166.195669,1470.0,100.74,1470.0,99.61
2017-06-03 07:51:35.994888,54.168013,-166.195622,1470.0,100.37,1470.0,100.55
2017-06-03 07:51:36.494087,54.168024,-166.195606,1470.0,99.61,1470.0,99.61
2017-06-03 07:51:36.993290,54.168052,-166.195562,1470.0,99.8,1470.0,100.74
2017-06-03 07:51:37.492489,54.168061,-166.195547,1470.0,99.99,1470.0,100.74
2017-06-03 07:51:37.991690,54.168088,-166.195502,1470.0,101.31,1470.0,99.99
2017-06-03 07:51:38.490891,54.168098,-166.195486,1470.0,99.99,1470.0,99.99
2017-06-03 07:51:38.990091,54.168127,-166.19544,1470.0,99.8,1470.0,99.8
2017-06-03 07:51:39.489292,54.168136,-166.195425,1470.0,99.61,1470.0,100.55
2017-06-03 07:51:39.988493,54.168165,-166.19538,1470.0,100.74,1470.0,99.61
2017-06-03 07:51:40.487696,54.168175,-166.195365,1470.0,99.61,1470.0,99.61
2017-06-03 07:51:40.986895,54.168203,-166.195318,1470.0,101.12,1470.0,100.74
2017-06-03 07:51:41.486097,54.168212,-166.195303,1470.0,101.31,1470.0,99.99
2017-06-03 07:51:41.985296,54.168238,-166.195257,1470.0,100.18,1470.0,100.18
2017-06-03 07:51:42.484499,54.168248,-166.195241,1470.0,100.18,1470.0,100.18
2017-06-03 07:51:42.999298,54.168277,-166.195193,1470.0,99.99,1470.0,99.99
2017-06-03 07:51:43.498501,54.168286,-166.195177,1470.0,99.8,1470.0,99.8
2017-06-03 07:51:43.997700,54.168313,-166.195132,1470.0,99.8,1470.0,99.8
2017-06-03 07:51:44.496902,54.168323,-166.195115,1470.0,99.8,1470.0,100.93
2017-06-03 07:51:44.996101,54.16835,-166.19507,1470.0,99.8,1470.0,99.8
2017-06-03 07:51:45.495304,54.16836,-166.195054,1470.0,99.8,1470.0,100.93
2017-06-03 07:51:45.994505,54.168388,-166.195008,1470.0,99.8,1470.0,99.8
2017-06-03 07:51:46.493706,54.168399,-166.194992,1470.0,99.8,1470.0,100.74
2017-06-03 07:51:46.992907,54.168427,-166.194947,1470.0,99.8,1470.0,99.8
2017-06-03 07:51:47.492107,54.168436,-166.194931,1470.0,99.8,1470.0,101.31
2017-06-03 07:51:47.991308,54.168463,-166.194885,1470.0,99.99,1470.0,99.99
2017-06-03 07:51:48.490509,54.168472,-166.194869,1470.0,99.99,1470.0,99.99
2017-06-03 07:51:48.989710,54.168498,-166.194822,1470.0,99.99,1470.0,100.74
2017-06-03 07:51:49.488911,54.168508,-166.194806,1470.0,100.37,1470.0,99.8
2017-06-03 07:51:49.988111,54.168535,-166.194758,1470.0,100.93,1470.0,99.8
2017-06-03 07:51:50.487312,54.168544,-166.194742,1470.0,101.12,1470.0,99.8
2017-06-03 07:51:50.986513,54.168572,-166.194695,1470.0,99.8,1470.0,99.8
2017-06-03 07:51:51.485714,54.168581,-166.194679,1470.0,99.99,1470.0,99.8
2017-06-03 07:51:51.984915,54.168608,-166.194632,1470.0,99.99,1470.0,101.12
2017-06-03 07:51:52.484116,54.168618,-166.194616,1470.0,99.99,1470.0,99.99
2017-06-03 07:51:52.998917,54.168645,-166.19457,1470.0,99.99,1470.0,100.18
2017-06-03 07:51:53.498117,54.168656,-166.194553,1470.0,101.49,1470.0,99.99
2017-06-03 07:51:53.997318,54.168683,-166.194507,1470.0,101.12,1470.0,99.99
2017-06-03 07:51:54.496519,54.168693,-166.19449,1470.0,100.18,1470.0,100.18
2017-06-03 07:51:54.995720,54.16872,-166.194445,1470.0,100.18,1470.0,100.18
2017-06-03 07:51:55.494921,54.16873,-166.194428,1470.0,100.18,1470.0,100.18
2017-06-03 07:51:55.994123,54.168758,-166.19438,1470.0,100.18,1470.0,100.18
2017-06-03 07:51:56.493322,54.168768,-166.194363,1470.0,100.18,1470.0,100.93
2017-06-03 07:51:56.992525,54.168795,-166.194317,1470.0,99.99,1470.0,99.99
2017-06-03 07:51:57.491724,54.168804,-166.1943,1470.0,99.8,1470.0,99.8
2017-06-03 07:51:57.990927,54.168832,-166.194252,1470.0,99.8,1470.0,99.8
2017-06-03 07:51:58.490126,54.168841,-166.194236,1470.0,99.8,1470.0,100.55
2017-06-03 07:51:58.989326,54.16887,-166.19419,1470.0,100.93,1470.0,99.8
2017-06-03 07:51:59.488527,54.168879,-166.194175,1470.0,99.99,1470.0,99.99
2017-06-03 07:51:59.987728,54.168907,-166.19413,1470.0,100.18,1470.0,101.12
2017-06-03 07:52:00.486931,54.168916,-166.194114,1470.0,100.18,1470.0,100.18
2017-06-03 07:52:00.986130,54.168943,-166.194067,1470.0,100.18,1470.0,100.18
2017-06-03 07:52:01.485332,54.168953,-166.194051,1470.0,100.18,1470.0,101.12
2017-06-03 07:52:01.984531,54.16898,-166.194003,1470.0,100.18,1470.0,99.99
2017-06-03 07:52:02.499334,54.16899,-166.193986,1470.0,100.18,1470.0,99.99
2017-06-03 07:52:02.998533,54.169017,-166.19394,1470.0,100.18,1470.0,100.18
2017-06-03 07:52:03.497736,54.169026,-166.193924,1470.0,101.49,1470.0,100.18
2017-06-03 07:52:03.996935,54.169053,-166.193878,1470.0,101.68,1470.0,101.12
2017-06-03 07:52:04.496138,54.169064,-166.193861,1470.0,100.37,1470.0,100.18
2017-06-03 07:52:04.995337,54.169092,-166.193815,1470.0,100.18,1470.0,101.31
2017-06-03 07:52:05.494539,54.169101,-166.193799,1470.0,101.31,1470.0,101.31
2017-06-03 07:52:05.993740,54.16913,-166.193752,1470.0,100.18,1470.0,100.18
2017-06-03 07:52:06.492941,54.16914,-166.193736,1470.0,100.18,1470.0,100.18
2017-06-03 07:52:06.992142,54.169168,-166.19369,1470.0,100.18,1470.0,100.18
2017-06-03 07:52:07.491343,54.169178,-166.193675,1470.0,100.37,1470.0,100.18
2017-06-03 07:52:07.990543,54.169205,-166.193628,1470.0,100.18,1470.0,100.18
2017-06-03 07:52:08.489744,54.169214,-166.193612,1470.0,101.31,1470.0,100.93
2017-06-03 07:52:08.988945,54.169242,-166.193565,1470.0,101.12,1470.0,100.93
2017-06-03 07:52:09.488146,54.169251,-166.193549,1470.0,101.31,1470.0,100.18
2017-06-03 07:52:09.987347,54.169278,-166.193502,1470.0,100.18,1470.0,100.18
2017-06-03 07:52:10.486547,54.169288,-166.193486,1470.0,100.18,1470.0,100.18
2017-06-03 07:52:10.985748,54.169315,-166.193438,1470.0,100.18,1470.0,100.18
2017-06-03 07:52:11.484949,54.169324,-166.193423,1470.0,100.18,1470.0,100.18
2017-06-03 07:52:11.984150,54.169352,-166.193377,1470.0,100.37,1470.0,100.18
2017-06-03 07:52:12.498951,54.169361,-166.19336,1470.0,100.37,1470.0,100.93
2017-06-03 07:52:12.998152,54.169388,-166.193313,1470.0,100.55,1470.0,100.37
2017-06-03 07:52:13.497353,54.169398,-166.193297,1470.0,100.55,1470.0,100.55
2017-06-03 07:52:13.996553,54.169427,-166.193252,1470.0,100.55,1470.0,100.55
2017-06-03 07:52:14.495754,54.169437,-166.193234,1470.0,100.55,1470.0,101.49
2017-06-03 07:52:14.994955,54.169465,-166.193187,1470.0,100.55,1470.0,101.49
2017-06-03 07:52:15.494156,54.169474,-166.193171,1470.0,101.31,1470.0,100.93
2017-06-03 07:52:15.993357,54.169502,-166.193123,1470.0,100.55,1470.0,101.31
2017-06-03 07:52:16.492558,54.169511,-166.193108,1470.0,100.37,1470.0,101.49
2017-06-03 07:52:16.991760,54.16954,-166.193062,1470.0,101.31,1470.0,100.18
2017-06-03 07:52:17.490959,54.169549,-166.193046,1470.0,101.31,1470.0,100.18
2017-06-03 07:52:17.990162,54.169577,-166.193,1470.0,101.12,1470.0,100.55
2017-06-03 07:52:18.489361,54.169586,-166.192984,1470.0,101.31,1470.0,100.18
2017-06-03 07:52:18.988564,54.169615,-166.192937,1470.0,100.37,1470.0,100.37
2017-06-03 07:52:19.487762,54.169624,-166.19292,1470.0,101.68,1470.0,101.68
2017-06-03 07:52:19.986963,54.16965,-166.192872,1470.0,101.68,1470.0,101.68
2017-06-03 07:52:20.486164,54.169659,-166.192856,1470.0,100.55,1470.0,100.37
2017-06-03 07:52:20.985365,54.169685,-166.192808,1470.0,100.37,1470.0,100.37
2017-06-03 07:52:21.484568,54.169694,-166.192792,1470.0,100.55,1470.0,100.37
2017-06-03 07:52:21.999367,54.169722,-166.192745,1470.0,100.37,1470.0,100.37
2017-06-03 07:52:22.498569,54.169731,-166.192728,1470.0,100.55,1470.0,100.55
2017-06-03 07:52:22.997768,54.169758,-166.192682,1470.0,100.74,1470.0,100.55
2017-06-03 07:52:23.496971,54.169767,-166.192665,1470.0,100.93,1470.0,100.74
2017-06-03 07:52:23.996170,54.169793,-166.192618,1470.0,100.93,1470.0,101.68
2017-06-03 07:52:24.495373,54.169804,-166.192601,1470.0,101.87,1470.0,100.74
2017-06-03 07:52:24.994572,54.169832,-166.192555,1470.0,100.74,1470.0,100.74
2017-06-03 07:52:25.493774,54.169842,-166.192539,1470.0,100.74,1470.0,100.55
2017-06-03 07:52:25.992975,54.16987,-166.192493,1470.0,101.49,1470.0,100.37
2017-06-03 07:52:26.492176,54.16988,-166.192477,1470.0,100.37,1470.0,100.37
2017-06-03 07:52:26.991377,54.169908,-166.192433,1470.0,100.55,1470.0,100.37
2017-06-03 07:52:27.490578,54.169918,-166.192417,1470.0,101.68,1470.0,101.49
2017-06-03 07:52:27.989779,54.169945,-166.19237,1470.0,100.74,1470.0,100.55
2017-06-03 07:52:28.488979,54.169953,-166.192355,1470.0,100.74,1470.0,100.55
2017-06-03 07:52:28.988180,54.169978,-166.192308,1470.0,100.55,1470.0,100.55
2017-06-03 07:52:29.487381,54.169988,-166.192293,1470.0,101.49,1470.0,100.37
2017-06-03 07:52:29.986582,54.170017,-166.192247,1470.0,100.37,1470.0,100.37
2017-06-03 07:52:30.485783,54.170026,-166.192231,1470.0,100.18,1470.0,100.18
2017-06-03 07:52:30.984983,54.170053,-166.192185,1470.0,100.37,1470.0,100.18
2017-06-03 07:52:31.484184,54.170062,-166.192169,1470.0,100.55,1470.0,100.37
2017-06-03 07:52:31.998985,54.170088,-166.192122,1470.0,100.74,1470.0,100.74
2017-06-03 07:52:32.498186,54.170098,-166.192104,1470.0,101.12,1470.0,101.87
2017-06-03 07:52:32.997387,54.170123,-166.192057,1470.0,101.31,1470.0,101.31
2017-06-03 07:52:33.496588,54.170133,-166.19204,1470.0,102.25,1470.0,101.31
2017-06-03 07:52:33.995789,54.17016,-166.191993,1470.0,101.12,1470.0,101.12
2017-06-03 07:52:34.494989,54.17017,-166.191977,1470.0,100.93,1470.0,100.93
2017-06-03 07:52:34.994190,54.170197,-166.191933,1470.0,101.49,1470.0,100.55
2017-06-03 07:52:35.493391,54.170207,-166.191918,1470.0,100.55,1470.0,101.49
2017-06-03 07:52:35.992592,54.170237,-166.191873,1470.0,100.55,1470.0,100.93
2017-06-03 07:52:36.491793,54.170246,-166.191858,1470.0,101.68,1470.0,100.55
2017-06-03 07:52:36.990995,54.170275,-166.191813,1470.0,101.68,1470.0,101.68
2017-06-03 07:52:37.490194,54.170284,-166.191797,1470.0,100.74,1470.0,100.74
2017-06-03 07:52:37.989397,54.170312,-166.19175,1470.0,101.87,1470.0,100.74
2017-06-03 07:52:38.488596,54.170321,-166.191734,1470.0,100.93,1470.0,100.93
2017-06-03 07:52:38.987799,54.170348,-166.191687,1470.0,100.93,1470.0,101.68
2017-06-03 07:52:39.486998,54.170357,-166.191671,1470.0,100.93,1470.0,100.74
2017-06-03 07:52:39.986200,54.170383,-166.191623,1470.0,100.93,1470.0,100.93
2017-06-03 07:52:40.485399,54.170393,-166.191608,1470.0,100.93,1470.0,100.93
2017-06-03 07:52:40.984600,54.17042,-166.191562,1470.0,100.93,1470.0,100.93
2017-06-03 07:52:41.483801,54.170429,-166.191546,1470.0,100.93,1470.0,100.93
2017-06-03 07:52:41.998602,54.170457,-166.1915,1470.0,101.12,1470.0,100.93
2017-06-03 07:52:42.497805,54.170467,-166.191483,1470.0,100.93,1470.0,100.93
2017-06-03 07:52:42.997004,54.170495,-166.191438,1470.0,100.93,1470.0,101.68
2017-06-03 07:52:43.496206,54.170505,-166.191423,1470.0,100.93,1470.0,100.93
2017-06-03 07:52:43.995405,54.170535,-166.19138,1470.0,100.93,1470.0,100.74
2017-06-03 07:52:44.494608,54.170545,-166.191364,1470.0,101.87,1470.0,100.74
2017-06-03 07:52:44.993807,54.170573,-166.19132,1470.0,101.68,1470.0,100.74
2017-06-03 07:52:45.493010,54.170583,-166.191305,1470.0,102.06,1470.0,101.87
2017-06-03 07:52:45.992208,54.170612,-166.191258,1470.0,102.06,1470.0,101.87
2017-06-03 07:52:46.491411,54.17062,-166.191243,1470.0,100.93,1470.0,100.93
2017-06-03 07:52:46.990612,54.170647,-166.191197,1470.0,101.12,1470.0,100.93
2017-06-03 07:52:47.489813,54.170656,-166.19118,1470.0,101.12,1470.0,101.12
2017-06-03 07:52:47.989014,54.170683,-166.191132,1470.0,101.12,1470.0,101.87
2017-06-03 07:52:48.488214,54.170693,-166.191115,1470.0,101.12,1470.0,101.12
2017-06-03 07:52:48.987415,54.17072,-166.191067,1470.0,101.12,1470.0,101.12
2017-06-03 07:52:49.486616,54.17073,-166.191051,1470.0,101.12,1470.0,101.12
2017-06-03 07:52:49.985817,54.170758,-166.191003,1470.0,101.31,1470.0,101.12
2017-06-03 07:52:50.485018,54.170767,-166.190988,1470.0,101.31,1470.0,102.62
2017-06-03 07:52:50.984219,54.170794,-166.190941,1470.0,101.31,1470.0,101.31
2017-06-03 07:52:51.499020,54.170805,-166.190924,1470.0,101.31,1470.0,101.31
2017-06-03 07:52:51.998220,54.170835,-166.190878,1470.0,101.49,1470.0,101.31
2017-06-03 07:52:52.497421,54.170845,-166.190862,1470.0,101.31,1470.0,101.31
2017-06-03 07:52:52.996622,54.170873,-166.190817,1470.0,101.31,1470.0,101.12
2017-06-03 07:52:53.495823,54.170883,-166.190801,1470.0,101.12,1470.0,102.06
2017-06-03 07:52:53.995024,54.170912,-166.190755,1470.0,100.93,1470.0,100.93
2017-06-03 07:52:54.494225,54.170921,-166.19074,1470.0,100.93,1470.0,100.93
2017-06-03 07:52:54.993425,54.17095,-166.190693,1470.0,101.87,1470.0,100.93
2017-06-03 07:52:55.492626,54.170959,-166.190677,1470.0,100.93,1470.0,100.93
2017-06-03 07:52:55.991827,54.170985,-166.190628,1470.0,102.44,1470.0,100.93
2017-06-03 07:52:56.491028,54.170993,-166.190613,1470.0,101.12,1470.0,101.12
2017-06-03 07:52:56.990231,54.171018,-166.190567,1470.0,101.31,1470.0,101.31
2017-06-03 07:52:57.489429,54.171027,-166.19055,1470.0,102.44,1470.0,101.49
2017-06-03 07:52:57.988632,54.171053,-166.1905,1470.0,101.49,1470.0,101.49
2017-06-03 07:52:58.487831,54.171063,-166.190484,1470.0,101.49,1470.0,101.49
2017-06-03 07:52:58.987034,54.17109,-166.190437,1470.0,101.49,1470.0,101.49
2017-06-03 07:52:59.486233,54.171099,-166.190421,1470.0,101.49,1470.0,101.31
2017-06-03 07:52:59.985435,54.171127,-166.190375,1470.0,101.31,1470.0,102.62
2017-06-03 07:53:00.484634,54.171136,-166.19036,1470.0,102.44,1470.0,101.12
2017-06-03 07:53:00.983837,54.171166,-166.190315,1470.0,102.25,1470.0,101.12
2017-06-03 07:53:01.498636,54.171177,-166.190297,1470.0,102.44,1470.0,101.12
2017-06-03 07:53:01.997837,54.171205,-166.190252,1470.0,102.44,1470.0,101.31
2017-06-03 07:53:02.497040,54.171215,-166.190234,1470.0,102.44,1470.0,102.81
2017-06-03 07:53:02.996239,54.171243,-166.190187,1470.0,101.49,1470.0,101.49
2017-06-03 07:53:03.495441,54.171252,-166.19017,1470.0,102.81,1470.0,101.68
2017-06-03 07:53:03.994640,54.171278,-166.190122,1470.0,103.0,1470.0,101.68
2017-06-03 07:53:04.493843,54.171288,-166.190104,1470.0,101.68,1470.0,101.49
2017-06-03 07:53:04.993042,54.171315,-166.190057,1470.0,101.49,1470.0,101.49
2017-06-03 07:53:05.492245,54.171324,-166.190041,1470.0,101.49,1470.0,101.49
2017-06-03 07:53:05.991444,54.171352,-166.189993,1470.0,102.62,1470.0,101.31
2017-06-03 07:53:06.490646,54.171361,-166.189977,1470.0,101.31,1470.0,102.25
2017-06-03 07:53:06.989845,54.171388,-166.18993,1470.0,102.44,1470.0,102.62
2017-06-03 07:53:07.489048,54.171398,-166.189915,1470.0,102.06,1470.0,101.12
2017-06-03 07:53:07.988249,54.171425,-166.189868,1470.0,101.12,1470.0,101.12
2017-06-03 07:53:08.487450,54.171435,-166.189853,1470.0,102.44,1470.0,101.12
2017-06-03 07:53:08.986650,54.171463,-166.189808,1470.0,102.62,1470.0,101.31
2017-06-03 07:53:09.485851,54.171472,-166.189792,1470.0,101.49,1470.0,101.49
2017-06-03 07:53:09.985052,54.171498,-166.189743,1470.0,102.81,1470.0,101.68
2017-06-03 07:53:10.484253,54.171507,-166.189727,1470.0,101.87,1470.0,101.87
2017-06-03 07:53:10.999054,54.171533,-166.189678,1470.0,102.06,1470.0,101.87
2017-06-03 07:53:11.498253,54.171543,-166.189661,1470.0,101.87,1470.0,102.25
2017-06-03 07:53:11.997456,54.17157,-166.189612,1470.0,101.68,1470.0,101.87
2017-06-03 07:53:12.496656,54.17158,-166.189595,1470.0,101.49,1470.0,101.49
2017-06-03 07:53:12.995857,54.171607,-166.189548,1470.0,101.68,1470.0,102.62
2017-06-03 07:53:13.495058,54.171616,-166.189532,1470.0,101.68,1470.0,102.06
2017-06-03 07:53:13.994259,54.171643,-166.189485,1470.0,101.68,1470.0,101.68
2017-06-03 07:53:14.493460,54.171654,-166.189468,1470.0,101.68,1470.0,101.68
2017-06-03 07:53:14.992661,54.171682,-166.189422,1470.0,102.81,1470.0,101.49
2017-06-03 07:53:15.491861,54.171691,-166.189406,1470.0,101.49,1470.0,101.49
2017-06-03 07:53:15.991062,54.17172,-166.18936,1470.0,102.62,1470.0,102.81
2017-06-03 07:53:16.490263,54.171729,-166.189345,1470.0,101.49,1470.0,101.49
2017-06-03 07:53:16.989466,54.171757,-166.1893,1470.0,102.81,1470.0,101.49
2017-06-03 07:53:17.488665,54.171765,-166.189284,1470.0,101.68,1470.0,102.62
2017-06-03 07:53:17.987867,54.171792,-166.189237,1470.0,102.81,1470.0,101.68
2017-06-03 07:53:18.487066,54.1718,-166.189221,1470.0,101.87,1470.0,101.87
2017-06-03 07:53:18.986269,54.171825,-166.189173,1470.0,101.87,1470.0,101.87
2017-06-03 07:53:19.485468,54.171834,-166.189157,1470.0,101.87,1470.0,101.87
2017-06-03 07:53:19.984671,54.17186,-166.18911,1470.0,101.87,1470.0,101.87
2017-06-03 07:53:20.483870,54.171869,-166.189094,1470.0,101.68,1470.0,101.68
2017-06-03 07:53:20.998671,54.171897,-166.189047,1470.0,101.49,1470.0,101.49
2017-06-03 07:53:21.497871,54.171907,-166.18903,1470.0,101.49,1470.0,101.49
2017-06-03 07:53:21.997072,54.171933,-166.188985,1470.0,101.68,1470.0,101.49
2017-06-03 07:53:22.496275,54.171944,-166.188968,1470.0,101.68,1470.0,101.68
2017-06-03 07:53:22.995474,54.171972,-166.188923,1470.0,101.87,1470.0,101.68
2017-06-03 07:53:23.494677,54.171981,-166.188908,1470.0,101.87,1470.0,103.0
2017-06-03 07:53:23.993876,54.172008,-166.188862,1470.0,101.87,1470.0,102.62
2017-06-03 07:53:24.493078,54.172018,-166.188845,1470.0,103.0,1470.0,103.0
2017-06-03 07:53:24.992277,54.172045,-166.188797,1470.0,103.0,1470.0,101.68
2017-06-03 07:53:25.491480,54.172054,-166.188781,1470.0,103.0,1470.0,101.68
2017-06-03 07:53:25.990679,54.172082,-166.188733,1470.0,103.0,1470.0,101.68
2017-06-03 07:53:26.489882,54.172091,-166.188717,1470.0,101.87,1470.0,101.87
2017-06-03 07:53:26.989080,54.172118,-166.18867,1470.0,102.06,1470.0,102.81
2017-06-03 07:53:27.488283,54.172128,-166.188654,1470.0,102.06,1470.0,103.0
2017-06-03 07:53:27.987484,54.172155,-166.188607,1470.0,102.06,1470.0,103.0
2017-06-03 07:53:28.486685,54.172165,-166.188591,1470.0,102.06,1470.0,102.06
2017-06-03 07:53:28.985886,54.172193,-166.188543,1470.0,103.38,1470.0,101.87
2017-06-03 07:53:29.485086,54.172203,-166.188527,1470.0,101.87,1470.0,102.81
2017-06-03 07:53:29.984287,54.17223,-166.18848,1470.0,101.87,1470.0,103.19
2017-06-03 07:53:30.499088,54.17224,-166.188463,1470.0,102.06,1470.0,101.87
2017-06-03 07:53:30.998289,54.172267,-166.188418,1470.0,102.06,1470.0,102.06
2017-06-03 07:53:31.497490,54.172276,-166.188402,1470.0,102.06,1470.0,103.0
2017-06-03 07:53:31.996691,54.172303,-166.188357,1470.0,102.06,1470.0,102.81
2017-06-03 07:53:32.495890,54.172313,-166.18834,1470.0,101.87,1470.0,101.87
2017-06-03 07:53:32.995092,54.17234,-166.188293,1470.0,103.0,1470.0,101.68
2017-06-03 07:53:33.494293,54.17235,-166.188277,1470.0,102.81,1470.0,102.81
2017-06-03 07:53:33.993494,54.172378,-166.18823,1470.0,101.68,1470.0,103.0
2017-06-03 07:53:34.492695,54.172387,-166.188215,1470.0,101.68,1470.0,101.68
2017-06-03 07:53:34.991896,54.172413,-166.188168,1470.0,101.87,1470.0,103.0
2017-06-03 07:53:35.491096,54.172423,-166.188152,1470.0,102.06,1470.0,102.06
2017-06-03 07:53:35.990297,54.17245,-166.188105,1470.0,102.25,1470.0,103.19
2017-06-03 07:53:36.489498,54.172459,-166.188089,1470.0,102.81,1470.0,102.06
2017-06-03 07:53:36.988699,54.172485,-166.18804,1470.0,102.06,1470.0,102.06
2017-06-03 07:53:37.487900,54.172495,-166.188025,1470.0,102.06,1470.0,103.38
2017-06-03 07:53:37.987101,54.172523,-166.187978,1470.0,102.06,1470.0,103.19
2017-06-03 07:53:38.486301,54.172533,-166.187963,1470.0,102.06,1470.0,103.0
2017-06-03 07:53:38.985504,54.172562,-166.187917,1470.0,103.19,1470.0,102.06
2017-06-03 07:53:39.484703,54.172571,-166.187901,1470.0,103.19,1470.0,102.06
2017-06-03 07:53:39.983906,54.1726,-166.187853,1470.0,102.06,1470.0,102.06
2017-06-03 07:53:40.498705,54.17261,-166.187837,1470.0,102.06,1470.0,103.19
2017-06-03 07:53:40.997906,54.172638,-166.187792,1470.0,103.0,1470.0,102.81
2017-06-03 07:53:41.497107,54.172648,-166.187775,1470.0,102.06,1470.0,103.0
2017-06-03 07:53:41.996307,54.172675,-166.187728,1470.0,102.06,1470.0,102.06
2017-06-03 07:53:42.495510,54.172685,-166.187711,1470.0,103.38,1470.0,102.06
2017-06-03 07:53:42.994709,54.172712,-166.187665,1470.0,102.25,1470.0,103.19
2017-06-03 07:53:43.493912,54.17272,-166.187649,1470.0,102.25,1470.0,103.38
2017-06-03 07:53:43.993111,54.172747,-166.187602,1470.0,102.25,1470.0,103.19
2017-06-03 07:53:44.492313,54.172756,-166.187587,1470.0,102.25,1470.0,102.06
2017-06-03 07:53:44.991512,54.172783,-166.187542,1470.0,102.06,1470.0,103.19
2017-06-03 07:53:45.490715,54.172793,-166.187526,1470.0,101.87,1470.0,101.87
2017-06-03 07:53:45.989914,54.172822,-166.18748,1470.0,103.0,1470.0,102.81
2017-06-03 07:53:46.489117,54.172831,-166.187465,1470.0,102.81,1470.0,102.81
2017-06-03 07:53:46.988316,54.17286,-166.187418,1470.0,103.19,1470.0,101.87
2017-06-03 07:53:47.487518,54.172869,-166.187403,1470.0,102.06,1470.0,102.81
2017-06-03 07:53:47.986719,54.172897,-166.187357,1470.0,103.38,1470.0,102.25
2017-06-03 07:53:48.485920,54.172906,-166.187341,1470.0,102.25,1470.0,103.0
2017-06-03 07:53:48.985121,54.172933,-166.187295,1470.0,102.25,1470.0,102.25
2017-06-03 07:53:49.484322,54.172943,-166.187279,1470.0,103.56,1470.0,102.25
2017-06-03 07:53:49.999123,54.172972,-166.187232,1470.0,102.06,1470.0,102.06
2017-06-03 07:53:50.498323,54.172981,-166.187214,1470.0,102.06,1470.0,102.06
2017-06-03 07:53:50.997524,54.173008,-166.187167,1470.0,102.25,1470.0,102.06
2017-06-03 07:53:51.496725,54.173018,-166.187151,1470.0,102.25,1470.0,103.56
2017-06-03 07:53:51.995926,54.173047,-166.187105,1470.0,102.25,1470.0,102.25
2017-06-03 07:53:52.495127,54.173056,-166.187088,1470.0,102.44,1470.0,103.38
2017-06-03 07:53:52.994328,54.173083,-166.187042,1470.0,103.38,1470.0,102.25
2017-06-03 07:53:53.493528,54.173093,-166.187026,1470.0,102.25,1470.0,102.25
2017-06-03 07:53:53.992729,54.173122,-166.18698,1470.0,102.25,1470.0,102.25
2017-06-03 07:53:54.491930,54.173132,-166.186963,1470.0,103.38,1470.0,102.06
2017-06-03 07:53:54.991131,54.17316,-166.186918,1470.0,103.38,1470.0,102.06
2017-06-03 07:53:55.490332,54.17317,-166.186902,1470.0,102.25,1470.0,102.06
2017-06-03 07:53:55.989532,54.173198,-166.186853,1470.0,103.56,1470.0,102.06
2017-06-03 07:53:56.488733,54.173208,-166.186837,1470.0,102.25,1470.0,102.25
2017-06-03 07:53:56.987934,54.173235,-166.18679,1470.0,102.25,1470.0,102.25
2017-06-03 07:53:57.487135,54.173244,-166.186774,1470.0,102.25,1470.0,103.19
2017-06-03 07:53:57.986336,54.173272,-166.186725,1470.0,102.25,1470.0,102.25
2017-06-03 07:53:58.485537,54.17328,-166.186709,1470.0,103.19,1470.0,102.06
2017-06-03 07:53:58.984739,54.173306,-166.186663,1470.0,103.38,1470.0,102.81
2017-06-03 07:53:59.483938,54.173316,-166.186647,1470.0,101.87,1470.0,101.87
2017-06-03 07:53:59.998741,54.173345,-166.186598,1470.0,103.0,1470.0,101.87
2017-06-03 07:54:00.497940,54.173355,-166.186581,1470.0,101.87,1470.0,101.87
2017-06-03 07:54:00.997141,54.173383,-166.186535,1470.0,103.0,1470.0,103.0
2017-06-03 07:54:01.496342,54.173393,-166.186519,1470.0,102.25,1470.0,103.38
2017-06-03 07:54:01.995543,54.17342,-166.186472,1470.0,103.75,1470.0,103.75
2017-06-03 07:54:02.494743,54.17343,-166.186454,1470.0,103.56,1470.0,102.44
2017-06-03 07:54:02.993944,54.173457,-166.186407,1470.0,102.62,1470.0,103.75
2017-06-03 07:54:03.493145,54.173466,-166.18639,1470.0,102.62,1470.0,103.38
2017-06-03 07:54:03.992346,54.173493,-166.186342,1470.0,102.62,1470.0,102.44
2017-06-03 07:54:04.491549,54.173503,-166.186326,1470.0,102.44,1470.0,102.44
2017-06-03 07:54:04.990747,54.173532,-166.186278,1470.0,102.44,1470.0,102.25
2017-06-03 07:54:05.489950,54.173541,-166.186262,1470.0,102.25,1470.0,102.25
2017-06-03 07:54:05.989149,54.17357,-166.186213,1470.0,103.38,1470.0,103.38
2017-06-03 07:54:06.488352,54.17358,-166.186198,1470.0,102.25,1470.0,102.06
2017-06-03 07:54:06.987551,54.173608,-166.186153,1470.0,102.25,1470.0,102.06
2017-06-03 07:54:07.486753,54.173618,-166.186138,1470.0,103.38,1470.0,102.06
2017-06-03 07:54:07.985952,54.173645,-166.186093,1470.0,102.25,1470.0,103.0
2017-06-03 07:54:08.485155,54.173654,-166.186078,1470.0,103.0,1470.0,101.87
2017-06-03 07:54:08.984356,54.173682,-166.186032,1470.0,101.87,1470.0,101.87
2017-06-03 07:54:09.499157,54.173692,-166.186014,1470.0,101.87,1470.0,101.87
2017-06-03 07:54:09.998358,54.173718,-166.185968,1470.0,102.06,1470.0,103.38
2017-06-03 07:54:10.497559,54.173728,-166.185951,1470.0,102.25,1470.0,102.25
2017-06-03 07:54:10.996759,54.173753,-166.185903,1470.0,102.44,1470.0,103.56
2017-06-03 07:54:11.495960,54.173762,-166.185887,1470.0,102.44,1470.0,102.44
2017-06-03 07:54:11.995161,54.173787,-166.185838,1470.0,102.44,1470.0,103.56
2017-06-03 07:54:12.494362,54.173797,-166.185821,1470.0,102.25,1470.0,103.56
2017-06-03 07:54:12.993563,54.173825,-166.185773,1470.0,102.06,1470.0,102.62
2017-06-03 07:54:13.492764,54.173835,-166.185758,1470.0,103.19,1470.0,102.25
2017-06-03 07:54:13.991964,54.173865,-166.185712,1470.0,103.19,1470.0,102.06
2017-06-03 07:54:14.491165,54.173874,-166.185696,1470.0,102.06,1470.0,102.06
2017-06-03 07:54:14.990366,54.173902,-166.185648,1470.0,103.38,1470.0,103.19
2017-06-03 07:54:15.489567,54.173912,-166.185633,1470.0,102.25,1470.0,102.25
2017-06-03 07:54:15.988768,54.173942,-166.185587,1470.0,102.44,1470.0,102.25
2017-06-03 07:54:16.487968,54.173951,-166.185571,1470.0,103.38,1470.0,102.25
2017-06-03 07:54:16.987169,54.173978,-166.185523,1470.0,103.56,1470.0,102.25
2017-06-03 07:54:17.486370,54.173988,-166.185507,1470.0,103.38,1470.0,102.25
2017-06-03 07:54:17.985571,54.174015,-166.185458,1470.0,102.25,1470.0,102.25
2017-06-03 07:54:18.484772,54.174024,-166.185442,1470.0,103.19,1470.0,103.38
2017-06-03 07:54:18.983974,54.174049,-166.185395,1470.0,102.06,1470.0,102.06
2017-06-03 07:54:19.498774,54.174059,-166.185377,1470.0,102.06,1470.0,103.0
2017-06-03 07:54:19.997976,54.174087,-166.185328,1470.0,102.06,1470.0,102.25
2017-06-03 07:54:20.497175,54.174096,-166.185311,1470.0,102.06,1470.0,102.81
2017-06-03 07:54:20.996378,54.174123,-166.185263,1470.0,103.38,1470.0,102.06
2017-06-03 07:54:21.495577,54.174133,-166.185248,1470.0,102.25,1470.0,102.25
2017-06-03 07:54:21.994778,54.17416,-166.185202,1470.0,102.44,1470.0,102.25
2017-06-03 07:54:22.493979,54.174169,-166.185186,1470.0,102.25,1470.0,102.25
2017-06-03 07:54:22.993179,54.174197,-166.185138,1470.0,102.25,1470.0,103.19
2017-06-03 07:54:23.492380,54.174206,-166.185122,1470.0,102.06,1470.0,102.06
2017-06-03 07:54:23.991581,54.174235,-166.185075,1470.0,101.87,1470.0,101.87
2017-06-03 07:54:24.490784,54.174244,-166.185059,1470.0,103.19,1470.0,103.0
2017-06-03 07:54:24.989983,54.174272,-166.185012,1470.0,101.87,1470.0,102.62
2017-06-03 07:54:25.489185,54.174281,-166.184996,1470.0,103.0,1470.0,102.81
2017-06-03 07:54:25.988384,54.174308,-166.18495,1470.0,102.06,1470.0,102.06
2017-06-03 07:54:26.487587,54.174317,-166.184934,1470.0,102.25,1470.0,102.25
2017-06-03 07:54:26.986786,54.174343,-166.184887,1470.0,102.25,1470.0,103.0
2017-06-03 07:54:27.485989,54.174353,-166.184871,1470.0,102.25,1470.0,103.38
2017-06-03 07:54:27.985188,54.174382,-166.184823,1470.0,102.25,1470.0,102.06
2017-06-03 07:54:28.484390,54.174391,-166.184808,1470.0,102.06,1470.0,102.06
2017-06-03 07:54:28.999189,54.17442,-166.18476,1470.0,102.06,1470.0,103.56
2017-06-03 07:54:29.498392,54.17443,-166.184744,1470.0,103.38,1470.0,103.19
2017-06-03 07:54:29.997593,54.174458,-166.184697,1470.0,103.19,1470.0,102.06
2017-06-03 07:54:30.496794,54.174468,-166.18468,1470.0,102.25,1470.0,103.56
2017-06-03 07:54:30.995995,54.174495,-166.184635,1470.0,103.38,1470.0,102.25
2017-06-03 07:54:31.495195,54.174505,-166.184619,1470.0,102.25,1470.0,102.25
2017-06-03 07:54:31.994396,54.174533,-166.184573,1470.0,102.25,1470.0,103.0
2017-06-03 07:54:32.493597,54.174543,-166.184556,1470.0,102.06,1470.0,102.06
2017-06-03 07:54:32.992798,54.17457,-166.18451,1470.0,103.0,1470.0,103.19
2017-06-03 07:54:33.491999,54.174579,-166.184495,1470.0,103.0,1470.0,101.87
2017-06-03 07:54:33.991199,54.174607,-166.184448,1470.0,102.06,1470.0,102.81
2017-06-03 07:54:34.490400,54.174616,-166.184433,1470.0,102.06,1470.0,102.81
2017-06-03 07:54:34.989601,54.174645,-166.184387,1470.0,102.06,1470.0,102.06
2017-06-03 07:54:35.488802,54.174655,-166.184371,1470.0,102.06,1470.0,103.19
2017-06-03 07:54:35.988003,54.174683,-166.184325,1470.0,102.06,1470.0,103.19
2017-06-03 07:54:36.487204,54.174693,-166.18431,1470.0,101.87,1470.0,101.87
2017-06-03 07:54:36.986404,54.174722,-166.184263,1470.0,101.87,1470.0,103.0
2017-06-03 07:54:37.485605,54.174731,-166.184247,1470.0,101.87,1470.0,101.87
2017-06-03 07:54:37.984806,54.174758,-166.1842,1470.0,102.06,1470.0,101.87
2017-06-03 07:54:38.484007,54.174767,-166.184185,1470.0,103.19,1470.0,103.19
2017-06-03 07:54:38.998810,54.174795,-166.184138,1470.0,102.06,1470.0,103.38
2017-06-03 07:54:39.498009,54.174805,-166.184122,1470.0,102.25,1470.0,102.06
2017-06-03 07:54:39.997211,54.174833,-166.184075,1470.0,103.19,1470.0,103.19
2017-06-03 07:54:40.496410,54.174843,-166.184058,1470.0,102.25,1470.0,103.0
2017-06-03 07:54:40.995613,54.17487,-166.184012,1470.0,102.25,1470.0,103.38
2017-06-03 07:54:41.494812,54.17488,-166.183996,1470.0,102.25,1470.0,103.38
2017-06-03 07:54:41.994015,54.174908,-166.183948,1470.0,102.25,1470.0,102.06
2017-06-03 07:54:42.493214,54.174918,-166.183932,1470.0,103.38,1470.0,102.06
2017-06-03 07:54:42.992414,54.174947,-166.183885,1470.0,102.06,1470.0,102.06
2017-06-03 07:54:43.491615,54.174956,-166.183869,1470.0,103.38,1470.0,101.87
2017-06-03 07:54:43.990816,54.174983,-166.183822,1470.0,102.06,1470.0,101.87
2017-06-03 07:54:44.490019,54.174993,-166.183806,1470.0,101.87,1470.0,101.87
2017-06-03 07:54:44.989218,54.17502,-166.183758,1470.0,101.87,1470.0,101.87
2017-06-03 07:54:45.488420,54.175029,-166.183742,1470.0,102.81,1470.0,103.0
2017-06-03 07:54:45.987619,54.175057,-166.183695,1470.0,103.0,1470.0,102.62
2017-06-03 07:54:46.486822,54.175066,-166.183679,1470.0,103.0,1470.0,101.68
2017-06-03 07:54:46.986021,54.175093,-166.183632,1470.0,103.19,1470.0,101.68
2017-06-03 07:54:47.485224,54.175103,-166.183615,1470.0,102.06,1470.0,101.87
2017-06-03 07:54:47.984423,54.17513,-166.183567,1470.0,103.0,1470.0,101.87
2017-06-03 07:54:48.499226,54.17514,-166.183549,1470.0,102.25,1470.0,102.06
2017-06-03 07:54:48.998425,54.175167,-166.183502,1470.0,102.25,1470.0,103.38
2017-06-03 07:54:49.497627,54.175177,-166.183483,1470.0,102.25,1470.0,103.38
2017-06-03 07:54:49.996828,54.175203,-166.183435,1470.0,102.25,1470.0,102.25
2017-06-03 07:54:50.496029,54.175213,-166.183418,1470.0,102.06,1470.0,102.06
2017-06-03 07:54:50.995230,54.17524,-166.183372,1470.0,102.06,1470.0,103.0
2017-06-03 07:54:51.494431,54.17525,-166.183355,1470.0,101.87,1470.0,101.87
2017-06-03 07:54:51.993631,54.175278,-166.183307,1470.0,101.87,1470.0,101.87
2017-06-03 07:54:52.492832,54.175288,-166.183291,1470.0,101.87,1470.0,101.87
2017-06-03 07:54:52.992033,54.175317,-166.183243,1470.0,103.19,1470.0,101.87
2017-06-03 07:54:53.491234,54.175326,-166.183227,1470.0,102.06,1470.0,103.0
2017-06-03 07:54:53.990435,54.175353,-166.183178,1470.0,102.06,1470.0,102.06
2017-06-03 07:54:54.489635,54.175363,-166.183162,1470.0,102.06,1470.0,102.06
2017-06-03 07:54:54.988836,54.17539,-166.183112,1470.0,102.06,1470.0,103.19
2017-06-03 07:54:55.488037,54.175399,-166.183095,1470.0,103.19,1470.0,101.87
2017-06-03 07:54:55.987238,54.175425,-166.183047,1470.0,101.87,1470.0,101.87
2017-06-03 07:54:56.486439,54.175434,-166.183031,1470.0,103.19,1470.0,102.06
2017-06-03 07:54:56.985640,54.175461,-166.182985,1470.0,103.0,1470.0,102.06
2017-06-03 07:54:57.484840,54.17547,-166.182969,1470.0,101.87,1470.0,102.81
2017-06-03 07:54:57.984041,54.175498,-166.18292,1470.0,103.0,1470.0,101.87
2017-06-03 07:54:58.498842,54.175508,-166.182903,1470.0,101.87,1470.0,103.0
2017-06-03 07:54:58.998043,54.175535,-166.182857,1470.0,103.19,1470.0,101.87
2017-06-03 07:54:59.497244,54.175544,-166.18284,1470.0,103.38,1470.0,103.19
2017-06-03 07:54:59.996447,54.175572,-166.182792,1470.0,102.06,1470.0,103.0
2017-06-03 07:55:00.495646,54.175582,-166.182775,1470.0,103.0,1470.0,102.06
2017-06-03 07:55:00.994848,54.17561,-166.182728,1470.0,101.87,1470.0,101.87
2017-06-03 07:55:01.494047,54.175619,-166.182712,1470.0,101.87,1470.0,101.87
2017-06-03 07:55:01.993250,54.175647,-166.182665,1470.0,101.87,1470.0,102.81
2017-06-03 07:55:02.492449,54.175656,-166.182649,1470.0,102.06,1470.0,101.87
2017-06-03 07:55:02.991652,54.175683,-166.1826,1470.0,102.06,1470.0,102.06
2017-06-03 07:55:03.490850,54.175692,-166.182584,1470.0,103.19,1470.0,102.06
2017-06-03 07:55:03.990051,54.175718,-166.182535,1470.0,102.25,1470.0,102.25
2017-06-03 07:55:04.489254,54.175728,-166.182519,1470.0,102.25,1470.0,103.56
2017-06-03 07:55:04.988453,54.175755,-166.182472,1470.0,103.19,1470.0,102.06
2017-06-03 07:55:05.487656,54.175765,-166.182455,1470.0,102.81,1470.0,101.87
2017-06-03 07:55:05.986855,54.175795,-166.182407,1470.0,102.81,1470.0,103.0
2017-06-03 07:55:06.486057,54.175804,-166.182391,1470.0,101.68,1470.0,101.68
2017-06-03 07:55:06.985256,54.175833,-166.182345,1470.0,101.68,1470.0,101.68
2017-06-03 07:55:07.484459,54.175842,-166.182329,1470.0,102.81,1470.0,101.68
2017-06-03 07:55:07.999258,54.17587,-166.182282,1470.0,102.81,1470.0,101.68
2017-06-03 07:55:08.498461,54.17588,-166.182265,1470.0,103.0,1470.0,101.68
2017-06-03 07:55:08.997660,54.175907,-166.18222,1470.0,102.81,1470.0,103.0
2017-06-03 07:55:09.496862,54.175916,-166.182204,1470.0,101.87,1470.0,103.0
2017-06-03 07:55:09.996063,54.175943,-166.182157,1470.0,103.19,1470.0,101.87
2017-06-03 07:55:10.495264,54.175954,-166.182139,1470.0,102.06,1470.0,102.25
2017-06-03 07:55:10.994465,54.175982,-166.182092,1470.0,102.25,1470.0,102.06
2017-06-03 07:55:11.493666,54.175991,-166.182076,1470.0,102.06,1470.0,102.06
2017-06-03 07:55:11.992867,54.176018,-166.182028,1470.0,102.25,1470.0,103.19
2017-06-03 07:55:12.492067,54.176028,-166.182012,1470.0,102.25,1470.0,102.06
2017-06-03 07:55:12.991268,54.176055,-166.181963,1470.0,102.06,1470.0,102.06
2017-06-03 07:55:13.490469,54.176064,-166.181948,1470.0,103.0,1470.0,102.06
2017-06-03 07:55:13.989670,54.176092,-166.181902,1470.0,102.44,1470.0,103.38
2017-06-03 07:55:14.488871,54.176101,-166.181886,1470.0,103.19,1470.0,103.38
2017-06-03 07:55:14.988071,54.17613,-166.18184,1470.0,103.38,1470.0,102.06
2017-06-03 07:55:15.487272,54.17614,-166.181825,1470.0,103.38,1470.0,103.19
2017-06-03 07:55:15.986473,54.17617,-166.181778,1470.0,103.19,1470.0,101.87
2017-06-03 07:55:16.485674,54.176179,-166.181763,1470.0,102.81,1470.0,101.68
2017-06-03 07:55:16.984875,54.176208,-166.181716,1470.0,101.68,1470.0,101.68
2017-06-03 07:55:17.484076,54.176217,-166.1817,1470.0,103.0,1470.0,101.68
2017-06-03 07:55:17.998877,54.176247,-166.181652,1470.0,101.87,1470.0,103.0
2017-06-03 07:55:18.498077,54.176256,-166.181635,1470.0,103.19,1470.0,102.81
2017-06-03 07:55:18.997278,54.176282,-166.181588,1470.0,102.06,1470.0,103.0
2017-06-03 07:55:19.496479,54.176291,-166.181572,1470.0,102.06,1470.0,102.06
2017-06-03 07:55:19.995680,54.176317,-166.181523,1470.0,102.06,1470.0,103.56
2017-06-03 07:55:20.494881,54.176326,-166.181505,1470.0,102.06,1470.0,101.87
2017-06-03 07:55:20.994083,54.176353,-166.181457,1470.0,103.19,1470.0,101.87
2017-06-03 07:55:21.493282,54.176363,-166.181441,1470.0,103.56,1470.0,102.06
2017-06-03 07:55:21.992485,54.17639,-166.181393,1470.0,102.06,1470.0,103.38
2017-06-03 07:55:22.491684,54.1764,-166.181377,1470.0,102.25,1470.0,103.38
2017-06-03 07:55:22.990887,54.176428,-166.18133,1470.0,102.06,1470.0,102.06
2017-06-03 07:55:23.490086,54.176438,-166.181314,1470.0,103.19,1470.0,102.06
2017-06-03 07:55:23.989288,54.176467,-166.181267,1470.0,103.19,1470.0,102.06
2017-06-03 07:55:24.488487,54.176476,-166.181251,1470.0,102.06,1470.0,102.06
2017-06-03 07:55:24.987688,54.176505,-166.181203,1470.0,103.0,1470.0,103.19
2017-06-03 07:55:25.486889,54.176514,-166.181187,1470.0,103.19,1470.0,101.87
2017-06-03 07:55:25.986090,54.176542,-166.181138,1470.0,102.06,1470.0,102.06
2017-06-03 07:55:26.485292,54.176551,-166.181123,1470.0,102.06,1470.0,102.06
2017-06-03 07:55:26.984491,54.176578,-166.181076,1470.0,102.06,1470.0,103.0
2017-06-03 07:55:27.499294,54.176588,-166.181058,1470.0,102.06,1470.0,103.19
2017-06-03 07:55:27.998493,54.176615,-166.18101,1470.0,103.19,1470.0,102.81
2017-06-03 07:55:28.497696,54.176624,-166.180993,1470.0,103.38,1470.0,101.87
2017-06-03 07:55:28.996895,54.17665,-166.180945,1470.0,103.38,1470.0,103.19
2017-06-03 07:55:29.496098,54.176659,-166.180928,1470.0,102.06,1470.0,103.38
2017-06-03 07:55:29.995298,54.176685,-166.180878,1470.0,102.06,1470.0,102.06
2017-06-03 07:55:30.494499,54.176694,-166.180863,1470.0,102.06,1470.0,102.06
2017-06-03 07:55:30.993700,54.176722,-166.180817,1470.0,102.06,1470.0,103.0
2017-06-03 07:55:31.492901,54.176731,-166.180801,1470.0,103.38,1470.0,103.0
2017-06-03 07:55:31.992102,54.17676,-166.180753,1470.0,101.87,1470.0,102.81
2017-06-03 07:55:32.491302,54.176769,-166.180737,1470.0,102.81,1470.0,103.0
2017-06-03 07:55:32.990503,54.176797,-166.18069,1470.0,101.87,1470.0,101.68
2017-06-03 07:55:33.489704,54.176806,-166.180674,1470.0,101.87,1470.0,101.87
2017-06-03 07:55:33.988905,54.176833,-166.180627,1470.0,103.0,1470.0,101.87
2017-06-03 07:55:34.488106,54.176842,-166.18061,1470.0,102.06,1470.0,102.25
2017-06-03 07:55:34.987307,54.176868,-166.18056,1470.0,102.25,1470.0,103.38
2017-06-03 07:55:35.486507,54.176878,-166.180544,1470.0,102.25,1470.0,101.68
2017-06-03 07:55:35.985708,54.176905,-166.180495,1470.0,101.68,1470.0,101.49
2017-06-03 07:55:36.484909,54.176914,-166.180479,1470.0,101.49,1470.0,101.49
2017-06-03 07:55:36.984110,54.176941,-166.180431,1470.0,101.49,1470.0,101.49
2017-06-03 07:55:37.498911,54.176952,-166.180414,1470.0,101.87,1470.0,103.0
2017-06-03 07:55:37.998112,54.17698,-166.180367,1470.0,101.87,1470.0,101.68
2017-06-03 07:55:38.497313,54.17699,-166.18035,1470.0,103.0,1470.0,103.0
2017-06-03 07:55:38.996513,54.177017,-166.180305,1470.0,102.06,1470.0,102.06
2017-06-03 07:55:39.495714,54.177026,-166.180289,1470.0,102.25,1470.0,102.62
2017-06-03 07:55:39.994915,54.177053,-166.180242,1470.0,102.25,1470.0,102.25
2017-06-03 07:55:40.494116,54.177063,-166.180225,1470.0,102.06,1470.0,102.06
2017-06-03 07:55:40.993319,54.17709,-166.18018,1470.0,103.0,1470.0,101.87
2017-06-03 07:55:41.492517,54.1771,-166.180164,1470.0,101.87,1470.0,103.0
2017-06-03 07:55:41.991720,54.177128,-166.180117,1470.0,103.0,1470.0,102.62
2017-06-03 07:55:42.490919,54.177138,-166.180101,1470.0,101.87,1470.0,102.25
2017-06-03 07:55:42.990122,54.177165,-166.180055,1470.0,103.0,1470.0,103.0
2017-06-03 07:55:43.489321,54.177175,-166.180039,1470.0,102.06,1470.0,103.19
2017-06-03 07:55:43.988523,54.177203,-166.179992,1470.0,102.06,1470.0,102.06
2017-06-03 07:55:44.487722,54.177213,-166.179976,1470.0,102.06,1470.0,102.06
2017-06-03 07:55:44.986925,54.17724,-166.179928,1470.0,102.06,1470.0,102.06
2017-06-03 07:55:45.486124,54.177249,-166.179912,1470.0,102.25,1470.0,102.06
2017-06-03 07:55:45.985325,54.177277,-166.179865,1470.0,102.25,1470.0,103.19
2017-06-03 07:55:46.484528,54.177286,-166.179849,1470.0,102.44,1470.0,102.25
2017-06-03 07:55:46.999327,54.177313,-166.179802,1470.0,102.44,1470.0,102.25
2017-06-03 07:55:47.498529,54.177323,-166.179786,1470.0,102.44,1470.0,102.25
2017-06-03 07:55:47.997728,54.177352,-166.17974,1470.0,102.25,1470.0,102.25
2017-06-03 07:55:48.496931,54.177362,-166.179723,1470.0,102.25,1470.0,103.38
2017-06-03 07:55:48.996130,54.17739,-166.179677,1470.0,102.06,1470.0,102.06
2017-06-03 07:55:49.495333,54.1774,-166.179661,1470.0,102.06,1470.0,101.87
2017-06-03 07:55:49.994532,54.177428,-166.179615,1470.0,101.87,1470.0,101.87
2017-06-03 07:55:50.493734,54.177438,-166.1796,1470.0,101.87,1470.0,102.81
2017-06-03 07:55:50.992933,54.177467,-166.179555,1470.0,103.19,1470.0,101.87
2017-06-03 07:55:51.492136,54.177476,-166.179539,1470.0,102.06,1470.0,102.44
2017-06-03 07:55:51.991337,54.177505,-166.17949,1470.0,103.19,1470.0,103.38
2017-06-03 07:55:52.490538,54.177514,-166.179474,1470.0,102.25,1470.0,103.56
2017-06-03 07:55:52.989738,54.17754,-166.179425,1470.0,102.25,1470.0,102.25
2017-06-03 07:55:53.488939,54.177549,-166.179408,1470.0,102.25,1470.0,103.38
2017-06-03 07:55:53.988140,54.177577,-166.179358,1470.0,102.25,1470.0,102.06
2017-06-03 07:55:54.487341,54.177586,-166.179342,1470.0,103.19,1470.0,103.19
2017-06-03 07:55:54.986542,54.177613,-166.179295,1470.0,103.38,1470.0,103.56
2017-06-03 07:55:55.485743,54.177623,-166.17928,1470.0,102.25,1470.0,103.38
2017-06-03 07:55:55.984943,54.17765,-166.179233,1470.0,102.25,1470.0,103.19
2017-06-03 07:55:56.484144,54.177659,-166.179217,1470.0,103.19,1470.0,102.06
2017-06-03 07:55:56.998945,54.177688,-166.179168,1470.0,102.06,1470.0,103.19
2017-06-03 07:55:57.498146,54.177698,-166.179152,1470.0,102.06,1470.0,103.19
2017-06-03 07:55:57.997347,54.177727,-166.179107,1470.0,103.38,1470.0,102.06
2017-06-03 07:55:58.496548,54.177736,-166.17909,1470.0,102.25,1470.0,102.81
2017-06-03 07:55:58.995749,54.177762,-166.179043,1470.0,102.44,1470.0,103.38
2017-06-03 07:55:59.494949,54.17777,-166.179027,1470.0,103.56,1470.0,103.19
2017-06-03 07:55:59.994150,54.177797,-166.178977,1470.0,103.56,1470.0,103.56
2017-06-03 07:56:00.493351,54.177806,-166.17896,1470.0,103.38,1470.0,103.0
2017-06-03 07:56:00.992554,54.177833,-166.178912,1470.0,101.87,1470.0,103.19
2017-06-03 07:56:01.491753,54.177843,-166.178896,1470.0,101.87,1470.0,102.81
2017-06-03 07:56:01.990955,54.17787,-166.178848,1470.0,101.87,1470.0,101.87
2017-06-03 07:56:02.490154,54.177879,-166.178832,1470.0,102.06,1470.0,102.06
2017-06-03 07:56:02.989357,54.177907,-166.178783,1470.0,102.25,1470.0,102.25
2017-06-03 07:56:03.488556,54.177915,-166.178767,1470.0,102.44,1470.0,103.38
2017-06-03 07:56:03.987759,54.177942,-166.178718,1470.0,102.44,1470.0,102.44
2017-06-03 07:56:04.486958,54.177951,-166.178702,1470.0,102.44,1470.0,102.44
2017-06-03 07:56:04.986160,54.177978,-166.178655,1470.0,102.44,1470.0,103.19
2017-06-03 07:56:05.485359,54.177987,-166.178639,1470.0,102.44,1470.0,102.25
2017-06-03 07:56:05.984562,54.178015,-166.17859,1470.0,102.25,1470.0,102.25
2017-06-03 07:56:06.499363,54.178025,-166.178573,1470.0,102.25,1470.0,103.0
2017-06-03 07:56:06.998562,54.178052,-166.178528,1470.0,103.19,1470.0,102.62
2017-06-03 07:56:07.497765,54.178061,-166.178512,1470.0,103.56,1470.0,102.06
2017-06-03 07:56:07.996964,54.178088,-166.178465,1470.0,102.06,1470.0,103.19
2017-06-03 07:56:08.496166,54.178098,-166.178449,1470.0,102.06,1470.0,103.0
2017-06-03 07:56:08.995365,54.178127,-166.178402,1470.0,103.19,1470.0,103.19
2017-06-03 07:56:09.494568,54.178135,-166.178386,1470.0,102.06,1470.0,102.06
2017-06-03 07:56:09.993767,54.178162,-166.178338,1470.0,102.25,1470.0,103.38
2017-06-03 07:56:10.492970,54.17817,-166.178322,1470.0,102.44,1470.0,103.38
2017-06-03 07:56:10.992168,54.178195,-166.178272,1470.0,102.44,1470.0,102.62
2017-06-03 07:56:11.491371,54.178204,-166.178256,1470.0,102.44,1470.0,103.38
2017-06-03 07:56:11.990572,54.178232,-166.178208,1470.0,102.25,1470.0,102.25
2017-06-03 07:56:12.489773,54.178241,-166.178192,1470.0,102.06,1470.0,103.0
2017-06-03 07:56:12.988974,54.17827,-166.178145,1470.0,102.06,1470.0,103.38
2017-06-03 07:56:13.488174,54.178279,-166.17813,1470.0,102.25,1470.0,102.06
2017-06-03 07:56:13.987375,54.178307,-166.178083,1470.0,103.56,1470.0,102.44
2017-06-03 07:56:14.486576,54.178316,-166.178067,1470.0,102.44,1470.0,102.44
2017-06-03 07:56:14.985777,54.178343,-166.17802,1470.0,102.62,1470.0,102.44
2017-06-03 07:56:15.484978,54.178352,-166.178004,1470.0,103.75,1470.0,102.81
2017-06-03 07:56:15.984179,54.17838,-166.177955,1470.0,102.25,1470.0,102.25
2017-06-03 07:56:16.498978,54.17839,-166.177938,1470.0,102.25,1470.0,102.81
2017-06-03 07:56:16.998180,54.178418,-166.177892,1470.0,103.38,1470.0,102.06
2017-06-03 07:56:17.497381,54.178428,-166.177877,1470.0,102.06,1470.0,102.25
2017-06-03 07:56:17.996582,54.178455,-166.177832,1470.0,103.0,1470.0,101.87
2017-06-03 07:56:18.495783,54.178465,-166.177816,1470.0,101.87,1470.0,101.87
2017-06-03 07:56:18.994984,54.178493,-166.17777,1470.0,102.06,1470.0,102.81
2017-06-03 07:56:19.494184,54.178503,-166.177755,1470.0,102.06,1470.0,103.0
2017-06-03 07:56:19.993385,54.17853,-166.177708,1470.0,102.25,1470.0,103.38
2017-06-03 07:56:20.492586,54.178538,-166.177692,1470.0,102.44,1470.0,102.44
2017-06-03 07:56:20.991787,54.178563,-166.177645,1470.0,102.62,1470.0,102.62
2017-06-03 07:56:21.490988,54.178573,-166.177629,1470.0,102.81,1470.0,102.81
2017-06-03 07:56:21.990191,54.1786,-166.177582,1470.0,102.62,1470.0,102.62
2017-06-03 07:56:22.489389,54.178609,-166.177566,1470.0,102.44,1470.0,102.44
2017-06-03 07:56:22.988592,54.178637,-166.177518,1470.0,102.25,1470.0,102.25
2017-06-03 07:56:23.487791,54.178646,-166.177503,1470.0,102.06,1470.0,102.06
2017-06-03 07:56:23.986994,54.178675,-166.177457,1470.0,102.06,1470.0,103.0
2017-06-03 07:56:24.486193,54.178685,-166.177442,1470.0,102.06,1470.0,102.06
2017-06-03 07:56:24.985395,54.178714,-166.177399,1470.0,103.19,1470.0,102.06
2017-06-03 07:56:25.484594,54.178724,-166.177384,1470.0,102.25,1470.0,102.81
2017-06-03 07:56:25.983797,54.178753,-166.177338,1470.0,103.38,1470.0,102.25
2017-06-03 07:56:26.498598,54.178764,-166.177322,1470.0,102.44,1470.0,103.38
2017-06-03 07:56:26.997797,54.178792,-166.177277,1470.0,102.44,1470.0,102.44
2017-06-03 07:56:27.497000,54.178801,-166.17726,1470.0,102.44,1470.0,102.44
2017-06-03 07:56:27.996199,54.178828,-166.177212,1470.0,102.44,1470.0,103.56
2017-06-03 07:56:28.495401,54.178838,-166.177195,1470.0,102.44,1470.0,102.44
2017-06-03 07:56:28.994600,54.178863,-166.177148,1470.0,102.44,1470.0,102.44
2017-06-03 07:56:29.493803,54.178873,-166.177132,1470.0,103.19,1470.0,102.25
2017-06-03 07:56:29.993002,54.1789,-166.177085,1470.0,102.25,1470.0,102.25
2017-06-03 07:56:30.492205,54.178909,-166.17707,1470.0,103.0,1470.0,102.25
2017-06-03 07:56:30.991404,54.178937,-166.177023,1470.0,102.06,1470.0,103.0
2017-06-03 07:56:31.490606,54.178947,-166.177008,1470.0,103.19,1470.0,102.81
2017-06-03 07:56:31.989807,54.178977,-166.176963,1470.0,103.19,1470.0,101.87
2017-06-03 07:56:32.489008,54.178986,-166.176948,1470.0,102.06,1470.0,103.19
2017-06-03 07:56:32.988209,54.179015,-166.176903,1470.0,103.19,1470.0,102.06
2017-06-03 07:56:33.487410,54.179025,-166.176887,1470.0,102.44,1470.0,102.25
2017-06-03 07:56:33.986610,54.179053,-166.176838,1470.0,103.38,1470.0,103.56
2017-06-03 07:56:34.485811,54.179062,-166.176823,1470.0,102.44,1470.0,103.56
2017-06-03 07:56:34.985012,54.179089,-166.176776,1470.0,102.44,1470.0,102.44
2017-06-03 07:56:35.484213,54.179099,-166.17676,1470.0,102.62,1470.0,103.38
2017-06-03 07:56:35.999014,54.179127,-166.17671,1470.0,102.81,1470.0,102.62
2017-06-03 07:56:36.498215,54.179136,-166.176692,1470.0,102.81,1470.0,104.32
2017-06-03 07:56:36.997416,54.17916,-166.176643,1470.0,102.81,1470.0,103.75
2017-06-03 07:56:37.496616,54.179169,-166.176627,1470.0,102.62,1470.0,102.62
2017-06-03 07:56:37.995817,54.179197,-166.17658,1470.0,103.38,1470.0,102.25
2017-06-03 07:56:38.495018,54.179207,-166.176563,1470.0,102.06,1470.0,102.81
2017-06-03 07:56:38.994219,54.179237,-166.176518,1470.0,101.87,1470.0,102.81
2017-06-03 07:56:39.493420,54.179247,-166.176503,1470.0,102.81,1470.0,101.87
2017-06-03 07:56:39.992620,54.179277,-166.176458,1470.0,101.87,1470.0,101.87
2017-06-03 07:56:40.491821,54.179286,-166.176443,1470.0,102.06,1470.0,102.06
2017-06-03 07:56:40.991022,54.179313,-166.176398,1470.0,103.38,1470.0,102.25
2017-06-03 07:56:41.490223,54.179323,-166.176382,1470.0,102.44,1470.0,102.25
2017-06-03 07:56:41.989424,54.17935,-166.176333,1470.0,103.56,1470.0,103.56
2017-06-03 07:56:42.488625,54.179359,-166.176317,1470.0,103.56,1470.0,103.19
2017-06-03 07:56:42.987827,54.179387,-166.176268,1470.0,102.44,1470.0,103.75
2017-06-03 07:56:43.487026,54.179396,-166.176252,1470.0,102.25,1470.0,102.25
2017-06-03 07:56:43.986229,54.179423,-166.176203,1470.0,102.25,1470.0,103.56
2017-06-03 07:56:44.485428,54.179433,-166.176188,1470.0,102.44,1470.0,103.56
2017-06-03 07:56:44.984631,54.179461,-166.176141,1470.0,102.44,1470.0,102.44
2017-06-03 07:56:45.483829,54.179471,-166.176125,1470.0,102.44,1470.0,102.44
2017-06-03 07:56:45.998631,54.1795,-166.176075,1470.0,102.44,1470.0,102.44
2017-06-03 07:56:46.497831,54.17951,-166.176058,1470.0,102.44,1470.0,102.44
2017-06-03 07:56:46.997032,54.179538,-166.176013,1470.0,103.38,1470.0,102.44
2017-06-03 07:56:47.496235,54.179548,-166.175997,1470.0,103.75,1470.0,102.44
2017-06-03 07:56:47.995434,54.179577,-166.17595,1470.0,103.56,1470.0,102.44
2017-06-03 07:56:48.494637,54.179586,-166.175934,1470.0,102.44,1470.0,103.56
2017-06-03 07:56:48.993835,54.179615,-166.175887,1470.0,103.38,1470.0,102.25
2017-06-03 07:56:49.493038,54.179624,-166.175871,1470.0,102.25,1470.0,102.06
2017-06-03 07:56:49.992237,54.179652,-166.175825,1470.0,102.06,1470.0,102.81
2017-06-03 07:56:50.491440,54.179661,-166.175809,1470.0,101.87,1470.0,101.87
2017-06-03 07:56:50.990639,54.179688,-166.175762,1470.0,101.87,1470.0,101.87
2017-06-03 07:56:51.489841,54.179697,-166.175746,1470.0,103.19,1470.0,101.87
2017-06-03 07:56:51.989042,54.179723,-166.175698,1470.0,102.06,1470.0,102.06
2017-06-03 07:56:52.488243,54.179732,-166.175682,1470.0,103.56,1470.0,102.25
2017-06-03 07:56:52.987444,54.179758,-166.175635,1470.0,102.44,1470.0,102.25
2017-06-03 07:56:53.486645,54.179768,-166.175618,1470.0,102.44,1470.0,102.44
2017-06-03 07:56:53.985846,54.179795,-166.175568,1470.0,102.44,1470.0,102.44
2017-06-03 07:56:54.485046,54.179804,-166.175553,1470.0,102.44,1470.0,102.44
2017-06-03 07:56:54.984247,54.179831,-166.175506,1470.0,102.62,1470.0,102.44
2017-06-03 07:56:55.499048,54.179842,-166.175489,1470.0,103.56,1470.0,103.56
2017-06-03 07:56:55.998249,54.17987,-166.175442,1470.0,102.62,1470.0,103.75
2017-06-03 07:56:56.497450,54.17988,-166.175425,1470.0,102.62,1470.0,103.38
2017-06-03 07:56:56.996651,54.179908,-166.175378,1470.0,103.56,1470.0,102.44
2017-06-03 07:56:57.495852,54.179918,-166.175362,1470.0,102.44,1470.0,103.38
2017-06-03 07:56:57.995052,54.179947,-166.175313,1470.0,102.25,1470.0,102.25
2017-06-03 07:56:58.494253,54.179956,-166.175297,1470.0,103.19,1470.0,102.06
2017-06-03 07:56:58.993454,54.179985,-166.175248,1470.0,102.06,1470.0,103.0
2017-06-03 07:56:59.492655,54.179994,-166.175232,1470.0,102.06,1470.0,103.38
2017-06-03 07:56:59.991856,54.180022,-166.175183,1470.0,102.06,1470.0,103.0
2017-06-03 07:57:00.491056,54.18003,-166.175167,1470.0,102.06,1470.0,102.06
2017-06-03 07:57:00.990257,54.180057,-166.175117,1470.0,102.06,1470.0,102.06
2017-06-03 07:57:01.489458,54.180065,-166.1751,1470.0,102.06,1470.0,102.06
2017-06-03 07:57:01.988659,54.180092,-166.175048,1470.0,102.06,1470.0,102.44
2017-06-03 07:57:02.487860,54.1801,-166.175032,1470.0,102.25,1470.0,102.25
2017-06-03 07:57:02.987062,54.180126,-166.174983,1470.0,102.25,1470.0,102.25
2017-06-03 07:57:03.486261,54.180135,-166.174966,1470.0,102.44,1470.0,102.25
2017-06-03 07:57:03.985464,54.180163,-166.174915,1470.0,102.44,1470.0,102.25
2017-06-03 07:57:04.484663,54.180173,-166.174899,1470.0,102.44,1470.0,102.25
2017-06-03 07:57:04.983866,54.180201,-166.174853,1470.0,102.44,1470.0,102.25
2017-06-03 07:57:05.498665,54.180211,-166.174836,1470.0,103.56,1470.0,103.38
2017-06-03 07:57:05.997866,54.18024,-166.17479,1470.0,102.25,1470.0,102.25
2017-06-03 07:57:06.497066,54.18025,-166.174774,1470.0,103.19,1470.0,102.06
2017-06-03 07:57:06.996267,54.180278,-166.174725,1470.0,102.06,1470.0,102.06
2017-06-03 07:57:07.495468,54.180288,-166.174709,1470.0,102.06,1470.0,102.06
2017-06-03 07:57:07.994669,54.180317,-166.17466,1470.0,102.25,1470.0,102.06
2017-06-03 07:57:08.493872,54.180325,-166.174643,1470.0,102.25,1470.0,103.0
2017-06-03 07:57:08.993071,54.180352,-166.174593,1470.0,102.44,1470.0,102.25
2017-06-03 07:57:09.492273,54.18036,-166.174577,1470.0,102.44,1470.0,103.38
2017-06-03 07:57:09.991472,54.180387,-166.174527,1470.0,102.44,1470.0,103.19
2017-06-03 07:57:10.490675,54.180395,-166.17451,1470.0,102.25,1470.0,102.25
2017-06-03 07:57:10.989874,54.180422,-166.17446,1470.0,102.25,1470.0,102.25
2017-06-03 07:57:11.489077,54.180431,-166.174444,1470.0,102.44,1470.0,102.25
2017-06-03 07:57:11.988276,54.180458,-166.174397,1470.0,102.25,1470.0,102.06
2017-06-03 07:57:12.487478,54.180468,-166.174381,1470.0,102.06,1470.0,102.06
2017-06-03 07:57:12.986679,54.180498,-166.174335,1470.0,103.19,1470.0,102.06
2017-06-03 07:57:13.485880,54.180508,-166.17432,1470.0,102.81,1470.0,101.87
2017-06-03 07:57:13.985081,54.180537,-166.174275,1470.0,103.19,1470.0,101.87
2017-06-03 07:57:14.484282,54.180546,-166.174259,1470.0,103.19,1470.0,102.06
2017-06-03 07:57:14.999083,54.180573,-166.174212,1470.0,103.19,1470.0,102.81
2017-06-03 07:57:15.498283,54.180583,-166.174195,1470.0,102.06,1470.0,102.06
2017-06-03 07:57:15.997484,54.18061,-166.174148,1470.0,102.06,1470.0,103.0
2017-06-03 07:57:16.496685,54.18062,-166.174131,1470.0,103.19,1470.0,102.06
2017-06-03 07:57:16.995886,54.180647,-166.174085,1470.0,102.06,1470.0,102.25
2017-06-03 07:57:17.495087,54.180656,-166.174069,1470.0,102.25,1470.0,103.56
2017-06-03 07:57:17.994287,54.180683,-166.17402,1470.0,103.19,1470.0,103.38
2017-06-03 07:57:18.493488,54.180693,-166.174004,1470.0,102.25,1470.0,102.25
2017-06-03 07:57:18.992689,54.18072,-166.173955,1470.0,103.0,1470.0,102.25
2017-06-03 07:57:19.491890,54.18073,-166.173939,1470.0,102.25,1470.0,102.25
2017-06-03 07:57:19.991091,54.180758,-166.173892,1470.0,102.25,1470.0,102.25
2017-06-03 07:57:20.490292,54.180768,-166.173876,1470.0,102.25,1470.0,103.56
2017-06-03 07:57:20.989492,54.180797,-166.173828,1470.0,103.19,1470.0,103.0
2017-06-03 07:57:21.488693,54.180807,-166.173813,1470.0,102.25,1470.0,103.38
2017-06-03 07:57:21.987894,54.180837,-166.173767,1470.0,103.38,1470.0,103.19
2017-06-03 07:57:22.487095,54.180846,-166.173751,1470.0,103.19,1470.0,102.06
2017-06-03 07:57:22.986298,54.180875,-166.173703,1470.0,103.19,1470.0,102.25
2017-06-03 07:57:23.485497,54.180884,-166.173688,1470.0,102.06,1470.0,102.06
2017-06-03 07:57:23.984699,54.180912,-166.173642,1470.0,102.06,1470.0,102.06
2017-06-03 07:57:24.483898,54.180921,-166.173626,1470.0,102.06,1470.0,102.81
2017-06-03 07:57:24.998701,54.180948,-166.173578,1470.0,103.0,1470.0,102.06
2017-06-03 07:57:25.497900,54.180958,-166.173563,1470.0,101.87,1470.0,101.87
2017-06-03 07:57:25.997103,54.180985,-166.173517,1470.0,101.87,1470.0,101.68
2017-06-03 07:57:26.496302,54.180994,-166.1735,1470.0,101.87,1470.0,102.81
2017-06-03 07:57:26.995502,54.181022,-166.173452,1470.0,101.87,1470.0,101.87
2017-06-03 07:57:27.494703,54.181031,-166.173436,1470.0,102.06,1470.0,103.0
2017-06-03 07:57:27.993904,54.181058,-166.173388,1470.0,102.25,1470.0,102.06
2017-06-03 07:57:28.493107,54.181067,-166.173372,1470.0,102.25,1470.0,102.25
2017-06-03 07:57:28.992306,54.181093,-166.173323,1470.0,102.25,1470.0,102.25
2017-06-03 07:57:29.491508,54.181103,-166.173307,1470.0,102.44,1470.0,102.44
2017-06-03 07:57:29.990707,54.181132,-166.17326,1470.0,102.44,1470.0,102.25
2017-06-03 07:57:30.489910,54.181141,-166.173244,1470.0,102.25,1470.0,103.19
2017-06-03 07:57:30.989109,54.18117,-166.173197,1470.0,103.19,1470.0,102.06
2017-06-03 07:57:31.488312,54.18118,-166.173181,1470.0,103.19,1470.0,102.25
2017-06-03 07:57:31.987511,54.18121,-166.173133,1470.0,103.0,1470.0,102.06
2017-06-03 07:57:32.486713,54.18122,-166.173117,1470.0,102.06,1470.0,101.87
2017-06-03 07:57:32.985912,54.181249,-166.17307,1470.0,103.0,1470.0,102.06
2017-06-03 07:57:33.485115,54.181259,-166.173053,1470.0,102.25,1470.0,102.25
2017-06-03 07:57:33.984316,54.181287,-166.173003,1470.0,102.44,1470.0,102.44
2017-06-03 07:57:34.499117,54.181296,-166.172985,1470.0,102.44,1470.0,102.44
2017-06-03 07:57:34.998318,54.181322,-166.172937,1470.0,102.44,1470.0,102.25
2017-06-03 07:57:35.497519,54.181331,-166.17292,1470.0,102.06,1470.0,102.06
2017-06-03 07:57:35.996719,54.181358,-166.172868,1470.0,101.87,1470.0,101.87
2017-06-03 07:57:36.495920,54.181368,-166.172852,1470.0,101.87,1470.0,101.68
2017-06-03 07:57:36.995121,54.181395,-166.172805,1470.0,101.87,1470.0,101.68
2017-06-03 07:57:37.494322,54.181404,-166.172789,1470.0,103.0,1470.0,102.81
2017-06-03 07:57:37.993523,54.181432,-166.172742,1470.0,101.87,1470.0,101.87
2017-06-03 07:57:38.492723,54.181441,-166.172725,1470.0,102.81,1470.0,102.06
2017-06-03 07:57:38.991924,54.181468,-166.172677,1470.0,103.38,1470.0,102.25
2017-06-03 07:57:39.491125,54.181478,-166.17266,1470.0,102.06,1470.0,102.06
2017-06-03 07:57:39.990326,54.181505,-166.172612,1470.0,102.06,1470.0,102.06
2017-06-03 07:57:40.489527,54.181514,-166.172595,1470.0,102.06,1470.0,102.06
2017-06-03 07:57:40.988728,54.181542,-166.172547,1470.0,102.25,1470.0,102.25
2017-06-03 07:57:41.487928,54.181551,-166.17253,1470.0,102.44,1470.0,102.25
2017-06-03 07:57:41.987129,54.181578,-166.172482,1470.0,103.56,1470.0,102.44
2017-06-03 07:57:42.486330,54.181587,-166.172465,1470.0,102.44,1470.0,102.62
2017-06-03 07:57:42.985531,54.181614,-166.172416,1470.0,102.62,1470.0,102.44
2017-06-03 07:57:43.484732,54.181624,-166.1724,1470.0,102.25,1470.0,102.25
2017-06-03 07:57:43.983934,54.181653,-166.17235,1470.0,102.25,1470.0,102.06
2017-06-03 07:57:44.498734,54.181664,-166.172333,1470.0,102.06,1470.0,103.0
2017-06-03 07:57:44.997936,54.181692,-166.172288,1470.0,102.06,1470.0,101.87
2017-06-03 07:57:45.497135,54.181701,-166.172273,1470.0,103.19,1470.0,101.87
2017-06-03 07:57:45.996338,54.18173,-166.172227,1470.0,103.19,1470.0,103.0
2017-06-03 07:57:46.495537,54.181739,-166.172212,1470.0,102.06,1470.0,103.19
2017-06-03 07:57:46.994740,54.181767,-166.172167,1470.0,102.06,1470.0,101.87
2017-06-03 07:57:47.493938,54.181776,-166.172151,1470.0,101.87,1470.0,101.87
2017-06-03 07:57:47.993139,54.181803,-166.172103,1470.0,101.87,1470.0,101.87
2017-06-03 07:57:48.492342,54.181812,-166.172087,1470.0,103.19,1470.0,101.87
2017-06-03 07:57:48.991541,54.181838,-166.17204,1470.0,102.06,1470.0,102.06
2017-06-03 07:57:49.490744,54.181847,-166.172023,1470.0,102.25,1470.0,102.25
2017-06-03 07:57:49.989943,54.181873,-166.171973,1470.0,102.25,1470.0,102.25
2017-06-03 07:57:50.489145,54.181883,-166.171957,1470.0,102.25,1470.0,102.25
2017-06-03 07:57:50.988344,54.18191,-166.171908,1470.0,102.25,1470.0,102.25
2017-06-03 07:57:51.487547,54.18192,-166.171892,1470.0,102.25,1470.0,103.38
2017-06-03 07:57:51.986746,54.181948,-166.171843,1470.0,102.44,1470.0,102.25
2017-06-03 07:57:52.485949,54.181957,-166.171828,1470.0,103.38,1470.0,102.25
2017-06-03 07:57:52.985147,54.181984,-166.171783,1470.0,102.44,1470.0,102.25
2017-06-03 07:57:53.484350,54.181994,-166.171767,1470.0,102.44,1470.0,102.25
2017-06-03 07:57:53.999151,54.182025,-166.171718,1470.0,102.25,1470.0,102.06
2017-06-03 07:57:54.498352,54.182036,-166.171702,1470.0,102.06,1470.0,102.06
2017-06-03 07:57:54.997553,54.182065,-166.171657,1470.0,103.0,1470.0,101.87
2017-06-03 07:57:55.496754,54.182075,-166.17164,1470.0,103.0,1470.0,102.06
2017-06-03 07:57:55.995955,54.182103,-166.171593,1470.0,102.06,1470.0,102.06
2017-06-03 07:57:56.495155,54.182113,-166.171576,1470.0,102.06,1470.0,102.06
2017-06-03 07:57:56.994356,54.18214,-166.171528,1470.0,102.25,1470.0,103.56
2017-06-03 07:57:57.493557,54.182149,-166.171512,1470.0,102.44,1470.0,102.44
2017-06-03 07:57:57.992758,54.182177,-166.171463,1470.0,102.62,1470.0,102.62
2017-06-03 07:57:58.491959,54.182185,-166.171447,1470.0,102.44,1470.0,102.44
2017-06-03 07:57:58.991159,54.182212,-166.171398,1470.0,103.94,1470.0,102.81
2017-06-03 07:57:59.490360,54.182221,-166.171382,1470.0,102.25,1470.0,102.25
2017-06-03 07:57:59.989561,54.18225,-166.171335,1470.0,102.06,1470.0,102.06
2017-06-03 07:58:00.488762,54.18226,-166.171319,1470.0,102.06,1470.0,102.06
2017-06-03 07:58:00.987963,54.182288,-166.171272,1470.0,102.06,1470.0,103.19
2017-06-03 07:58:01.487164,54.182298,-166.171257,1470.0,103.19,1470.0,102.06
2017-06-03 07:58:01.986364,54.182328,-166.171212,1470.0,102.06,1470.0,102.06
2017-06-03 07:58:02.485565,54.182338,-166.171197,1470.0,102.06,1470.0,102.06
2017-06-03 07:58:02.984766,54.182366,-166.171153,1470.0,102.06,1470.0,102.06
2017-06-03 07:58:03.483967,54.182375,-166.171137,1470.0,103.38,1470.0,102.25
2017-06-03 07:58:03.998770,54.182403,-166.171088,1470.0,102.25,1470.0,102.25
2017-06-03 07:58:04.497969,54.182413,-166.17107,1470.0,102.25,1470.0,102.25
2017-06-03 07:58:04.997171,54.18244,-166.171022,1470.0,103.56,1470.0,102.44
2017-06-03 07:58:05.496370,54.182449,-166.171006,1470.0,103.38,1470.0,102.62
2017-06-03 07:58:05.995573,54.182477,-166.170958,1470.0,102.44,1470.0,103.19
2017-06-03 07:58:06.494772,54.182486,-166.170942,1470.0,102.44,1470.0,102.44
2017-06-03 07:58:06.993975,54.182513,-166.170893,1470.0,102.25,1470.0,102.25
2017-06-03 07:58:07.493174,54.182523,-166.170877,1470.0,102.25,1470.0,102.25
2017-06-03 07:58:07.992376,54.182552,-166.170828,1470.0,102.25,1470.0,102.25
2017-06-03 07:58:08.491575,54.182561,-166.170812,1470.0,103.56,1470.0,102.44
2017-06-03 07:58:08.990776,54.182588,-166.170765,1470.0,102.44,1470.0,102.44
2017-06-03 07:58:09.489979,54.182598,-166.170749,1470.0,103.56,1470.0,102.44
2017-06-03 07:58:09.989178,54.182627,-166.170702,1470.0,102.44,1470.0,103.38
2017-06-03 07:58:10.488380,54.182636,-166.170686,1470.0,102.25,1470.0,102.25
2017-06-03 07:58:10.987579,54.182664,-166.17064,1470.0,103.19,1470.0,102.62
2017-06-03 07:58:11.486782,54.182674,-166.170624,1470.0,102.25,1470.0,102.06
2017-06-03 07:58:11.985981,54.182703,-166.170575,1470.0,102.25,1470.0,103.56
2017-06-03 07:58:12.485184,54.182712,-166.170559,1470.0,102.25,1470.0,102.25
2017-06-03 07:58:12.984383,54.182739,-166.170511,1470.0,103.56,1470.0,102.25
2017-06-03 07:58:13.499186,54.182749,-166.170493,1470.0,102.44,1470.0,103.38
2017-06-03 07:58:13.998386,54.182777,-166.170443,1470.0,103.56,1470.0,102.44
2017-06-03 07:58:14.497587,54.182786,-166.170426,1470.0,102.44,1470.0,102.44
2017-06-03 07:58:14.996788,54.182812,-166.170378,1470.0,102.44,1470.0,102.44
2017-06-03 07:58:15.495989,54.182821,-166.170362,1470.0,102.62,1470.0,102.44
2017-06-03 07:58:15.995190,54.182848,-166.170313,1470.0,102.62,1470.0,102.62
2017-06-03 07:58:16.494390,54.182858,-166.170297,1470.0,103.56,1470.0,103.75
2017-06-03 07:58:16.993591,54.182885,-166.170248,1470.0,102.44,1470.0,102.44
2017-06-03 07:58:17.492792,54.182895,-166.170232,1470.0,103.38,1470.0,102.44
2017-06-03 07:58:17.991993,54.182923,-166.170185,1470.0,102.44,1470.0,102.25
2017-06-03 07:58:18.491194,54.182933,-166.170169,1470.0,102.25,1470.0,102.25
2017-06-03 07:58:18.990395,54.182962,-166.170122,1470.0,102.25,1470.0,102.25
2017-06-03 07:58:19.489595,54.182971,-166.170106,1470.0,102.44,1470.0,102.44
2017-06-03 07:58:19.988796,54.182998,-166.170058,1470.0,102.62,1470.0,102.44
2017-06-03 07:58:20.487997,54.183008,-166.170042,1470.0,102.62,1470.0,102.62
2017-06-03 07:58:20.987198,54.183036,-166.169995,1470.0,102.62,1470.0,102.62
2017-06-03 07:58:21.486399,54.183045,-166.169978,1470.0,103.75,1470.0,102.62
2017-06-03 07:58:21.985600,54.183073,-166.169927,1470.0,102.62,1470.0,102.62
2017-06-03 07:58:22.484800,54.183082,-166.16991,1470.0,102.62,1470.0,102.62
2017-06-03 07:58:22.984001,54.183109,-166.169861,1470.0,102.62,1470.0,102.62
2017-06-03 07:58:23.498802,54.183119,-166.169843,1470.0,102.81,1470.0,102.62
2017-06-03 07:58:23.998003,54.183147,-166.169793,1470.0,102.62,1470.0,102.81
2017-06-03 07:58:24.497204,54.183156,-166.169777,1470.0,102.81,1470.0,103.56
2017-06-03 07:58:24.996407,54.183183,-166.169727,1470.0,102.62,1470.0,102.62
2017-06-03 07:58:25.495605,54.183193,-166.16971,1470.0,102.62,1470.0,102.62
2017-06-03 07:58:25.994808,54.183222,-166.169662,1470.0,102.62,1470.0,102.62
2017-06-03 07:58:26.494007,54.183231,-166.169646,1470.0,103.75,1470.0,102.44
2017-06-03 07:58:26.993210,54.183258,-166.169598,1470.0,102.62,1470.0,102.44
2017-06-03 07:58:27.492409,54.183268,-166.169582,1470.0,103.56,1470.0,102.44
2017-06-03 07:58:27.991611,54.183297,-166.169535,1470.0,102.62,1470.0,102.62
2017-06-03 07:58:28.490810,54.183306,-166.169519,1470.0,103.94,1470.0,102.62
2017-06-03 07:58:28.990013,54.183333,-166.16947,1470.0,102.81,1470.0,103.75
2017-06-03 07:58:29.489212,54.183343,-166.169453,1470.0,103.94,1470.0,102.81
2017-06-03 07:58:29.988413,54.18337,-166.169402,1470.0,103.94,1470.0,102.81
2017-06-03 07:58:30.487616,54.183379,-166.169385,1470.0,102.62,1470.0,102.62
2017-06-03 07:58:30.986814,54.183406,-166.169336,1470.0,102.62,1470.0,102.62
2017-06-03 07:58:31.486017,54.183415,-166.16932,1470.0,102.62,1470.0,102.62
2017-06-03 07:58:31.985216,54.183443,-166.16927,1470.0,102.81,1470.0,102.81
2017-06-03 07:58:32.484419,54.183452,-166.169254,1470.0,103.0,1470.0,102.81
2017-06-03 07:58:32.999218,54.18348,-166.169205,1470.0,104.13,1470.0,103.0
2017-06-03 07:58:33.498421,54.18349,-166.169189,1470.0,103.0,1470.0,103.75
2017-06-03 07:58:33.997620,54.183518,-166.16914,1470.0,103.0,1470.0,103.0
2017-06-03 07:58:34.496822,54.183528,-166.169124,1470.0,103.94,1470.0,102.81
2017-06-03 07:58:34.996023,54.183557,-166.169075,1470.0,102.81,1470.0,102.81
2017-06-03 07:58:35.495224,54.183566,-166.169058,1470.0,102.81,1470.0,102.81
2017-06-03 07:58:35.994425,54.183595,-166.169008,1470.0,102.81,1470.0,102.81
2017-06-03 07:58:36.493626,54.183604,-166.168992,1470.0,103.0,1470.0,103.0
2017-06-03 07:58:36.992826,54.18363,-166.168943,1470.0,103.0,1470.0,103.0
2017-06-03 07:58:37.492027,54.183639,-166.168927,1470.0,103.19,1470.0,104.32
2017-06-03 07:58:37.991228,54.183667,-166.168878,1470.0,104.13,1470.0,103.0
2017-06-03 07:58:38.490429,54.183676,-166.168862,1470.0,103.94,1470.0,103.94
2017-06-03 07:58:38.989630,54.183704,-166.168815,1470.0,102.81,1470.0,102.81
2017-06-03 07:58:39.488831,54.183714,-166.168798,1470.0,102.81,1470.0,102.81
2017-06-03 07:58:39.988031,54.183742,-166.168748,1470.0,102.81,1470.0,102.81
2017-06-03 07:58:40.487232,54.183751,-166.168733,1470.0,102.81,1470.0,102.81
2017-06-03 07:58:40.986433,54.183778,-166.168686,1470.0,102.81,1470.0,102.81
2017-06-03 07:58:41.485634,54.183787,-166.16867,1470.0,103.0,1470.0,102.81
2017-06-03 07:58:41.984835,54.183815,-166.16862,1470.0,103.0,1470.0,103.0
2017-06-03 07:58:42.484035,54.183824,-166.168604,1470.0,103.19,1470.0,104.13
2017-06-03 07:58:42.998837,54.183852,-166.168553,1470.0,103.38,1470.0,103.38
2017-06-03 07:58:43.498037,54.183861,-166.168537,1470.0,103.38,1470.0,103.38
2017-06-03 07:58:43.997238,54.183888,-166.168488,1470.0,103.38,1470.0,103.19
2017-06-03 07:58:44.496439,54.183898,-166.168472,1470.0,103.19,1470.0,103.19
2017-06-03 07:58:44.995642,54.183927,-166.168422,1470.0,103.19,1470.0,103.19
2017-06-03 07:58:45.494841,54.183936,-166.168405,1470.0,103.94,1470.0,103.0
2017-06-03 07:58:45.994043,54.183965,-166.168357,1470.0,103.19,1470.0,104.32
2017-06-03 07:58:46.493242,54.183974,-166.16834,1470.0,103.38,1470.0,103.19
2017-06-03 07:58:46.992445,54.184002,-166.168292,1470.0,103.56,1470.0,103.56
2017-06-03 07:58:47.491644,54.184011,-166.168275,1470.0,103.56,1470.0,103.56
2017-06-03 07:58:47.990847,54.18404,-166.168227,1470.0,103.56,1470.0,103.56
2017-06-03 07:58:48.490046,54.18405,-166.16821,1470.0,103.38,1470.0,103.38
2017-06-03 07:58:48.989248,54.184078,-166.168162,1470.0,103.19,1470.0,104.13
2017-06-03 07:58:49.488447,54.184088,-166.168146,1470.0,103.19,1470.0,103.0
2017-06-03 07:58:49.987650,54.184117,-166.1681,1470.0,103.0,1470.0,103.0
2017-06-03 07:58:50.486851,54.184126,-166.168084,1470.0,103.19,1470.0,103.19
2017-06-03 07:58:50.986050,54.184153,-166.168037,1470.0,103.19,1470.0,103.19
2017-06-03 07:58:51.485252,54.184163,-166.168021,1470.0,103.38,1470.0,103.38
2017-06-03 07:58:51.984451,54.18419,-166.167973,1470.0,104.51,1470.0,104.32
2017-06-03 07:58:52.499254,54.1842,-166.167956,1470.0,103.38,1470.0,104.51
2017-06-03 07:58:52.998453,54.184227,-166.167908,1470.0,103.38,1470.0,103.38
2017-06-03 07:58:53.497656,54.184236,-166.167892,1470.0,103.56,1470.0,103.56
2017-06-03 07:58:53.996855,54.184263,-166.167843,1470.0,103.75,1470.0,103.56
2017-06-03 07:58:54.496058,54.184273,-166.167826,1470.0,104.88,1470.0,103.75
2017-06-03 07:58:54.995256,54.1843,-166.16778,1470.0,103.75,1470.0,104.69
2017-06-03 07:58:55.494459,54.18431,-166.167764,1470.0,103.56,1470.0,103.56
2017-06-03 07:58:55.993660,54.184338,-166.167717,1470.0,103.56,1470.0,103.56
2017-06-03 07:58:56.492861,54.184348,-166.1677,1470.0,104.69,1470.0,103.56
2017-06-03 07:58:56.992062,54.184377,-166.167652,1470.0,103.75,1470.0,103.75
2017-06-03 07:58:57.491262,54.184386,-166.167636,1470.0,103.94,1470.0,103.75
2017-06-03 07:58:57.990463,54.184415,-166.167588,1470.0,103.94,1470.0,103.94
2017-06-03 07:58:58.489664,54.184424,-166.167572,1470.0,103.94,1470.0,103.94
2017-06-03 07:58:58.988865,54.184451,-166.167525,1470.0,103.94,1470.0,104.32
2017-06-03 07:58:59.488066,54.184461,-166.167508,1470.0,103.75,1470.0,103.75
2017-06-03 07:58:59.987267,54.18449,-166.167458,1470.0,103.75,1470.0,103.56
2017-06-03 07:59:00.486467,54.184499,-166.167442,1470.0,103.75,1470.0,103.38
2017-06-03 07:59:00.985668,54.184528,-166.167395,1470.0,103.56,1470.0,103.38
2017-06-03 07:59:01.484869,54.184537,-166.167379,1470.0,103.38,1470.0,103.38
2017-06-03 07:59:01.984070,54.184567,-166.16733,1470.0,104.51,1470.0,104.32
2017-06-03 07:59:02.498871,54.184576,-166.167313,1470.0,103.56,1470.0,103.56
2017-06-03 07:59:02.998072,54.184603,-166.167265,1470.0,103.75,1470.0,103.75
2017-06-03 07:59:03.497272,54.184612,-166.167248,1470.0,103.94,1470.0,103.94
2017-06-03 07:59:03.996473,54.184638,-166.167198,1470.0,104.13,1470.0,104.13
2017-06-03 07:59:04.495674,54.184647,-166.167182,1470.0,104.13,1470.0,104.13
2017-06-03 07:59:04.994877,54.184673,-166.167133,1470.0,104.32,1470.0,104.13
2017-06-03 07:59:05.494076,54.184683,-166.167117,1470.0,104.32,1470.0,104.13
2017-06-03 07:59:05.993279,54.18471,-166.167068,1470.0,104.32,1470.0,104.13
2017-06-03 07:59:06.492477,54.18472,-166.167052,1470.0,104.13,1470.0,104.13
2017-06-03 07:59:06.991680,54.18475,-166.167005,1470.0,103.94,1470.0,103.94
2017-06-03 07:59:07.490879,54.18476,-166.166989,1470.0,103.94,1470.0,104.69
2017-06-03 07:59:07.990082,54.184788,-166.166942,1470.0,103.94,1470.0,103.94
2017-06-03 07:59:08.489281,54.184798,-166.166926,1470.0,105.07,1470.0,103.75
2017-06-03 07:59:08.988483,54.184826,-166.16688,1470.0,104.88,1470.0,103.75
2017-06-03 07:59:09.487682,54.184835,-166.166863,1470.0,104.88,1470.0,103.94
2017-06-03 07:59:09.986885,54.184863,-166.166813,1470.0,104.13,1470.0,105.45
2017-06-03 07:59:10.486086,54.184872,-166.166797,1470.0,104.13,1470.0,104.13
2017-06-03 07:59:10.985287,54.184898,-166.166748,1470.0,104.32,1470.0,104.32
2017-06-03 07:59:11.484488,54.184907,-166.166732,1470.0,104.51,1470.0,104.51
2017-06-03 07:59:11.999287,54.184935,-166.166682,1470.0,104.51,1470.0,104.51
2017-06-03 07:59:12.498489,54.184944,-166.166665,1470.0,104.51,1470.0,104.51
2017-06-03 07:59:12.997688,54.184972,-166.166613,1470.0,104.51,1470.0,104.51
2017-06-03 07:59:13.496891,54.184981,-166.166597,1470.0,104.51,1470.0,104.51
2017-06-03 07:59:13.996090,54.18501,-166.166548,1470.0,104.51,1470.0,104.32
2017-06-03 07:59:14.495293,54.185019,-166.166532,1470.0,104.32,1470.0,104.32
2017-06-03 07:59:14.994492,54.185047,-166.166483,1470.0,104.32,1470.0,104.32
2017-06-03 07:59:15.493694,54.185056,-166.166467,1470.0,104.32,1470.0,104.51
2017-06-03 07:59:15.992895,54.185085,-166.16642,1470.0,104.51,1470.0,104.32
2017-06-03 07:59:16.492096,54.185094,-166.166404,1470.0,104.51,1470.0,104.51
2017-06-03 07:59:16.991297,54.185122,-166.166355,1470.0,104.51,1470.0,104.51
2017-06-03 07:59:17.490498,54.185131,-166.166339,1470.0,105.63,1470.0,104.32
2017-06-03 07:59:17.989698,54.185158,-166.16629,1470.0,104.32,1470.0,105.26
2017-06-03 07:59:18.488899,54.185167,-166.166274,1470.0,105.45,1470.0,104.13
2017-06-03 07:59:18.988100,54.185194,-166.166225,1470.0,105.45,1470.0,104.32
2017-06-03 07:59:19.487301,54.185203,-166.166209,1470.0,104.32,1470.0,104.32
2017-06-03 07:59:19.986502,54.18523,-166.16616,1470.0,104.51,1470.0,104.51
2017-06-03 07:59:20.485703,54.185239,-166.166144,1470.0,104.51,1470.0,104.51
2017-06-03 07:59:20.984903,54.185268,-166.166096,1470.0,104.69,1470.0,104.69
2017-06-03 07:59:21.484104,54.185277,-166.166079,1470.0,104.69,1470.0,104.69
2017-06-03 07:59:21.998905,54.185305,-166.166028,1470.0,104.88,1470.0,104.88
2017-06-03 07:59:22.498106,54.185314,-166.16601,1470.0,105.07,1470.0,104.88
2017-06-03 07:59:22.997307,54.18534,-166.165962,1470.0,105.07,1470.0,106.01
2017-06-03 07:59:23.496508,54.18535,-166.165945,1470.0,105.07,1470.0,105.07
2017-06-03 07:59:23.995708,54.185378,-166.165895,1470.0,105.07,1470.0,105.07
2017-06-03 07:59:24.494909,54.185388,-166.165879,1470.0,106.01,1470.0,104.88
2017-06-03 07:59:24.994110,54.185418,-166.16583,1470.0,104.69,1470.0,104.69
2017-06-03 07:59:25.493311,54.185429,-166.165814,1470.0,105.82,1470.0,104.69
2017-06-03 07:59:25.992514,54.18546,-166.165765,1470.0,104.69,1470.0,104.69
2017-06-03 07:59:26.491713,54.185469,-166.165749,1470.0,104.69,1470.0,105.63
2017-06-03 07:59:26.990915,54.185497,-166.1657,1470.0,104.88,1470.0,104.88
2017-06-03 07:59:27.490114,54.185506,-166.165684,1470.0,105.07,1470.0,104.88
2017-06-03 07:59:27.989317,54.185533,-166.165635,1470.0,104.88,1470.0,104.88
2017-06-03 07:59:28.488516,54.185542,-166.165619,1470.0,104.88,1470.0,104.88
2017-06-03 07:59:28.987719,54.185569,-166.16557,1470.0,104.88,1470.0,104.88
2017-06-03 07:59:29.486917,54.185578,-166.165553,1470.0,104.88,1470.0,104.88
2017-06-03 07:59:29.986120,54.185605,-166.165502,1470.0,104.88,1470.0,104.88
2017-06-03 07:59:30.485321,54.185614,-166.165486,1470.0,105.07,1470.0,105.07
2017-06-03 07:59:30.984522,54.185639,-166.165438,1470.0,105.07,1470.0,105.07
2017-06-03 07:59:31.499323,54.185649,-166.16542,1470.0,105.07,1470.0,105.07
2017-06-03 07:59:31.998522,54.185677,-166.16537,1470.0,105.07,1470.0,105.07
2017-06-03 07:59:32.497725,54.185686,-166.165354,1470.0,105.07,1470.0,105.07
2017-06-03 07:59:32.996923,54.185715,-166.165305,1470.0,105.07,1470.0,105.07
2017-06-03 07:59:33.496126,54.185724,-166.165289,1470.0,105.26,1470.0,105.07
2017-06-03 07:59:33.995325,54.185752,-166.16524,1470.0,105.26,1470.0,106.2
2017-06-03 07:59:34.494528,54.185761,-166.165224,1470.0,105.26,1470.0,105.26
2017-06-03 07:59:34.993727,54.18579,-166.165177,1470.0,105.26,1470.0,105.26
2017-06-03 07:59:35.492929,54.1858,-166.16516,1470.0,105.26,1470.0,105.26
2017-06-03 07:59:35.992130,54.185828,-166.165112,1470.0,106.39,1470.0,105.26
2017-06-03 07:59:36.491331,54.185838,-166.165095,1470.0,105.26,1470.0,105.26
2017-06-03 07:59:36.990532,54.185867,-166.165045,1470.0,105.45,1470.0,105.26
2017-06-03 07:59:37.489733,54.185875,-166.165028,1470.0,105.45,1470.0,105.45
2017-06-03 07:59:37.988934,54.185902,-166.164977,1470.0,105.63,1470.0,105.45
2017-06-03 07:59:38.488134,54.185911,-166.16496,1470.0,105.45,1470.0,105.45
2017-06-03 07:59:38.987335,54.185938,-166.164911,1470.0,105.45,1470.0,105.45
2017-06-03 07:59:39.486536,54.185947,-166.164895,1470.0,105.26,1470.0,105.26
2017-06-03 07:59:39.985737,54.185975,-166.164845,1470.0,105.26,1470.0,105.26
2017-06-03 07:59:40.484938,54.185984,-166.164829,1470.0,105.45,1470.0,105.26
2017-06-03 07:59:40.984138,54.186011,-166.164781,1470.0,106.57,1470.0,105.45
2017-06-03 07:59:41.498940,54.186021,-166.164764,1470.0,105.63,1470.0,105.45
2017-06-03 07:59:41.998140,54.18605,-166.164717,1470.0,105.45,1470.0,105.45
2017-06-03 07:59:42.497341,54.186059,-166.1647,1470.0,105.45,1470.0,105.45
2017-06-03 07:59:42.996542,54.186087,-166.164652,1470.0,105.45,1470.0,106.57
2017-06-03 07:59:43.495743,54.186096,-166.164636,1470.0,105.45,1470.0,106.57
2017-06-03 07:59:43.994944,54.186123,-166.16459,1470.0,106.76,1470.0,105.45
2017-06-03 07:59:44.494144,54.186133,-166.164574,1470.0,106.57,1470.0,105.45
2017-06-03 07:59:44.993345,54.186162,-166.164525,1470.0,105.63,1470.0,105.63
2017-06-03 07:59:45.492546,54.186171,-166.164509,1470.0,105.82,1470.0,105.82
2017-06-03 07:59:45.991747,54.186198,-166.16446,1470.0,105.82,1470.0,105.82
2017-06-03 07:59:46.490948,54.186208,-166.164443,1470.0,105.82,1470.0,105.82
2017-06-03 07:59:46.990150,54.186237,-166.164393,1470.0,105.82,1470.0,105.82
2017-06-03 07:59:47.489349,54.186246,-166.164377,1470.0,105.82,1470.0,106.95
2017-06-03 07:59:47.988552,54.186273,-166.164327,1470.0,105.82,1470.0,105.82
2017-06-03 07:59:48.487751,54.186283,-166.16431,1470.0,105.82,1470.0,105.82
2017-06-03 07:59:48.986954,54.186311,-166.164261,1470.0,106.57,1470.0,105.82
2017-06-03 07:59:49.486153,54.186321,-166.164245,1470.0,105.82,1470.0,107.33
2017-06-03 07:59:49.985355,54.18635,-166.164197,1470.0,106.01,1470.0,105.82
2017-06-03 07:59:50.484554,54.186359,-166.164181,1470.0,106.01,1470.0,106.01
2017-06-03 07:59:50.999355,54.186388,-166.164133,1470.0,107.14,1470.0,106.76
2017-06-03 07:59:51.498558,54.186398,-166.164117,1470.0,106.01,1470.0,105.82
2017-06-03 07:59:51.997757,54.186427,-166.16407,1470.0,106.95,1470.0,105.82
2017-06-03 07:59:52.496960,54.186436,-166.164054,1470.0,106.95,1470.0,105.82
2017-06-03 07:59:52.996159,54.186465,-166.164007,1470.0,105.82,1470.0,105.82
2017-06-03 07:59:53.495361,54.186474,-166.163991,1470.0,105.82,1470.0,105.82
2017-06-03 07:59:53.994560,54.186502,-166.163945,1470.0,105.82,1470.0,105.82
2017-06-03 07:59:54.493763,54.186511,-166.163929,1470.0,105.82,1470.0,105.82
2017-06-03 07:59:54.992962,54.186538,-166.16388,1470.0,105.82,1470.0,106.57
2017-06-03 07:59:55.492165,54.186548,-166.163864,1470.0,105.82,1470.0,105.82
2017-06-03 07:59:55.991365,54.186575,-166.163815,1470.0,106.01,1470.0,106.01
2017-06-03 07:59:56.490566,54.186584,-166.163798,1470.0,106.39,1470.0,106.01
2017-06-03 07:59:56.989767,54.186612,-166.163748,1470.0,106.39,1470.0,106.39
2017-06-03 07:59:57.488968,54.18662,-166.163732,1470.0,107.52,1470.0,106.57
2017-06-03 07:59:57.988169,54.186647,-166.163683,1470.0,106.76,1470.0,106.57
2017-06-03 07:59:58.487370,54.186656,-166.163667,1470.0,106.57,1470.0,106.57
2017-06-03 07:59:58.986570,54.186684,-166.163618,1470.0,106.39,1470.0,106.39
2017-06-03 07:59:59.485771,54.186694,-166.163601,1470.0,106.2,1470.0,107.52
2017-06-03 07:59:59.984972,54.186725,-166.16355,1470.0,106.01,1470.0,106.01
2017-06-03 08:00:00.484173,54.186735,-166.163534,1470.0,106.01,1470.0,106.01
2017-06-03 08:00:00.998974,54.186765,-166.163487,1470.0,106.2,1470.0,106.39
2017-06-03 08:00:01.498175,54.186775,-166.16347,1470.0,107.52,1470.0,106.2
2017-06-03 08:00:01.997375,54.186803,-166.163422,1470.0,106.39,1470.0,107.33
2017-06-03 08:00:02.496576,54.186813,-166.163405,1470.0,106.39,1470.0,106.39
2017-06-03 08:00:02.995777,54.186842,-166.163357,1470.0,106.39,1470.0,107.33
2017-06-03 08:00:03.494978,54.186851,-166.16334,1470.0,107.52,1470.0,106.39
2017-06-03 08:00:03.994179,54.186878,-166.16329,1470.0,106.2,1470.0,106.2
2017-06-03 08:00:04.493380,54.186887,-166.163273,1470.0,106.39,1470.0,106.39
2017-06-03 08:00:04.992580,54.186913,-166.163223,1470.0,106.39,1470.0,106.39
2017-06-03 08:00:05.491781,54.186922,-166.163207,1470.0,106.39,1470.0,106.39
2017-06-03 08:00:05.990982,54.186948,-166.163157,1470.0,106.57,1470.0,106.57
2017-06-03 08:00:06.490183,54.186957,-166.163141,1470.0,106.39,1470.0,106.39
2017-06-03 08:00:06.989386,54.186984,-166.163093,1470.0,106.39,1470.0,106.39
2017-06-03 08:00:07.488585,54.186994,-166.163077,1470.0,106.39,1470.0,106.2
2017-06-03 08:00:07.987787,54.187023,-166.163027,1470.0,107.52,1470.0,106.2
2017-06-03 08:00:08.486986,54.187033,-166.163011,1470.0,106.57,1470.0,106.39
2017-06-03 08:00:08.986189,54.187061,-166.162965,1470.0,106.57,1470.0,106.57
2017-06-03 08:00:09.485388,54.187071,-166.162948,1470.0,106.57,1470.0,106.57
2017-06-03 08:00:09.984591,54.1871,-166.162898,1470.0,106.57,1470.0,107.52
2017-06-03 08:00:10.483789,54.187109,-166.162882,1470.0,106.57,1470.0,106.57
2017-06-03 08:00:10.998590,54.187138,-166.162833,1470.0,106.57,1470.0,106.57
2017-06-03 08:00:11.497791,54.187148,-166.162817,1470.0,106.76,1470.0,106.57
2017-06-03 08:00:11.996992,54.187177,-166.162767,1470.0,106.76,1470.0,106.76
2017-06-03 08:00:12.496195,54.187186,-166.16275,1470.0,106.76,1470.0,106.76
2017-06-03 08:00:12.995394,54.187213,-166.162702,1470.0,106.76,1470.0,106.76
2017-06-03 08:00:13.494596,54.187223,-166.162685,1470.0,107.89,1470.0,107.7
2017-06-03 08:00:13.993795,54.187253,-166.162637,1470.0,106.57,1470.0,106.57
2017-06-03 08:00:14.492998,54.187263,-166.16262,1470.0,106.57,1470.0,106.57
2017-06-03 08:00:14.992197,54.18729,-166.162572,1470.0,106.57,1470.0,106.57
2017-06-03 08:00:15.491400,54.1873,-166.162556,1470.0,106.57,1470.0,106.57
2017-06-03 08:00:15.990599,54.187328,-166.162508,1470.0,106.76,1470.0,107.7
2017-06-03 08:00:16.489801,54.187337,-166.162492,1470.0,106.76,1470.0,106.76
2017-06-03 08:00:16.989000,54.187364,-166.162445,1470.0,106.76,1470.0,106.76
2017-06-03 08:00:17.488203,54.187374,-166.162429,1470.0,106.76,1470.0,106.95
2017-06-03 08:00:17.987404,54.187403,-166.162382,1470.0,106.57,1470.0,106.57
2017-06-03 08:00:18.486605,54.187413,-166.162367,1470.0,106.57,1470.0,106.57
2017-06-03 08:00:18.985806,54.187441,-166.162321,1470.0,106.57,1470.0,106.57
2017-06-03 08:00:19.485006,54.18745,-166.162306,1470.0,106.76,1470.0,106.76
2017-06-03 08:00:19.984207,54.187479,-166.162258,1470.0,106.95,1470.0,106.95
2017-06-03 08:00:20.499008,54.187489,-166.16224,1470.0,106.95,1470.0,106.95
2017-06-03 08:00:20.998209,54.187517,-166.162192,1470.0,107.14,1470.0,106.95
2017-06-03 08:00:21.497410,54.187526,-166.162175,1470.0,108.27,1470.0,107.14
2017-06-03 08:00:21.996611,54.187555,-166.162127,1470.0,106.95,1470.0,106.95
2017-06-03 08:00:22.495811,54.187564,-166.16211,1470.0,107.14,1470.0,106.95
2017-06-03 08:00:22.995012,54.187592,-166.162062,1470.0,107.89,1470.0,106.95
2017-06-03 08:00:23.494213,54.187602,-166.162045,1470.0,108.27,1470.0,107.14
2017-06-03 08:00:23.993414,54.187632,-166.161997,1470.0,107.14,1470.0,106.95
2017-06-03 08:00:24.492615,54.187641,-166.161981,1470.0,106.95,1470.0,106.95
2017-06-03 08:00:24.991816,54.18767,-166.161933,1470.0,106.95,1470.0,106.95
2017-06-03 08:00:25.491016,54.18768,-166.161917,1470.0,108.08,1470.0,106.95
2017-06-03 08:00:25.990217,54.187708,-166.161868,1470.0,107.14,1470.0,107.14
2017-06-03 08:00:26.489418,54.187718,-166.161852,1470.0,107.14,1470.0,107.14
2017-06-03 08:00:26.988621,54.187746,-166.161805,1470.0,107.14,1470.0,107.14
2017-06-03 08:00:27.487820,54.187756,-166.161789,1470.0,107.14,1470.0,106.95
2017-06-03 08:00:27.987022,54.187785,-166.16174,1470.0,106.95,1470.0,106.76
2017-06-03 08:00:28.486221,54.187794,-166.161724,1470.0,106.76,1470.0,106.76
2017-06-03 08:00:28.985424,54.187823,-166.161678,1470.0,107.89,1470.0,106.57
2017-06-03 08:00:29.484623,54.187832,-166.161662,1470.0,106.76,1470.0,106.76
2017-06-03 08:00:29.983826,54.18786,-166.161615,1470.0,106.95,1470.0,106.95
2017-06-03 08:00:30.498625,54.18787,-166.161598,1470.0,107.33,1470.0,107.33
2017-06-03 08:00:30.997828,54.187897,-166.161552,1470.0,107.52,1470.0,107.52
2017-06-03 08:00:31.497026,54.187906,-166.161535,1470.0,107.7,1470.0,107.7
2017-06-03 08:00:31.996227,54.187933,-166.161485,1470.0,107.52,1470.0,107.52
2017-06-03 08:00:32.495430,54.187943,-166.161468,1470.0,107.52,1470.0,107.52
2017-06-03 08:00:32.994629,54.187972,-166.161418,1470.0,107.33,1470.0,107.33
2017-06-03 08:00:33.493832,54.187981,-166.161402,1470.0,107.33,1470.0,107.33
2017-06-03 08:00:33.993031,54.188008,-166.161355,1470.0,107.33,1470.0,107.33
2017-06-03 08:00:34.492233,54.188018,-166.16134,1470.0,107.52,1470.0,107.33
2017-06-03 08:00:34.991432,54.188048,-166.161293,1470.0,107.33,1470.0,107.33
2017-06-03 08:00:35.490635,54.188059,-166.161278,1470.0,107.33,1470.0,107.33
2017-06-03 08:00:35.989834,54.18809,-166.161232,1470.0,108.46,1470.0,108.46
2017-06-03 08:00:36.489037,54.188099,-166.161217,1470.0,107.14,1470.0,107.14
2017-06-03 08:00:36.988235,54.188128,-166.161171,1470.0,107.33,1470.0,107.33
2017-06-03 08:00:37.487438,54.188137,-166.161155,1470.0,107.52,1470.0,107.33
2017-06-03 08:00:37.986639,54.188165,-166.161105,1470.0,107.7,1470.0,107.7
2017-06-03 08:00:38.485840,54.188174,-166.161089,1470.0,107.7,1470.0,107.89
2017-06-03 08:00:38.985041,54.188199,-166.161041,1470.0,107.7,1470.0,107.7
2017-06-03 08:00:39.484241,54.188209,-166.161025,1470.0,107.33,1470.0,107.33
2017-06-03 08:00:39.999043,54.188238,-166.160975,1470.0,107.14,1470.0,107.14
2017-06-03 08:00:40.498243,54.188248,-166.160959,1470.0,106.95,1470.0,106.95
2017-06-03 08:00:40.997444,54.188275,-166.160912,1470.0,106.95,1470.0,107.14
2017-06-03 08:00:41.496645,54.188285,-166.160896,1470.0,107.14,1470.0,107.14
2017-06-03 08:00:41.995846,54.188313,-166.16085,1470.0,107.52,1470.0,107.33
2017-06-03 08:00:42.495047,54.188323,-166.160834,1470.0,107.52,1470.0,107.52
2017-06-03 08:00:42.994247,54.188352,-166.160785,1470.0,107.52,1470.0,107.52
2017-06-03 08:00:43.493448,54.188361,-166.160769,1470.0,107.7,1470.0,108.83
2017-06-03 08:00:43.992649,54.188388,-166.16072,1470.0,107.89,1470.0,107.7
2017-06-03 08:00:44.491850,54.188397,-166.160703,1470.0,108.08,1470.0,107.89
2017-06-03 08:00:44.991051,54.188423,-166.160653,1470.0,108.27,1470.0,108.08
2017-06-03 08:00:45.490252,54.188433,-166.160636,1470.0,108.08,1470.0,108.08
2017-06-03 08:00:45.989452,54.188462,-166.160585,1470.0,107.89,1470.0,107.89
2017-06-03 08:00:46.488653,54.188471,-166.160569,1470.0,107.7,1470.0,108.64
2017-06-03 08:00:46.987854,54.188501,-166.160521,1470.0,108.46,1470.0,107.33
2017-06-03 08:00:47.487055,54.188511,-166.160505,1470.0,107.33,1470.0,108.08
2017-06-03 08:00:47.986258,54.188543,-166.160457,1470.0,107.33,1470.0,108.08
2017-06-03 08:00:48.485456,54.188553,-166.160442,1470.0,107.33,1470.0,107.33
2017-06-03 08:00:48.984659,54.188581,-166.160396,1470.0,107.33,1470.0,107.33
2017-06-03 08:00:49.483858,54.18859,-166.160381,1470.0,107.52,1470.0,107.52
2017-06-03 08:00:49.998661,54.18862,-166.160332,1470.0,108.64,1470.0,107.52
2017-06-03 08:00:50.497860,54.188629,-166.160316,1470.0,107.52,1470.0,107.52
2017-06-03 08:00:50.997063,54.188657,-166.160268,1470.0,107.52,1470.0,107.52
2017-06-03 08:00:51.496262,54.188665,-166.160252,1470.0,108.83,1470.0,107.52
2017-06-03 08:00:51.995464,54.188692,-166.160203,1470.0,107.7,1470.0,107.7
2017-06-03 08:00:52.494665,54.188701,-166.160187,1470.0,107.89,1470.0,107.89
2017-06-03 08:00:52.993864,54.188728,-166.160138,1470.0,108.08,1470.0,107.89
2017-06-03 08:00:53.493067,54.188738,-166.160122,1470.0,108.08,1470.0,108.08
2017-06-03 08:00:53.992266,54.188765,-166.160073,1470.0,108.08,1470.0,107.89
2017-06-03 08:00:54.491468,54.188775,-166.160057,1470.0,107.89,1470.0,107.89
2017-06-03 08:00:54.990667,54.188803,-166.16001,1470.0,107.89,1470.0,108.83
2017-06-03 08:00:55.489870,54.188813,-166.159995,1470.0,108.64,1470.0,107.7
2017-06-03 08:00:55.989069,54.188843,-166.159948,1470.0,107.89,1470.0,107.89
2017-06-03 08:00:56.488272,54.188853,-166.159934,1470.0,107.89,1470.0,107.89
2017-06-03 08:00:56.987471,54.188881,-166.159889,1470.0,107.89,1470.0,107.89
2017-06-03 08:00:57.486673,54.188891,-166.159874,1470.0,108.83,1470.0,107.7
2017-06-03 08:00:57.985874,54.188922,-166.159825,1470.0,107.7,1470.0,107.7
2017-06-03 08:00:58.485075,54.188931,-166.159809,1470.0,108.64,1470.0,107.52
2017-06-03 08:00:58.984276,54.188959,-166.159763,1470.0,108.46,1470.0,107.52
2017-06-03 08:00:59.499077,54.188969,-166.159745,1470.0,108.83,1470.0,108.46
2017-06-03 08:00:59.998278,54.188997,-166.159698,1470.0,107.89,1470.0,107.89
2017-06-03 08:01:00.497478,54.189006,-166.159681,1470.0,108.08,1470.0,107.89
2017-06-03 08:01:00.996679,54.189033,-166.159635,1470.0,108.08,1470.0,108.08
2017-06-03 08:01:01.495880,54.189043,-166.159619,1470.0,109.02,1470.0,108.08
2017-06-03 08:01:01.995081,54.18907,-166.15957,1470.0,108.08,1470.0,107.89
2017-06-03 08:01:02.494282,54.18908,-166.159554,1470.0,108.08,1470.0,107.89
2017-06-03 08:01:02.993483,54.18911,-166.159507,1470.0,107.89,1470.0,107.89
2017-06-03 08:01:03.492683,54.189119,-166.159491,1470.0,109.02,1470.0,107.89
2017-06-03 08:01:03.991884,54.189147,-166.159445,1470.0,108.08,1470.0,108.08
2017-06-03 08:01:04.491085,54.189157,-166.15943,1470.0,109.4,1470.0,108.08
2017-06-03 08:01:04.990286,54.189188,-166.159385,1470.0,108.08,1470.0,108.83
2017-06-03 08:01:05.489487,54.189198,-166.159369,1470.0,109.4,1470.0,109.02
2017-06-03 08:01:05.988688,54.18923,-166.159322,1470.0,107.89,1470.0,107.89
2017-06-03 08:01:06.487888,54.18924,-166.159306,1470.0,107.89,1470.0,107.7
2017-06-03 08:01:06.987089,54.189269,-166.15926,1470.0,107.89,1470.0,107.7
2017-06-03 08:01:07.486290,54.189279,-166.159244,1470.0,107.89,1470.0,109.21
2017-06-03 08:01:07.985491,54.189308,-166.159195,1470.0,108.08,1470.0,107.89
2017-06-03 08:01:08.484692,54.189317,-166.159179,1470.0,108.27,1470.0,108.08
2017-06-03 08:01:08.983894,54.189344,-166.159131,1470.0,108.27,1470.0,108.27
2017-06-03 08:01:09.498693,54.189354,-166.159113,1470.0,108.27,1470.0,108.27
2017-06-03 08:01:09.997896,54.18938,-166.159063,1470.0,108.27,1470.0,108.27
2017-06-03 08:01:10.497095,54.18939,-166.159047,1470.0,108.27,1470.0,108.27
2017-06-03 08:01:10.996298,54.189418,-166.158998,1470.0,108.08,1470.0,108.08
2017-06-03 08:01:11.495497,54.189428,-166.158982,1470.0,108.08,1470.0,108.08
2017-06-03 08:01:11.994699,54.189455,-166.158935,1470.0,108.08,1470.0,108.83
2017-06-03 08:01:12.493898,54.189465,-166.15892,1470.0,108.08,1470.0,108.08
2017-06-03 08:01:12.993101,54.189495,-166.158873,1470.0,108.08,1470.0,108.08
2017-06-03 08:01:13.492302,54.189505,-166.158858,1470.0,108.08,1470.0,108.08
2017-06-03 08:01:13.991501,54.189535,-166.158813,1470.0,109.21,1470.0,107.89
2017-06-03 08:01:14.490704,54.189545,-166.158798,1470.0,107.89,1470.0,108.83
2017-06-03 08:01:14.989902,54.189574,-166.158753,1470.0,107.89,1470.0,107.89
2017-06-03 08:01:15.489105,54.189584,-166.158737,1470.0,108.08,1470.0,108.08
2017-06-03 08:01:15.988304,54.189613,-166.158688,1470.0,108.27,1470.0,108.27
2017-06-03 08:01:16.487507,54.189622,-166.158672,1470.0,108.64,1470.0,108.46
2017-06-03 08:01:16.986706,54.189648,-166.158625,1470.0,108.64,1470.0,108.64
2017-06-03 08:01:17.485909,54.189657,-166.158608,1470.0,108.64,1470.0,108.64
2017-06-03 08:01:17.985109,54.189684,-166.158558,1470.0,108.46,1470.0,108.27
2017-06-03 08:01:18.484310,54.189694,-166.158542,1470.0,109.96,1470.0,108.08
2017-06-03 08:01:18.999111,54.189723,-166.15849,1470.0,108.08,1470.0,108.08
2017-06-03 08:01:19.498312,54.189733,-166.158474,1470.0,109.02,1470.0,107.89
2017-06-03 08:01:19.997513,54.189762,-166.158427,1470.0,109.02,1470.0,109.02
2017-06-03 08:01:20.496714,54.189772,-166.158411,1470.0,108.08,1470.0,108.08
2017-06-03 08:01:20.995914,54.189802,-166.158365,1470.0,108.08,1470.0,108.08
2017-06-03 08:01:21.495115,54.189811,-166.158349,1470.0,108.27,1470.0,108.08
2017-06-03 08:01:21.994316,54.18984,-166.158302,1470.0,109.4,1470.0,108.27
2017-06-03 08:01:22.493517,54.189849,-166.158286,1470.0,108.27,1470.0,108.27
2017-06-03 08:01:22.992718,54.189877,-166.158238,1470.0,108.27,1470.0,108.27
2017-06-03 08:01:23.491919,54.189885,-166.158222,1470.0,108.27,1470.0,108.27
2017-06-03 08:01:23.991119,54.189912,-166.158172,1470.0,109.21,1470.0,108.27
2017-06-03 08:01:24.490320,54.189921,-166.158155,1470.0,108.46,1470.0,108.46
2017-06-03 08:01:24.989521,54.189948,-166.158105,1470.0,108.46,1470.0,108.46
2017-06-03 08:01:25.488722,54.189958,-166.158089,1470.0,108.46,1470.0,108.27
2017-06-03 08:01:25.987923,54.189985,-166.15804,1470.0,108.27,1470.0,108.08
2017-06-03 08:01:26.487123,54.189995,-166.158024,1470.0,108.27,1470.0,108.08
2017-06-03 08:01:26.986324,54.190024,-166.157978,1470.0,108.08,1470.0,108.08
2017-06-03 08:01:27.485525,54.190034,-166.157962,1470.0,109.4,1470.0,109.4
2017-06-03 08:01:27.984726,54.190063,-166.157915,1470.0,108.46,1470.0,108.27
2017-06-03 08:01:28.483927,54.190072,-166.157899,1470.0,108.64,1470.0,108.46
2017-06-03 08:01:28.998730,54.190102,-166.15785,1470.0,108.64,1470.0,108.64
2017-06-03 08:01:29.497929,54.190111,-166.157833,1470.0,109.77,1470.0,108.64
2017-06-03 08:01:29.997131,54.190138,-166.157783,1470.0,108.27,1470.0,108.27
2017-06-03 08:01:30.496330,54.190148,-166.157767,1470.0,109.4,1470.0,108.08
2017-06-03 08:01:30.995533,54.190177,-166.157718,1470.0,108.08,1470.0,108.08
2017-06-03 08:01:31.494732,54.190186,-166.157702,1470.0,109.21,1470.0,108.08
2017-06-03 08:01:31.993935,54.190213,-166.157655,1470.0,109.21,1470.0,109.02
2017-06-03 08:01:32.493134,54.190223,-166.157639,1470.0,108.46,1470.0,108.27
2017-06-03 08:01:32.992336,54.19025,-166.15759,1470.0,108.46,1470.0,108.46
2017-06-03 08:01:33.491535,54.19026,-166.157574,1470.0,108.46,1470.0,108.46
2017-06-03 08:01:33.990738,54.190288,-166.157525,1470.0,108.46,1470.0,108.46
2017-06-03 08:01:34.489939,54.190298,-166.157509,1470.0,108.46,1470.0,108.46
2017-06-03 08:01:34.989140,54.190326,-166.157461,1470.0,108.27,1470.0,108.27
2017-06-03 08:01:35.488340,54.190335,-166.157445,1470.0,108.46,1470.0,108.46
2017-06-03 08:01:35.987539,54.190363,-166.157397,1470.0,108.64,1470.0,108.46
2017-06-03 08:01:36.486742,54.190373,-166.157381,1470.0,108.64,1470.0,108.46
2017-06-03 08:01:36.985941,54.190401,-166.157335,1470.0,108.64,1470.0,109.4
2017-06-03 08:01:37.485144,54.19041,-166.157319,1470.0,108.64,1470.0,108.46
2017-06-03 08:01:37.984343,54.190439,-166.157271,1470.0,108.46,1470.0,108.46
2017-06-03 08:01:38.499146,54.19045,-166.157254,1470.0,108.27,1470.0,108.27
2017-06-03 08:01:38.998346,54.19048,-166.157207,1470.0,109.21,1470.0,108.08
2017-06-03 08:01:39.497547,54.19049,-166.157191,1470.0,108.08,1470.0,108.83
2017-06-03 08:01:39.996748,54.190518,-166.157145,1470.0,108.08,1470.0,108.08
2017-06-03 08:01:40.495949,54.190528,-166.157129,1470.0,108.27,1470.0,108.27
2017-06-03 08:01:40.995150,54.190555,-166.157082,1470.0,109.4,1470.0,108.27
2017-06-03 08:01:41.494350,54.190564,-166.157065,1470.0,108.46,1470.0,108.46
2017-06-03 08:01:41.993551,54.190592,-166.157017,1470.0,108.46,1470.0,108.27
2017-06-03 08:01:42.492752,54.190601,-166.157,1470.0,108.46,1470.0,108.27
2017-06-03 08:01:42.991953,54.19063,-166.156952,1470.0,108.46,1470.0,108.27
2017-06-03 08:01:43.491154,54.190639,-166.156935,1470.0,108.46,1470.0,108.46
2017-06-03 08:01:43.990355,54.190667,-166.156887,1470.0,108.46,1470.0,108.46
2017-06-03 08:01:44.489555,54.190676,-166.156871,1470.0,108.64,1470.0,108.46
2017-06-03 08:01:44.988756,54.190704,-166.156823,1470.0,108.46,1470.0,108.64
2017-06-03 08:01:45.487957,54.190714,-166.156807,1470.0,108.64,1470.0,108.46
2017-06-03 08:01:45.987158,54.190743,-166.156758,1470.0,108.64,1470.0,108.64
2017-06-03 08:01:46.486359,54.190753,-166.156743,1470.0,108.64,1470.0,108.64
2017-06-03 08:01:46.985559,54.190783,-166.156698,1470.0,108.64,1470.0,109.77
2017-06-03 08:01:47.484760,54.190792,-166.156682,1470.0,108.64,1470.0,108.46
2017-06-03 08:01:47.983961,54.190821,-166.156635,1470.0,108.46,1470.0,108.46
2017-06-03 08:01:48.498762,54.190832,-166.156617,1470.0,108.27,1470.0,109.4
2017-06-03 08:01:48.997965,54.190862,-166.15657,1470.0,109.21,1470.0,108.08
2017-06-03 08:01:49.497164,54.190871,-166.156554,1470.0,108.27,1470.0,108.08
2017-06-03 08:01:49.996367,54.1909,-166.156507,1470.0,109.4,1470.0,108.08
2017-06-03 08:01:50.495565,54.19091,-166.15649,1470.0,108.27,1470.0,108.27
2017-06-03 08:01:50.994768,54.190938,-166.156442,1470.0,108.27,1470.0,108.27
2017-06-03 08:01:51.493967,54.190948,-166.156425,1470.0,108.27,1470.0,108.27
2017-06-03 08:01:51.993170,54.190975,-166.156377,1470.0,108.46,1470.0,108.46
2017-06-03 08:01:52.492369,54.190984,-166.15636,1470.0,108.64,1470.0,108.46
2017-06-03 08:01:52.991571,54.19101,-166.156312,1470.0,108.83,1470.0,108.64
2017-06-03 08:01:53.490770,54.191019,-166.156295,1470.0,108.83,1470.0,108.83
2017-06-03 08:01:53.989973,54.191047,-166.156247,1470.0,108.83,1470.0,109.59
2017-06-03 08:01:54.489174,54.191056,-166.156231,1470.0,108.64,1470.0,108.64
2017-06-03 08:01:54.988375,54.191084,-166.156185,1470.0,108.46,1470.0,108.46
2017-06-03 08:01:55.487576,54.191095,-166.156169,1470.0,109.4,1470.0,108.46
2017-06-03 08:01:55.986776,54.191127,-166.15612,1470.0,109.77,1470.0,108.27
2017-06-03 08:01:56.485977,54.191136,-166.156105,1470.0,109.59,1470.0,108.46
2017-06-03 08:01:56.985176,54.191166,-166.15606,1470.0,108.46,1470.0,108.46
2017-06-03 08:01:57.484379,54.191176,-166.156044,1470.0,109.59,1470.0,108.46
2017-06-03 08:01:57.999178,54.191207,-166.155997,1470.0,108.64,1470.0,108.64
2017-06-03 08:01:58.498381,54.191216,-166.15598,1470.0,108.64,1470.0,108.64
2017-06-03 08:01:58.997580,54.191243,-166.155933,1470.0,108.64,1470.0,108.46
2017-06-03 08:01:59.496782,54.191253,-166.155917,1470.0,108.46,1470.0,108.46
2017-06-03 08:01:59.995983,54.19128,-166.155867,1470.0,108.27,1470.0,108.27
2017-06-03 08:02:00.495184,54.191289,-166.15585,1470.0,108.27,1470.0,108.08
2017-06-03 08:02:00.994385,54.191315,-166.155802,1470.0,108.27,1470.0,108.27
2017-06-03 08:02:01.493586,54.191324,-166.155785,1470.0,108.27,1470.0,108.27
2017-06-03 08:02:01.992786,54.191352,-166.155737,1470.0,108.46,1470.0,109.21
2017-06-03 08:02:02.491987,54.191361,-166.15572,1470.0,108.46,1470.0,108.46
2017-06-03 08:02:02.991188,54.191388,-166.155672,1470.0,108.46,1470.0,108.46
2017-06-03 08:02:03.490389,54.191398,-166.155655,1470.0,108.46,1470.0,108.27
2017-06-03 08:02:03.989590,54.191427,-166.155607,1470.0,109.21,1470.0,108.46
2017-06-03 08:02:04.488791,54.191436,-166.155591,1470.0,108.46,1470.0,108.46
2017-06-03 08:02:04.987991,54.191463,-166.155543,1470.0,109.4,1470.0,108.46
2017-06-03 08:02:05.487192,54.191472,-166.155527,1470.0,108.64,1470.0,108.64
2017-06-03 08:02:05.986393,54.191502,-166.155478,1470.0,108.83,1470.0,108.83
2017-06-03 08:02:06.485594,54.191511,-166.155462,1470.0,109.02,1470.0,108.83
2017-06-03 08:02:06.984795,54.191538,-166.155415,1470.0,108.83,1470.0,109.96
2017-06-03 08:02:07.483995,54.191547,-166.155399,1470.0,109.77,1470.0,109.77
2017-06-03 08:02:07.998796,54.191577,-166.155348,1470.0,109.59,1470.0,108.27
2017-06-03 08:02:08.497997,54.191587,-166.155332,1470.0,109.4,1470.0,108.08
2017-06-03 08:02:08.997200,54.191617,-166.155283,1470.0,108.08,1470.0,108.08
2017-06-03 08:02:09.496399,54.191626,-166.155267,1470.0,108.27,1470.0,108.08
2017-06-03 08:02:09.995602,54.191655,-166.15522,1470.0,108.27,1470.0,108.27
2017-06-03 08:02:10.494801,54.191664,-166.155204,1470.0,108.27,1470.0,108.27
2017-06-03 08:02:10.994003,54.191692,-166.155155,1470.0,109.4,1470.0,108.27
2017-06-03 08:02:11.493202,54.1917,-166.155139,1470.0,108.27,1470.0,108.27
2017-06-03 08:02:11.992405,54.191727,-166.15509,1470.0,108.27,1470.0,108.27
2017-06-03 08:02:12.491604,54.191736,-166.155074,1470.0,108.46,1470.0,108.46
2017-06-03 08:02:12.990807,54.191763,-166.155025,1470.0,108.64,1470.0,108.64
2017-06-03 08:02:13.490005,54.191771,-166.155008,1470.0,108.64,1470.0,108.64
2017-06-03 08:02:13.989208,54.191798,-166.154958,1470.0,108.83,1470.0,108.64
2017-06-03 08:02:14.488409,54.191808,-166.154943,1470.0,108.64,1470.0,108.46
2017-06-03 08:02:14.987610,54.191836,-166.154896,1470.0,109.77,1470.0,108.27
2017-06-03 08:02:15.486811,54.191846,-166.15488,1470.0,108.27,1470.0,108.08
2017-06-03 08:02:15.986012,54.191878,-166.15483,1470.0,108.08,1470.0,108.08
2017-06-03 08:02:16.485212,54.191887,-166.154814,1470.0,108.08,1470.0,108.08
2017-06-03 08:02:16.984413,54.191916,-166.154768,1470.0,108.27,1470.0,108.08
2017-06-03 08:02:17.499214,54.191926,-166.154751,1470.0,108.46,1470.0,108.27
2017-06-03 08:02:17.998413,54.191955,-166.154705,1470.0,108.46,1470.0,108.46
2017-06-03 08:02:18.497616,54.191965,-166.154689,1470.0,109.96,1470.0,108.46
2017-06-03 08:02:18.996815,54.191993,-166.154642,1470.0,108.64,1470.0,108.83
2017-06-03 08:02:19.496017,54.192003,-166.154626,1470.0,108.64,1470.0,108.64
2017-06-03 08:02:19.995218,54.192032,-166.154578,1470.0,108.64,1470.0,108.46
2017-06-03 08:02:20.494419,54.192041,-166.154562,1470.0,108.46,1470.0,108.27
2017-06-03 08:02:20.993620,54.19207,-166.154513,1470.0,108.27,1470.0,108.27
2017-06-03 08:02:21.492821,54.19208,-166.154497,1470.0,108.27,1470.0,108.27
2017-06-03 08:02:21.992022,54.192108,-166.15445,1470.0,108.46,1470.0,108.27
2017-06-03 08:02:22.491222,54.192118,-166.154435,1470.0,108.46,1470.0,108.46
2017-06-03 08:02:22.990423,54.192146,-166.15439,1470.0,108.46,1470.0,109.59
2017-06-03 08:02:23.489624,54.192156,-166.154374,1470.0,108.27,1470.0,108.27
2017-06-03 08:02:23.988825,54.192185,-166.154325,1470.0,108.27,1470.0,108.08
2017-06-03 08:02:24.488026,54.192195,-166.15431,1470.0,109.02,1470.0,107.89
2017-06-03 08:02:24.987226,54.192224,-166.154265,1470.0,109.02,1470.0,107.89
2017-06-03 08:02:25.486427,54.192234,-166.154249,1470.0,108.08,1470.0,108.08
2017-06-03 08:02:25.985628,54.192263,-166.154201,1470.0,108.46,1470.0,108.27
2017-06-03 08:02:26.484829,54.192272,-166.154185,1470.0,108.64,1470.0,108.64
2017-06-03 08:02:26.984030,54.192299,-166.154136,1470.0,108.83,1470.0,108.83
2017-06-03 08:02:27.498831,54.192309,-166.154118,1470.0,108.83,1470.0,108.64
2017-06-03 08:02:27.998032,54.192337,-166.154068,1470.0,108.64,1470.0,109.02
2017-06-03 08:02:28.497232,54.192347,-166.154052,1470.0,108.46,1470.0,108.46
2017-06-03 08:02:28.996433,54.192377,-166.154003,1470.0,109.77,1470.0,108.27
2017-06-03 08:02:29.495634,54.192387,-166.153988,1470.0,108.27,1470.0,108.27
2017-06-03 08:02:29.994837,54.192417,-166.153942,1470.0,108.27,1470.0,108.08
2017-06-03 08:02:30.494036,54.192427,-166.153926,1470.0,108.27,1470.0,109.02
2017-06-03 08:02:30.993238,54.192457,-166.15388,1470.0,108.46,1470.0,108.27
2017-06-03 08:02:31.492437,54.192466,-166.153865,1470.0,108.46,1470.0,108.46
2017-06-03 08:02:31.991640,54.192493,-166.15382,1470.0,109.4,1470.0,108.46
2017-06-03 08:02:32.490839,54.192503,-166.153804,1470.0,108.64,1470.0,108.46
2017-06-03 08:02:32.990042,54.192531,-166.153755,1470.0,108.46,1470.0,109.4
2017-06-03 08:02:33.489241,54.192541,-166.153739,1470.0,108.27,1470.0,108.27
2017-06-03 08:02:33.988443,54.19257,-166.15369,1470.0,108.08,1470.0,108.08
2017-06-03 08:02:34.487642,54.192579,-166.153675,1470.0,108.08,1470.0,108.08
2017-06-03 08:02:34.986845,54.192606,-166.15363,1470.0,109.21,1470.0,108.08
2017-06-03 08:02:35.486046,54.192615,-166.153614,1470.0,108.46,1470.0,108.27
2017-06-03 08:02:35.985247,54.192643,-166.153568,1470.0,108.46,1470.0,108.46
2017-06-03 08:02:36.484447,54.192652,-166.153552,1470.0,108.46,1470.0,108.46
2017-06-03 08:02:36.999247,54.192682,-166.1535,1470.0,108.46,1470.0,108.27
2017-06-03 08:02:37.498449,54.192691,-166.153484,1470.0,109.4,1470.0,108.27
2017-06-03 08:02:37.997648,54.19272,-166.153437,1470.0,108.08,1470.0,108.08
2017-06-03 08:02:38.496851,54.19273,-166.153421,1470.0,107.89,1470.0,107.89
2017-06-03 08:02:38.996050,54.192758,-166.153373,1470.0,108.08,1470.0,109.21
2017-06-03 08:02:39.495253,54.192768,-166.153357,1470.0,108.27,1470.0,108.08
2017-06-03 08:02:39.994453,54.192795,-166.153308,1470.0,108.27,1470.0,108.27
2017-06-03 08:02:40.493654,54.192804,-166.153292,1470.0,108.27,1470.0,108.27
2017-06-03 08:02:40.992855,54.192832,-166.153242,1470.0,109.59,1470.0,108.46
2017-06-03 08:02:41.492056,54.192841,-166.153225,1470.0,108.46,1470.0,108.46
2017-06-03 08:02:41.991257,54.192868,-166.153175,1470.0,109.59,1470.0,108.46
2017-06-03 08:02:42.490458,54.192877,-166.153159,1470.0,108.64,1470.0,108.46
2017-06-03 08:02:42.989658,54.192904,-166.15311,1470.0,108.64,1470.0,108.46
2017-06-03 08:02:43.488859,54.192914,-166.153093,1470.0,108.46,1470.0,108.46
2017-06-03 08:02:43.988060,54.192942,-166.153043,1470.0,108.27,1470.0,108.27
2017-06-03 08:02:44.487261,54.192951,-166.153027,1470.0,109.02,1470.0,108.08
2017-06-03 08:02:44.986462,54.192979,-166.15298,1470.0,108.27,1470.0,108.08
2017-06-03 08:02:45.485662,54.192989,-166.152964,1470.0,108.08,1470.0,108.83
2017-06-03 08:02:45.984863,54.193018,-166.152918,1470.0,109.02,1470.0,108.08
2017-06-03 08:02:46.484064,54.193027,-166.152902,1470.0,108.08,1470.0,107.89
2017-06-03 08:02:46.998865,54.193055,-166.152852,1470.0,108.08,1470.0,107.89
2017-06-03 08:02:47.498066,54.193064,-166.152835,1470.0,108.27,1470.0,108.08
2017-06-03 08:02:47.997267,54.193092,-166.152785,1470.0,108.27,1470.0,108.27
2017-06-03 08:02:48.496468,54.1931,-166.152768,1470.0,108.64,1470.0,108.46
2017-06-03 08:02:48.995668,54.193125,-166.152718,1470.0,108.64,1470.0,108.64
2017-06-03 08:02:49.494869,54.193134,-166.152702,1470.0,108.46,1470.0,108.46
2017-06-03 08:02:49.994070,54.193162,-166.152652,1470.0,108.27,1470.0,108.27
2017-06-03 08:02:50.493271,54.193172,-166.152635,1470.0,108.08,1470.0,109.4
2017-06-03 08:02:50.992474,54.193202,-166.152587,1470.0,107.89,1470.0,107.89
2017-06-03 08:02:51.491673,54.193211,-166.152571,1470.0,107.89,1470.0,108.83
2017-06-03 08:02:51.990875,54.19324,-166.152523,1470.0,109.21,1470.0,107.89
2017-06-03 08:02:52.490074,54.19325,-166.152507,1470.0,108.46,1470.0,108.08
2017-06-03 08:02:52.989277,54.193278,-166.15246,1470.0,108.27,1470.0,108.27
2017-06-03 08:02:53.488476,54.193288,-166.152444,1470.0,109.59,1470.0,108.27
2017-06-03 08:02:53.987679,54.193315,-166.152395,1470.0,108.27,1470.0,108.27
2017-06-03 08:02:54.486877,54.193324,-166.152379,1470.0,108.27,1470.0,108.27
2017-06-03 08:02:54.986080,54.193351,-166.152331,1470.0,108.27,1470.0,108.08
2017-06-03 08:02:55.485279,54.19336,-166.152315,1470.0,108.08,1470.0,108.08
2017-06-03 08:02:55.984482,54.193388,-166.152265,1470.0,108.27,1470.0,108.08
2017-06-03 08:02:56.499283,54.193398,-166.152247,1470.0,108.08,1470.0,108.08
2017-06-03 08:02:56.998482,54.193427,-166.152198,1470.0,108.08,1470.0,108.08
2017-06-03 08:02:57.497684,54.193436,-166.152182,1470.0,109.59,1470.0,108.08
2017-06-03 08:02:57.996883,54.193463,-166.152135,1470.0,108.27,1470.0,108.27
2017-06-03 08:02:58.496086,54.193473,-166.152119,1470.0,108.27,1470.0,109.02
2017-06-03 08:02:58.995285,54.193502,-166.15207,1470.0,108.27,1470.0,108.27
2017-06-03 08:02:59.494488,54.193511,-166.152054,1470.0,108.08,1470.0,108.08
2017-06-03 08:02:59.993687,54.19354,-166.152007,1470.0,108.08,1470.0,109.21
2017-06-03 08:03:00.492889,54.19355,-166.15199,1470.0,108.08,1470.0,107.89
2017-06-03 08:03:00.992090,54.193578,-166.151942,1470.0,107.89,1470.0,107.89
2017-06-03 08:03:01.491291,54.193588,-166.151926,1470.0,109.02,1470.0,108.08
2017-06-03 08:03:01.990492,54.193615,-166.151878,1470.0,108.08,1470.0,108.08
2017-06-03 08:03:02.489693,54.193624,-166.151862,1470.0,108.08,1470.0,108.08
2017-06-03 08:03:02.988894,54.193653,-166.151815,1470.0,108.08,1470.0,109.02
2017-06-03 08:03:03.488094,54.193662,-166.151798,1470.0,108.08,1470.0,108.08
2017-06-03 08:03:03.987295,54.193692,-166.151748,1470.0,108.08,1470.0,108.08
2017-06-03 08:03:04.486496,54.193701,-166.151732,1470.0,108.08,1470.0,108.08
2017-06-03 08:03:04.985697,54.193728,-166.151683,1470.0,108.27,1470.0,108.08
2017-06-03 08:03:05.484900,54.193737,-166.151667,1470.0,108.27,1470.0,108.27
2017-06-03 08:03:05.984098,54.193764,-166.151618,1470.0,108.27,1470.0,108.27
2017-06-03 08:03:06.498899,54.193775,-166.1516,1470.0,108.27,1470.0,108.27
2017-06-03 08:03:06.998100,54.193803,-166.15155,1470.0,108.27,1470.0,108.08
2017-06-03 08:03:07.497301,54.193813,-166.151534,1470.0,108.08,1470.0,108.27
2017-06-03 08:03:07.996502,54.193842,-166.151487,1470.0,108.08,1470.0,108.08
2017-06-03 08:03:08.495703,54.193851,-166.151471,1470.0,108.08,1470.0,109.21
2017-06-03 08:03:08.994904,54.19388,-166.151425,1470.0,108.08,1470.0,108.08
2017-06-03 08:03:09.494104,54.19389,-166.151409,1470.0,108.08,1470.0,108.08
2017-06-03 08:03:09.993305,54.193918,-166.151362,1470.0,108.08,1470.0,108.08
2017-06-03 08:03:10.492506,54.193927,-166.151345,1470.0,108.27,1470.0,108.08
2017-06-03 08:03:10.991709,54.193954,-166.151296,1470.0,108.08,1470.0,107.89
2017-06-03 08:03:11.490908,54.193964,-166.15128,1470.0,107.89,1470.0,107.89
2017-06-03 08:03:11.990110,54.193992,-166.15123,1470.0,107.89,1470.0,107.89
2017-06-03 08:03:12.489309,54.194001,-166.151214,1470.0,107.89,1470.0,107.89
2017-06-03 08:03:12.988512,54.194028,-166.151166,1470.0,107.89,1470.0,109.02
2017-06-03 08:03:13.487711,54.194037,-166.15115,1470.0,108.08,1470.0,108.83
2017-06-03 08:03:13.986914,54.194065,-166.1511,1470.0,108.08,1470.0,109.02
2017-06-03 08:03:14.486113,54.194074,-166.151084,1470.0,108.08,1470.0,109.02
2017-06-03 08:03:14.985315,54.194103,-166.151036,1470.0,108.08,1470.0,107.89
2017-06-03 08:03:15.484514,54.194112,-166.15102,1470.0,108.08,1470.0,107.89
2017-06-03 08:03:15.999315,54.194142,-166.15097,1470.0,108.08,1470.0,108.08
2017-06-03 08:03:16.498518,54.194151,-166.150954,1470.0,108.83,1470.0,108.08
2017-06-03 08:03:16.997717,54.19418,-166.150905,1470.0,108.27,1470.0,108.27
2017-06-03 08:03:17.496920,54.194189,-166.150889,1470.0,108.27,1470.0,108.27
2017-06-03 08:03:17.996119,54.194217,-166.150842,1470.0,108.27,1470.0,108.27
2017-06-03 08:03:18.495321,54.194227,-166.150826,1470.0,109.4,1470.0,108.08
2017-06-03 08:03:18.994520,54.194257,-166.150778,1470.0,108.27,1470.0,108.08
2017-06-03 08:03:19.493723,54.194266,-166.150762,1470.0,108.08,1470.0,108.08
2017-06-03 08:03:19.992922,54.194295,-166.150713,1470.0,107.89,1470.0,107.89
2017-06-03 08:03:20.492125,54.194305,-166.150697,1470.0,108.08,1470.0,108.08
2017-06-03 08:03:20.991323,54.194334,-166.15065,1470.0,109.21,1470.0,109.02
2017-06-03 08:03:21.490526,54.194344,-166.150634,1470.0,108.08,1470.0,108.27
2017-06-03 08:03:21.989727,54.194372,-166.150585,1470.0,108.08,1470.0,108.08
2017-06-03 08:03:22.488928,54.19438,-166.150569,1470.0,108.08,1470.0,108.08
2017-06-03 08:03:22.988129,54.194406,-166.150523,1470.0,109.21,1470.0,109.21
2017-06-03 08:03:23.487329,54.194415,-166.150507,1470.0,107.7,1470.0,107.7
2017-06-03 08:03:23.986530,54.194444,-166.15046,1470.0,107.7,1470.0,107.52
2017-06-03 08:03:24.485731,54.194454,-166.150444,1470.0,107.52,1470.0,108.27
2017-06-03 08:03:24.984932,54.194484,-166.150398,1470.0,107.52,1470.0,107.52
2017-06-03 08:03:25.484133,54.194494,-166.150382,1470.0,108.83,1470.0,107.52
2017-06-03 08:03:25.998934,54.194523,-166.150333,1470.0,107.89,1470.0,107.89
2017-06-03 08:03:26.498135,54.194533,-166.150315,1470.0,108.08,1470.0,108.08
2017-06-03 08:03:26.997335,54.19456,-166.150267,1470.0,108.46,1470.0,108.46
2017-06-03 08:03:27.496536,54.194569,-166.15025,1470.0,108.64,1470.0,108.64
2017-06-03 08:03:27.995737,54.194597,-166.1502,1470.0,108.64,1470.0,108.64
2017-06-03 08:03:28.494938,54.194606,-166.150183,1470.0,108.64,1470.0,108.64
2017-06-03 08:03:28.994139,54.194633,-166.150132,1470.0,108.46,1470.0,108.27
2017-06-03 08:03:29.493340,54.194643,-166.150115,1470.0,108.27,1470.0,109.02
2017-06-03 08:03:29.992540,54.194673,-166.150067,1470.0,108.27,1470.0,108.08
2017-06-03 08:03:30.491741,54.194684,-166.150052,1470.0,107.89,1470.0,109.02
2017-06-03 08:03:30.990944,54.194714,-166.150008,1470.0,108.64,1470.0,107.7
2017-06-03 08:03:31.490143,54.194724,-166.149992,1470.0,107.7,1470.0,107.7
2017-06-03 08:03:31.989346,54.194755,-166.149945,1470.0,107.7,1470.0,108.46
2017-06-03 08:03:32.488544,54.194764,-166.14993,1470.0,108.83,1470.0,107.7
2017-06-03 08:03:32.987747,54.194793,-166.149885,1470.0,107.89,1470.0,108.83
2017-06-03 08:03:33.486946,54.194802,-166.149869,1470.0,107.89,1470.0,107.89
2017-06-03 08:03:33.986149,54.19483,-166.14982,1470.0,107.89,1470.0,107.89
2017-06-03 08:03:34.485348,54.194839,-166.149804,1470.0,109.02,1470.0,107.89
2017-06-03 08:03:34.984550,54.194864,-166.149756,1470.0,108.08,1470.0,107.89
2017-06-03 08:03:35.499350,54.194874,-166.149739,1470.0,109.21,1470.0,108.08
2017-06-03 08:03:35.998552,54.194902,-166.14969,1470.0,108.08,1470.0,108.08
2017-06-03 08:03:36.497753,54.194911,-166.149674,1470.0,108.08,1470.0,109.02
2017-06-03 08:03:36.996952,54.194938,-166.149625,1470.0,108.08,1470.0,107.89
2017-06-03 08:03:37.496155,54.194948,-166.149609,1470.0,107.89,1470.0,107.89
2017-06-03 08:03:37.995354,54.194978,-166.149562,1470.0,107.89,1470.0,107.89
2017-06-03 08:03:38.494556,54.194988,-166.149546,1470.0,108.08,1470.0,107.89
2017-06-03 08:03:38.993755,54.195018,-166.149498,1470.0,109.4,1470.0,108.08
2017-06-03 08:03:39.492958,54.195028,-166.149482,1470.0,108.27,1470.0,108.27
2017-06-03 08:03:39.992157,54.195057,-166.149433,1470.0,108.46,1470.0,108.27
2017-06-03 08:03:40.491360,54.195066,-166.149417,1470.0,108.27,1470.0,108.27
2017-06-03 08:03:40.990559,54.195094,-166.14937,1470.0,109.4,1470.0,108.27
2017-06-03 08:03:41.489761,54.195104,-166.149353,1470.0,108.83,1470.0,108.08
2017-06-03 08:03:41.988962,54.195132,-166.149303,1470.0,107.89,1470.0,107.7
2017-06-03 08:03:42.488163,54.195141,-166.149287,1470.0,107.7,1470.0,107.7
2017-06-03 08:03:42.987364,54.195169,-166.14924,1470.0,108.83,1470.0,107.7
2017-06-03 08:03:43.486565,54.195179,-166.149224,1470.0,107.89,1470.0,107.89
2017-06-03 08:03:43.985765,54.195208,-166.149176,1470.0,109.21,1470.0,107.89
2017-06-03 08:03:44.484966,54.195217,-166.14916,1470.0,109.21,1470.0,107.89
2017-06-03 08:03:44.984167,54.195244,-166.14911,1470.0,107.89,1470.0,107.89
2017-06-03 08:03:45.498968,54.195254,-166.149091,1470.0,107.89,1470.0,108.83
2017-06-03 08:03:45.998169,54.195282,-166.14904,1470.0,107.89,1470.0,107.89
2017-06-03 08:03:46.497370,54.195291,-166.149023,1470.0,108.08,1470.0,108.08
2017-06-03 08:03:46.996571,54.195318,-166.148973,1470.0,108.27,1470.0,108.27
2017-06-03 08:03:47.495771,54.195327,-166.148957,1470.0,108.46,1470.0,108.46
2017-06-03 08:03:47.994972,54.195353,-166.148907,1470.0,108.46,1470.0,108.46
2017-06-03 08:03:48.494173,54.195363,-166.14889,1470.0,109.4,1470.0,108.27
2017-06-03 08:03:48.993374,54.195392,-166.148842,1470.0,108.27,1470.0,108.08
2017-06-03 08:03:49.492575,54.195402,-166.148825,1470.0,107.89,1470.0,107.89
2017-06-03 08:03:49.991776,54.195432,-166.148775,1470.0,107.7,1470.0,107.7
2017-06-03 08:03:50.490976,54.195441,-166.148759,1470.0,107.7,1470.0,107.7
2017-06-03 08:03:50.990177,54.195469,-166.148713,1470.0,108.64,1470.0,107.89
2017-06-03 08:03:51.489378,54.195479,-166.148697,1470.0,108.08,1470.0,107.89
2017-06-03 08:03:51.988581,54.195507,-166.148647,1470.0,108.08,1470.0,108.27
2017-06-03 08:03:52.487780,54.195516,-166.148631,1470.0,108.27,1470.0,108.08
2017-06-03 08:03:52.986982,54.195543,-166.148583,1470.0,108.27,1470.0,108.08
2017-06-03 08:03:53.486181,54.195552,-166.148567,1470.0,109.02,1470.0,109.02
2017-06-03 08:03:53.985384,54.195579,-166.148516,1470.0,108.08,1470.0,109.02
2017-06-03 08:03:54.484583,54.195588,-166.1485,1470.0,108.08,1470.0,108.83
2017-06-03 08:03:54.983786,54.195616,-166.148451,1470.0,108.08,1470.0,107.89
2017-06-03 08:03:55.498585,54.195626,-166.148434,1470.0,108.46,1470.0,107.89
2017-06-03 08:03:55.997787,54.195655,-166.148385,1470.0,109.02,1470.0,108.08
2017-06-03 08:03:56.496988,54.195664,-166.148369,1470.0,108.08,1470.0,108.08
2017-06-03 08:03:56.996189,54.195692,-166.148322,1470.0,108.08,1470.0,108.27
2017-06-03 08:03:57.495390,54.195701,-166.148306,1470.0,108.27,1470.0,108.08
2017-06-03 08:03:57.994589,54.19573,-166.14826,1470.0,108.27,1470.0,108.27
2017-06-03 08:03:58.493792,54.19574,-166.148243,1470.0,108.27,1470.0,108.08
2017-06-03 08:03:58.992990,54.195768,-166.148193,1470.0,109.4,1470.0,108.27
2017-06-03 08:03:59.492193,54.195778,-166.148177,1470.0,108.27,1470.0,108.08
2017-06-03 08:03:59.991392,54.195807,-166.14813,1470.0,108.08,1470.0,108.08
2017-06-03 08:04:00.490595,54.195816,-166.148114,1470.0,108.08,1470.0,108.08
2017-06-03 08:04:00.989794,54.195844,-166.148068,1470.0,108.08,1470.0,107.89
2017-06-03 08:04:01.488997,54.195854,-166.148052,1470.0,108.08,1470.0,108.83
2017-06-03 08:04:01.988197,54.195883,-166.148003,1470.0,108.08,1470.0,108.08
2017-06-03 08:04:02.487398,54.195893,-166.147988,1470.0,108.27,1470.0,108.27
2017-06-03 08:04:02.986599,54.195921,-166.147941,1470.0,108.46,1470.0,108.27
2017-06-03 08:04:03.485800,54.195931,-166.147925,1470.0,108.27,1470.0,108.27
2017-06-03 08:04:03.985001,54.195961,-166.147876,1470.0,108.27,1470.0,108.27
2017-06-03 08:04:04.484201,54.19597,-166.14786,1470.0,108.46,1470.0,108.27
2017-06-03 08:04:04.999002,54.196,-166.14781,1470.0,108.27,1470.0,108.27
2017-06-03 08:04:05.498203,54.196009,-166.147794,1470.0,108.46,1470.0,108.27
2017-06-03 08:04:05.997404,54.196037,-166.147745,1470.0,108.46,1470.0,108.46
2017-06-03 08:04:06.496605,54.196046,-166.147729,1470.0,108.46,1470.0,108.46
2017-06-03 08:04:06.995806,54.196075,-166.147682,1470.0,108.46,1470.0,108.46
2017-06-03 08:04:07.495007,54.196085,-166.147666,1470.0,108.46,1470.0,108.46
2017-06-03 08:04:07.994207,54.196113,-166.147618,1470.0,108.46,1470.0,109.59
2017-06-03 08:04:08.493408,54.196123,-166.147602,1470.0,108.46,1470.0,108.27
2017-06-03 08:04:08.992609,54.196151,-166.147555,1470.0,108.27,1470.0,109.02
2017-06-03 08:04:09.491810,54.196161,-166.147538,1470.0,109.4,1470.0,108.08
2017-06-03 08:04:09.991011,54.19619,-166.147487,1470.0,109.02,1470.0,109.02
2017-06-03 08:04:10.490211,54.196199,-166.147471,1470.0,108.27,1470.0,108.27
2017-06-03 08:04:10.989412,54.196228,-166.147425,1470.0,108.46,1470.0,108.46
2017-06-03 08:04:11.488613,54.196237,-166.147408,1470.0,109.77,1470.0,108.46
2017-06-03 08:04:11.987814,54.196265,-166.147358,1470.0,108.46,1470.0,108.46
2017-06-03 08:04:12.487015,54.196274,-166.147342,1470.0,109.21,1470.0,108.27
2017-06-03 08:04:12.986217,54.196303,-166.147295,1470.0,108.27,1470.0,108.27
2017-06-03 08:04:13.485416,54.196312,-166.147278,1470.0,108.27,1470.0,108.27
2017-06-03 08:04:13.984619,54.196341,-166.147228,1470.0,108.46,1470.0,108.46
2017-06-03 08:04:14.483818,54.19635,-166.147212,1470.0,108.64,1470.0,108.64
2017-06-03 08:04:14.998621,54.196377,-166.14716,1470.0,108.83,1470.0,108.83
2017-06-03 08:04:15.497820,54.196386,-166.147143,1470.0,108.83,1470.0,108.83
2017-06-03 08:04:15.997023,54.196415,-166.147093,1470.0,109.96,1470.0,109.59
2017-06-03 08:04:16.496222,54.196425,-166.147077,1470.0,108.64,1470.0,109.4
2017-06-03 08:04:16.995424,54.196453,-166.147027,1470.0,108.46,1470.0,108.64
2017-06-03 08:04:17.494625,54.196463,-166.14701,1470.0,108.27,1470.0,109.4
2017-06-03 08:04:17.993826,54.196492,-166.14696,1470.0,108.27,1470.0,108.27
2017-06-03 08:04:18.493027,54.196501,-166.146944,1470.0,108.46,1470.0,108.46
2017-06-03 08:04:18.992228,54.196528,-166.146895,1470.0,108.83,1470.0,108.83
2017-06-03 08:04:19.491428,54.196536,-166.146877,1470.0,109.02,1470.0,109.02
2017-06-03 08:04:19.990627,54.196563,-166.146825,1470.0,109.02,1470.0,109.02
2017-06-03 08:04:20.489830,54.196572,-166.146809,1470.0,109.02,1470.0,110.34
2017-06-03 08:04:20.989029,54.196599,-166.14676,1470.0,108.83,1470.0,108.83
2017-06-03 08:04:21.488232,54.196609,-166.146744,1470.0,108.64,1470.0,108.64
2017-06-03 08:04:21.987432,54.196638,-166.146695,1470.0,108.64,1470.0,108.46
2017-06-03 08:04:22.486633,54.196647,-166.146679,1470.0,108.46,1470.0,108.27
2017-06-03 08:04:22.985834,54.196674,-166.14663,1470.0,108.27,1470.0,108.27
2017-06-03 08:04:23.485035,54.196684,-166.146614,1470.0,108.46,1470.0,108.27
2017-06-03 08:04:23.984236,54.196714,-166.146565,1470.0,108.46,1470.0,108.27
2017-06-03 08:04:24.499037,54.196724,-166.146547,1470.0,109.21,1470.0,108.46
2017-06-03 08:04:24.998238,54.196752,-166.1465,1470.0,108.46,1470.0,108.46
2017-06-03 08:04:25.497438,54.196761,-166.146484,1470.0,109.59,1470.0,108.46
2017-06-03 08:04:25.996639,54.19679,-166.146435,1470.0,108.64,1470.0,108.64
2017-06-03 08:04:26.495840,54.196799,-166.146418,1470.0,108.83,1470.0,108.83
2017-06-03 08:04:26.995041,54.196827,-166.146368,1470.0,109.02,1470.0,108.83
2017-06-03 08:04:27.494242,54.196836,-166.146352,1470.0,109.02,1470.0,109.02
2017-06-03 08:04:27.993443,54.196863,-166.146302,1470.0,109.02,1470.0,109.02
2017-06-03 08:04:28.492643,54.196873,-166.146285,1470.0,109.21,1470.0,109.02
2017-06-03 08:04:28.991844,54.196901,-166.146235,1470.0,109.02,1470.0,108.83
2017-06-03 08:04:29.491045,54.196911,-166.146218,1470.0,108.83,1470.0,108.83
2017-06-03 08:04:29.990246,54.19694,-166.146168,1470.0,108.83,1470.0,108.83
2017-06-03 08:04:30.489447,54.196949,-166.146153,1470.0,108.83,1470.0,108.83
2017-06-03 08:04:30.988647,54.196978,-166.146108,1470.0,109.77,1470.0,108.83
2017-06-03 08:04:31.487848,54.196988,-166.146092,1470.0,109.77,1470.0,108.83
2017-06-03 08:04:31.987049,54.197018,-166.146043,1470.0,109.96,1470.0,108.83
2017-06-03 08:04:32.486250,54.197027,-166.146028,1470.0,109.96,1470.0,108.83
2017-06-03 08:04:32.985453,54.197054,-166.145981,1470.0,110.34,1470.0,108.83
2017-06-03 08:04:33.484652,54.197063,-166.145965,1470.0,108.83,1470.0,109.96
2017-06-03 08:04:33.983854,54.197091,-166.145916,1470.0,108.83,1470.0,108.83
2017-06-03 08:04:34.498653,54.197101,-166.145898,1470.0,108.83,1470.0,108.83
2017-06-03 08:04:34.997856,54.19713,-166.145848,1470.0,108.64,1470.0,108.64
2017-06-03 08:04:35.497055,54.197139,-166.145832,1470.0,108.64,1470.0,108.64
2017-06-03 08:04:35.996258,54.197167,-166.145783,1470.0,108.64,1470.0,108.64
2017-06-03 08:04:36.495457,54.197175,-166.145767,1470.0,108.83,1470.0,108.83
2017-06-03 08:04:36.994659,54.197202,-166.145717,1470.0,109.02,1470.0,110.15
2017-06-03 08:04:37.493858,54.197211,-166.1457,1470.0,109.21,1470.0,109.02
2017-06-03 08:04:37.993061,54.197238,-166.14565,1470.0,109.21,1470.0,109.02
2017-06-03 08:04:38.492262,54.197248,-166.145633,1470.0,109.02,1470.0,109.02
2017-06-03 08:04:38.991463,54.197276,-166.145583,1470.0,109.21,1470.0,109.02
2017-06-03 08:04:39.490664,54.197285,-166.145567,1470.0,109.4,1470.0,109.02
2017-06-03 08:04:39.989864,54.197313,-166.145517,1470.0,109.4,1470.0,109.21
2017-06-03 08:04:40.489065,54.197323,-166.1455,1470.0,109.4,1470.0,109.21
2017-06-03 08:04:40.988264,54.197351,-166.145451,1470.0,109.4,1470.0,109.21
2017-06-03 08:04:41.487467,54.19736,-166.145435,1470.0,109.21,1470.0,109.21
2017-06-03 08:04:41.986666,54.197389,-166.145386,1470.0,109.02,1470.0,109.21
2017-06-03 08:04:42.485868,54.197399,-166.14537,1470.0,109.02,1470.0,109.02
2017-06-03 08:04:42.985067,54.197428,-166.145321,1470.0,109.02,1470.0,109.02
2017-06-03 08:04:43.484270,54.197437,-166.145305,1470.0,110.15,1470.0,109.02
2017-06-03 08:04:43.999071,54.197465,-166.145255,1470.0,110.15,1470.0,109.02
2017-06-03 08:04:44.498272,54.197474,-166.145239,1470.0,109.21,1470.0,109.02
2017-06-03 08:04:44.997473,54.197502,-166.14519,1470.0,109.21,1470.0,109.02
2017-06-03 08:04:45.496674,54.19751,-166.145174,1470.0,109.02,1470.0,109.02
2017-06-03 08:04:45.995874,54.197537,-166.145125,1470.0,109.02,1470.0,109.02
2017-06-03 08:04:46.495075,54.197546,-166.145108,1470.0,109.02,1470.0,109.02
2017-06-03 08:04:46.994276,54.197573,-166.145058,1470.0,109.96,1470.0,109.21
2017-06-03 08:04:47.493477,54.197583,-166.145042,1470.0,110.15,1470.0,109.96
2017-06-03 08:04:47.992678,54.197612,-166.144995,1470.0,109.21,1470.0,109.21
2017-06-03 08:04:48.491879,54.197621,-166.144979,1470.0,109.21,1470.0,109.21
2017-06-03 08:04:48.991079,54.197648,-166.144931,1470.0,109.4,1470.0,109.21
2017-06-03 08:04:49.490280,54.197658,-166.144914,1470.0,109.4,1470.0,109.4
2017-06-03 08:04:49.989481,54.197688,-166.144863,1470.0,109.4,1470.0,109.4
2017-06-03 08:04:50.488682,54.197698,-166.144847,1470.0,109.59,1470.0,109.4
2017-06-03 08:04:50.987883,54.197726,-166.1448,1470.0,109.4,1470.0,109.4
2017-06-03 08:04:51.487083,54.197736,-166.144784,1470.0,110.9,1470.0,109.59
2017-06-03 08:04:51.986284,54.197766,-166.144736,1470.0,109.59,1470.0,109.59
2017-06-03 08:04:52.485485,54.197775,-166.14472,1470.0,110.71,1470.0,109.4
2017-06-03 08:04:52.984688,54.197804,-166.144671,1470.0,109.4,1470.0,109.4
2017-06-03 08:04:53.483887,54.197814,-166.144655,1470.0,109.4,1470.0,109.4
2017-06-03 08:04:53.998690,54.197845,-166.144605,1470.0,110.15,1470.0,109.21
2017-06-03 08:04:54.497889,54.197855,-166.144589,1470.0,109.4,1470.0,109.4
2017-06-03 08:04:54.997091,54.197883,-166.144542,1470.0,109.4,1470.0,109.4
2017-06-03 08:04:55.496290,54.197893,-166.144526,1470.0,109.59,1470.0,109.4
2017-06-03 08:04:55.995493,54.197922,-166.144478,1470.0,109.59,1470.0,109.59
2017-06-03 08:04:56.494692,54.197931,-166.144462,1470.0,110.9,1470.0,109.59
2017-06-03 08:04:56.993895,54.19796,-166.144413,1470.0,109.59,1470.0,109.59
2017-06-03 08:04:57.493093,54.197969,-166.144397,1470.0,109.59,1470.0,109.59
2017-06-03 08:04:57.992296,54.197997,-166.144348,1470.0,109.59,1470.0,110.71
2017-06-03 08:04:58.491497,54.198006,-166.144333,1470.0,109.4,1470.0,109.4
2017-06-03 08:04:58.990698,54.198034,-166.144286,1470.0,110.9,1470.0,109.96
2017-06-03 08:04:59.489899,54.198044,-166.144271,1470.0,109.4,1470.0,110.15
2017-06-03 08:04:59.989100,54.198073,-166.144223,1470.0,109.4,1470.0,109.4
2017-06-03 08:05:00.488300,54.198083,-166.144208,1470.0,109.4,1470.0,109.4
2017-06-03 08:05:00.987501,54.198111,-166.144163,1470.0,109.59,1470.0,109.59
2017-06-03 08:05:01.486702,54.198121,-166.144147,1470.0,109.59,1470.0,109.59
2017-06-03 08:05:01.985901,54.198151,-166.1441,1470.0,109.59,1470.0,109.59
2017-06-03 08:05:02.485104,54.19816,-166.144083,1470.0,109.59,1470.0,109.59
2017-06-03 08:05:02.984303,54.198188,-166.144033,1470.0,109.77,1470.0,109.77
2017-06-03 08:05:03.499105,54.198198,-166.144015,1470.0,109.77,1470.0,109.77
2017-06-03 08:05:03.998306,54.198227,-166.143967,1470.0,109.77,1470.0,109.77
2017-06-03 08:05:04.497507,54.198236,-166.14395,1470.0,109.77,1470.0,109.77
2017-06-03 08:05:04.996708,54.198265,-166.143902,1470.0,110.71,1470.0,109.77
2017-06-03 08:05:05.495909,54.198275,-166.143885,1470.0,109.77,1470.0,109.77
2017-06-03 08:05:05.995110,54.198303,-166.143835,1470.0,109.77,1470.0,109.77
2017-06-03 08:05:06.494310,54.198313,-166.143819,1470.0,109.96,1470.0,109.77
2017-06-03 08:05:06.993511,54.198342,-166.143772,1470.0,109.96,1470.0,109.96
2017-06-03 08:05:07.492712,54.198351,-166.143756,1470.0,109.77,1470.0,109.77
2017-06-03 08:05:07.991913,54.19838,-166.143708,1470.0,109.77,1470.0,109.77
2017-06-03 08:05:08.491114,54.198389,-166.143693,1470.0,110.71,1470.0,109.59
2017-06-03 08:05:08.990314,54.198418,-166.143646,1470.0,109.59,1470.0,109.59
2017-06-03 08:05:09.489515,54.198427,-166.14363,1470.0,110.71,1470.0,109.59
2017-06-03 08:05:09.988716,54.198455,-166.143582,1470.0,109.77,1470.0,109.77
2017-06-03 08:05:10.487917,54.198464,-166.143566,1470.0,109.96,1470.0,109.77
2017-06-03 08:05:10.987118,54.198491,-166.143518,1470.0,109.96,1470.0,109.96
2017-06-03 08:05:11.486319,54.1985,-166.143502,1470.0,109.96,1470.0,109.77
2017-06-03 08:05:11.985519,54.198528,-166.143453,1470.0,109.77,1470.0,110.9
2017-06-03 08:05:12.484720,54.198537,-166.143437,1470.0,110.9,1470.0,109.77
2017-06-03 08:05:12.983921,54.198564,-166.143386,1470.0,109.59,1470.0,109.59
2017-06-03 08:05:13.498722,54.198575,-166.143368,1470.0,109.77,1470.0,109.96
2017-06-03 08:05:13.997925,54.198603,-166.143318,1470.0,109.96,1470.0,109.77
2017-06-03 08:05:14.497124,54.198613,-166.143302,1470.0,109.96,1470.0,109.96
2017-06-03 08:05:14.996326,54.198642,-166.143252,1470.0,110.15,1470.0,110.15
2017-06-03 08:05:15.495525,54.198651,-166.143235,1470.0,110.34,1470.0,110.34
2017-06-03 08:05:15.994728,54.198678,-166.143185,1470.0,110.34,1470.0,111.09
2017-06-03 08:05:16.493927,54.198687,-166.143168,1470.0,110.34,1470.0,110.34
2017-06-03 08:05:16.993130,54.198714,-166.143118,1470.0,110.34,1470.0,110.15
2017-06-03 08:05:17.492329,54.198724,-166.143101,1470.0,110.15,1470.0,111.47
2017-06-03 08:05:17.991531,54.198753,-166.14305,1470.0,110.15,1470.0,109.96
2017-06-03 08:05:18.490732,54.198763,-166.143034,1470.0,109.96,1470.0,109.96
2017-06-03 08:05:18.989933,54.198791,-166.142986,1470.0,109.96,1470.0,109.96
2017-06-03 08:05:19.489134,54.1988,-166.142971,1470.0,111.28,1470.0,109.96
2017-06-03 08:05:19.988335,54.198829,-166.142923,1470.0,110.15,1470.0,109.96
2017-06-03 08:05:20.487535,54.198839,-166.142907,1470.0,111.09,1470.0,110.15
2017-06-03 08:05:20.986736,54.198868,-166.14286,1470.0,110.15,1470.0,109.96
2017-06-03 08:05:21.485937,54.198877,-166.142844,1470.0,109.96,1470.0,109.96
2017-06-03 08:05:21.985138,54.198904,-166.142795,1470.0,109.96,1470.0,109.96
2017-06-03 08:05:22.484339,54.198913,-166.142779,1470.0,109.96,1470.0,109.96
2017-06-03 08:05:22.999138,54.198942,-166.142728,1470.0,111.28,1470.0,109.96
2017-06-03 08:05:23.498341,54.198951,-166.142712,1470.0,110.15,1470.0,110.15
2017-06-03 08:05:23.997541,54.198978,-166.142663,1470.0,110.34,1470.0,110.53
2017-06-03 08:05:24.496742,54.198987,-166.142647,1470.0,110.53,1470.0,110.53
2017-06-03 08:05:24.995943,54.199013,-166.142597,1470.0,110.53,1470.0,110.53
2017-06-03 08:05:25.495144,54.199023,-166.14258,1470.0,110.53,1470.0,110.53
2017-06-03 08:05:25.994345,54.19905,-166.14253,1470.0,110.53,1470.0,110.53
2017-06-03 08:05:26.493546,54.199059,-166.142513,1470.0,111.66,1470.0,110.53
2017-06-03 08:05:26.992746,54.199087,-166.142463,1470.0,110.53,1470.0,110.34
2017-06-03 08:05:27.491947,54.199096,-166.142447,1470.0,110.53,1470.0,110.34
2017-06-03 08:05:27.991148,54.199123,-166.142398,1470.0,110.34,1470.0,110.34
2017-06-03 08:05:28.490349,54.199133,-166.142382,1470.0,110.34,1470.0,110.34
2017-06-03 08:05:28.989550,54.199163,-166.142335,1470.0,111.28,1470.0,110.34
2017-06-03 08:05:29.488750,54.199172,-166.142319,1470.0,110.15,1470.0,110.15
2017-06-03 08:05:29.987951,54.199203,-166.14227,1470.0,111.09,1470.0,110.15
2017-06-03 08:05:30.487152,54.199212,-166.142254,1470.0,110.15,1470.0,110.15
2017-06-03 08:05:30.986353,54.199241,-166.142205,1470.0,110.34,1470.0,110.34
2017-06-03 08:05:31.485554,54.19925,-166.142188,1470.0,110.53,1470.0,110.53
2017-06-03 08:05:31.984755,54.199276,-166.142138,1470.0,110.9,1470.0,110.9
2017-06-03 08:05:32.483955,54.199285,-166.142121,1470.0,111.09,1470.0,111.09
2017-06-03 08:05:32.998756,54.199312,-166.142067,1470.0,111.09,1470.0,111.09
2017-06-03 08:05:33.497957,54.19932,-166.14205,1470.0,110.9,1470.0,111.09
2017-06-03 08:05:33.997158,54.199347,-166.141998,1470.0,110.71,1470.0,110.53
2017-06-03 08:05:34.496359,54.199356,-166.141982,1470.0,110.53,1470.0,110.34
2017-06-03 08:05:34.995562,54.199385,-166.141935,1470.0,110.34,1470.0,110.53
2017-06-03 08:05:35.494761,54.199395,-166.14192,1470.0,111.47,1470.0,110.15
2017-06-03 08:05:35.993963,54.199423,-166.141873,1470.0,110.15,1470.0,110.15
2017-06-03 08:05:36.493162,54.199433,-166.141859,1470.0,110.15,1470.0,110.15
2017-06-03 08:05:36.992365,54.199463,-166.141814,1470.0,110.15,1470.0,110.15
2017-06-03 08:05:37.491564,54.199472,-166.141799,1470.0,110.15,1470.0,110.15
2017-06-03 08:05:37.990767,54.199502,-166.14175,1470.0,110.34,1470.0,110.34
2017-06-03 08:05:38.489965,54.199511,-166.141734,1470.0,110.53,1470.0,110.9
2017-06-03 08:05:38.989168,54.199538,-166.141686,1470.0,110.71,1470.0,110.71
2017-06-03 08:05:39.488369,54.199546,-166.141669,1470.0,111.09,1470.0,110.9
2017-06-03 08:05:39.987570,54.199573,-166.141618,1470.0,111.47,1470.0,111.28
2017-06-03 08:05:40.486771,54.199582,-166.1416,1470.0,111.47,1470.0,111.47
2017-06-03 08:05:40.985971,54.199609,-166.141546,1470.0,111.47,1470.0,111.28
2017-06-03 08:05:41.485172,54.199618,-166.141529,1470.0,111.28,1470.0,111.28
2017-06-03 08:05:41.984373,54.199646,-166.141478,1470.0,110.9,1470.0,111.09
2017-06-03 08:05:42.499174,54.199657,-166.141461,1470.0,110.71,1470.0,110.53
2017-06-03 08:05:42.998373,54.199688,-166.141413,1470.0,111.47,1470.0,110.34
2017-06-03 08:05:43.497576,54.199699,-166.141398,1470.0,110.34,1470.0,110.34
2017-06-03 08:05:43.996777,54.19973,-166.141353,1470.0,110.53,1470.0,110.34
2017-06-03 08:05:44.495977,54.199739,-166.141338,1470.0,110.71,1470.0,110.71
2017-06-03 08:05:44.995178,54.199767,-166.141293,1470.0,110.9,1470.0,110.71
2017-06-03 08:05:45.494379,54.199776,-166.141277,1470.0,111.84,1470.0,110.71
2017-06-03 08:05:45.993580,54.199803,-166.141228,1470.0,111.84,1470.0,110.71
2017-06-03 08:05:46.492781,54.199812,-166.141212,1470.0,110.71,1470.0,111.47
2017-06-03 08:05:46.991982,54.199839,-166.141163,1470.0,111.84,1470.0,110.71
2017-06-03 08:05:47.491182,54.199848,-166.141146,1470.0,110.9,1470.0,110.71
2017-06-03 08:05:47.990383,54.199873,-166.141095,1470.0,110.9,1470.0,110.9
2017-06-03 08:05:48.489584,54.199881,-166.141079,1470.0,111.09,1470.0,111.09
2017-06-03 08:05:48.988785,54.199906,-166.14103,1470.0,111.09,1470.0,111.84
2017-06-03 08:05:49.487988,54.199915,-166.141013,1470.0,110.9,1470.0,111.66
2017-06-03 08:05:49.987186,54.199943,-166.140963,1470.0,110.71,1470.0,110.71
2017-06-03 08:05:50.486387,54.199952,-166.140947,1470.0,110.53,1470.0,110.53
2017-06-03 08:05:50.985588,54.199983,-166.1409,1470.0,110.53,1470.0,111.47
2017-06-03 08:05:51.484789,54.199992,-166.140884,1470.0,110.53,1470.0,110.53
2017-06-03 08:05:51.983990,54.200021,-166.140836,1470.0,110.71,1470.0,110.71
2017-06-03 08:05:52.498791,54.200031,-166.140819,1470.0,110.9,1470.0,110.9
2017-06-03 08:05:52.997992,54.200058,-166.14077,1470.0,111.09,1470.0,111.09
2017-06-03 08:05:53.497192,54.200068,-166.140752,1470.0,111.28,1470.0,111.28
2017-06-03 08:05:53.996393,54.200095,-166.1407,1470.0,111.28,1470.0,111.28
2017-06-03 08:05:54.495594,54.200104,-166.140683,1470.0,111.28,1470.0,111.28
2017-06-03 08:05:54.994797,54.20013,-166.140632,1470.0,111.28,1470.0,112.97
2017-06-03 08:05:55.493996,54.200139,-166.140615,1470.0,111.28,1470.0,111.28
2017-06-03 08:05:55.993198,54.200167,-166.140563,1470.0,111.28,1470.0,111.09
2017-06-03 08:05:56.492397,54.200176,-166.140547,1470.0,111.28,1470.0,111.09
2017-06-03 08:05:56.991600,54.200203,-166.1405,1470.0,111.09,1470.0,111.09
2017-06-03 08:05:57.490799,54.200212,-166.140484,1470.0,111.09,1470.0,111.09
2017-06-03 08:05:57.990002,54.200242,-166.140437,1470.0,112.22,1470.0,112.22
2017-06-03 08:05:58.489201,54.200251,-166.140421,1470.0,110.9,1470.0,110.9
2017-06-03 08:05:58.988403,54.200279,-166.140375,1470.0,110.9,1470.0,110.9
2017-06-03 08:05:59.487602,54.200289,-166.140359,1470.0,112.03,1470.0,112.03
2017-06-03 08:05:59.986805,54.200318,-166.140312,1470.0,110.9,1470.0,110.9
2017-06-03 08:06:00.486006,54.200327,-166.140296,1470.0,112.22,1470.0,110.9
2017-06-03 08:06:00.985207,54.200354,-166.14025,1470.0,111.09,1470.0,112.03
2017-06-03 08:06:01.484407,54.200363,-166.140233,1470.0,111.28,1470.0,111.09
2017-06-03 08:06:01.999207,54.20039,-166.140182,1470.0,111.28,1470.0,111.09
2017-06-03 08:06:02.498409,54.200399,-166.140165,1470.0,111.28,1470.0,111.09
2017-06-03 08:06:02.997608,54.200427,-166.140113,1470.0,112.22,1470.0,111.09
2017-06-03 08:06:03.496811,54.200436,-166.140096,1470.0,111.28,1470.0,111.09
2017-06-03 08:06:03.996010,54.200465,-166.140045,1470.0,111.28,1470.0,111.09
2017-06-03 08:06:04.495213,54.200475,-166.140028,1470.0,112.41,1470.0,111.09
2017-06-03 08:06:04.994413,54.200503,-166.139978,1470.0,111.28,1470.0,111.28
2017-06-03 08:06:05.493614,54.200513,-166.139962,1470.0,112.41,1470.0,111.47
2017-06-03 08:06:05.992815,54.200543,-166.139912,1470.0,111.47,1470.0,111.47
2017-06-03 08:06:06.492016,54.200553,-166.139896,1470.0,111.66,1470.0,111.47
2017-06-03 08:06:06.991217,54.200581,-166.13985,1470.0,111.47,1470.0,111.47
2017-06-03 08:06:07.490417,54.200591,-166.139833,1470.0,111.28,1470.0,112.22
2017-06-03 08:06:07.989618,54.200622,-166.139783,1470.0,111.28,1470.0,111.09
2017-06-03 08:06:08.488819,54.200631,-166.139767,1470.0,111.47,1470.0,111.09
2017-06-03 08:06:08.988020,54.200658,-166.13972,1470.0,111.47,1470.0,112.6
2017-06-03 08:06:09.487223,54.200667,-166.139703,1470.0,111.28,1470.0,111.28
2017-06-03 08:06:09.986422,54.200694,-166.139653,1470.0,111.28,1470.0,112.22
2017-06-03 08:06:10.485624,54.200703,-166.139637,1470.0,111.47,1470.0,111.47
2017-06-03 08:06:10.984823,54.200729,-166.139588,1470.0,111.47,1470.0,111.47
2017-06-03 08:06:11.484026,54.200738,-166.139572,1470.0,111.47,1470.0,112.41
2017-06-03 08:06:11.998825,54.200767,-166.13952,1470.0,111.47,1470.0,111.47
2017-06-03 08:06:12.498026,54.200775,-166.139503,1470.0,111.47,1470.0,111.47
2017-06-03 08:06:12.997227,54.200802,-166.139453,1470.0,111.47,1470.0,111.47
2017-06-03 08:06:13.496428,54.200811,-166.139437,1470.0,111.47,1470.0,111.47
2017-06-03 08:06:13.995628,54.200838,-166.139388,1470.0,112.41,1470.0,111.47
2017-06-03 08:06:14.494829,54.200848,-166.139372,1470.0,111.28,1470.0,111.28
2017-06-03 08:06:14.994032,54.200876,-166.139323,1470.0,111.28,1470.0,111.28
2017-06-03 08:06:15.493231,54.200886,-166.139307,1470.0,111.28,1470.0,112.6
2017-06-03 08:06:15.992434,54.200915,-166.139258,1470.0,112.6,1470.0,111.28
2017-06-03 08:06:16.491632,54.200924,-166.139242,1470.0,112.41,1470.0,111.47
2017-06-03 08:06:16.990835,54.200951,-166.139193,1470.0,112.78,1470.0,111.66
2017-06-03 08:06:17.490034,54.20096,-166.139176,1470.0,112.03,1470.0,111.66
2017-06-03 08:06:17.989237,54.200988,-166.139123,1470.0,111.66,1470.0,111.66
2017-06-03 08:06:18.488436,54.200997,-166.139107,1470.0,111.66,1470.0,111.66
2017-06-03 08:06:18.987638,54.201024,-166.139056,1470.0,111.66,1470.0,112.78
2017-06-03 08:06:19.486837,54.201033,-166.139039,1470.0,111.66,1470.0,111.66
2017-06-03 08:06:19.986040,54.201059,-166.138988,1470.0,111.66,1470.0,112.6
2017-06-03 08:06:20.485241,54.201068,-166.138972,1470.0,111.66,1470.0,111.66
2017-06-03 08:06:20.984442,54.201096,-166.138921,1470.0,111.66,1470.0,111.66
2017-06-03 08:06:21.499243,54.201106,-166.138904,1470.0,112.78,1470.0,112.41
2017-06-03 08:06:21.998442,54.201133,-166.138855,1470.0,111.66,1470.0,111.47
2017-06-03 08:06:22.497644,54.201143,-166.138839,1470.0,111.47,1470.0,112.78
2017-06-03 08:06:22.996843,54.201173,-166.13879,1470.0,112.6,1470.0,111.47
2017-06-03 08:06:23.496046,54.201183,-166.138774,1470.0,112.41,1470.0,112.22
2017-06-03 08:06:23.995245,54.20121,-166.138725,1470.0,112.41,1470.0,111.47
2017-06-03 08:06:24.494448,54.201219,-166.138709,1470.0,111.66,1470.0,111.84
2017-06-03 08:06:24.993647,54.201244,-166.13866,1470.0,112.03,1470.0,111.84
2017-06-03 08:06:25.492849,54.201253,-166.138642,1470.0,111.84,1470.0,111.84
2017-06-03 08:06:25.992050,54.201278,-166.13859,1470.0,111.84,1470.0,111.84
2017-06-03 08:06:26.491251,54.201287,-166.138573,1470.0,111.84,1470.0,111.84
2017-06-03 08:06:26.990452,54.201314,-166.138521,1470.0,111.66,1470.0,111.66
2017-06-03 08:06:27.489653,54.201323,-166.138505,1470.0,111.66,1470.0,112.41
2017-06-03 08:06:27.988853,54.201351,-166.138455,1470.0,111.66,1470.0,112.97
2017-06-03 08:06:28.488054,54.20136,-166.138439,1470.0,111.66,1470.0,111.66
2017-06-03 08:06:28.987255,54.201388,-166.13839,1470.0,111.84,1470.0,111.66
2017-06-03 08:06:29.486456,54.201397,-166.138374,1470.0,111.84,1470.0,111.84
2017-06-03 08:06:29.985657,54.201426,-166.138325,1470.0,112.6,1470.0,111.66
2017-06-03 08:06:30.484859,54.201435,-166.138309,1470.0,111.66,1470.0,111.66
2017-06-03 08:06:30.984058,54.201464,-166.13826,1470.0,111.66,1470.0,111.66
2017-06-03 08:06:31.498859,54.201474,-166.138242,1470.0,111.66,1470.0,111.66
2017-06-03 08:06:31.998060,54.201502,-166.138192,1470.0,113.16,1470.0,112.78
2017-06-03 08:06:32.497261,54.201511,-166.138175,1470.0,112.97,1470.0,111.84
2017-06-03 08:06:32.996462,54.201538,-166.138125,1470.0,112.03,1470.0,112.03
2017-06-03 08:06:33.495663,54.201548,-166.138108,1470.0,112.22,1470.0,112.22
2017-06-03 08:06:33.994864,54.201575,-166.138057,1470.0,112.22,1470.0,112.03
2017-06-03 08:06:34.494064,54.201584,-166.13804,1470.0,112.22,1470.0,112.03
2017-06-03 08:06:34.993267,54.201609,-166.13799,1470.0,112.03,1470.0,112.03
2017-06-03 08:06:35.492466,54.201619,-166.137973,1470.0,112.03,1470.0,111.84
2017-06-03 08:06:35.991669,54.201648,-166.137922,1470.0,112.03,1470.0,112.03
2017-06-03 08:06:36.490868,54.201658,-166.137906,1470.0,112.03,1470.0,111.84
2017-06-03 08:06:36.990070,54.201686,-166.137858,1470.0,113.16,1470.0,111.84
2017-06-03 08:06:37.489269,54.201695,-166.137842,1470.0,112.03,1470.0,111.84
2017-06-03 08:06:37.988472,54.201723,-166.137795,1470.0,112.03,1470.0,112.03
2017-06-03 08:06:38.487671,54.201732,-166.137779,1470.0,112.03,1470.0,112.97
2017-06-03 08:06:38.986874,54.201761,-166.13773,1470.0,112.97,1470.0,112.03
2017-06-03 08:06:39.486073,54.20177,-166.137714,1470.0,113.16,1470.0,111.84
2017-06-03 08:06:39.985275,54.201799,-166.137665,1470.0,112.03,1470.0,111.84
2017-06-03 08:06:40.484476,54.201808,-166.137648,1470.0,113.16,1470.0,111.84
2017-06-03 08:06:40.999277,54.201835,-166.137597,1470.0,112.03,1470.0,112.03
2017-06-03 08:06:41.498478,54.201844,-166.13758,1470.0,112.03,1470.0,112.03
2017-06-03 08:06:41.997679,54.20187,-166.13753,1470.0,112.22,1470.0,112.22
2017-06-03 08:06:42.496880,54.201879,-166.137513,1470.0,112.22,1470.0,112.22
2017-06-03 08:06:42.996078,54.201907,-166.137463,1470.0,112.22,1470.0,112.22
2017-06-03 08:06:43.495281,54.201917,-166.137447,1470.0,112.03,1470.0,112.03
2017-06-03 08:06:43.994480,54.201947,-166.137397,1470.0,112.03,1470.0,112.03
2017-06-03 08:06:44.493683,54.201956,-166.13738,1470.0,112.22,1470.0,112.03
2017-06-03 08:06:44.992882,54.201983,-166.137331,1470.0,112.22,1470.0,112.22
2017-06-03 08:06:45.492085,54.201993,-166.137315,1470.0,112.41,1470.0,112.22
2017-06-03 08:06:45.991285,54.202023,-166.137265,1470.0,112.41,1470.0,112.41
2017-06-03 08:06:46.490486,54.202033,-166.137249,1470.0,113.54,1470.0,112.6
2017-06-03 08:06:46.989687,54.202061,-166.137201,1470.0,113.35,1470.0,112.41
2017-06-03 08:06:47.488888,54.20207,-166.137185,1470.0,112.41,1470.0,112.41
2017-06-03 08:06:47.988089,54.202099,-166.137136,1470.0,112.41,1470.0,112.22
2017-06-03 08:06:48.487289,54.202109,-166.13712,1470.0,112.22,1470.0,112.22
2017-06-03 08:06:48.986490,54.202138,-166.137071,1470.0,112.22,1470.0,112.03
2017-06-03 08:06:49.485691,54.202147,-166.137055,1470.0,112.22,1470.0,112.03
2017-06-03 08:06:49.984892,54.202174,-166.137005,1470.0,112.22,1470.0,112.03
2017-06-03 08:06:50.484093,54.202183,-166.136988,1470.0,112.22,1470.0,112.03
2017-06-03 08:06:50.998894,54.20221,-166.136937,1470.0,113.35,1470.0,112.97
2017-06-03 08:06:51.498095,54.202219,-166.13692,1470.0,112.22,1470.0,112.22
2017-06-03 08:06:51.997295,54.202245,-166.13687,1470.0,112.22,1470.0,112.22
2017-06-03 08:06:52.496496,54.202254,-166.136853,1470.0,112.41,1470.0,112.41
2017-06-03 08:06:52.995697,54.202282,-166.136803,1470.0,112.41,1470.0,112.41
2017-06-03 08:06:53.494898,54.202291,-166.136787,1470.0,112.6,1470.0,112.6
2017-06-03 08:06:53.994099,54.202318,-166.136737,1470.0,112.6,1470.0,112.6
2017-06-03 08:06:54.493299,54.202328,-166.13672,1470.0,112.41,1470.0,112.41
2017-06-03 08:06:54.992500,54.202357,-166.136672,1470.0,113.54,1470.0,112.41
2017-06-03 08:06:55.491701,54.202367,-166.136655,1470.0,112.41,1470.0,112.41
2017-06-03 08:06:55.990904,54.202397,-166.136607,1470.0,113.54,1470.0,112.6
2017-06-03 08:06:56.490103,54.202406,-166.13659,1470.0,112.6,1470.0,112.6
2017-06-03 08:06:56.989305,54.202434,-166.136541,1470.0,112.78,1470.0,113.91
2017-06-03 08:06:57.488504,54.202443,-166.136525,1470.0,112.78,1470.0,112.78
2017-06-03 08:06:57.987707,54.202471,-166.136476,1470.0,112.97,1470.0,112.78
2017-06-03 08:06:58.486906,54.20248,-166.13646,1470.0,113.91,1470.0,112.78
2017-06-03 08:06:58.986109,54.202509,-166.13641,1470.0,113.54,1470.0,112.6
2017-06-03 08:06:59.485308,54.202519,-166.136394,1470.0,113.54,1470.0,112.41
2017-06-03 08:06:59.984510,54.202548,-166.136345,1470.0,113.16,1470.0,112.22
2017-06-03 08:07:00.499311,54.202558,-166.136327,1470.0,112.41,1470.0,112.41
2017-06-03 08:07:00.998512,54.202585,-166.136278,1470.0,112.6,1470.0,112.6
2017-06-03 08:07:01.497713,54.202594,-166.136261,1470.0,112.78,1470.0,112.6
2017-06-03 08:07:01.996914,54.20262,-166.13621,1470.0,112.78,1470.0,112.78
2017-06-03 08:07:02.496115,54.202629,-166.136193,1470.0,112.78,1470.0,112.6
2017-06-03 08:07:02.995316,54.202656,-166.136143,1470.0,112.6,1470.0,112.6
2017-06-03 08:07:03.494516,54.202665,-166.136126,1470.0,112.6,1470.0,112.6
2017-06-03 08:07:03.993715,54.202692,-166.136075,1470.0,112.78,1470.0,112.78
2017-06-03 08:07:04.492918,54.202701,-166.136059,1470.0,112.78,1470.0,112.78
2017-06-03 08:07:04.992117,54.202729,-166.136013,1470.0,113.91,1470.0,112.97
2017-06-03 08:07:05.491320,54.202739,-166.135997,1470.0,112.78,1470.0,112.78
2017-06-03 08:07:05.990520,54.202768,-166.135947,1470.0,112.78,1470.0,112.78
2017-06-03 08:07:06.489721,54.202778,-166.13593,1470.0,112.78,1470.0,112.6
2017-06-03 08:07:06.988922,54.202808,-166.135881,1470.0,112.78,1470.0,112.78
2017-06-03 08:07:07.488123,54.202817,-166.135865,1470.0,112.97,1470.0,112.97
2017-06-03 08:07:07.987324,54.202844,-166.135816,1470.0,113.16,1470.0,112.97
2017-06-03 08:07:08.486525,54.202853,-166.135799,1470.0,113.16,1470.0,113.16
2017-06-03 08:07:08.985725,54.202879,-166.135748,1470.0,113.16,1470.0,113.16
2017-06-03 08:07:09.484926,54.202888,-166.135732,1470.0,113.16,1470.0,113.16
2017-06-03 08:07:09.984127,54.202916,-166.135681,1470.0,113.16,1470.0,112.97
2017-06-03 08:07:10.498928,54.202926,-166.135663,1470.0,114.1,1470.0,112.78
2017-06-03 08:07:10.998129,54.202955,-166.135613,1470.0,112.78,1470.0,114.1
2017-06-03 08:07:11.497330,54.202965,-166.135597,1470.0,112.78,1470.0,114.1
2017-06-03 08:07:11.996531,54.202993,-166.135547,1470.0,13.44,1470.0,112.78
2017-06-03 08:07:12.495731,54.203003,-166.13553,1470.0,112.97,1470.0,12.49
2017-06-03 08:07:12.994932,54.20303,-166.135482,1470.0,113.16,1470.0,112.97
2017-06-03 08:07:13.494133,54.203039,-166.135465,1470.0,113.16,1470.0,113.16
2017-06-03 08:07:13.993334,54.203067,-166.135417,1470.0,113.35,1470.0,113.16
2017-06-03 08:07:14.492535,54.203076,-166.1354,1470.0,113.16,1470.0,113.16
2017-06-03 08:07:14.991735,54.203103,-166.135351,1470.0,113.35,1470.0,113.91
2017-06-03 08:07:15.490936,54.203112,-166.135335,1470.0,112.97,1470.0,112.97
2017-06-03 08:07:15.990137,54.203142,-166.135285,1470.0,112.97,1470.0,112.97
2017-06-03 08:07:16.489338,54.203151,-166.135269,1470.0,112.97,1470.0,112.97
2017-06-03 08:07:16.988541,54.203178,-166.135221,1470.0,113.16,1470.0,113.16
2017-06-03 08:07:17.487740,54.203187,-166.135205,1470.0,113.16,1470.0,113.16
2017-06-03 08:07:17.986942,54.203216,-166.135156,1470.0,113.16,1470.0,113.16
2017-06-03 08:07:18.486141,54.203225,-166.13514,1470.0,113.35,1470.0,114.29
2017-06-03 08:07:18.985344,54.203254,-166.135091,1470.0,113.16,1470.0,113.16
2017-06-03 08:07:19.484543,54.203264,-166.135075,1470.0,113.16,1470.0,113.16
2017-06-03 08:07:19.999346,54.203293,-166.135023,1470.0,113.35,1470.0,113.16
2017-06-03 08:07:20.498545,54.203303,-166.135007,1470.0,113.54,1470.0,113.35
2017-06-03 08:07:20.997747,54.20333,-166.134957,1470.0,113.54,1470.0,113.35
2017-06-03 08:07:21.496948,54.203339,-166.13494,1470.0,113.54,1470.0,113.35
2017-06-03 08:07:21.996149,54.203367,-166.134888,1470.0,113.54,1470.0,113.35
2017-06-03 08:07:22.495350,54.203376,-166.134872,1470.0,114.29,1470.0,113.35
2017-06-03 08:07:22.994551,54.203404,-166.134825,1470.0,113.35,1470.0,113.35
2017-06-03 08:07:23.493752,54.203414,-166.134809,1470.0,113.35,1470.0,114.29
2017-06-03 08:07:23.992952,54.203443,-166.13476,1470.0,113.35,1470.0,113.16
2017-06-03 08:07:24.492153,54.203453,-166.134744,1470.0,113.16,1470.0,113.16
2017-06-03 08:07:24.991352,54.203481,-166.134696,1470.0,113.16,1470.0,113.16
2017-06-03 08:07:25.490555,54.20349,-166.13468,1470.0,113.16,1470.0,113.16
2017-06-03 08:07:25.989754,54.203519,-166.13463,1470.0,113.35,1470.0,113.35
2017-06-03 08:07:26.488956,54.203528,-166.134613,1470.0,113.54,1470.0,113.35
2017-06-03 08:07:26.988157,54.203554,-166.134563,1470.0,113.54,1470.0,113.54
2017-06-03 08:07:27.487358,54.203563,-166.134546,1470.0,113.72,1470.0,114.48
2017-06-03 08:07:27.986559,54.203591,-166.134495,1470.0,113.72,1470.0,113.54
2017-06-03 08:07:28.485760,54.2036,-166.134478,1470.0,113.54,1470.0,113.54
2017-06-03 08:07:28.984961,54.203628,-166.134428,1470.0,113.54,1470.0,113.54
2017-06-03 08:07:29.484161,54.203637,-166.134412,1470.0,113.54,1470.0,113.54
2017-06-03 08:07:29.998962,54.203667,-166.13436,1470.0,113.54,1470.0,113.54
2017-06-03 08:07:30.498163,54.203676,-166.134343,1470.0,113.54,1470.0,113.54
2017-06-03 08:07:30.997364,54.203705,-166.134293,1470.0,113.54,1470.0,113.54
2017-06-03 08:07:31.496565,54.203714,-166.134277,1470.0,113.72,1470.0,113.72
2017-06-03 08:07:31.995766,54.203742,-166.134227,1470.0,113.72,1470.0,114.67
2017-06-03 08:07:32.494967,54.203751,-166.13421,1470.0,113.72,1470.0,113.72
2017-06-03 08:07:32.994167,54.203779,-166.134161,1470.0,113.72,1470.0,114.1
2017-06-03 08:07:33.493368,54.203789,-166.134145,1470.0,113.72,1470.0,114.67
2017-06-03 08:07:33.992569,54.203818,-166.134095,1470.0,113.54,1470.0,113.35
2017-06-03 08:07:34.491770,54.203828,-166.134079,1470.0,113.54,1470.0,113.35
2017-06-03 08:07:34.990971,54.203858,-166.134031,1470.0,113.54,1470.0,114.29
2017-06-03 08:07:35.490171,54.203867,-166.134015,1470.0,113.72,1470.0,114.67
2017-06-03 08:07:35.989372,54.203894,-166.133965,1470.0,113.91,1470.0,113.91
2017-06-03 08:07:36.488573,54.203903,-166.133948,1470.0,113.91,1470.0,113.91
2017-06-03 08:07:36.987776,54.203929,-166.133896,1470.0,113.91,1470.0,113.91
2017-06-03 08:07:37.486975,54.203939,-166.133879,1470.0,114.67,1470.0,113.91
2017-06-03 08:07:37.986177,54.203968,-166.133828,1470.0,113.72,1470.0,113.72
2017-06-03 08:07:38.485376,54.203977,-166.133812,1470.0,113.91,1470.0,113.72
2017-06-03 08:07:38.984579,54.204004,-166.133761,1470.0,114.1,1470.0,113.91
2017-06-03 08:07:39.483778,54.204013,-166.133745,1470.0,113.91,1470.0,113.91
2017-06-03 08:07:39.998581,54.204042,-166.133695,1470.0,115.23,1470.0,114.1
2017-06-03 08:07:40.497780,54.204051,-166.133679,1470.0,113.91,1470.0,113.91
2017-06-03 08:07:40.996983,54.204078,-166.13363,1470.0,113.91,1470.0,115.04
2017-06-03 08:07:41.496181,54.204088,-166.133614,1470.0,114.67,1470.0,113.91
2017-06-03 08:07:41.995384,54.204118,-166.133565,1470.0,114.85,1470.0,113.72
2017-06-03 08:07:42.494585,54.204128,-166.133549,1470.0,115.04,1470.0,113.72
2017-06-03 08:07:42.993786,54.204156,-166.133501,1470.0,115.23,1470.0,113.72
2017-06-03 08:07:43.492987,54.204165,-166.133484,1470.0,113.91,1470.0,113.91
2017-06-03 08:07:43.992188,54.204193,-166.133433,1470.0,114.67,1470.0,114.1
2017-06-03 08:07:44.491388,54.204202,-166.133417,1470.0,114.1,1470.0,114.1
2017-06-03 08:07:44.990589,54.204229,-166.133368,1470.0,114.1,1470.0,114.1
2017-06-03 08:07:45.489790,54.204239,-166.133352,1470.0,114.1,1470.0,115.61
2017-06-03 08:07:45.988989,54.204269,-166.133301,1470.0,114.1,1470.0,114.1
2017-06-03 08:07:46.488192,54.204278,-166.133285,1470.0,114.29,1470.0,114.85
2017-06-03 08:07:46.987391,54.204306,-166.133235,1470.0,114.1,1470.0,114.1
2017-06-03 08:07:47.486593,54.204315,-166.133218,1470.0,114.29,1470.0,114.1
2017-06-03 08:07:47.985794,54.204344,-166.133168,1470.0,114.29,1470.0,114.29
2017-06-03 08:07:48.484995,54.204354,-166.133152,1470.0,114.29,1470.0,114.29
2017-06-03 08:07:48.984196,54.204383,-166.133105,1470.0,114.29,1470.0,115.23
2017-06-03 08:07:49.498997,54.204393,-166.133088,1470.0,114.1,1470.0,114.1
2017-06-03 08:07:49.998198,54.204423,-166.133042,1470.0,114.1,1470.0,115.23
2017-06-03 08:07:50.497398,54.204433,-166.133026,1470.0,115.23,1470.0,113.91
2017-06-03 08:07:50.996599,54.204462,-166.132978,1470.0,115.23,1470.0,113.91
2017-06-03 08:07:51.495800,54.204471,-166.132962,1470.0,115.23,1470.0,115.23
2017-06-03 08:07:51.995001,54.2045,-166.132913,1470.0,115.42,1470.0,114.1
2017-06-03 08:07:52.494202,54.204509,-166.132897,1470.0,115.42,1470.0,114.29
2017-06-03 08:07:52.993402,54.204536,-166.13285,1470.0,114.29,1470.0,114.29
2017-06-03 08:07:53.492603,54.204545,-166.132832,1470.0,114.48,1470.0,114.29
2017-06-03 08:07:53.991804,54.204573,-166.132778,1470.0,114.48,1470.0,114.48
2017-06-03 08:07:54.491005,54.204582,-166.132762,1470.0,114.85,1470.0,114.48
2017-06-03 08:07:54.990206,54.204609,-166.132711,1470.0,114.67,1470.0,114.67
2017-06-03 08:07:55.489407,54.204619,-166.132695,1470.0,114.67,1470.0,114.67
2017-06-03 08:07:55.988607,54.204648,-166.132645,1470.0,114.67,1470.0,114.48
2017-06-03 08:07:56.487808,54.204657,-166.132629,1470.0,114.48,1470.0,115.23
2017-06-03 08:07:56.987011,54.204688,-166.132581,1470.0,114.29,1470.0,114.29
2017-06-03 08:07:57.486210,54.204697,-166.132566,1470.0,114.29,1470.0,114.1
2017-06-03 08:07:57.985413,54.204728,-166.132518,1470.0,115.61,1470.0,114.1
2017-06-03 08:07:58.484612,54.204737,-166.132502,1470.0,114.29,1470.0,114.29
2017-06-03 08:07:58.983814,54.204768,-166.132455,1470.0,114.29,1470.0,114.29
2017-06-03 08:07:59.498613,54.204778,-166.132437,1470.0,114.48,1470.0,114.29
2017-06-03 08:07:59.997816,54.204807,-166.132388,1470.0,115.42,1470.0,114.29
2017-06-03 08:08:00.497015,54.204816,-166.132371,1470.0,115.61,1470.0,114.29
2017-06-03 08:08:00.996218,54.204843,-166.13232,1470.0,115.42,1470.0,114.29
2017-06-03 08:08:01.495417,54.204852,-166.132303,1470.0,114.48,1470.0,114.48
2017-06-03 08:08:01.994619,54.204877,-166.132252,1470.0,114.48,1470.0,114.48
2017-06-03 08:08:02.493820,54.204886,-166.132235,1470.0,114.85,1470.0,114.67
2017-06-03 08:08:02.993021,54.204913,-166.132185,1470.0,114.67,1470.0,114.67
2017-06-03 08:08:03.492222,54.204922,-166.132167,1470.0,114.67,1470.0,114.85
2017-06-03 08:08:03.991423,54.20495,-166.132115,1470.0,114.85,1470.0,114.67
2017-06-03 08:08:04.490623,54.204959,-166.132099,1470.0,114.85,1470.0,114.67
2017-06-03 08:08:04.989824,54.204988,-166.13205,1470.0,114.85,1470.0,114.85
2017-06-03 08:08:05.489025,54.204997,-166.132034,1470.0,114.85,1470.0,115.61
2017-06-03 08:08:05.988226,54.205028,-166.131985,1470.0,114.85,1470.0,114.85
2017-06-03 08:08:06.487427,54.205037,-166.131969,1470.0,114.67,1470.0,114.67
2017-06-03 08:08:06.986626,54.205068,-166.13192,1470.0,115.79,1470.0,114.48
2017-06-03 08:08:07.485828,54.205077,-166.131904,1470.0,114.67,1470.0,114.48
2017-06-03 08:08:07.985029,54.205106,-166.131856,1470.0,114.67,1470.0,114.67
2017-06-03 08:08:08.484230,54.205115,-166.13184,1470.0,114.85,1470.0,114.67
2017-06-03 08:08:08.999031,54.205143,-166.131788,1470.0,114.85,1470.0,114.85
2017-06-03 08:08:09.498232,54.205153,-166.131771,1470.0,115.79,1470.0,114.67
2017-06-03 08:08:09.997433,54.20518,-166.13172,1470.0,114.67,1470.0,114.67
2017-06-03 08:08:10.496634,54.205189,-166.131703,1470.0,114.48,1470.0,115.42
2017-06-03 08:08:10.995834,54.205217,-166.131653,1470.0,114.48,1470.0,114.29
2017-06-03 08:08:11.495035,54.205225,-166.131636,1470.0,114.48,1470.0,114.48
2017-06-03 08:08:11.994236,54.205252,-166.131585,1470.0,114.85,1470.0,114.67
2017-06-03 08:08:12.493437,54.205261,-166.131569,1470.0,115.04,1470.0,115.04
2017-06-03 08:08:12.992638,54.205288,-166.13152,1470.0,115.23,1470.0,115.04
2017-06-03 08:08:13.491838,54.205297,-166.131503,1470.0,115.04,1470.0,115.23
2017-06-03 08:08:13.991039,54.205325,-166.131452,1470.0,115.04,1470.0,115.79
2017-06-03 08:08:14.490240,54.205335,-166.131435,1470.0,114.85,1470.0,115.98
2017-06-03 08:08:14.989441,54.205364,-166.131386,1470.0,115.79,1470.0,114.67
2017-06-03 08:08:15.488642,54.205374,-166.13137,1470.0,114.85,1470.0,114.85
2017-06-03 08:08:15.987843,54.205403,-166.131321,1470.0,116.17,1470.0,114.85
2017-06-03 08:08:16.487043,54.205412,-166.131305,1470.0,115.23,1470.0,115.04
2017-06-03 08:08:16.986244,54.205439,-166.131255,1470.0,115.23,1470.0,115.98
2017-06-03 08:08:17.485445,54.205448,-166.131238,1470.0,116.36,1470.0,115.23
2017-06-03 08:08:17.984648,54.205476,-166.131186,1470.0,115.42,1470.0,115.23
2017-06-03 08:08:18.483847,54.205485,-166.131169,1470.0,115.23,1470.0,116.36
2017-06-03 08:08:18.998650,54.205513,-166.131117,1470.0,116.17,1470.0,115.04
2017-06-03 08:08:19.497849,54.205522,-166.131099,1470.0,115.04,1470.0,115.23
2017-06-03 08:08:19.997051,54.205548,-166.131047,1470.0,114.85,1470.0,114.85
2017-06-03 08:08:20.496250,54.205557,-166.13103,1470.0,114.85,1470.0,114.85
2017-06-03 08:08:20.995453,54.205584,-166.13098,1470.0,114.67,1470.0,115.42
2017-06-03 08:08:21.494652,54.205594,-166.130963,1470.0,114.67,1470.0,114.67
2017-06-03 08:08:21.993855,54.205622,-166.130912,1470.0,114.85,1470.0,114.67
2017-06-03 08:08:22.493055,54.20563,-166.130895,1470.0,114.85,1470.0,114.85
2017-06-03 08:08:22.992256,54.205657,-166.130843,1470.0,115.23,1470.0,115.23
2017-06-03 08:08:23.491457,54.205665,-166.130827,1470.0,115.42,1470.0,115.42
2017-06-03 08:08:23.990658,54.205692,-166.130777,1470.0,115.61,1470.0,116.92
2017-06-03 08:08:24.489859,54.205701,-166.13076,1470.0,115.61,1470.0,115.61
2017-06-03 08:08:24.989059,54.205728,-166.13071,1470.0,115.42,1470.0,115.42
2017-06-03 08:08:25.488260,54.205737,-166.130693,1470.0,115.98,1470.0,115.23
2017-06-03 08:08:25.987461,54.205766,-166.130641,1470.0,116.55,1470.0,115.04
2017-06-03 08:08:26.486662,54.205775,-166.130625,1470.0,115.04,1470.0,115.04
2017-06-03 08:08:26.985863,54.205804,-166.130576,1470.0,116.36,1470.0,115.98
2017-06-03 08:08:27.485064,54.205814,-166.13056,1470.0,115.23,1470.0,115.04
2017-06-03 08:08:27.984264,54.205843,-166.130511,1470.0,115.23,1470.0,115.04
2017-06-03 08:08:28.499065,54.205853,-166.130494,1470.0,115.23,1470.0,115.23
2017-06-03 08:08:28.998266,54.20588,-166.130445,1470.0,115.23,1470.0,115.23
2017-06-03 08:08:29.497467,54.205889,-166.130428,1470.0,115.23,1470.0,115.23
2017-06-03 08:08:29.996668,54.205917,-166.130378,1470.0,115.23,1470.0,115.23
2017-06-03 08:08:30.495869,54.205925,-166.130362,1470.0,115.23,1470.0,116.17
2017-06-03 08:08:30.995070,54.205951,-166.130313,1470.0,115.23,1470.0,115.23
2017-06-03 08:08:31.494270,54.20596,-166.130296,1470.0,115.42,1470.0,115.42
2017-06-03 08:08:31.993471,54.205987,-166.130243,1470.0,115.61,1470.0,115.42
2017-06-03 08:08:32.492672,54.205996,-166.130227,1470.0,115.61,1470.0,115.61
2017-06-03 08:08:32.991873,54.206023,-166.130176,1470.0,115.61,1470.0,115.61
2017-06-03 08:08:33.491076,54.206032,-166.130159,1470.0,115.61,1470.0,115.61
2017-06-03 08:08:33.990274,54.20606,-166.130108,1470.0,115.42,1470.0,115.42
2017-06-03 08:08:34.489477,54.20607,-166.130092,1470.0,115.23,1470.0,115.23
2017-06-03 08:08:34.988676,54.206099,-166.130045,1470.0,115.23,1470.0,115.23
2017-06-03 08:08:35.487877,54.206108,-166.130028,1470.0,115.42,1470.0,115.42
2017-06-03 08:08:35.987078,54.206136,-166.129978,1470.0,115.61,1470.0,115.42
2017-06-03 08:08:36.486279,54.206145,-166.129962,1470.0,115.61,1470.0,115.61
2017-06-03 08:08:36.985479,54.206173,-166.129911,1470.0,115.61,1470.0,115.61
2017-06-03 08:08:37.484680,54.206182,-166.129895,1470.0,115.61,1470.0,115.61
2017-06-03 08:08:37.983881,54.206209,-166.129845,1470.0,115.42,1470.0,115.42
2017-06-03 08:08:38.498682,54.206219,-166.129826,1470.0,116.55,1470.0,115.23
2017-06-03 08:08:38.997885,54.206247,-166.129775,1470.0,115.23,1470.0,115.23
2017-06-03 08:08:39.497084,54.206256,-166.129758,1470.0,115.42,1470.0,115.23
2017-06-03 08:08:39.996286,54.206283,-166.129708,1470.0,115.42,1470.0,115.42
2017-06-03 08:08:40.495485,54.206292,-166.129692,1470.0,115.42,1470.0,115.42
2017-06-03 08:08:40.994688,54.206318,-166.129641,1470.0,115.61,1470.0,115.61
2017-06-03 08:08:41.493887,54.206327,-166.129624,1470.0,115.61,1470.0,115.61
2017-06-03 08:08:41.993090,54.206355,-166.129572,1470.0,115.79,1470.0,115.79
2017-06-03 08:08:42.492289,54.206364,-166.129555,1470.0,115.79,1470.0,115.79
2017-06-03 08:08:42.991491,54.206389,-166.129506,1470.0,115.79,1470.0,116.74
2017-06-03 08:08:43.490692,54.206398,-166.129489,1470.0,115.79,1470.0,115.98
2017-06-03 08:08:43.989893,54.206426,-166.129438,1470.0,115.79,1470.0,115.79
2017-06-03 08:08:44.489094,54.206435,-166.129422,1470.0,115.79,1470.0,115.79
2017-06-03 08:08:44.988295,54.206464,-166.129371,1470.0,115.79,1470.0,115.61
2017-06-03 08:08:45.487495,54.206474,-166.129355,1470.0,115.61,1470.0,115.61
2017-06-03 08:08:45.986696,54.206503,-166.129305,1470.0,115.61,1470.0,115.61
2017-06-03 08:08:46.485897,54.206512,-166.129288,1470.0,115.61,1470.0,115.61
2017-06-03 08:08:46.985098,54.206539,-166.129238,1470.0,115.61,1470.0,115.61
2017-06-03 08:08:47.484299,54.206548,-166.129222,1470.0,115.79,1470.0,115.61
2017-06-03 08:08:47.999100,54.206575,-166.12917,1470.0,115.79,1470.0,116.92
2017-06-03 08:08:48.498301,54.206584,-166.129153,1470.0,115.79,1470.0,115.79
2017-06-03 08:08:48.997501,54.206612,-166.129103,1470.0,115.79,1470.0,115.79
2017-06-03 08:08:49.496702,54.206621,-166.129087,1470.0,115.79,1470.0,115.79
2017-06-03 08:08:49.995903,54.20665,-166.129037,1470.0,115.79,1470.0,115.79
2017-06-03 08:08:50.495104,54.206659,-166.12902,1470.0,115.79,1470.0,115.79
2017-06-03 08:08:50.994305,54.206686,-166.128971,1470.0,115.79,1470.0,115.79
2017-06-03 08:08:51.493505,54.206695,-166.128954,1470.0,115.98,1470.0,115.79
2017-06-03 08:08:51.992706,54.206723,-166.128903,1470.0,115.98,1470.0,115.98
2017-06-03 08:08:52.491907,54.206732,-166.128887,1470.0,116.17,1470.0,115.98
2017-06-03 08:08:52.991108,54.206759,-166.12884,1470.0,115.98,1470.0,115.98
2017-06-03 08:08:53.490311,54.206769,-166.128823,1470.0,115.98,1470.0,115.98
2017-06-03 08:08:53.989510,54.206798,-166.128773,1470.0,115.98,1470.0,115.98
2017-06-03 08:08:54.488712,54.206807,-166.128757,1470.0,115.98,1470.0,115.98
2017-06-03 08:08:54.987911,54.206836,-166.128706,1470.0,115.98,1470.0,116.17
2017-06-03 08:08:55.487114,54.206845,-166.12869,1470.0,115.98,1470.0,115.98
2017-06-03 08:08:55.986313,54.206873,-166.128641,1470.0,115.98,1470.0,115.98
2017-06-03 08:08:56.485514,54.206882,-166.128625,1470.0,117.11,1470.0,116.92
2017-06-03 08:08:56.984715,54.206911,-166.128575,1470.0,115.79,1470.0,115.79
2017-06-03 08:08:57.483915,54.20692,-166.128558,1470.0,115.79,1470.0,116.74
2017-06-03 08:08:57.998716,54.206948,-166.128507,1470.0,115.98,1470.0,117.3
2017-06-03 08:08:58.497917,54.206957,-166.12849,1470.0,116.17,1470.0,116.17
2017-06-03 08:08:58.997120,54.206983,-166.12844,1470.0,116.55,1470.0,116.36
2017-06-03 08:08:59.496319,54.206993,-166.128423,1470.0,116.55,1470.0,116.55
2017-06-03 08:08:59.995522,54.20702,-166.128372,1470.0,117.49,1470.0,116.55
2017-06-03 08:09:00.494720,54.207029,-166.128355,1470.0,117.49,1470.0,116.17
2017-06-03 08:09:00.993923,54.207056,-166.128305,1470.0,116.36,1470.0,115.98
2017-06-03 08:09:01.493122,54.207065,-166.128288,1470.0,115.98,1470.0,115.98
2017-06-03 08:09:01.992325,54.207093,-166.128237,1470.0,116.17,1470.0,116.17
2017-06-03 08:09:02.491524,54.207102,-166.128221,1470.0,115.98,1470.0,115.98
2017-06-03 08:09:02.990726,54.207129,-166.128173,1470.0,117.11,1470.0,115.98
2017-06-03 08:09:03.489925,54.207138,-166.128157,1470.0,116.17,1470.0,116.17
2017-06-03 08:09:03.989128,54.207166,-166.128108,1470.0,116.17,1470.0,116.17
2017-06-03 08:09:04.488329,54.207175,-166.128092,1470.0,116.36,1470.0,116.36
2017-06-03 08:09:04.987530,54.207204,-166.128041,1470.0,116.36,1470.0,116.36
2017-06-03 08:09:05.486731,54.207213,-166.128025,1470.0,116.55,1470.0,116.36
2017-06-03 08:09:05.985931,54.207241,-166.127975,1470.0,116.74,1470.0,116.55
2017-06-03 08:09:06.485132,54.20725,-166.127958,1470.0,116.74,1470.0,116.55
2017-06-03 08:09:06.984333,54.207276,-166.127908,1470.0,116.74,1470.0,116.55
2017-06-03 08:09:07.499134,54.207286,-166.12789,1470.0,116.55,1470.0,116.55
2017-06-03 08:09:07.998333,54.207313,-166.127838,1470.0,116.55,1470.0,116.36
2017-06-03 08:09:08.497536,54.207323,-166.127822,1470.0,116.36,1470.0,116.55
2017-06-03 08:09:08.996737,54.20735,-166.127773,1470.0,116.17,1470.0,116.17
2017-06-03 08:09:09.495937,54.20736,-166.127757,1470.0,116.17,1470.0,116.17
2017-06-03 08:09:09.995138,54.207388,-166.127708,1470.0,116.36,1470.0,116.36
2017-06-03 08:09:10.494339,54.207398,-166.127693,1470.0,116.36,1470.0,116.36
2017-06-03 08:09:10.993540,54.207426,-166.127646,1470.0,116.55,1470.0,116.55
2017-06-03 08:09:11.492741,54.207436,-166.127629,1470.0,116.74,1470.0,116.74
2017-06-03 08:09:11.991941,54.207465,-166.127578,1470.0,116.74,1470.0,116.74
2017-06-03 08:09:12.491142,54.207474,-166.127562,1470.0,116.74,1470.0,116.74
2017-06-03 08:09:12.990343,54.207499,-166.127513,1470.0,116.92,1470.0,116.74
2017-06-03 08:09:13.489546,54.207508,-166.127496,1470.0,116.74,1470.0,116.74
2017-06-03 08:09:13.988745,54.207536,-166.127445,1470.0,116.55,1470.0,116.55
2017-06-03 08:09:14.487947,54.207545,-166.127428,1470.0,116.55,1470.0,116.55
2017-06-03 08:09:14.987146,54.207573,-166.127378,1470.0,116.55,1470.0,116.55
2017-06-03 08:09:15.486349,54.207582,-166.127362,1470.0,116.74,1470.0,116.55
2017-06-03 08:09:15.985548,54.207609,-166.127313,1470.0,116.74,1470.0,116.74
2017-06-03 08:09:16.484751,54.207619,-166.127297,1470.0,116.74,1470.0,117.68
2017-06-03 08:09:16.983950,54.207648,-166.127248,1470.0,117.86,1470.0,116.74
2017-06-03 08:09:17.498751,54.207658,-166.12723,1470.0,116.74,1470.0,116.74
2017-06-03 08:09:17.997952,54.207685,-166.127182,1470.0,116.74,1470.0,117.86
2017-06-03 08:09:18.497152,54.207695,-166.127165,1470.0,116.74,1470.0,117.86
2017-06-03 08:09:18.996355,54.207723,-166.127115,1470.0,116.74,1470.0,116.74
2017-06-03 08:09:19.495554,54.207732,-166.127098,1470.0,116.92,1470.0,116.92
2017-06-03 08:09:19.994757,54.207758,-166.127048,1470.0,116.92,1470.0,117.11
2017-06-03 08:09:20.493956,54.207767,-166.127032,1470.0,116.92,1470.0,116.92
2017-06-03 08:09:20.993158,54.207794,-166.126981,1470.0,116.92,1470.0,116.92
2017-06-03 08:09:21.492357,54.207804,-166.126964,1470.0,117.11,1470.0,117.11
2017-06-03 08:09:21.991560,54.207832,-166.126912,1470.0,118.43,1470.0,118.05
2017-06-03 08:09:22.490759,54.207841,-166.126895,1470.0,117.11,1470.0,116.92
2017-06-03 08:09:22.989962,54.207868,-166.126845,1470.0,118.43,1470.0,116.92
2017-06-03 08:09:23.489161,54.207877,-166.126828,1470.0,117.86,1470.0,117.11
2017-06-03 08:09:23.988363,54.207904,-166.126778,1470.0,116.92,1470.0,116.92
2017-06-03 08:09:24.487564,54.207913,-166.126762,1470.0,116.92,1470.0,116.92
2017-06-03 08:09:24.986765,54.207941,-166.126711,1470.0,116.92,1470.0,117.86
2017-06-03 08:09:25.485966,54.20795,-166.126694,1470.0,117.11,1470.0,117.11
2017-06-03 08:09:25.985167,54.207978,-166.126643,1470.0,117.11,1470.0,117.11
2017-06-03 08:09:26.484367,54.207986,-166.126626,1470.0,117.3,1470.0,117.3
2017-06-03 08:09:26.999166,54.208013,-166.126573,1470.0,117.3,1470.0,117.3
2017-06-03 08:09:27.498369,54.208022,-166.126556,1470.0,117.3,1470.0,118.43
2017-06-03 08:09:27.997568,54.208048,-166.126505,1470.0,117.86,1470.0,116.92
2017-06-03 08:09:28.496771,54.208058,-166.126488,1470.0,116.74,1470.0,116.74
2017-06-03 08:09:28.995970,54.208085,-166.126437,1470.0,117.68,1470.0,117.49
2017-06-03 08:09:29.495173,54.208094,-166.12642,1470.0,117.68,1470.0,116.74
2017-06-03 08:09:29.994373,54.20812,-166.12637,1470.0,118.05,1470.0,116.92
2017-06-03 08:09:30.493574,54.208129,-166.126354,1470.0,117.3,1470.0,118.24
2017-06-03 08:09:30.992775,54.208154,-166.126305,1470.0,117.3,1470.0,117.49
2017-06-03 08:09:31.491976,54.208164,-166.126288,1470.0,117.3,1470.0,117.3
2017-06-03 08:09:31.991177,54.208193,-166.126236,1470.0,117.3,1470.0,118.05
2017-06-03 08:09:32.490377,54.208202,-166.12622,1470.0,118.81,1470.0,117.11
2017-06-03 08:09:32.989578,54.208229,-166.12617,1470.0,117.3,1470.0,117.3
2017-06-03 08:09:33.488779,54.208238,-166.126153,1470.0,117.49,1470.0,117.3
2017-06-03 08:09:33.987980,54.208263,-166.126101,1470.0,117.49,1470.0,117.49
2017-06-03 08:09:34.487181,54.208272,-166.126084,1470.0,117.68,1470.0,117.49
2017-06-03 08:09:34.986382,54.208299,-166.126033,1470.0,117.68,1470.0,117.49
2017-06-03 08:09:35.485584,54.208308,-166.126016,1470.0,117.68,1470.0,117.68
2017-06-03 08:09:35.984783,54.208334,-166.125965,1470.0,117.49,1470.0,118.43
2017-06-03 08:09:36.483986,54.208343,-166.125948,1470.0,118.62,1470.0,117.3
2017-06-03 08:09:36.998785,54.208372,-166.125897,1470.0,117.3,1470.0,117.3
2017-06-03 08:09:37.497986,54.208381,-166.12588,1470.0,117.3,1470.0,117.3
2017-06-03 08:09:37.997187,54.208408,-166.125832,1470.0,117.3,1470.0,117.11
2017-06-03 08:09:38.496387,54.208417,-166.125816,1470.0,117.11,1470.0,117.11
2017-06-03 08:09:38.995590,54.208443,-166.125768,1470.0,117.11,1470.0,117.11
2017-06-03 08:09:39.494789,54.208452,-166.125751,1470.0,117.11,1470.0,117.11
2017-06-03 08:09:39.993992,54.20848,-166.125698,1470.0,117.3,1470.0,117.3
2017-06-03 08:09:40.493191,54.208489,-166.125682,1470.0,117.49,1470.0,117.49
2017-06-03 08:09:40.992393,54.208514,-166.125633,1470.0,117.86,1470.0,117.68
2017-06-03 08:09:41.491592,54.208523,-166.125616,1470.0,117.86,1470.0,117.86
2017-06-03 08:09:41.990795,54.208549,-166.125563,1470.0,118.05,1470.0,118.81
2017-06-03 08:09:42.489994,54.208558,-166.125546,1470.0,118.05,1470.0,118.05
2017-06-03 08:09:42.989197,54.208584,-166.125495,1470.0,117.86,1470.0,117.86
2017-06-03 08:09:43.488396,54.208594,-166.125479,1470.0,117.68,1470.0,117.68
2017-06-03 08:09:43.987598,54.208623,-166.12543,1470.0,117.68,1470.0,118.43
2017-06-03 08:09:44.486799,54.208632,-166.125414,1470.0,117.68,1470.0,117.68
2017-06-03 08:09:44.986000,54.208659,-166.125365,1470.0,117.68,1470.0,117.49
2017-06-03 08:09:45.485201,54.208668,-166.125349,1470.0,117.49,1470.0,117.49
2017-06-03 08:09:45.984402,54.208696,-166.125303,1470.0,118.62,1470.0,117.49
2017-06-03 08:09:46.499203,54.208706,-166.125286,1470.0,118.62,1470.0,118.43
2017-06-03 08:09:46.998404,54.208735,-166.125238,1470.0,118.43,1470.0,117.3
2017-06-03 08:09:47.497604,54.208744,-166.125222,1470.0,118.43,1470.0,117.49
2017-06-03 08:09:47.996803,54.208772,-166.125172,1470.0,118.62,1470.0,117.49
2017-06-03 08:09:48.496006,54.20878,-166.125155,1470.0,119.18,1470.0,117.86
2017-06-03 08:09:48.995205,54.208804,-166.125106,1470.0,117.86,1470.0,117.86
2017-06-03 08:09:49.494408,54.208813,-166.125089,1470.0,118.05,1470.0,118.05
2017-06-03 08:09:49.993608,54.20884,-166.125037,1470.0,118.05,1470.0,118.05
2017-06-03 08:09:50.492809,54.208849,-166.12502,1470.0,118.05,1470.0,118.05
2017-06-03 08:09:50.992010,54.208874,-166.124971,1470.0,118.05,1470.0,118.05
2017-06-03 08:09:51.491211,54.208884,-166.124954,1470.0,117.86,1470.0,117.86
2017-06-03 08:09:51.990412,54.208913,-166.124903,1470.0,117.86,1470.0,117.86
2017-06-03 08:09:52.489613,54.208922,-166.124888,1470.0,117.86,1470.0,117.68
2017-06-03 08:09:52.988813,54.208951,-166.124841,1470.0,117.86,1470.0,117.86
2017-06-03 08:09:53.488014,54.20896,-166.124826,1470.0,117.86,1470.0,117.86
2017-06-03 08:09:53.987215,54.208989,-166.12478,1470.0,118.05,1470.0,117.86
2017-06-03 08:09:54.486416,54.208999,-166.124764,1470.0,118.05,1470.0,118.05
2017-06-03 08:09:54.985617,54.209028,-166.124716,1470.0,118.05,1470.0,118.05
2017-06-03 08:09:55.484819,54.209037,-166.1247,1470.0,118.05,1470.0,118.05
2017-06-03 08:09:55.984018,54.209066,-166.124651,1470.0,118.05,1470.0,118.05
2017-06-03 08:09:56.498819,54.209075,-166.124634,1470.0,118.05,1470.0,118.05
2017-06-03 08:09:56.998020,54.209102,-166.124585,1470.0,118.24,1470.0,118.05
2017-06-03 08:09:57.497221,54.20911,-166.124569,1470.0,118.24,1470.0,118.24
2017-06-03 08:09:57.996422,54.209137,-166.12452,1470.0,118.24,1470.0,118.24
2017-06-03 08:09:58.495623,54.209146,-166.124504,1470.0,118.24,1470.0,118.24
2017-06-03 08:09:58.994823,54.209173,-166.124456,1470.0,118.05,1470.0,118.05
2017-06-03 08:09:59.494024,54.209182,-166.12444,1470.0,119.18,1470.0,119.18
2017-06-03 08:09:59.993225,54.20921,-166.12439,1470.0,117.86,1470.0,117.86
2017-06-03 08:10:00.492426,54.209219,-166.124374,1470.0,117.86,1470.0,117.86
2017-06-03 08:10:00.991629,54.209248,-166.124326,1470.0,117.86,1470.0,117.86
2017-06-03 08:10:01.490828,54.209257,-166.12431,1470.0,118.24,1470.0,118.05
2017-06-03 08:10:01.990030,54.209287,-166.124262,1470.0,118.43,1470.0,118.24
2017-06-03 08:10:02.489229,54.209296,-166.124245,1470.0,118.62,1470.0,118.43
2017-06-03 08:10:02.988432,54.209323,-166.124196,1470.0,118.62,1470.0,118.62
2017-06-03 08:10:03.487631,54.209332,-166.12418,1470.0,118.62,1470.0,118.62
2017-06-03 08:10:03.986834,54.209361,-166.124131,1470.0,118.62,1470.0,119.56
2017-06-03 08:10:04.486032,54.20937,-166.124114,1470.0,118.43,1470.0,118.43
2017-06-03 08:10:04.985235,54.209398,-166.124063,1470.0,118.62,1470.0,118.43
2017-06-03 08:10:05.484436,54.209407,-166.124047,1470.0,118.62,1470.0,118.62
2017-06-03 08:10:05.999237,54.209435,-166.123995,1470.0,118.43,1470.0,118.43
2017-06-03 08:10:06.498438,54.209444,-166.123978,1470.0,118.43,1470.0,118.43
2017-06-03 08:10:06.997639,54.209472,-166.123928,1470.0,118.43,1470.0,118.43
2017-06-03 08:10:07.496840,54.209481,-166.123912,1470.0,118.43,1470.0,118.43
2017-06-03 08:10:07.996040,54.209508,-166.123863,1470.0,118.24,1470.0,118.43
2017-06-03 08:10:08.495241,54.209517,-166.123847,1470.0,118.24,1470.0,118.24
2017-06-03 08:10:08.994440,54.209544,-166.1238,1470.0,118.24,1470.0,119.37
2017-06-03 08:10:09.493643,54.209554,-166.123783,1470.0,119.37,1470.0,118.43
2017-06-03 08:10:09.992844,54.209582,-166.123733,1470.0,118.62,1470.0,118.62
2017-06-03 08:10:10.492044,54.20959,-166.123717,1470.0,118.81,1470.0,118.81
2017-06-03 08:10:10.991245,54.209616,-166.123668,1470.0,118.81,1470.0,118.81
2017-06-03 08:10:11.490446,54.209625,-166.123651,1470.0,120.12,1470.0,119.75
2017-06-03 08:10:11.989647,54.209653,-166.1236,1470.0,118.62,1470.0,118.62
2017-06-03 08:10:12.488848,54.209662,-166.123583,1470.0,118.62,1470.0,118.43
2017-06-03 08:10:12.988049,54.209689,-166.123533,1470.0,118.43,1470.0,118.43
2017-06-03 08:10:13.487249,54.209698,-166.123517,1470.0,118.62,1470.0,118.43
2017-06-03 08:10:13.986450,54.209724,-166.123468,1470.0,118.62,1470.0,118.62
2017-06-03 08:10:14.485651,54.209733,-166.123451,1470.0,118.81,1470.0,118.81
2017-06-03 08:10:14.984852,54.209761,-166.1234,1470.0,118.99,1470.0,118.81
2017-06-03 08:10:15.484055,54.20977,-166.123383,1470.0,118.81,1470.0,118.81
2017-06-03 08:10:15.998854,54.209798,-166.123332,1470.0,119.75,1470.0,118.81
2017-06-03 08:10:16.498055,54.209808,-166.123315,1470.0,119.75,1470.0,118.81
2017-06-03 08:10:16.997255,54.209837,-166.123265,1470.0,118.81,1470.0,118.81
2017-06-03 08:10:17.496456,54.209845,-166.123248,1470.0,118.99,1470.0,118.99
2017-06-03 08:10:17.995657,54.209872,-166.123197,1470.0,119.18,1470.0,120.12
2017-06-03 08:10:18.494858,54.20988,-166.12318,1470.0,120.12,1470.0,119.18
2017-06-03 08:10:18.994059,54.209906,-166.12313,1470.0,118.99,1470.0,118.99
2017-06-03 08:10:19.493259,54.209916,-166.123113,1470.0,118.81,1470.0,118.81
2017-06-03 08:10:19.992460,54.209945,-166.123062,1470.0,118.62,1470.0,119.56
2017-06-03 08:10:20.491661,54.209954,-166.123045,1470.0,119.93,1470.0,118.62
2017-06-03 08:10:20.990864,54.209981,-166.122996,1470.0,118.62,1470.0,119.37
2017-06-03 08:10:21.490063,54.20999,-166.12298,1470.0,118.81,1470.0,118.81
2017-06-03 08:10:21.989265,54.210016,-166.122931,1470.0,119.18,1470.0,118.99
2017-06-03 08:10:22.488464,54.210025,-166.122914,1470.0,120.88,1470.0,119.18
2017-06-03 08:10:22.987667,54.210051,-166.122863,1470.0,119.37,1470.0,119.37
2017-06-03 08:10:23.486866,54.21006,-166.122846,1470.0,119.18,1470.0,120.12
2017-06-03 08:10:23.986069,54.210088,-166.122795,1470.0,118.99,1470.0,118.99
2017-06-03 08:10:24.485268,54.210096,-166.122778,1470.0,118.99,1470.0,118.81
2017-06-03 08:10:24.984470,54.210123,-166.122728,1470.0,118.99,1470.0,118.81
2017-06-03 08:10:25.499269,54.210133,-166.12271,1470.0,118.99,1470.0,118.99
2017-06-03 08:10:25.998472,54.21016,-166.122662,1470.0,120.69,1470.0,118.99
2017-06-03 08:10:26.497673,54.210169,-166.122645,1470.0,119.18,1470.0,119.18
2017-06-03 08:10:26.996874,54.210198,-166.122596,1470.0,119.18,1470.0,120.31
2017-06-03 08:10:27.496075,54.210207,-166.122579,1470.0,119.18,1470.0,119.18
2017-06-03 08:10:27.995275,54.210235,-166.122528,1470.0,119.18,1470.0,119.18
2017-06-03 08:10:28.494476,54.210244,-166.122512,1470.0,119.37,1470.0,120.12
2017-06-03 08:10:28.993677,54.210271,-166.122463,1470.0,119.37,1470.0,119.37
2017-06-03 08:10:29.492878,54.21028,-166.122447,1470.0,119.37,1470.0,119.37
2017-06-03 08:10:29.992077,54.210308,-166.122397,1470.0,119.37,1470.0,119.37
2017-06-03 08:10:30.491280,54.210317,-166.122381,1470.0,119.37,1470.0,119.18
2017-06-03 08:10:30.990480,54.210344,-166.122333,1470.0,119.18,1470.0,119.18
2017-06-03 08:10:31.489681,54.210354,-166.122317,1470.0,119.18,1470.0,118.99
2017-06-03 08:10:31.988882,54.210383,-166.122266,1470.0,119.37,1470.0,119.18
2017-06-03 08:10:32.488083,54.210391,-166.12225,1470.0,119.37,1470.0,119.18
2017-06-03 08:10:32.987284,54.210418,-166.1222,1470.0,119.37,1470.0,119.37
2017-06-03 08:10:33.486485,54.210427,-166.122183,1470.0,119.56,1470.0,119.56
2017-06-03 08:10:33.985685,54.210454,-166.122133,1470.0,119.56,1470.0,119.56
2017-06-03 08:10:34.484886,54.210463,-166.122117,1470.0,119.56,1470.0,119.56
2017-06-03 08:10:34.984087,54.210491,-166.122066,1470.0,119.37,1470.0,119.37
2017-06-03 08:10:35.498890,54.210501,-166.122049,1470.0,119.37,1470.0,119.37
2017-06-03 08:10:35.998089,54.21053,-166.122,1470.0,119.37,1470.0,119.37
2017-06-03 08:10:36.497290,54.210539,-166.121984,1470.0,119.56,1470.0,119.56
2017-06-03 08:10:36.996490,54.210566,-166.121936,1470.0,119.75,1470.0,119.75
2017-06-03 08:10:37.495691,54.210576,-166.12192,1470.0,119.93,1470.0,119.93
2017-06-03 08:10:37.994892,54.210605,-166.121872,1470.0,119.93,1470.0,119.93
2017-06-03 08:10:38.494093,54.210614,-166.121856,1470.0,121.25,1470.0,119.75
2017-06-03 08:10:38.993294,54.210641,-166.121808,1470.0,119.75,1470.0,119.56
2017-06-03 08:10:39.492495,54.21065,-166.121792,1470.0,119.56,1470.0,119.56
2017-06-03 08:10:39.991695,54.210679,-166.121743,1470.0,119.56,1470.0,119.37
2017-06-03 08:10:40.490896,54.210688,-166.121727,1470.0,119.75,1470.0,119.56
2017-06-03 08:10:40.990099,54.210716,-166.121678,1470.0,119.75,1470.0,119.56
2017-06-03 08:10:41.489298,54.210725,-166.121662,1470.0,119.75,1470.0,119.75
2017-06-03 08:10:41.988501,54.210754,-166.121613,1470.0,119.93,1470.0,119.93
2017-06-03 08:10:42.487700,54.210763,-166.121597,1470.0,120.31,1470.0,119.93
2017-06-03 08:10:42.986902,54.210791,-166.121546,1470.0,120.12,1470.0,119.93
2017-06-03 08:10:43.486101,54.2108,-166.12153,1470.0,120.12,1470.0,120.12
2017-06-03 08:10:43.985304,54.210828,-166.121481,1470.0,120.31,1470.0,121.63
2017-06-03 08:10:44.484503,54.210837,-166.121465,1470.0,120.31,1470.0,120.31
2017-06-03 08:10:44.999306,54.210867,-166.121415,1470.0,120.31,1470.0,120.31
2017-06-03 08:10:45.498505,54.210876,-166.121398,1470.0,120.31,1470.0,120.31
2017-06-03 08:10:45.997707,54.210903,-166.121348,1470.0,120.31,1470.0,120.31
2017-06-03 08:10:46.496908,54.210913,-166.121332,1470.0,120.31,1470.0,121.25
2017-06-03 08:10:46.996109,54.210941,-166.121285,1470.0,121.44,1470.0,120.12
2017-06-03 08:10:47.495310,54.210951,-166.121268,1470.0,120.12,1470.0,120.12
2017-06-03 08:10:47.994511,54.21098,-166.121217,1470.0,121.44,1470.0,119.93
2017-06-03 08:10:48.493711,54.210989,-166.121201,1470.0,120.12,1470.0,120.5
2017-06-03 08:10:48.992912,54.211016,-166.121155,1470.0,120.5,1470.0,120.31
2017-06-03 08:10:49.492113,54.211025,-166.121139,1470.0,121.82,1470.0,120.5
2017-06-03 08:10:49.991314,54.211053,-166.12109,1470.0,120.69,1470.0,120.5
2017-06-03 08:10:50.490515,54.211062,-166.121073,1470.0,120.5,1470.0,120.5
2017-06-03 08:10:50.989714,54.211089,-166.121023,1470.0,120.5,1470.0,120.31
2017-06-03 08:10:51.434677,54.211095,-166.121012,1470.0,121.63,1470.0,240.92
2017-06-03 08:10:51.988117,54.211126,-166.120958,1470.0,120.31,1470.0,120.12
2017-06-03 08:10:52.487318,54.211135,-166.120941,1470.0,120.31,1470.0,120.31
2017-06-03 08:10:52.986519,54.211163,-166.12089,1470.0,120.5,1470.0,121.44
2017-06-03 08:10:53.485720,54.211172,-166.120873,1470.0,120.69,1470.0,120.69
2017-06-03 08:10:53.984921,54.211199,-166.120821,1470.0,120.88,1470.0,120.69
2017-06-03 08:10:54.484121,54.211208,-166.120804,1470.0,120.88,1470.0,120.88
2017-06-03 08:10:54.998922,54.211237,-166.120752,1470.0,120.88,1470.0,120.88
2017-06-03 08:10:55.498123,54.211246,-166.120735,1470.0,121.06,1470.0,120.88
2017-06-03 08:10:55.997324,54.211273,-166.120685,1470.0,121.06,1470.0,121.82
2017-06-03 08:10:56.496527,54.211283,-166.120668,1470.0,121.06,1470.0,121.06
2017-06-03 08:10:56.995726,54.21131,-166.120618,1470.0,122.38,1470.0,121.06
2017-06-03 08:10:57.494926,54.211319,-166.120601,1470.0,121.25,1470.0,121.06
2017-06-03 08:10:57.994127,54.211347,-166.12055,1470.0,121.25,1470.0,121.06
2017-06-03 08:10:58.493328,54.211355,-166.120534,1470.0,121.06,1470.0,121.06
2017-06-03 08:10:58.992529,54.211381,-166.120486,1470.0,121.06,1470.0,120.88
2017-06-03 08:10:59.491730,54.21139,-166.12047,1470.0,120.88,1470.0,120.88
2017-06-03 08:10:59.990931,54.211419,-166.120421,1470.0,120.88,1470.0,120.88
2017-06-03 08:11:00.490131,54.211428,-166.120405,1470.0,120.88,1470.0,120.88
2017-06-03 08:11:00.989334,54.211456,-166.120355,1470.0,120.88,1470.0,120.88
2017-06-03 08:11:01.488533,54.211465,-166.120338,1470.0,122.57,1470.0,121.06
2017-06-03 08:11:01.987736,54.211493,-166.120288,1470.0,121.44,1470.0,121.44
2017-06-03 08:11:02.486935,54.211501,-166.120271,1470.0,121.63,1470.0,121.44
2017-06-03 08:11:02.986137,54.211528,-166.12022,1470.0,121.63,1470.0,121.63
2017-06-03 08:11:03.485336,54.211537,-166.120203,1470.0,121.63,1470.0,121.63
2017-06-03 08:11:03.984539,54.211564,-166.120151,1470.0,121.63,1470.0,121.63
2017-06-03 08:11:04.499338,54.211574,-166.120133,1470.0,121.82,1470.0,122.94
2017-06-03 08:11:04.998541,54.211602,-166.120083,1470.0,122.0,1470.0,121.82
2017-06-03 08:11:05.497740,54.211611,-166.120066,1470.0,122.0,1470.0,121.82
2017-06-03 08:11:05.996943,54.21164,-166.120015,1470.0,122.0,1470.0,121.82
2017-06-03 08:11:06.496143,54.211649,-166.119999,1470.0,122.0,1470.0,121.82
2017-06-03 08:11:06.995344,54.211678,-166.119951,1470.0,122.0,1470.0,121.82
2017-06-03 08:11:07.494545,54.211687,-166.119935,1470.0,122.0,1470.0,121.82
2017-06-03 08:11:07.993746,54.211717,-166.119885,1470.0,123.13,1470.0,121.82
2017-06-03 08:11:08.492947,54.211726,-166.119869,1470.0,122.0,1470.0,121.82
2017-06-03 08:11:08.992147,54.211753,-166.119821,1470.0,122.19,1470.0,123.13
2017-06-03 08:11:09.491348,54.211762,-166.119805,1470.0,123.7,1470.0,122.0
2017-06-03 08:11:09.990549,54.211789,-166.119756,1470.0,122.19,1470.0,122.19
2017-06-03 08:11:10.489750,54.211799,-166.11974,1470.0,122.0,1470.0,122.0
2017-06-03 08:11:10.988951,54.211828,-166.11969,1470.0,122.19,1470.0,122.0
2017-06-03 08:11:11.488152,54.211836,-166.119674,1470.0,123.7,1470.0,122.19
2017-06-03 08:11:11.987352,54.211863,-166.119625,1470.0,122.38,1470.0,122.19
2017-06-03 08:11:12.486553,54.211872,-166.119608,1470.0,122.57,1470.0,122.38
2017-06-03 08:11:12.985754,54.211899,-166.119558,1470.0,122.76,1470.0,122.76
2017-06-03 08:11:13.484955,54.211908,-166.119541,1470.0,122.76,1470.0,122.76
2017-06-03 08:11:13.984156,54.211934,-166.11949,1470.0,122.94,1470.0,122.76
2017-06-03 08:11:14.498957,54.211944,-166.119472,1470.0,122.94,1470.0,122.76
2017-06-03 08:11:14.998158,54.211973,-166.119421,1470.0,122.94,1470.0,122.94
2017-06-03 08:11:15.497358,54.211982,-166.119405,1470.0,122.94,1470.0,123.7
2017-06-03 08:11:15.996559,54.212012,-166.119357,1470.0,124.83,1470.0,122.94
2017-06-03 08:11:16.495760,54.212021,-166.119341,1470.0,123.13,1470.0,123.13
2017-06-03 08:11:16.994961,54.212049,-166.119293,1470.0,123.13,1470.0,123.89
2017-06-03 08:11:17.494164,54.212059,-166.119276,1470.0,124.26,1470.0,124.07
2017-06-03 08:11:17.993362,54.212088,-166.119225,1470.0,123.13,1470.0,123.13
2017-06-03 08:11:18.492565,54.212097,-166.119209,1470.0,123.32,1470.0,123.13
2017-06-03 08:11:18.991764,54.212124,-166.11916,1470.0,123.32,1470.0,123.13
2017-06-03 08:11:19.490965,54.212133,-166.119144,1470.0,123.32,1470.0,123.13
2017-06-03 08:11:19.990166,54.212161,-166.119095,1470.0,123.32,1470.0,123.13
2017-06-03 08:11:20.489367,54.21217,-166.119078,1470.0,123.32,1470.0,123.32
2017-06-03 08:11:20.988567,54.212199,-166.119028,1470.0,123.32,1470.0,123.32
2017-06-03 08:11:21.487768,54.212208,-166.119012,1470.0,123.51,1470.0,123.32
2017-06-03 08:11:21.986969,54.212236,-166.118963,1470.0,123.7,1470.0,123.51
2017-06-03 08:11:22.486170,54.212245,-166.118947,1470.0,123.89,1470.0,123.7
2017-06-03 08:11:22.985373,54.212273,-166.118896,1470.0,124.07,1470.0,123.89
2017-06-03 08:11:23.484571,54.212282,-166.11888,1470.0,124.26,1470.0,124.07
2017-06-03 08:11:23.983774,54.212309,-166.11883,1470.0,124.26,1470.0,124.07
2017-06-03 08:11:24.498573,54.212319,-166.118812,1470.0,124.26,1470.0,124.07
2017-06-03 08:11:24.997776,54.212347,-166.118763,1470.0,124.26,1470.0,124.07
2017-06-03 08:11:25.496975,54.212357,-166.118747,1470.0,124.26,1470.0,124.07
2017-06-03 08:11:25.996178,54.212387,-166.118698,1470.0,124.45,1470.0,124.26
2017-06-03 08:11:26.495378,54.212396,-166.118683,1470.0,124.64,1470.0,124.45
2017-06-03 08:11:26.994579,54.212423,-166.118636,1470.0,125.01,1470.0,124.64
2017-06-03 08:11:27.493780,54.212432,-166.118619,1470.0,125.01,1470.0,124.83
2017-06-03 08:11:27.992981,54.21246,-166.118565,1470.0,125.2,1470.0,125.01
2017-06-03 08:11:28.492182,54.212469,-166.118548,1470.0,125.39,1470.0,125.2
2017-06-03 08:11:28.991383,54.212494,-166.118498,1470.0,125.58,1470.0,125.39
2017-06-03 08:11:29.490583,54.212504,-166.11848,1470.0,125.96,1470.0,125.77
2017-06-03 08:11:29.989784,54.212532,-166.118427,1470.0,126.33,1470.0,125.96
2017-06-03 08:11:30.488985,54.21254,-166.11841,1470.0,126.9,1470.0,126.52
2017-06-03 08:11:30.988186,54.212566,-166.118361,1470.0,127.27,1470.0,126.71
2017-06-03 08:11:31.487387,54.212575,-166.118345,1470.0,127.27,1470.0,126.9
2017-06-03 08:11:31.986588,54.212603,-166.118295,1470.0,127.27,1470.0,126.9
2017-06-03 08:11:32.485788,54.212612,-166.118278,1470.0,127.65,1470.0,127.08
2017-06-03 08:11:32.984989,54.212641,-166.118228,1470.0,127.08,1470.0,126.9
2017-06-03 08:11:33.484190,54.21265,-166.118212,1470.0,127.46,1470.0,127.08
2017-06-03 08:11:33.998991,54.212678,-166.118162,1470.0,128.03,1470.0,127.46
2017-06-03 08:11:34.498192,54.212687,-166.118146,1470.0,128.4,1470.0,128.03
2017-06-03 08:11:34.997393,54.212714,-166.118098,1470.0,128.78,1470.0,128.59
2017-06-03 08:11:35.496593,54.212724,-166.118082,1470.0,129.34,1470.0,128.97
2017-06-03 08:11:35.995794,54.212752,-166.118032,1470.0,130.09,1470.0,129.34
2017-06-03 08:11:36.494995,54.21276,-166.118015,1470.0,130.09,1470.0,129.53
2017-06-03 08:11:36.994196,54.212786,-166.117965,1470.0,130.47,1470.0,129.91
2017-06-03 08:11:37.493399,54.212795,-166.117947,1470.0,131.22,1470.0,130.28
2017-06-03 08:11:37.992598,54.212821,-166.117895,1470.0,132.16,1470.0,130.47
2017-06-03 08:11:38.491800,54.21283,-166.117878,1470.0,132.35,1470.0,130.85
2017-06-03 08:11:38.990999,54.212856,-166.117826,1470.0,132.35,1470.0,131.22
2017-06-03 08:11:39.490202,54.212865,-166.11781,1470.0,132.92,1470.0,131.6
2017-06-03 08:11:39.989401,54.212893,-166.11776,1470.0,133.11,1470.0,131.79
2017-06-03 08:11:40.488602,54.212902,-166.117744,1470.0,133.29,1470.0,132.35
2017-06-03 08:11:40.987803,54.212931,-166.117695,1470.0,134.05,1470.0,132.54
2017-06-03 08:11:41.487003,54.21294,-166.117679,1470.0,133.67,1470.0,132.92
2017-06-03 08:11:41.986204,54.212969,-166.11763,1470.0,134.05,1470.0,133.29
2017-06-03 08:11:42.485405,54.212979,-166.117613,1470.0,134.61,1470.0,133.67
2017-06-03 08:11:42.984608,54.213008,-166.117563,1470.0,135.36,1470.0,134.42
2017-06-03 08:11:43.483807,54.213016,-166.117547,1470.0,136.12,1470.0,134.99
2017-06-03 08:11:43.998610,54.213043,-166.117497,1470.0,137.43,1470.0,135.55
2017-06-03 08:11:44.497808,54.213052,-166.11748,1470.0,137.62,1470.0,136.3
2017-06-03 08:11:44.997011,54.213079,-166.11743,1470.0,138.37,1470.0,136.49
2017-06-03 08:11:45.496210,54.213088,-166.117412,1470.0,138.75,1470.0,137.43
2017-06-03 08:11:45.995413,54.213115,-166.11736,1470.0,139.5,1470.0,138.0
2017-06-03 08:11:46.494612,54.213124,-166.117344,1470.0,140.63,1470.0,137.62
2017-06-03 08:11:46.993814,54.213149,-166.117295,1470.0,140.07,1470.0,138.37
2017-06-03 08:11:47.493013,54.213158,-166.117278,1470.0,140.26,1470.0,139.13
2017-06-03 08:11:47.992216,54.213186,-166.117228,1470.0,140.82,1470.0,139.5
2017-06-03 08:11:48.491417,54.213195,-166.117212,1470.0,140.82,1470.0,139.31
2017-06-03 08:11:48.990618,54.213224,-166.117165,1470.0,141.57,1470.0,139.88
2017-06-03 08:11:49.489819,54.213233,-166.117149,1470.0,141.76,1470.0,140.44
2017-06-03 08:11:49.989019,54.213261,-166.1171,1470.0,142.33,1470.0,140.82
2017-06-03 08:11:50.488220,54.21327,-166.117084,1470.0,142.51,1470.0,141.38
2017-06-03 08:11:50.987421,54.213298,-166.117035,1470.0,143.45,1470.0,142.51
2017-06-03 08:11:51.486622,54.213307,-166.117018,1470.0,145.15,1470.0,142.89
2017-06-03 08:11:51.985823,54.213334,-166.116966,1470.0,145.15,1470.0,143.45
2017-06-03 08:11:52.485023,54.213343,-166.116949,1470.0,145.34,1470.0,143.83
2017-06-03 08:11:52.984224,54.213371,-166.116898,1470.0,146.84,1470.0,144.77
2017-06-03 08:11:53.499025,54.213381,-166.11688,1470.0,146.84,1470.0,144.4
2017-06-03 08:11:53.998226,54.213408,-166.11683,1470.0,147.22,1470.0,145.52
2017-06-03 08:11:54.497427,54.213417,-166.116814,1470.0,147.41,1470.0,145.9
2017-06-03 08:11:54.996628,54.213443,-166.116766,1470.0,147.78,1470.0,146.09
2017-06-03 08:11:55.495829,54.213452,-166.116749,1470.0,147.78,1470.0,146.28
2017-06-03 08:11:55.995029,54.213482,-166.116698,1470.0,148.16,1470.0,146.65
2017-06-03 08:11:56.494230,54.213491,-166.116682,1470.0,148.35,1470.0,146.65
2017-06-03 08:11:56.993431,54.213519,-166.116635,1470.0,148.53,1470.0,147.03
2017-06-03 08:11:57.492634,54.213528,-166.116618,1470.0,149.29,1470.0,147.59
2017-06-03 08:11:57.991833,54.213556,-166.116568,1470.0,149.66,1470.0,148.72
2017-06-03 08:11:58.491035,54.213565,-166.116552,1470.0,150.6,1470.0,148.91
2017-06-03 08:11:58.990234,54.213591,-166.116503,1470.0,151.17,1470.0,149.66
2017-06-03 08:11:59.489437,54.2136,-166.116486,1470.0,151.17,1470.0,149.66
2017-06-03 08:11:59.988636,54.213628,-166.116435,1470.0,151.36,1470.0,149.85
2017-06-03 08:12:00.487839,54.213637,-166.116418,1470.0,151.36,1470.0,150.23
2017-06-03 08:12:00.987038,54.213664,-166.116368,1470.0,151.92,1470.0,150.79
2017-06-03 08:12:01.486238,54.213673,-166.116352,1470.0,152.67,1470.0,151.17
2017-06-03 08:12:01.985439,54.213699,-166.116301,1470.0,153.24,1470.0,151.55
2017-06-03 08:12:02.484640,54.213708,-166.116285,1470.0,153.24,1470.0,152.11
2017-06-03 08:12:02.983843,54.213736,-166.116235,1470.0,153.05,1470.0,152.3
2017-06-03 08:12:03.498642,54.213746,-166.116217,1470.0,152.67,1470.0,152.49
2017-06-03 08:12:03.997845,54.213773,-166.116167,1470.0,152.86,1470.0,152.49
2017-06-03 08:12:04.497044,54.213782,-166.11615,1470.0,153.8,1470.0,152.67
2017-06-03 08:12:04.996246,54.213809,-166.116101,1470.0,154.18,1470.0,152.86
2017-06-03 08:12:05.495445,54.213818,-166.116084,1470.0,153.8,1470.0,153.43
2017-06-03 08:12:05.994648,54.213845,-166.116032,1470.0,153.8,1470.0,153.43
2017-06-03 08:12:06.493847,54.213854,-166.116015,1470.0,155.31,1470.0,153.99
2017-06-03 08:12:06.993050,54.213881,-166.115966,1470.0,154.56,1470.0,154.18
2017-06-03 08:12:07.492249,54.21389,-166.115949,1470.0,156.06,1470.0,154.93
2017-06-03 08:12:07.991451,54.213916,-166.115898,1470.0,156.63,1470.0,155.31
2017-06-03 08:12:08.490652,54.213925,-166.115881,1470.0,156.44,1470.0,155.12
2017-06-03 08:12:08.989853,54.213953,-166.11583,1470.0,157.19,1470.0,155.68
2017-06-03 08:12:09.489054,54.213961,-166.115813,1470.0,157.19,1470.0,155.87
2017-06-03 08:12:09.988255,54.213988,-166.115763,1470.0,157.0,1470.0,156.25
2017-06-03 08:12:10.487455,54.213997,-166.115747,1470.0,156.25,1470.0,156.25
2017-06-03 08:12:10.986656,54.214024,-166.115696,1470.0,157.38,1470.0,156.25
2017-06-03 08:12:11.485857,54.214033,-166.11568,1470.0,157.57,1470.0,156.44
2017-06-03 08:12:11.985058,54.214061,-166.11563,1470.0,157.38,1470.0,156.63
2017-06-03 08:12:12.484259,54.21407,-166.115614,1470.0,157.0,1470.0,156.81
2017-06-03 08:12:12.999058,54.214098,-166.115565,1470.0,157.75,1470.0,157.0
2017-06-03 08:12:13.498260,54.214107,-166.115547,1470.0,157.38,1470.0,157.0
2017-06-03 08:12:13.997461,54.214135,-166.115495,1470.0,158.13,1470.0,157.38
2017-06-03 08:12:14.496662,54.214144,-166.115479,1470.0,158.13,1470.0,157.75
2017-06-03 08:12:14.995863,54.214169,-166.11543,1470.0,159.26,1470.0,158.13
2017-06-03 08:12:15.495064,54.214179,-166.115413,1470.0,160.01,1470.0,158.7
2017-06-03 08:12:15.994265,54.214207,-166.115362,1470.0,158.51,1470.0,158.7
2017-06-03 08:12:16.493465,54.214215,-166.115345,1470.0,158.88,1470.0,158.7
2017-06-03 08:12:16.992666,54.214241,-166.115295,1470.0,160.95,1470.0,159.07
2017-06-03 08:12:17.491867,54.21425,-166.115278,1470.0,160.39,1470.0,158.88
2017-06-03 08:12:17.991068,54.214278,-166.115228,1470.0,160.95,1470.0,159.26
2017-06-03 08:12:18.490271,54.214287,-166.115212,1470.0,161.14,1470.0,159.82
2017-06-03 08:12:18.989470,54.214314,-166.115165,1470.0,161.71,1470.0,159.82
2017-06-03 08:12:19.488672,54.214323,-166.115148,1470.0,160.39,1470.0,160.01
2017-06-03 08:12:19.987871,54.214351,-166.115098,1470.0,161.14,1470.0,160.39
2017-06-03 08:12:20.487074,54.21436,-166.115082,1470.0,160.2,1470.0,160.58
2017-06-03 08:12:20.986273,54.214389,-166.115033,1470.0,160.39,1470.0,160.39
2017-06-03 08:12:21.485476,54.214399,-166.115017,1470.0,160.95,1470.0,160.39
2017-06-03 08:12:21.984674,54.214428,-166.11497,1470.0,161.14,1470.0,160.39
2017-06-03 08:12:22.483875,54.214437,-166.114954,1470.0,161.71,1470.0,160.58
2017-06-03 08:12:22.998678,54.214465,-166.114903,1470.0,161.89,1470.0,160.76
2017-06-03 08:12:23.497877,54.214474,-166.114887,1470.0,161.89,1470.0,161.14
2017-06-03 08:12:23.997080,54.214502,-166.114838,1470.0,162.27,1470.0,161.14
2017-06-03 08:12:24.496279,54.214511,-166.114822,1470.0,161.52,1470.0,161.33
2017-06-03 08:12:24.995481,54.214538,-166.114773,1470.0,162.46,1470.0,161.14
2017-06-03 08:12:25.494680,54.214548,-166.114757,1470.0,161.52,1470.0,161.33
2017-06-03 08:12:25.993883,54.214575,-166.114707,1470.0,162.46,1470.0,161.33
2017-06-03 08:12:26.493082,54.214584,-166.114691,1470.0,161.52,1470.0,161.71
2017-06-03 08:12:26.992285,54.214611,-166.114643,1470.0,161.89,1470.0,161.89
2017-06-03 08:12:27.491484,54.21462,-166.114627,1470.0,162.46,1470.0,161.89
2017-06-03 08:12:27.990686,54.214646,-166.114578,1470.0,163.21,1470.0,162.08
2017-06-03 08:12:28.489887,54.214655,-166.114561,1470.0,163.02,1470.0,162.27
2017-06-03 08:12:28.989088,54.214683,-166.11451,1470.0,163.02,1470.0,162.27
2017-06-03 08:12:29.488289,54.214692,-166.114494,1470.0,163.4,1470.0,162.27
2017-06-03 08:12:29.987490,54.214719,-166.114445,1470.0,163.4,1470.0,162.46
2017-06-03 08:12:30.486691,54.214728,-166.114428,1470.0,163.21,1470.0,162.46
2017-06-03 08:12:30.985891,54.214756,-166.114378,1470.0,163.21,1470.0,162.65
2017-06-03 08:12:31.485092,54.214765,-166.114362,1470.0,163.21,1470.0,162.46
2017-06-03 08:12:31.984293,54.214791,-166.114311,1470.0,162.65,1470.0,162.65
2017-06-03 08:12:32.499094,54.2148,-166.114294,1470.0,163.4,1470.0,162.65
2017-06-03 08:12:32.998293,54.214826,-166.114245,1470.0,163.4,1470.0,162.83
2017-06-03 08:12:33.497496,54.214835,-166.114228,1470.0,163.4,1470.0,162.83
2017-06-03 08:12:33.996696,54.214863,-166.114178,1470.0,163.78,1470.0,162.83
2017-06-03 08:12:34.495897,54.214872,-166.114162,1470.0,163.78,1470.0,163.02
2017-06-03 08:12:34.995098,54.214898,-166.114113,1470.0,163.21,1470.0,162.83
2017-06-03 08:12:35.494299,54.214907,-166.114096,1470.0,163.78,1470.0,163.02
2017-06-03 08:12:35.993500,54.214935,-166.114045,1470.0,163.78,1470.0,163.02
2017-06-03 08:12:36.492701,54.214944,-166.114029,1470.0,162.83,1470.0,162.83
2017-06-03 08:12:36.991901,54.214971,-166.11398,1470.0,163.78,1470.0,162.65
2017-06-03 08:12:37.491102,54.21498,-166.113963,1470.0,163.02,1470.0,162.83
2017-06-03 08:12:37.990303,54.215006,-166.113913,1470.0,163.96,1470.0,163.02
2017-06-03 08:12:38.489504,54.215015,-166.113897,1470.0,163.96,1470.0,163.59
2017-06-03 08:12:38.988705,54.215041,-166.113848,1470.0,164.34,1470.0,163.21
2017-06-03 08:12:39.487907,54.21505,-166.113832,1470.0,163.4,1470.0,163.21
2017-06-03 08:12:39.987106,54.215078,-166.113781,1470.0,163.96,1470.0,163.21
2017-06-03 08:12:40.486309,54.215087,-166.113765,1470.0,163.21,1470.0,163.59
2017-06-03 08:12:40.985508,54.215114,-166.113715,1470.0,164.15,1470.0,163.21
2017-06-03 08:12:41.484711,54.215124,-166.113699,1470.0,163.59,1470.0,163.21
2017-06-03 08:12:41.983910,54.215153,-166.11365,1470.0,163.96,1470.0,163.21
2017-06-03 08:12:42.498711,54.215162,-166.113632,1470.0,163.59,1470.0,163.59
2017-06-03 08:12:42.997911,54.215188,-166.113583,1470.0,164.53,1470.0,163.59
2017-06-03 08:12:43.497112,54.215197,-166.113566,1470.0,164.9,1470.0,163.78
2017-06-03 08:12:43.996315,54.215225,-166.113513,1470.0,165.28,1470.0,164.15
2017-06-03 08:12:44.495514,54.215234,-166.113497,1470.0,165.66,1470.0,163.96
2017-06-03 08:12:44.994717,54.215259,-166.113446,1470.0,165.66,1470.0,164.15
2017-06-03 08:12:45.493916,54.215268,-166.113429,1470.0,166.03,1470.0,164.15
2017-06-03 08:12:45.993118,54.215294,-166.113378,1470.0,165.28,1470.0,164.15
2017-06-03 08:12:46.492317,54.215303,-166.113362,1470.0,164.72,1470.0,163.78
2017-06-03 08:12:46.991520,54.215329,-166.113311,1470.0,163.96,1470.0,163.96
2017-06-03 08:12:47.490719,54.215338,-166.113295,1470.0,163.96,1470.0,163.59
2017-06-03 08:12:47.989922,54.215366,-166.113246,1470.0,164.53,1470.0,163.59
2017-06-03 08:12:48.489122,54.215376,-166.113231,1470.0,163.96,1470.0,163.59
2017-06-03 08:12:48.988323,54.215406,-166.113183,1470.0,163.78,1470.0,163.59
2017-06-03 08:12:49.487524,54.215415,-166.113167,1470.0,163.59,1470.0,163.59
2017-06-03 08:12:49.986725,54.215441,-166.113118,1470.0,163.78,1470.0,163.78
2017-06-03 08:12:50.485926,54.21545,-166.113102,1470.0,164.34,1470.0,163.59
2017-06-03 08:12:50.985126,54.215478,-166.113051,1470.0,165.28,1470.0,163.96
2017-06-03 08:12:51.484327,54.215486,-166.113034,1470.0,164.15,1470.0,164.15
2017-06-03 08:12:51.999128,54.215513,-166.112982,1470.0,166.03,1470.0,164.72
2017-06-03 08:12:52.498329,54.215522,-166.112965,1470.0,166.79,1470.0,164.9
2017-06-03 08:12:52.997528,54.215549,-166.112913,1470.0,166.41,1470.0,165.28
2017-06-03 08:12:53.496731,54.215559,-166.112896,1470.0,168.1,1470.0,165.28
2017-06-03 08:12:53.995932,54.215587,-166.112843,1470.0,166.97,1470.0,165.47
2017-06-03 08:12:54.495132,54.215595,-166.112827,1470.0,167.73,1470.0,165.28
2017-06-03 08:12:54.994333,54.215621,-166.112778,1470.0,165.09,1470.0,165.09
2017-06-03 08:12:55.493534,54.21563,-166.112762,1470.0,164.9,1470.0,164.9
2017-06-03 08:12:55.992735,54.215659,-166.112715,1470.0,165.28,1470.0,164.72
2017-06-03 08:12:56.491936,54.215669,-166.112699,1470.0,164.72,1470.0,164.53
2017-06-03 08:12:56.991137,54.215699,-166.112653,1470.0,164.53,1470.0,164.34
2017-06-03 08:12:57.490337,54.215709,-166.112637,1470.0,164.53,1470.0,164.34
2017-06-03 08:12:57.989538,54.21574,-166.11259,1470.0,164.53,1470.0,164.34
2017-06-03 08:12:58.488739,54.215749,-166.112574,1470.0,164.72,1470.0,164.72
2017-06-03 08:12:58.987940,54.215774,-166.112528,1470.0,165.09,1470.0,165.09
2017-06-03 08:12:59.487143,54.215783,-166.112512,1470.0,165.66,1470.0,165.09
2017-06-03 08:12:59.986341,54.215809,-166.112461,1470.0,165.28,1470.0,165.09
2017-06-03 08:13:00.485544,54.215818,-166.112444,1470.0,166.03,1470.0,165.47
2017-06-03 08:13:00.984743,54.215844,-166.112393,1470.0,166.6,1470.0,165.09
2017-06-03 08:13:01.483946,54.215853,-166.112377,1470.0,166.6,1470.0,165.47
2017-06-03 08:13:01.998745,54.21588,-166.112325,1470.0,165.28,1470.0,165.28
2017-06-03 08:13:02.497946,54.215889,-166.112309,1470.0,166.41,1470.0,165.66
2017-06-03 08:13:02.997147,54.215916,-166.112261,1470.0,165.85,1470.0,165.47
2017-06-03 08:13:03.496347,54.215926,-166.112245,1470.0,166.03,1470.0,165.47
2017-06-03 08:13:03.995548,54.215955,-166.112197,1470.0,165.66,1470.0,165.66
2017-06-03 08:13:04.494749,54.215965,-166.112182,1470.0,165.66,1470.0,165.47
2017-06-03 08:13:04.993952,54.215994,-166.112136,1470.0,165.66,1470.0,165.47
2017-06-03 08:13:05.493151,54.216003,-166.112121,1470.0,165.85,1470.0,165.47
2017-06-03 08:13:05.992353,54.216031,-166.112073,1470.0,165.66,1470.0,166.6
